+ xcodegen generate --spec /Users/iv/Developer/relux-tunnel/Probes/macOSPacketTunnelProbe/project.yml
⚙️  Generating plists...
⚙️  Generating project...
⚙️  Writing project...
Created project at /Users/iv/Developer/relux-tunnel/Probes/macOSPacketTunnelProbe/ReluxPacketTunnelProbe.xcodeproj
+ plutil -lint /Users/iv/Developer/relux-tunnel/Probes/macOSPacketTunnelProbe/Host/Info.plist /Users/iv/Developer/relux-tunnel/Probes/macOSPacketTunnelProbe/Provider/Info.plist /Users/iv/Developer/relux-tunnel/Probes/macOSPacketTunnelProbe/Config/Host.entitlements /Users/iv/Developer/relux-tunnel/Probes/macOSPacketTunnelProbe/Config/Provider.entitlements
/Users/iv/Developer/relux-tunnel/Probes/macOSPacketTunnelProbe/Host/Info.plist: OK
/Users/iv/Developer/relux-tunnel/Probes/macOSPacketTunnelProbe/Provider/Info.plist: OK
/Users/iv/Developer/relux-tunnel/Probes/macOSPacketTunnelProbe/Config/Host.entitlements: OK
/Users/iv/Developer/relux-tunnel/Probes/macOSPacketTunnelProbe/Config/Provider.entitlements: OK
+ bash -n /Users/iv/Developer/relux-tunnel/Probes/macOSPacketTunnelProbe/Scripts/build-and-inspect.sh /Users/iv/Developer/relux-tunnel/Probes/macOSPacketTunnelProbe/Scripts/check-signing-access.sh /Users/iv/Developer/relux-tunnel/Probes/macOSPacketTunnelProbe/Scripts/inspect-archive.sh /Users/iv/Developer/relux-tunnel/Probes/macOSPacketTunnelProbe/Scripts/redact-build-log.sh /Users/iv/Developer/relux-tunnel/Probes/macOSPacketTunnelProbe/Scripts/test-log-redaction.sh /Users/iv/Developer/relux-tunnel/Probes/macOSPacketTunnelProbe/Scripts/test-inspector-drift.sh
+ /Users/iv/Developer/relux-tunnel/Probes/macOSPacketTunnelProbe/Scripts/test-log-redaction.sh
Log redaction tests passed.
+ swift format lint --strict --recursive /Users/iv/Developer/relux-tunnel/Probes/macOSPacketTunnelProbe/Host /Users/iv/Developer/relux-tunnel/Probes/macOSPacketTunnelProbe/Provider /Users/iv/Developer/relux-tunnel/Probes/macOSPacketTunnelProbe/Shared /Users/iv/Developer/relux-tunnel/Probes/macOSPacketTunnelProbe/Tests
+ xcodebuild -project /Users/iv/Developer/relux-tunnel/Probes/macOSPacketTunnelProbe/ReluxPacketTunnelProbe.xcodeproj -scheme ReluxPacketTunnelProbeTests -configuration Debug -destination platform=macOS,arch=arm64 -derivedDataPath /Users/iv/Developer/relux-tunnel/.temp/TASK-260715-1r0fxv/DerivedData CODE_SIGNING_ALLOWED=NO test
Command line invocation:
    /Applications/Xcode_26_5.app/Contents/Developer/usr/bin/xcodebuild -project /Users/iv/Developer/relux-tunnel/Probes/macOSPacketTunnelProbe/ReluxPacketTunnelProbe.xcodeproj -scheme ReluxPacketTunnelProbeTests -configuration Debug -destination platform=macOS,arch=arm64 -derivedDataPath /Users/iv/Developer/relux-tunnel/.temp/TASK-260715-1r0fxv/DerivedData CODE_SIGNING_ALLOWED=NO test

Build settings from command line:
    CODE_SIGNING_ALLOWED = NO

ComputePackagePrebuildTargetDependencyGraph

Prepare packages

CreateBuildRequest

SendProjectDescription

CreateBuildOperation

ComputeTargetDependencyGraph
note: Building targets in dependency order
note: Target dependency graph (1 target)
    Target 'ReluxPacketTunnelProbeTests' in project 'ReluxPacketTunnelProbe' (no dependencies)

GatherProvisioningInputs

CreateBuildDescription

ExecuteExternalTool /Applications/Xcode_26_5.app/Contents/Developer/Toolchains/XcodeDefault.xctoolchain/usr/bin/clang -v -E -dM -isysroot /Applications/Xcode_26_5.app/Contents/Developer/Platforms/MacOSX.platform/Developer/SDKs/MacOSX26.5.sdk -x c -c /dev/null

ExecuteExternalTool /Applications/Xcode_26_5.app/Contents/Developer/Toolchains/XcodeDefault.xctoolchain/usr/bin/swiftc --version

ExecuteExternalTool /Applications/Xcode_26_5.app/Contents/Developer/Toolchains/XcodeDefault.xctoolchain/usr/bin/ld -version_details

Build description signature: 8dd14e60ef9d9ff4462e78e06366e959
Build description path: /Users/iv/Developer/relux-tunnel/Probes/macOSPacketTunnelProbe/.build/Intermediates.noindex/XCBuildData/8dd14e60ef9d9ff4462e78e06366e959.xcbuilddata
ClangStatCache /Applications/Xcode_26_5.app/Contents/Developer/Toolchains/XcodeDefault.xctoolchain/usr/bin/clang-stat-cache /Applications/Xcode_26_5.app/Contents/Developer/Platforms/MacOSX.platform/Developer/SDKs/MacOSX26.5.sdk /Users/iv/Developer/relux-tunnel/.temp/TASK-260715-1r0fxv/DerivedData/SDKStatCaches.noindex/macosx26.5-25F70-688ef53f1462e2c8f657fdc38a81448fb64f947cdd770e773f3848253724d71e.sdkstatcache
    cd /Users/iv/Developer/relux-tunnel/Probes/macOSPacketTunnelProbe/ReluxPacketTunnelProbe.xcodeproj
    /Applications/Xcode_26_5.app/Contents/Developer/Toolchains/XcodeDefault.xctoolchain/usr/bin/clang-stat-cache /Applications/Xcode_26_5.app/Contents/Developer/Platforms/MacOSX.platform/Developer/SDKs/MacOSX26.5.sdk -o /Users/iv/Developer/relux-tunnel/.temp/TASK-260715-1r0fxv/DerivedData/SDKStatCaches.noindex/macosx26.5-25F70-688ef53f1462e2c8f657fdc38a81448fb64f947cdd770e773f3848253724d71e.sdkstatcache

SwiftDriver ReluxPacketTunnelProbeTests normal arm64 com.apple.xcode.tools.swift.compiler (in target 'ReluxPacketTunnelProbeTests' from project 'ReluxPacketTunnelProbe')
    cd /Users/iv/Developer/relux-tunnel/Probes/macOSPacketTunnelProbe
    builtin-SwiftDriver -- /Applications/Xcode_26_5.app/Contents/Developer/Toolchains/XcodeDefault.xctoolchain/usr/bin/swiftc -module-name ReluxPacketTunnelProbeTests -Onone @/Users/iv/Developer/relux-tunnel/Probes/macOSPacketTunnelProbe/.build/Intermediates.noindex/ReluxPacketTunnelProbe.build/Debug/ReluxPacketTunnelProbeTests.build/Objects-normal/arm64/ReluxPacketTunnelProbeTests.SwiftFileList -DDEBUG -plugin-path /Applications/Xcode_26_5.app/Contents/Developer/Toolchains/XcodeDefault.xctoolchain/usr/lib/swift/host/plugins/testing -enable-experimental-feature DebugDescriptionMacro -sdk /Applications/Xcode_26_5.app/Contents/Developer/Platforms/MacOSX.platform/Developer/SDKs/MacOSX26.5.sdk -target arm64-apple-macos14.0 -g -module-cache-path /Users/iv/Developer/relux-tunnel/.temp/TASK-260715-1r0fxv/DerivedData/ModuleCache.noindex -Xfrontend -serialize-debugging-options -enable-testing -index-store-path /Users/iv/Developer/relux-tunnel/.temp/TASK-260715-1r0fxv/DerivedData/Index.noindex/DataStore -Xcc -D_LIBCPP_HARDENING_MODE\=_LIBCPP_HARDENING_MODE_DEBUG -swift-version 6 -I /Users/iv/Developer/relux-tunnel/Probes/macOSPacketTunnelProbe/.build/Products/Debug -Isystem /Applications/Xcode_26_5.app/Contents/Developer/Platforms/MacOSX.platform/Developer/usr/lib -F /Users/iv/Developer/relux-tunnel/Probes/macOSPacketTunnelProbe/.build/Products/Debug -F /Applications/Xcode_26_5.app/Contents/Developer/Platforms/MacOSX.platform/Developer/Library/Frameworks -c -j16 -enable-batch-mode -incremental -Xcc -ivfsstatcache -Xcc /Users/iv/Developer/relux-tunnel/.temp/TASK-260715-1r0fxv/DerivedData/SDKStatCaches.noindex/macosx26.5-25F70-688ef53f1462e2c8f657fdc38a81448fb64f947cdd770e773f3848253724d71e.sdkstatcache -output-file-map /Users/iv/Developer/relux-tunnel/Probes/macOSPacketTunnelProbe/.build/Intermediates.noindex/ReluxPacketTunnelProbe.build/Debug/ReluxPacketTunnelProbeTests.build/Objects-normal/arm64/ReluxPacketTunnelProbeTests-OutputFileMap.json -use-frontend-parseable-output -save-temps -no-color-diagnostics -explicit-module-build -module-cache-path /Users/iv/Developer/relux-tunnel/Probes/macOSPacketTunnelProbe/.build/Intermediates.noindex/SwiftExplicitPrecompiledModules -clang-scanner-module-cache-path /Users/iv/Developer/relux-tunnel/.temp/TASK-260715-1r0fxv/DerivedData/ModuleCache.noindex -sdk-module-cache-path /Users/iv/Developer/relux-tunnel/.temp/TASK-260715-1r0fxv/DerivedData/ModuleCache.noindex -serialize-diagnostics -emit-dependencies -emit-module -emit-module-path /Users/iv/Developer/relux-tunnel/Probes/macOSPacketTunnelProbe/.build/Intermediates.noindex/ReluxPacketTunnelProbe.build/Debug/ReluxPacketTunnelProbeTests.build/Objects-normal/arm64/ReluxPacketTunnelProbeTests.swiftmodule -validate-clang-modules-once -clang-build-session-file /Users/iv/Developer/relux-tunnel/.temp/TASK-260715-1r0fxv/DerivedData/ModuleCache.noindex/Session.modulevalidation -Xcc -I/Users/iv/Developer/relux-tunnel/Probes/macOSPacketTunnelProbe/.build/Intermediates.noindex/ReluxPacketTunnelProbe.build/Debug/ReluxPacketTunnelProbeTests.build/swift-overrides.hmap -emit-const-values -Xfrontend -const-gather-protocols-file -Xfrontend /Users/iv/Developer/relux-tunnel/Probes/macOSPacketTunnelProbe/.build/Intermediates.noindex/ReluxPacketTunnelProbe.build/Debug/ReluxPacketTunnelProbeTests.build/Objects-normal/arm64/ReluxPacketTunnelProbeTests_const_extract_protocols.json -Xcc -iquote -Xcc /Users/iv/Developer/relux-tunnel/Probes/macOSPacketTunnelProbe/.build/Intermediates.noindex/ReluxPacketTunnelProbe.build/Debug/ReluxPacketTunnelProbeTests.build/ReluxPacketTunnelProbeTests-generated-files.hmap -Xcc -I/Users/iv/Developer/relux-tunnel/Probes/macOSPacketTunnelProbe/.build/Intermediates.noindex/ReluxPacketTunnelProbe.build/Debug/ReluxPacketTunnelProbeTests.build/ReluxPacketTunnelProbeTests-own-target-headers.hmap -Xcc -I/Users/iv/Developer/relux-tunnel/Probes/macOSPacketTunnelProbe/.build/Intermediates.noindex/ReluxPacketTunnelProbe.build/Debug/ReluxPacketTunnelProbeTests.build/ReluxPacketTunnelProbeTests-all-target-headers.hmap -Xcc -iquote -Xcc /Users/iv/Developer/relux-tunnel/Probes/macOSPacketTunnelProbe/.build/Intermediates.noindex/ReluxPacketTunnelProbe.build/Debug/ReluxPacketTunnelProbeTests.build/ReluxPacketTunnelProbeTests-project-headers.hmap -Xcc -I/Users/iv/Developer/relux-tunnel/Probes/macOSPacketTunnelProbe/.build/Products/Debug/include -Xcc -I/Users/iv/Developer/relux-tunnel/Probes/macOSPacketTunnelProbe/.build/Intermediates.noindex/ReluxPacketTunnelProbe.build/Debug/ReluxPacketTunnelProbeTests.build/DerivedSources-normal/arm64 -Xcc -I/Users/iv/Developer/relux-tunnel/Probes/macOSPacketTunnelProbe/.build/Intermediates.noindex/ReluxPacketTunnelProbe.build/Debug/ReluxPacketTunnelProbeTests.build/DerivedSources/arm64 -Xcc -I/Users/iv/Developer/relux-tunnel/Probes/macOSPacketTunnelProbe/.build/Intermediates.noindex/ReluxPacketTunnelProbe.build/Debug/ReluxPacketTunnelProbeTests.build/DerivedSources -Xcc -DDEBUG\=1 -emit-objc-header -emit-objc-header-path /Users/iv/Developer/relux-tunnel/Probes/macOSPacketTunnelProbe/.build/Intermediates.noindex/ReluxPacketTunnelProbe.build/Debug/ReluxPacketTunnelProbeTests.build/Objects-normal/arm64/ReluxPacketTunnelProbeTests-Swift.h -working-directory /Users/iv/Developer/relux-tunnel/Probes/macOSPacketTunnelProbe -experimental-emit-module-separately -disable-cmo

SwiftCompile normal arm64 Compiling\ ProbeContract.swift /Users/iv/Developer/relux-tunnel/Probes/macOSPacketTunnelProbe/Shared/ProbeContract.swift (in target 'ReluxPacketTunnelProbeTests' from project 'ReluxPacketTunnelProbe')

SwiftCompile normal arm64 /Users/iv/Developer/relux-tunnel/Probes/macOSPacketTunnelProbe/Shared/ProbeContract.swift (in target 'ReluxPacketTunnelProbeTests' from project 'ReluxPacketTunnelProbe')
    cd /Users/iv/Developer/relux-tunnel/Probes/macOSPacketTunnelProbe
    

SwiftEmitModule normal arm64 Emitting\ module\ for\ ReluxPacketTunnelProbeTests (in target 'ReluxPacketTunnelProbeTests' from project 'ReluxPacketTunnelProbe')

EmitSwiftModule normal arm64 (in target 'ReluxPacketTunnelProbeTests' from project 'ReluxPacketTunnelProbe')
    cd /Users/iv/Developer/relux-tunnel/Probes/macOSPacketTunnelProbe
    

SwiftCompile normal arm64 Compiling\ ProbeContractTests.swift /Users/iv/Developer/relux-tunnel/Probes/macOSPacketTunnelProbe/Tests/ProbeContractTests.swift (in target 'ReluxPacketTunnelProbeTests' from project 'ReluxPacketTunnelProbe')
SwiftCompile normal arm64 /Users/iv/Developer/relux-tunnel/Probes/macOSPacketTunnelProbe/Tests/ProbeContractTests.swift (in target 'ReluxPacketTunnelProbeTests' from project 'ReluxPacketTunnelProbe')
    cd /Users/iv/Developer/relux-tunnel/Probes/macOSPacketTunnelProbe
    

SwiftDriverJobDiscovery normal arm64 Emitting module for ReluxPacketTunnelProbeTests (in target 'ReluxPacketTunnelProbeTests' from project 'ReluxPacketTunnelProbe')

SwiftDriver\ Compilation\ Requirements ReluxPacketTunnelProbeTests normal arm64 com.apple.xcode.tools.swift.compiler (in target 'ReluxPacketTunnelProbeTests' from project 'ReluxPacketTunnelProbe')
    cd /Users/iv/Developer/relux-tunnel/Probes/macOSPacketTunnelProbe
    builtin-Swift-Compilation-Requirements -- /Applications/Xcode_26_5.app/Contents/Developer/Toolchains/XcodeDefault.xctoolchain/usr/bin/swiftc -module-name ReluxPacketTunnelProbeTests -Onone @/Users/iv/Developer/relux-tunnel/Probes/macOSPacketTunnelProbe/.build/Intermediates.noindex/ReluxPacketTunnelProbe.build/Debug/ReluxPacketTunnelProbeTests.build/Objects-normal/arm64/ReluxPacketTunnelProbeTests.SwiftFileList -DDEBUG -plugin-path /Applications/Xcode_26_5.app/Contents/Developer/Toolchains/XcodeDefault.xctoolchain/usr/lib/swift/host/plugins/testing -enable-experimental-feature DebugDescriptionMacro -sdk /Applications/Xcode_26_5.app/Contents/Developer/Platforms/MacOSX.platform/Developer/SDKs/MacOSX26.5.sdk -target arm64-apple-macos14.0 -g -module-cache-path /Users/iv/Developer/relux-tunnel/.temp/TASK-260715-1r0fxv/DerivedData/ModuleCache.noindex -Xfrontend -serialize-debugging-options -enable-testing -index-store-path /Users/iv/Developer/relux-tunnel/.temp/TASK-260715-1r0fxv/DerivedData/Index.noindex/DataStore -Xcc -D_LIBCPP_HARDENING_MODE\=_LIBCPP_HARDENING_MODE_DEBUG -swift-version 6 -I /Users/iv/Developer/relux-tunnel/Probes/macOSPacketTunnelProbe/.build/Products/Debug -Isystem /Applications/Xcode_26_5.app/Contents/Developer/Platforms/MacOSX.platform/Developer/usr/lib -F /Users/iv/Developer/relux-tunnel/Probes/macOSPacketTunnelProbe/.build/Products/Debug -F /Applications/Xcode_26_5.app/Contents/Developer/Platforms/MacOSX.platform/Developer/Library/Frameworks -c -j16 -enable-batch-mode -incremental -Xcc -ivfsstatcache -Xcc /Users/iv/Developer/relux-tunnel/.temp/TASK-260715-1r0fxv/DerivedData/SDKStatCaches.noindex/macosx26.5-25F70-688ef53f1462e2c8f657fdc38a81448fb64f947cdd770e773f3848253724d71e.sdkstatcache -output-file-map /Users/iv/Developer/relux-tunnel/Probes/macOSPacketTunnelProbe/.build/Intermediates.noindex/ReluxPacketTunnelProbe.build/Debug/ReluxPacketTunnelProbeTests.build/Objects-normal/arm64/ReluxPacketTunnelProbeTests-OutputFileMap.json -use-frontend-parseable-output -save-temps -no-color-diagnostics -explicit-module-build -module-cache-path /Users/iv/Developer/relux-tunnel/Probes/macOSPacketTunnelProbe/.build/Intermediates.noindex/SwiftExplicitPrecompiledModules -clang-scanner-module-cache-path /Users/iv/Developer/relux-tunnel/.temp/TASK-260715-1r0fxv/DerivedData/ModuleCache.noindex -sdk-module-cache-path /Users/iv/Developer/relux-tunnel/.temp/TASK-260715-1r0fxv/DerivedData/ModuleCache.noindex -serialize-diagnostics -emit-dependencies -emit-module -emit-module-path /Users/iv/Developer/relux-tunnel/Probes/macOSPacketTunnelProbe/.build/Intermediates.noindex/ReluxPacketTunnelProbe.build/Debug/ReluxPacketTunnelProbeTests.build/Objects-normal/arm64/ReluxPacketTunnelProbeTests.swiftmodule -validate-clang-modules-once -clang-build-session-file /Users/iv/Developer/relux-tunnel/.temp/TASK-260715-1r0fxv/DerivedData/ModuleCache.noindex/Session.modulevalidation -Xcc -I/Users/iv/Developer/relux-tunnel/Probes/macOSPacketTunnelProbe/.build/Intermediates.noindex/ReluxPacketTunnelProbe.build/Debug/ReluxPacketTunnelProbeTests.build/swift-overrides.hmap -emit-const-values -Xfrontend -const-gather-protocols-file -Xfrontend /Users/iv/Developer/relux-tunnel/Probes/macOSPacketTunnelProbe/.build/Intermediates.noindex/ReluxPacketTunnelProbe.build/Debug/ReluxPacketTunnelProbeTests.build/Objects-normal/arm64/ReluxPacketTunnelProbeTests_const_extract_protocols.json -Xcc -iquote -Xcc /Users/iv/Developer/relux-tunnel/Probes/macOSPacketTunnelProbe/.build/Intermediates.noindex/ReluxPacketTunnelProbe.build/Debug/ReluxPacketTunnelProbeTests.build/ReluxPacketTunnelProbeTests-generated-files.hmap -Xcc -I/Users/iv/Developer/relux-tunnel/Probes/macOSPacketTunnelProbe/.build/Intermediates.noindex/ReluxPacketTunnelProbe.build/Debug/ReluxPacketTunnelProbeTests.build/ReluxPacketTunnelProbeTests-own-target-headers.hmap -Xcc -I/Users/iv/Developer/relux-tunnel/Probes/macOSPacketTunnelProbe/.build/Intermediates.noindex/ReluxPacketTunnelProbe.build/Debug/ReluxPacketTunnelProbeTests.build/ReluxPacketTunnelProbeTests-all-target-headers.hmap -Xcc -iquote -Xcc /Users/iv/Developer/relux-tunnel/Probes/macOSPacketTunnelProbe/.build/Intermediates.noindex/ReluxPacketTunnelProbe.build/Debug/ReluxPacketTunnelProbeTests.build/ReluxPacketTunnelProbeTests-project-headers.hmap -Xcc -I/Users/iv/Developer/relux-tunnel/Probes/macOSPacketTunnelProbe/.build/Products/Debug/include -Xcc -I/Users/iv/Developer/relux-tunnel/Probes/macOSPacketTunnelProbe/.build/Intermediates.noindex/ReluxPacketTunnelProbe.build/Debug/ReluxPacketTunnelProbeTests.build/DerivedSources-normal/arm64 -Xcc -I/Users/iv/Developer/relux-tunnel/Probes/macOSPacketTunnelProbe/.build/Intermediates.noindex/ReluxPacketTunnelProbe.build/Debug/ReluxPacketTunnelProbeTests.build/DerivedSources/arm64 -Xcc -I/Users/iv/Developer/relux-tunnel/Probes/macOSPacketTunnelProbe/.build/Intermediates.noindex/ReluxPacketTunnelProbe.build/Debug/ReluxPacketTunnelProbeTests.build/DerivedSources -Xcc -DDEBUG\=1 -emit-objc-header -emit-objc-header-path /Users/iv/Developer/relux-tunnel/Probes/macOSPacketTunnelProbe/.build/Intermediates.noindex/ReluxPacketTunnelProbe.build/Debug/ReluxPacketTunnelProbeTests.build/Objects-normal/arm64/ReluxPacketTunnelProbeTests-Swift.h -working-directory /Users/iv/Developer/relux-tunnel/Probes/macOSPacketTunnelProbe -experimental-emit-module-separately -disable-cmo

Copy /Users/iv/Developer/relux-tunnel/Probes/macOSPacketTunnelProbe/.build/Products/Debug/ReluxPacketTunnelProbeTests.swiftmodule/arm64-apple-macos.abi.json /Users/iv/Developer/relux-tunnel/Probes/macOSPacketTunnelProbe/.build/Intermediates.noindex/ReluxPacketTunnelProbe.build/Debug/ReluxPacketTunnelProbeTests.build/Objects-normal/arm64/ReluxPacketTunnelProbeTests.abi.json (in target 'ReluxPacketTunnelProbeTests' from project 'ReluxPacketTunnelProbe')
    cd /Users/iv/Developer/relux-tunnel/Probes/macOSPacketTunnelProbe
    builtin-copy -exclude .DS_Store -exclude CVS -exclude .svn -exclude .git -exclude .hg -resolve-src-symlinks -rename /Users/iv/Developer/relux-tunnel/Probes/macOSPacketTunnelProbe/.build/Intermediates.noindex/ReluxPacketTunnelProbe.build/Debug/ReluxPacketTunnelProbeTests.build/Objects-normal/arm64/ReluxPacketTunnelProbeTests.abi.json /Users/iv/Developer/relux-tunnel/Probes/macOSPacketTunnelProbe/.build/Products/Debug/ReluxPacketTunnelProbeTests.swiftmodule/arm64-apple-macos.abi.json

Copy /Users/iv/Developer/relux-tunnel/Probes/macOSPacketTunnelProbe/.build/Products/Debug/ReluxPacketTunnelProbeTests.swiftmodule/arm64-apple-macos.swiftmodule /Users/iv/Developer/relux-tunnel/Probes/macOSPacketTunnelProbe/.build/Intermediates.noindex/ReluxPacketTunnelProbe.build/Debug/ReluxPacketTunnelProbeTests.build/Objects-normal/arm64/ReluxPacketTunnelProbeTests.swiftmodule (in target 'ReluxPacketTunnelProbeTests' from project 'ReluxPacketTunnelProbe')
    cd /Users/iv/Developer/relux-tunnel/Probes/macOSPacketTunnelProbe
    builtin-copy -exclude .DS_Store -exclude CVS -exclude .svn -exclude .git -exclude .hg -resolve-src-symlinks -rename /Users/iv/Developer/relux-tunnel/Probes/macOSPacketTunnelProbe/.build/Intermediates.noindex/ReluxPacketTunnelProbe.build/Debug/ReluxPacketTunnelProbeTests.build/Objects-normal/arm64/ReluxPacketTunnelProbeTests.swiftmodule /Users/iv/Developer/relux-tunnel/Probes/macOSPacketTunnelProbe/.build/Products/Debug/ReluxPacketTunnelProbeTests.swiftmodule/arm64-apple-macos.swiftmodule

SwiftDriverJobDiscovery normal arm64 Compiling ProbeContract.swift (in target 'ReluxPacketTunnelProbeTests' from project 'ReluxPacketTunnelProbe')

SwiftDriverJobDiscovery normal arm64 Compiling ProbeContractTests.swift (in target 'ReluxPacketTunnelProbeTests' from project 'ReluxPacketTunnelProbe')

SwiftDriver\ Compilation ReluxPacketTunnelProbeTests normal arm64 com.apple.xcode.tools.swift.compiler (in target 'ReluxPacketTunnelProbeTests' from project 'ReluxPacketTunnelProbe')
    cd /Users/iv/Developer/relux-tunnel/Probes/macOSPacketTunnelProbe
    builtin-Swift-Compilation -- /Applications/Xcode_26_5.app/Contents/Developer/Toolchains/XcodeDefault.xctoolchain/usr/bin/swiftc -module-name ReluxPacketTunnelProbeTests -Onone @/Users/iv/Developer/relux-tunnel/Probes/macOSPacketTunnelProbe/.build/Intermediates.noindex/ReluxPacketTunnelProbe.build/Debug/ReluxPacketTunnelProbeTests.build/Objects-normal/arm64/ReluxPacketTunnelProbeTests.SwiftFileList -DDEBUG -plugin-path /Applications/Xcode_26_5.app/Contents/Developer/Toolchains/XcodeDefault.xctoolchain/usr/lib/swift/host/plugins/testing -enable-experimental-feature DebugDescriptionMacro -sdk /Applications/Xcode_26_5.app/Contents/Developer/Platforms/MacOSX.platform/Developer/SDKs/MacOSX26.5.sdk -target arm64-apple-macos14.0 -g -module-cache-path /Users/iv/Developer/relux-tunnel/.temp/TASK-260715-1r0fxv/DerivedData/ModuleCache.noindex -Xfrontend -serialize-debugging-options -enable-testing -index-store-path /Users/iv/Developer/relux-tunnel/.temp/TASK-260715-1r0fxv/DerivedData/Index.noindex/DataStore -Xcc -D_LIBCPP_HARDENING_MODE\=_LIBCPP_HARDENING_MODE_DEBUG -swift-version 6 -I /Users/iv/Developer/relux-tunnel/Probes/macOSPacketTunnelProbe/.build/Products/Debug -Isystem /Applications/Xcode_26_5.app/Contents/Developer/Platforms/MacOSX.platform/Developer/usr/lib -F /Users/iv/Developer/relux-tunnel/Probes/macOSPacketTunnelProbe/.build/Products/Debug -F /Applications/Xcode_26_5.app/Contents/Developer/Platforms/MacOSX.platform/Developer/Library/Frameworks -c -j16 -enable-batch-mode -incremental -Xcc -ivfsstatcache -Xcc /Users/iv/Developer/relux-tunnel/.temp/TASK-260715-1r0fxv/DerivedData/SDKStatCaches.noindex/macosx26.5-25F70-688ef53f1462e2c8f657fdc38a81448fb64f947cdd770e773f3848253724d71e.sdkstatcache -output-file-map /Users/iv/Developer/relux-tunnel/Probes/macOSPacketTunnelProbe/.build/Intermediates.noindex/ReluxPacketTunnelProbe.build/Debug/ReluxPacketTunnelProbeTests.build/Objects-normal/arm64/ReluxPacketTunnelProbeTests-OutputFileMap.json -use-frontend-parseable-output -save-temps -no-color-diagnostics -explicit-module-build -module-cache-path /Users/iv/Developer/relux-tunnel/Probes/macOSPacketTunnelProbe/.build/Intermediates.noindex/SwiftExplicitPrecompiledModules -clang-scanner-module-cache-path /Users/iv/Developer/relux-tunnel/.temp/TASK-260715-1r0fxv/DerivedData/ModuleCache.noindex -sdk-module-cache-path /Users/iv/Developer/relux-tunnel/.temp/TASK-260715-1r0fxv/DerivedData/ModuleCache.noindex -serialize-diagnostics -emit-dependencies -emit-module -emit-module-path /Users/iv/Developer/relux-tunnel/Probes/macOSPacketTunnelProbe/.build/Intermediates.noindex/ReluxPacketTunnelProbe.build/Debug/ReluxPacketTunnelProbeTests.build/Objects-normal/arm64/ReluxPacketTunnelProbeTests.swiftmodule -validate-clang-modules-once -clang-build-session-file /Users/iv/Developer/relux-tunnel/.temp/TASK-260715-1r0fxv/DerivedData/ModuleCache.noindex/Session.modulevalidation -Xcc -I/Users/iv/Developer/relux-tunnel/Probes/macOSPacketTunnelProbe/.build/Intermediates.noindex/ReluxPacketTunnelProbe.build/Debug/ReluxPacketTunnelProbeTests.build/swift-overrides.hmap -emit-const-values -Xfrontend -const-gather-protocols-file -Xfrontend /Users/iv/Developer/relux-tunnel/Probes/macOSPacketTunnelProbe/.build/Intermediates.noindex/ReluxPacketTunnelProbe.build/Debug/ReluxPacketTunnelProbeTests.build/Objects-normal/arm64/ReluxPacketTunnelProbeTests_const_extract_protocols.json -Xcc -iquote -Xcc /Users/iv/Developer/relux-tunnel/Probes/macOSPacketTunnelProbe/.build/Intermediates.noindex/ReluxPacketTunnelProbe.build/Debug/ReluxPacketTunnelProbeTests.build/ReluxPacketTunnelProbeTests-generated-files.hmap -Xcc -I/Users/iv/Developer/relux-tunnel/Probes/macOSPacketTunnelProbe/.build/Intermediates.noindex/ReluxPacketTunnelProbe.build/Debug/ReluxPacketTunnelProbeTests.build/ReluxPacketTunnelProbeTests-own-target-headers.hmap -Xcc -I/Users/iv/Developer/relux-tunnel/Probes/macOSPacketTunnelProbe/.build/Intermediates.noindex/ReluxPacketTunnelProbe.build/Debug/ReluxPacketTunnelProbeTests.build/ReluxPacketTunnelProbeTests-all-target-headers.hmap -Xcc -iquote -Xcc /Users/iv/Developer/relux-tunnel/Probes/macOSPacketTunnelProbe/.build/Intermediates.noindex/ReluxPacketTunnelProbe.build/Debug/ReluxPacketTunnelProbeTests.build/ReluxPacketTunnelProbeTests-project-headers.hmap -Xcc -I/Users/iv/Developer/relux-tunnel/Probes/macOSPacketTunnelProbe/.build/Products/Debug/include -Xcc -I/Users/iv/Developer/relux-tunnel/Probes/macOSPacketTunnelProbe/.build/Intermediates.noindex/ReluxPacketTunnelProbe.build/Debug/ReluxPacketTunnelProbeTests.build/DerivedSources-normal/arm64 -Xcc -I/Users/iv/Developer/relux-tunnel/Probes/macOSPacketTunnelProbe/.build/Intermediates.noindex/ReluxPacketTunnelProbe.build/Debug/ReluxPacketTunnelProbeTests.build/DerivedSources/arm64 -Xcc -I/Users/iv/Developer/relux-tunnel/Probes/macOSPacketTunnelProbe/.build/Intermediates.noindex/ReluxPacketTunnelProbe.build/Debug/ReluxPacketTunnelProbeTests.build/DerivedSources -Xcc -DDEBUG\=1 -emit-objc-header -emit-objc-header-path /Users/iv/Developer/relux-tunnel/Probes/macOSPacketTunnelProbe/.build/Intermediates.noindex/ReluxPacketTunnelProbe.build/Debug/ReluxPacketTunnelProbeTests.build/Objects-normal/arm64/ReluxPacketTunnelProbeTests-Swift.h -working-directory /Users/iv/Developer/relux-tunnel/Probes/macOSPacketTunnelProbe -experimental-emit-module-separately -disable-cmo

Ld /Users/iv/Developer/relux-tunnel/Probes/macOSPacketTunnelProbe/.build/Products/Debug/ReluxPacketTunnelProbeTests.xctest/Contents/MacOS/ReluxPacketTunnelProbeTests normal (in target 'ReluxPacketTunnelProbeTests' from project 'ReluxPacketTunnelProbe')
    cd /Users/iv/Developer/relux-tunnel/Probes/macOSPacketTunnelProbe
    /Applications/Xcode_26_5.app/Contents/Developer/Toolchains/XcodeDefault.xctoolchain/usr/bin/clang -Xlinker -reproducible -target arm64-apple-macos14.0 -bundle -isysroot /Applications/Xcode_26_5.app/Contents/Developer/Platforms/MacOSX.platform/Developer/SDKs/MacOSX26.5.sdk -O0 -L/Users/iv/Developer/relux-tunnel/Probes/macOSPacketTunnelProbe/.build/Intermediates.noindex/EagerLinkingTBDs/Debug -L/Users/iv/Developer/relux-tunnel/Probes/macOSPacketTunnelProbe/.build/Products/Debug -L/Applications/Xcode_26_5.app/Contents/Developer/Platforms/MacOSX.platform/Developer/usr/lib -F/Users/iv/Developer/relux-tunnel/Probes/macOSPacketTunnelProbe/.build/Intermediates.noindex/EagerLinkingTBDs/Debug -F/Users/iv/Developer/relux-tunnel/Probes/macOSPacketTunnelProbe/.build/Products/Debug -iframework /Applications/Xcode_26_5.app/Contents/Developer/Platforms/MacOSX.platform/Developer/Library/Frameworks -filelist /Users/iv/Developer/relux-tunnel/Probes/macOSPacketTunnelProbe/.build/Intermediates.noindex/ReluxPacketTunnelProbe.build/Debug/ReluxPacketTunnelProbeTests.build/Objects-normal/arm64/ReluxPacketTunnelProbeTests.LinkFileList -Xlinker -rpath -Xlinker /usr/lib/swift -Xlinker -rpath -Xlinker @loader_path/../Frameworks -Xlinker -rpath -Xlinker @executable_path/../Frameworks -Xlinker -object_path_lto -Xlinker /Users/iv/Developer/relux-tunnel/Probes/macOSPacketTunnelProbe/.build/Intermediates.noindex/ReluxPacketTunnelProbe.build/Debug/ReluxPacketTunnelProbeTests.build/Objects-normal/arm64/ReluxPacketTunnelProbeTests_lto.o -rdynamic -Xlinker -no_deduplicate -Xlinker -dependency_info -Xlinker /Users/iv/Developer/relux-tunnel/Probes/macOSPacketTunnelProbe/.build/Intermediates.noindex/ReluxPacketTunnelProbe.build/Debug/ReluxPacketTunnelProbeTests.build/Objects-normal/arm64/ReluxPacketTunnelProbeTests_dependency_info.dat -fobjc-link-runtime -L/Applications/Xcode_26_5.app/Contents/Developer/Toolchains/XcodeDefault.xctoolchain/usr/lib/swift/macosx -L/usr/lib/swift -Xlinker -add_ast_path -Xlinker /Users/iv/Developer/relux-tunnel/Probes/macOSPacketTunnelProbe/.build/Intermediates.noindex/ReluxPacketTunnelProbe.build/Debug/ReluxPacketTunnelProbeTests.build/Objects-normal/arm64/ReluxPacketTunnelProbeTests.swiftmodule @/Users/iv/Developer/relux-tunnel/Probes/macOSPacketTunnelProbe/.build/Intermediates.noindex/ReluxPacketTunnelProbe.build/Debug/ReluxPacketTunnelProbeTests.build/Objects-normal/arm64/ReluxPacketTunnelProbeTests-linker-args.resp -Xlinker -needed_framework -Xlinker XCTest -framework XCTest -Xlinker -needed-lXCTestSwiftSupport -lXCTestSwiftSupport -o /Users/iv/Developer/relux-tunnel/Probes/macOSPacketTunnelProbe/.build/Products/Debug/ReluxPacketTunnelProbeTests.xctest/Contents/MacOS/ReluxPacketTunnelProbeTests

CopySwiftLibs /Users/iv/Developer/relux-tunnel/Probes/macOSPacketTunnelProbe/.build/Products/Debug/ReluxPacketTunnelProbeTests.xctest (in target 'ReluxPacketTunnelProbeTests' from project 'ReluxPacketTunnelProbe')
    cd /Users/iv/Developer/relux-tunnel/Probes/macOSPacketTunnelProbe
    builtin-swiftStdLibTool --copy --verbose --scan-executable /Users/iv/Developer/relux-tunnel/Probes/macOSPacketTunnelProbe/.build/Products/Debug/ReluxPacketTunnelProbeTests.xctest/Contents/MacOS/ReluxPacketTunnelProbeTests --scan-folder /Users/iv/Developer/relux-tunnel/Probes/macOSPacketTunnelProbe/.build/Products/Debug/ReluxPacketTunnelProbeTests.xctest/Contents/Frameworks --scan-folder /Users/iv/Developer/relux-tunnel/Probes/macOSPacketTunnelProbe/.build/Products/Debug/ReluxPacketTunnelProbeTests.xctest/Contents/PlugIns --scan-folder /Users/iv/Developer/relux-tunnel/Probes/macOSPacketTunnelProbe/.build/Products/Debug/ReluxPacketTunnelProbeTests.xctest/Contents/Library/SystemExtensions --scan-folder /Users/iv/Developer/relux-tunnel/Probes/macOSPacketTunnelProbe/.build/Products/Debug/ReluxPacketTunnelProbeTests.xctest/Contents/Extensions --platform macosx --toolchain /var/run/com.apple.security.cryptexd/mnt/com.apple.MobileAsset.MetalToolchain-v17.6.42.0.irKtxf/Metal.xctoolchain --toolchain /Applications/Xcode_26_5.app/Contents/Developer/Toolchains/XcodeDefault.xctoolchain --destination /Users/iv/Developer/relux-tunnel/Probes/macOSPacketTunnelProbe/.build/Products/Debug/ReluxPacketTunnelProbeTests.xctest/Contents/Frameworks --strip-bitcode --scan-executable /Applications/Xcode_26_5.app/Contents/Developer/Platforms/MacOSX.platform/Developer/usr/lib/libXCTestSwiftSupport.dylib --strip-bitcode-tool /Applications/Xcode_26_5.app/Contents/Developer/Toolchains/XcodeDefault.xctoolchain/usr/bin/bitcode_strip --emit-dependency-info /Users/iv/Developer/relux-tunnel/Probes/macOSPacketTunnelProbe/.build/Intermediates.noindex/ReluxPacketTunnelProbe.build/Debug/ReluxPacketTunnelProbeTests.build/SwiftStdLibToolInputDependencies.dep --filter-for-swift-os --back-deploy-swift-span
Ignoring --strip-bitcode because --sign was not passed

ExtractAppIntentsMetadata (in target 'ReluxPacketTunnelProbeTests' from project 'ReluxPacketTunnelProbe')
    cd /Users/iv/Developer/relux-tunnel/Probes/macOSPacketTunnelProbe
    /Applications/Xcode_26_5.app/Contents/Developer/Toolchains/XcodeDefault.xctoolchain/usr/bin/appintentsmetadataprocessor --toolchain-dir /var/run/com.apple.security.cryptexd/mnt/com.apple.MobileAsset.MetalToolchain-v17.6.42.0.irKtxf/Metal.xctoolchain --module-name ReluxPacketTunnelProbeTests --sdk-root /Applications/Xcode_26_5.app/Contents/Developer/Platforms/MacOSX.platform/Developer/SDKs/MacOSX26.5.sdk --xcode-version 17F42 --platform-family macOS --deployment-target 14.0 --bundle-identifier works.relux.tunnel.probe.mac.tests --output /Users/iv/Developer/relux-tunnel/Probes/macOSPacketTunnelProbe/.build/Products/Debug/ReluxPacketTunnelProbeTests.xctest/Contents/Resources --target-triple arm64-apple-macos14.0 --binary-file /Users/iv/Developer/relux-tunnel/Probes/macOSPacketTunnelProbe/.build/Products/Debug/ReluxPacketTunnelProbeTests.xctest/Contents/MacOS/ReluxPacketTunnelProbeTests --dependency-file /Users/iv/Developer/relux-tunnel/Probes/macOSPacketTunnelProbe/.build/Intermediates.noindex/ReluxPacketTunnelProbe.build/Debug/ReluxPacketTunnelProbeTests.build/Objects-normal/arm64/ReluxPacketTunnelProbeTests_dependency_info.dat --stringsdata-file /Users/iv/Developer/relux-tunnel/Probes/macOSPacketTunnelProbe/.build/Intermediates.noindex/ReluxPacketTunnelProbe.build/Debug/ReluxPacketTunnelProbeTests.build/Objects-normal/arm64/ExtractedAppShortcutsMetadata.stringsdata --source-file-list /Users/iv/Developer/relux-tunnel/Probes/macOSPacketTunnelProbe/.build/Intermediates.noindex/ReluxPacketTunnelProbe.build/Debug/ReluxPacketTunnelProbeTests.build/Objects-normal/arm64/ReluxPacketTunnelProbeTests.SwiftFileList --metadata-file-list /Users/iv/Developer/relux-tunnel/Probes/macOSPacketTunnelProbe/.build/Intermediates.noindex/ReluxPacketTunnelProbe.build/Debug/ReluxPacketTunnelProbeTests.build/ReluxPacketTunnelProbeTests.DependencyMetadataFileList --static-metadata-file-list /Users/iv/Developer/relux-tunnel/Probes/macOSPacketTunnelProbe/.build/Intermediates.noindex/ReluxPacketTunnelProbe.build/Debug/ReluxPacketTunnelProbeTests.build/ReluxPacketTunnelProbeTests.DependencyStaticMetadataFileList --swift-const-vals-list /Users/iv/Developer/relux-tunnel/Probes/macOSPacketTunnelProbe/.build/Intermediates.noindex/ReluxPacketTunnelProbe.build/Debug/ReluxPacketTunnelProbeTests.build/Objects-normal/arm64/ReluxPacketTunnelProbeTests.SwiftConstValuesFileList --compile-time-extraction --deployment-aware-processing --validate-assistant-intents --no-app-shortcuts-localization
2026-08-11 04:23:15.042 appintentsmetadataprocessor[9716:53041084] Starting appintentsmetadataprocessor export
2026-08-11 04:23:15.043 appintentsmetadataprocessor[9716:53041084] warning: Metadata extraction skipped. No AppIntents.framework dependency found.

ProcessInfoPlistFile /Users/iv/Developer/relux-tunnel/Probes/macOSPacketTunnelProbe/.build/Products/Debug/ReluxPacketTunnelProbeTests.xctest/Contents/Info.plist /Users/iv/Developer/relux-tunnel/Probes/macOSPacketTunnelProbe/.build/Intermediates.noindex/ReluxPacketTunnelProbe.build/Debug/ReluxPacketTunnelProbeTests.build/empty-ReluxPacketTunnelProbeTests.plist (in target 'ReluxPacketTunnelProbeTests' from project 'ReluxPacketTunnelProbe')
    cd /Users/iv/Developer/relux-tunnel/Probes/macOSPacketTunnelProbe
    builtin-infoPlistUtility /Users/iv/Developer/relux-tunnel/Probes/macOSPacketTunnelProbe/.build/Intermediates.noindex/ReluxPacketTunnelProbe.build/Debug/ReluxPacketTunnelProbeTests.build/empty-ReluxPacketTunnelProbeTests.plist -producttype com.apple.product-type.bundle.unit-test -expandbuildsettings -platform macosx -o /Users/iv/Developer/relux-tunnel/Probes/macOSPacketTunnelProbe/.build/Products/Debug/ReluxPacketTunnelProbeTests.xctest/Contents/Info.plist

Test Suite 'All tests' started at 2026-08-11 04:23:15.450.
Test Suite 'All tests' passed at 2026-08-11 04:23:15.450.
	 Executed 0 tests, with 0 failures (0 unexpected) in 0.000 (0.000) seconds
􀟈 Test run started.
􀄵 Testing Library Version: 1902
􀄵 Target Platform: arm64e-apple-macos14.0
􀟈 Test requestRoundTripsWithExactVersion() started.
􁁛 Test requestRoundTripsWithExactVersion() passed after 0.001 seconds.
􀟈 Test providerResponseIsVersionedAndNeverForwardsPackets() started.
􁁛 Test providerResponseIsVersionedAndNeverForwardsPackets() passed after 0.001 seconds.
􀟈 Test requestRejectsProtocolVersionDrift() started.
􁁛 Test requestRejectsProtocolVersionDrift() passed after 0.001 seconds.
􀟈 Test responderRejectsOversizedMessages() started.
􁁛 Test responderRejectsOversizedMessages() passed after 0.001 seconds.
􁁛 Test run with 4 tests in 0 suites passed after 0.001 seconds.
2026-08-11 04:23:15.729 xcodebuild[9678:53040831] [MT] IDETestOperationsObserverDebug: 0.674 elapsed -- Testing started completed.
2026-08-11 04:23:15.729 xcodebuild[9678:53040831] [MT] IDETestOperationsObserverDebug: 0.000 sec, +0.000 sec -- start
2026-08-11 04:23:15.729 xcodebuild[9678:53040831] [MT] IDETestOperationsObserverDebug: 0.674 sec, +0.674 sec -- end

Test session results, code coverage, and logs:
	/Users/iv/Developer/relux-tunnel/.temp/TASK-260715-1r0fxv/DerivedData/Logs/Test/Test-ReluxPacketTunnelProbeTests-2026.08.11_04-23-13-+0400.xcresult

** TEST SUCCEEDED ** [2.234 sec]

Testing started
+ /Users/iv/Developer/relux-tunnel/Probes/macOSPacketTunnelProbe/Scripts/check-signing-access.sh
Signing access preflight passed for the approved host profile.
Signing access preflight passed for the approved provider profile.
Signing access preflight passed for both approved development profiles.
+ xcodebuild -project /Users/iv/Developer/relux-tunnel/Probes/macOSPacketTunnelProbe/ReluxPacketTunnelProbe.xcodeproj -scheme ReluxPacketTunnelProbe -configuration Debug -destination generic/platform=macOS -derivedDataPath /Users/iv/Developer/relux-tunnel/.temp/TASK-260715-1r0fxv/DerivedData -archivePath /Users/iv/Developer/relux-tunnel/.temp/TASK-260715-1r0fxv/ReluxPacketTunnelProbe.xcarchive ARCHS=arm64 ONLY_ACTIVE_ARCH=YES archive
Command line invocation:
    /Applications/Xcode_26_5.app/Contents/Developer/usr/bin/xcodebuild -project /Users/iv/Developer/relux-tunnel/Probes/macOSPacketTunnelProbe/ReluxPacketTunnelProbe.xcodeproj -scheme ReluxPacketTunnelProbe -configuration Debug -destination generic/platform=macOS -derivedDataPath /Users/iv/Developer/relux-tunnel/.temp/TASK-260715-1r0fxv/DerivedData -archivePath /Users/iv/Developer/relux-tunnel/.temp/TASK-260715-1r0fxv/ReluxPacketTunnelProbe.xcarchive ARCHS=arm64 ONLY_ACTIVE_ARCH=YES archive

Build settings from command line:
    ARCHS = arm64
    ONLY_ACTIVE_ARCH = YES

ComputePackagePrebuildTargetDependencyGraph

Prepare packages

CreateBuildRequest

SendProjectDescription

CreateBuildOperation

ComputeTargetDependencyGraph
note: Building targets in dependency order
note: Target dependency graph (2 targets)
    Target 'ReluxPacketTunnelProbe' in project 'ReluxPacketTunnelProbe'
        ➜ Explicit dependency on target 'ReluxPacketTunnelProbeProvider' in project 'ReluxPacketTunnelProbe'
    Target 'ReluxPacketTunnelProbeProvider' in project 'ReluxPacketTunnelProbe' (no dependencies)

GatherProvisioningInputs

CreateBuildDescription

ExecuteExternalTool /Applications/Xcode_26_5.app/Contents/Developer/Toolchains/XcodeDefault.xctoolchain/usr/bin/clang -v -E -dM -isysroot /Applications/Xcode_26_5.app/Contents/Developer/Platforms/MacOSX.platform/Developer/SDKs/MacOSX26.5.sdk -x c -c /dev/null

ExecuteExternalTool /Applications/Xcode_26_5.app/Contents/Developer/Toolchains/XcodeDefault.xctoolchain/usr/bin/swiftc --version

ExecuteExternalTool /Applications/Xcode_26_5.app/Contents/Developer/Toolchains/XcodeDefault.xctoolchain/usr/bin/ld -version_details

Build description signature: 25b430e83ed5aabd9e543c070b3d8ae4
Build description path: /Users/iv/Developer/relux-tunnel/Probes/macOSPacketTunnelProbe/.build/Intermediates.noindex/ArchiveIntermediates/ReluxPacketTunnelProbe/IntermediateBuildFilesPath/XCBuildData/25b430e83ed5aabd9e543c070b3d8ae4.xcbuilddata
CreateBuildDirectory /Users/iv/Developer/relux-tunnel/Probes/macOSPacketTunnelProbe/.build/Intermediates.noindex/ArchiveIntermediates/ReluxPacketTunnelProbe/InstallationBuildProductsLocation
    cd /Users/iv/Developer/relux-tunnel/Probes/macOSPacketTunnelProbe/ReluxPacketTunnelProbe.xcodeproj
    builtin-create-build-directory /Users/iv/Developer/relux-tunnel/Probes/macOSPacketTunnelProbe/.build/Intermediates.noindex/ArchiveIntermediates/ReluxPacketTunnelProbe/InstallationBuildProductsLocation

ClangStatCache /Applications/Xcode_26_5.app/Contents/Developer/Toolchains/XcodeDefault.xctoolchain/usr/bin/clang-stat-cache /Applications/Xcode_26_5.app/Contents/Developer/Platforms/MacOSX.platform/Developer/SDKs/MacOSX26.5.sdk /Users/iv/Developer/relux-tunnel/.temp/TASK-260715-1r0fxv/DerivedData/SDKStatCaches.noindex/macosx26.5-25F70-688ef53f1462e2c8f657fdc38a81448fb64f947cdd770e773f3848253724d71e.sdkstatcache
    cd /Users/iv/Developer/relux-tunnel/Probes/macOSPacketTunnelProbe/ReluxPacketTunnelProbe.xcodeproj
    /Applications/Xcode_26_5.app/Contents/Developer/Toolchains/XcodeDefault.xctoolchain/usr/bin/clang-stat-cache /Applications/Xcode_26_5.app/Contents/Developer/Platforms/MacOSX.platform/Developer/SDKs/MacOSX26.5.sdk -o /Users/iv/Developer/relux-tunnel/.temp/TASK-260715-1r0fxv/DerivedData/SDKStatCaches.noindex/macosx26.5-25F70-688ef53f1462e2c8f657fdc38a81448fb64f947cdd770e773f3848253724d71e.sdkstatcache

CreateBuildDirectory /Users/iv/Developer/relux-tunnel/Probes/macOSPacketTunnelProbe/.build/Intermediates.noindex/ArchiveIntermediates/ReluxPacketTunnelProbe/BuildProductsPath
    cd /Users/iv/Developer/relux-tunnel/Probes/macOSPacketTunnelProbe/ReluxPacketTunnelProbe.xcodeproj
    builtin-create-build-directory /Users/iv/Developer/relux-tunnel/Probes/macOSPacketTunnelProbe/.build/Intermediates.noindex/ArchiveIntermediates/ReluxPacketTunnelProbe/BuildProductsPath

CreateBuildDirectory /Users/iv/Developer/relux-tunnel/Probes/macOSPacketTunnelProbe/.build/Intermediates.noindex/ArchiveIntermediates/ReluxPacketTunnelProbe/IntermediateBuildFilesPath
    cd /Users/iv/Developer/relux-tunnel/Probes/macOSPacketTunnelProbe/ReluxPacketTunnelProbe.xcodeproj
    builtin-create-build-directory /Users/iv/Developer/relux-tunnel/Probes/macOSPacketTunnelProbe/.build/Intermediates.noindex/ArchiveIntermediates/ReluxPacketTunnelProbe/IntermediateBuildFilesPath

CreateBuildDirectory /Users/iv/Developer/relux-tunnel/Probes/macOSPacketTunnelProbe/.build/Intermediates.noindex/ArchiveIntermediates/ReluxPacketTunnelProbe/IntermediateBuildFilesPath/SwiftExplicitPrecompiledModules
    cd /Users/iv/Developer/relux-tunnel/Probes/macOSPacketTunnelProbe/ReluxPacketTunnelProbe.xcodeproj
    builtin-create-build-directory /Users/iv/Developer/relux-tunnel/Probes/macOSPacketTunnelProbe/.build/Intermediates.noindex/ArchiveIntermediates/ReluxPacketTunnelProbe/IntermediateBuildFilesPath/SwiftExplicitPrecompiledModules

CreateBuildDirectory /Users/iv/Developer/relux-tunnel/Probes/macOSPacketTunnelProbe/.build/Intermediates.noindex/ArchiveIntermediates/ReluxPacketTunnelProbe/IntermediateBuildFilesPath/ExplicitPrecompiledModules
    cd /Users/iv/Developer/relux-tunnel/Probes/macOSPacketTunnelProbe/ReluxPacketTunnelProbe.xcodeproj
    builtin-create-build-directory /Users/iv/Developer/relux-tunnel/Probes/macOSPacketTunnelProbe/.build/Intermediates.noindex/ArchiveIntermediates/ReluxPacketTunnelProbe/IntermediateBuildFilesPath/ExplicitPrecompiledModules

CreateBuildDirectory /Users/iv/Developer/relux-tunnel/Probes/macOSPacketTunnelProbe/.build/Intermediates.noindex/ArchiveIntermediates/ReluxPacketTunnelProbe/IntermediateBuildFilesPath/EagerLinkingTBDs/Debug
    cd /Users/iv/Developer/relux-tunnel/Probes/macOSPacketTunnelProbe/ReluxPacketTunnelProbe.xcodeproj
    builtin-create-build-directory /Users/iv/Developer/relux-tunnel/Probes/macOSPacketTunnelProbe/.build/Intermediates.noindex/ArchiveIntermediates/ReluxPacketTunnelProbe/IntermediateBuildFilesPath/EagerLinkingTBDs/Debug

WriteAuxiliaryFile /Users/iv/Developer/relux-tunnel/Probes/macOSPacketTunnelProbe/.build/Intermediates.noindex/ArchiveIntermediates/ReluxPacketTunnelProbe/IntermediateBuildFilesPath/ReluxPacketTunnelProbe.build/Debug/ReluxPacketTunnelProbe-f1c597a9a3d54ce48884305e59dc6ea2-VFS/all-product-headers.yaml
    cd /Users/iv/Developer/relux-tunnel/Probes/macOSPacketTunnelProbe/ReluxPacketTunnelProbe.xcodeproj
    write-file /Users/iv/Developer/relux-tunnel/Probes/macOSPacketTunnelProbe/.build/Intermediates.noindex/ArchiveIntermediates/ReluxPacketTunnelProbe/IntermediateBuildFilesPath/ReluxPacketTunnelProbe.build/Debug/ReluxPacketTunnelProbe-f1c597a9a3d54ce48884305e59dc6ea2-VFS/all-product-headers.yaml

CreateBuildDirectory /Users/iv/Developer/relux-tunnel/Probes/macOSPacketTunnelProbe/.build/Intermediates.noindex/ArchiveIntermediates/ReluxPacketTunnelProbe/BuildProductsPath/Debug
    cd /Users/iv/Developer/relux-tunnel/Probes/macOSPacketTunnelProbe/ReluxPacketTunnelProbe.xcodeproj
    builtin-create-build-directory /Users/iv/Developer/relux-tunnel/Probes/macOSPacketTunnelProbe/.build/Intermediates.noindex/ArchiveIntermediates/ReluxPacketTunnelProbe/BuildProductsPath/Debug

WriteAuxiliaryFile /Users/iv/Developer/relux-tunnel/Probes/macOSPacketTunnelProbe/.build/Intermediates.noindex/ArchiveIntermediates/ReluxPacketTunnelProbe/IntermediateBuildFilesPath/ReluxPacketTunnelProbe.build/Debug/ReluxPacketTunnelProbeProvider.build/ReluxPacketTunnelProbeProvider-all-non-framework-target-headers.hmap (in target 'ReluxPacketTunnelProbeProvider' from project 'ReluxPacketTunnelProbe')
    cd /Users/iv/Developer/relux-tunnel/Probes/macOSPacketTunnelProbe
    write-file /Users/iv/Developer/relux-tunnel/Probes/macOSPacketTunnelProbe/.build/Intermediates.noindex/ArchiveIntermediates/ReluxPacketTunnelProbe/IntermediateBuildFilesPath/ReluxPacketTunnelProbe.build/Debug/ReluxPacketTunnelProbeProvider.build/ReluxPacketTunnelProbeProvider-all-non-framework-target-headers.hmap

WriteAuxiliaryFile /Users/iv/Developer/relux-tunnel/Probes/macOSPacketTunnelProbe/.build/Intermediates.noindex/ArchiveIntermediates/ReluxPacketTunnelProbe/IntermediateBuildFilesPath/ReluxPacketTunnelProbe.build/Debug/ReluxPacketTunnelProbeProvider.build/ReluxPacketTunnelProbeProvider.hmap (in target 'ReluxPacketTunnelProbeProvider' from project 'ReluxPacketTunnelProbe')
    cd /Users/iv/Developer/relux-tunnel/Probes/macOSPacketTunnelProbe
    write-file /Users/iv/Developer/relux-tunnel/Probes/macOSPacketTunnelProbe/.build/Intermediates.noindex/ArchiveIntermediates/ReluxPacketTunnelProbe/IntermediateBuildFilesPath/ReluxPacketTunnelProbe.build/Debug/ReluxPacketTunnelProbeProvider.build/ReluxPacketTunnelProbeProvider.hmap

WriteAuxiliaryFile /Users/iv/Developer/relux-tunnel/Probes/macOSPacketTunnelProbe/.build/Intermediates.noindex/ArchiveIntermediates/ReluxPacketTunnelProbe/IntermediateBuildFilesPath/ReluxPacketTunnelProbe.build/Debug/ReluxPacketTunnelProbeProvider.build/ReluxPacketTunnelProbeProvider-project-headers.hmap (in target 'ReluxPacketTunnelProbeProvider' from project 'ReluxPacketTunnelProbe')
    cd /Users/iv/Developer/relux-tunnel/Probes/macOSPacketTunnelProbe
    write-file /Users/iv/Developer/relux-tunnel/Probes/macOSPacketTunnelProbe/.build/Intermediates.noindex/ArchiveIntermediates/ReluxPacketTunnelProbe/IntermediateBuildFilesPath/ReluxPacketTunnelProbe.build/Debug/ReluxPacketTunnelProbeProvider.build/ReluxPacketTunnelProbeProvider-project-headers.hmap

WriteAuxiliaryFile /Users/iv/Developer/relux-tunnel/Probes/macOSPacketTunnelProbe/.build/Intermediates.noindex/ArchiveIntermediates/ReluxPacketTunnelProbe/IntermediateBuildFilesPath/ReluxPacketTunnelProbe.build/Debug/ReluxPacketTunnelProbeProvider.build/ReluxPacketTunnelProbeProvider-all-target-headers.hmap (in target 'ReluxPacketTunnelProbeProvider' from project 'ReluxPacketTunnelProbe')
    cd /Users/iv/Developer/relux-tunnel/Probes/macOSPacketTunnelProbe
    write-file /Users/iv/Developer/relux-tunnel/Probes/macOSPacketTunnelProbe/.build/Intermediates.noindex/ArchiveIntermediates/ReluxPacketTunnelProbe/IntermediateBuildFilesPath/ReluxPacketTunnelProbe.build/Debug/ReluxPacketTunnelProbeProvider.build/ReluxPacketTunnelProbeProvider-all-target-headers.hmap

WriteAuxiliaryFile /Users/iv/Developer/relux-tunnel/Probes/macOSPacketTunnelProbe/.build/Intermediates.noindex/ArchiveIntermediates/ReluxPacketTunnelProbe/IntermediateBuildFilesPath/ReluxPacketTunnelProbe.build/Debug/ReluxPacketTunnelProbeProvider.build/ReluxPacketTunnelProbeProvider-own-target-headers.hmap (in target 'ReluxPacketTunnelProbeProvider' from project 'ReluxPacketTunnelProbe')
    cd /Users/iv/Developer/relux-tunnel/Probes/macOSPacketTunnelProbe
    write-file /Users/iv/Developer/relux-tunnel/Probes/macOSPacketTunnelProbe/.build/Intermediates.noindex/ArchiveIntermediates/ReluxPacketTunnelProbe/IntermediateBuildFilesPath/ReluxPacketTunnelProbe.build/Debug/ReluxPacketTunnelProbeProvider.build/ReluxPacketTunnelProbeProvider-own-target-headers.hmap

WriteAuxiliaryFile /Users/iv/Developer/relux-tunnel/Probes/macOSPacketTunnelProbe/.build/Intermediates.noindex/ArchiveIntermediates/ReluxPacketTunnelProbe/IntermediateBuildFilesPath/ReluxPacketTunnelProbe.build/Debug/ReluxPacketTunnelProbeProvider.build/DerivedSources/Entitlements.plist (in target 'ReluxPacketTunnelProbeProvider' from project 'ReluxPacketTunnelProbe')
    cd /Users/iv/Developer/relux-tunnel/Probes/macOSPacketTunnelProbe
    write-file /Users/iv/Developer/relux-tunnel/Probes/macOSPacketTunnelProbe/.build/Intermediates.noindex/ArchiveIntermediates/ReluxPacketTunnelProbe/IntermediateBuildFilesPath/ReluxPacketTunnelProbe.build/Debug/ReluxPacketTunnelProbeProvider.build/DerivedSources/Entitlements.plist

WriteAuxiliaryFile /Users/iv/Developer/relux-tunnel/Probes/macOSPacketTunnelProbe/.build/Intermediates.noindex/ArchiveIntermediates/ReluxPacketTunnelProbe/IntermediateBuildFilesPath/ReluxPacketTunnelProbe.build/Debug/ReluxPacketTunnelProbeProvider.build/ReluxPacketTunnelProbeProvider-generated-files.hmap (in target 'ReluxPacketTunnelProbeProvider' from project 'ReluxPacketTunnelProbe')
    cd /Users/iv/Developer/relux-tunnel/Probes/macOSPacketTunnelProbe
    write-file /Users/iv/Developer/relux-tunnel/Probes/macOSPacketTunnelProbe/.build/Intermediates.noindex/ArchiveIntermediates/ReluxPacketTunnelProbe/IntermediateBuildFilesPath/ReluxPacketTunnelProbe.build/Debug/ReluxPacketTunnelProbeProvider.build/ReluxPacketTunnelProbeProvider-generated-files.hmap

WriteAuxiliaryFile /Users/iv/Developer/relux-tunnel/Probes/macOSPacketTunnelProbe/.build/Intermediates.noindex/ArchiveIntermediates/ReluxPacketTunnelProbe/IntermediateBuildFilesPath/ReluxPacketTunnelProbe.build/Debug/ReluxPacketTunnelProbeProvider.build/ReluxPacketTunnelProbeProvider.DependencyStaticMetadataFileList (in target 'ReluxPacketTunnelProbeProvider' from project 'ReluxPacketTunnelProbe')
    cd /Users/iv/Developer/relux-tunnel/Probes/macOSPacketTunnelProbe
    write-file /Users/iv/Developer/relux-tunnel/Probes/macOSPacketTunnelProbe/.build/Intermediates.noindex/ArchiveIntermediates/ReluxPacketTunnelProbe/IntermediateBuildFilesPath/ReluxPacketTunnelProbe.build/Debug/ReluxPacketTunnelProbeProvider.build/ReluxPacketTunnelProbeProvider.DependencyStaticMetadataFileList

SymLink /Users/iv/Developer/relux-tunnel/Probes/macOSPacketTunnelProbe/.build/Intermediates.noindex/ArchiveIntermediates/ReluxPacketTunnelProbe/BuildProductsPath/Debug/ReluxPacketTunnelProbeProvider.appex ../../IntermediateBuildFilesPath/UninstalledProducts/macosx/ReluxPacketTunnelProbeProvider.appex (in target 'ReluxPacketTunnelProbeProvider' from project 'ReluxPacketTunnelProbe')
    cd /Users/iv/Developer/relux-tunnel/Probes/macOSPacketTunnelProbe
    /bin/ln -sfh ../../IntermediateBuildFilesPath/UninstalledProducts/macosx/ReluxPacketTunnelProbeProvider.appex /Users/iv/Developer/relux-tunnel/Probes/macOSPacketTunnelProbe/.build/Intermediates.noindex/ArchiveIntermediates/ReluxPacketTunnelProbe/BuildProductsPath/Debug/ReluxPacketTunnelProbeProvider.appex

WriteAuxiliaryFile /Users/iv/Developer/relux-tunnel/Probes/macOSPacketTunnelProbe/.build/Intermediates.noindex/ArchiveIntermediates/ReluxPacketTunnelProbe/IntermediateBuildFilesPath/ReluxPacketTunnelProbe.build/Debug/ReluxPacketTunnelProbeProvider.build/ReluxPacketTunnelProbeProvider.DependencyMetadataFileList (in target 'ReluxPacketTunnelProbeProvider' from project 'ReluxPacketTunnelProbe')
    cd /Users/iv/Developer/relux-tunnel/Probes/macOSPacketTunnelProbe
    write-file /Users/iv/Developer/relux-tunnel/Probes/macOSPacketTunnelProbe/.build/Intermediates.noindex/ArchiveIntermediates/ReluxPacketTunnelProbe/IntermediateBuildFilesPath/ReluxPacketTunnelProbe.build/Debug/ReluxPacketTunnelProbeProvider.build/ReluxPacketTunnelProbeProvider.DependencyMetadataFileList

WriteAuxiliaryFile /Users/iv/Developer/relux-tunnel/Probes/macOSPacketTunnelProbe/.build/Intermediates.noindex/ArchiveIntermediates/ReluxPacketTunnelProbe/IntermediateBuildFilesPath/ReluxPacketTunnelProbe.build/Debug/ReluxPacketTunnelProbeProvider.build/Objects-normal/arm64/ReluxPacketTunnelProbeProvider.SwiftConstValuesFileList (in target 'ReluxPacketTunnelProbeProvider' from project 'ReluxPacketTunnelProbe')
    cd /Users/iv/Developer/relux-tunnel/Probes/macOSPacketTunnelProbe
    write-file /Users/iv/Developer/relux-tunnel/Probes/macOSPacketTunnelProbe/.build/Intermediates.noindex/ArchiveIntermediates/ReluxPacketTunnelProbe/IntermediateBuildFilesPath/ReluxPacketTunnelProbe.build/Debug/ReluxPacketTunnelProbeProvider.build/Objects-normal/arm64/ReluxPacketTunnelProbeProvider.SwiftConstValuesFileList

WriteAuxiliaryFile /Users/iv/Developer/relux-tunnel/Probes/macOSPacketTunnelProbe/.build/Intermediates.noindex/ArchiveIntermediates/ReluxPacketTunnelProbe/IntermediateBuildFilesPath/ReluxPacketTunnelProbe.build/Debug/ReluxPacketTunnelProbeProvider.build/Objects-normal/arm64/ReluxPacketTunnelProbeProvider.LinkFileList (in target 'ReluxPacketTunnelProbeProvider' from project 'ReluxPacketTunnelProbe')
    cd /Users/iv/Developer/relux-tunnel/Probes/macOSPacketTunnelProbe
    write-file /Users/iv/Developer/relux-tunnel/Probes/macOSPacketTunnelProbe/.build/Intermediates.noindex/ArchiveIntermediates/ReluxPacketTunnelProbe/IntermediateBuildFilesPath/ReluxPacketTunnelProbe.build/Debug/ReluxPacketTunnelProbeProvider.build/Objects-normal/arm64/ReluxPacketTunnelProbeProvider.LinkFileList

WriteAuxiliaryFile /Users/iv/Developer/relux-tunnel/Probes/macOSPacketTunnelProbe/.build/Intermediates.noindex/ArchiveIntermediates/ReluxPacketTunnelProbe/IntermediateBuildFilesPath/ReluxPacketTunnelProbe.build/Debug/ReluxPacketTunnelProbeProvider.build/Objects-normal/arm64/ReluxPacketTunnelProbeProvider-OutputFileMap.json (in target 'ReluxPacketTunnelProbeProvider' from project 'ReluxPacketTunnelProbe')
    cd /Users/iv/Developer/relux-tunnel/Probes/macOSPacketTunnelProbe
    write-file /Users/iv/Developer/relux-tunnel/Probes/macOSPacketTunnelProbe/.build/Intermediates.noindex/ArchiveIntermediates/ReluxPacketTunnelProbe/IntermediateBuildFilesPath/ReluxPacketTunnelProbe.build/Debug/ReluxPacketTunnelProbeProvider.build/Objects-normal/arm64/ReluxPacketTunnelProbeProvider-OutputFileMap.json

WriteAuxiliaryFile /Users/iv/Developer/relux-tunnel/Probes/macOSPacketTunnelProbe/.build/Intermediates.noindex/ArchiveIntermediates/ReluxPacketTunnelProbe/IntermediateBuildFilesPath/ReluxPacketTunnelProbe.build/Debug/ReluxPacketTunnelProbeProvider.build/Objects-normal/arm64/ReluxPacketTunnelProbeProvider_const_extract_protocols.json (in target 'ReluxPacketTunnelProbeProvider' from project 'ReluxPacketTunnelProbe')
    cd /Users/iv/Developer/relux-tunnel/Probes/macOSPacketTunnelProbe
    write-file /Users/iv/Developer/relux-tunnel/Probes/macOSPacketTunnelProbe/.build/Intermediates.noindex/ArchiveIntermediates/ReluxPacketTunnelProbe/IntermediateBuildFilesPath/ReluxPacketTunnelProbe.build/Debug/ReluxPacketTunnelProbeProvider.build/Objects-normal/arm64/ReluxPacketTunnelProbeProvider_const_extract_protocols.json

WriteAuxiliaryFile /Users/iv/Developer/relux-tunnel/Probes/macOSPacketTunnelProbe/.build/Intermediates.noindex/ArchiveIntermediates/ReluxPacketTunnelProbe/IntermediateBuildFilesPath/ReluxPacketTunnelProbe.build/Debug/ReluxPacketTunnelProbeProvider.build/Objects-normal/arm64/ReluxPacketTunnelProbeProvider.SwiftFileList (in target 'ReluxPacketTunnelProbeProvider' from project 'ReluxPacketTunnelProbe')
    cd /Users/iv/Developer/relux-tunnel/Probes/macOSPacketTunnelProbe
    write-file /Users/iv/Developer/relux-tunnel/Probes/macOSPacketTunnelProbe/.build/Intermediates.noindex/ArchiveIntermediates/ReluxPacketTunnelProbe/IntermediateBuildFilesPath/ReluxPacketTunnelProbe.build/Debug/ReluxPacketTunnelProbeProvider.build/Objects-normal/arm64/ReluxPacketTunnelProbeProvider.SwiftFileList

WriteAuxiliaryFile /Users/iv/Developer/relux-tunnel/Probes/macOSPacketTunnelProbe/.build/Intermediates.noindex/ArchiveIntermediates/ReluxPacketTunnelProbe/IntermediateBuildFilesPath/ReluxPacketTunnelProbe.build/Debug/ReluxPacketTunnelProbe.build/ReluxPacketTunnelProbe.hmap (in target 'ReluxPacketTunnelProbe' from project 'ReluxPacketTunnelProbe')
    cd /Users/iv/Developer/relux-tunnel/Probes/macOSPacketTunnelProbe
    write-file /Users/iv/Developer/relux-tunnel/Probes/macOSPacketTunnelProbe/.build/Intermediates.noindex/ArchiveIntermediates/ReluxPacketTunnelProbe/IntermediateBuildFilesPath/ReluxPacketTunnelProbe.build/Debug/ReluxPacketTunnelProbe.build/ReluxPacketTunnelProbe.hmap

WriteAuxiliaryFile /Users/iv/Developer/relux-tunnel/Probes/macOSPacketTunnelProbe/.build/Intermediates.noindex/ArchiveIntermediates/ReluxPacketTunnelProbe/IntermediateBuildFilesPath/ReluxPacketTunnelProbe.build/Debug/ReluxPacketTunnelProbe.build/ReluxPacketTunnelProbe.DependencyMetadataFileList (in target 'ReluxPacketTunnelProbe' from project 'ReluxPacketTunnelProbe')
    cd /Users/iv/Developer/relux-tunnel/Probes/macOSPacketTunnelProbe
    write-file /Users/iv/Developer/relux-tunnel/Probes/macOSPacketTunnelProbe/.build/Intermediates.noindex/ArchiveIntermediates/ReluxPacketTunnelProbe/IntermediateBuildFilesPath/ReluxPacketTunnelProbe.build/Debug/ReluxPacketTunnelProbe.build/ReluxPacketTunnelProbe.DependencyMetadataFileList

WriteAuxiliaryFile /Users/iv/Developer/relux-tunnel/Probes/macOSPacketTunnelProbe/.build/Intermediates.noindex/ArchiveIntermediates/ReluxPacketTunnelProbe/IntermediateBuildFilesPath/ReluxPacketTunnelProbe.build/Debug/ReluxPacketTunnelProbe.build/ReluxPacketTunnelProbe.DependencyStaticMetadataFileList (in target 'ReluxPacketTunnelProbe' from project 'ReluxPacketTunnelProbe')
    cd /Users/iv/Developer/relux-tunnel/Probes/macOSPacketTunnelProbe
    write-file /Users/iv/Developer/relux-tunnel/Probes/macOSPacketTunnelProbe/.build/Intermediates.noindex/ArchiveIntermediates/ReluxPacketTunnelProbe/IntermediateBuildFilesPath/ReluxPacketTunnelProbe.build/Debug/ReluxPacketTunnelProbe.build/ReluxPacketTunnelProbe.DependencyStaticMetadataFileList

WriteAuxiliaryFile /Users/iv/Developer/relux-tunnel/Probes/macOSPacketTunnelProbe/.build/Intermediates.noindex/ArchiveIntermediates/ReluxPacketTunnelProbe/IntermediateBuildFilesPath/ReluxPacketTunnelProbe.build/Debug/ReluxPacketTunnelProbe.build/ReluxPacketTunnelProbe-project-headers.hmap (in target 'ReluxPacketTunnelProbe' from project 'ReluxPacketTunnelProbe')
    cd /Users/iv/Developer/relux-tunnel/Probes/macOSPacketTunnelProbe
    write-file /Users/iv/Developer/relux-tunnel/Probes/macOSPacketTunnelProbe/.build/Intermediates.noindex/ArchiveIntermediates/ReluxPacketTunnelProbe/IntermediateBuildFilesPath/ReluxPacketTunnelProbe.build/Debug/ReluxPacketTunnelProbe.build/ReluxPacketTunnelProbe-project-headers.hmap

WriteAuxiliaryFile /Users/iv/Developer/relux-tunnel/Probes/macOSPacketTunnelProbe/.build/Intermediates.noindex/ArchiveIntermediates/ReluxPacketTunnelProbe/IntermediateBuildFilesPath/ReluxPacketTunnelProbe.build/Debug/ReluxPacketTunnelProbe.build/ReluxPacketTunnelProbe-own-target-headers.hmap (in target 'ReluxPacketTunnelProbe' from project 'ReluxPacketTunnelProbe')
    cd /Users/iv/Developer/relux-tunnel/Probes/macOSPacketTunnelProbe
    write-file /Users/iv/Developer/relux-tunnel/Probes/macOSPacketTunnelProbe/.build/Intermediates.noindex/ArchiveIntermediates/ReluxPacketTunnelProbe/IntermediateBuildFilesPath/ReluxPacketTunnelProbe.build/Debug/ReluxPacketTunnelProbe.build/ReluxPacketTunnelProbe-own-target-headers.hmap

WriteAuxiliaryFile /Users/iv/Developer/relux-tunnel/Probes/macOSPacketTunnelProbe/.build/Intermediates.noindex/ArchiveIntermediates/ReluxPacketTunnelProbe/IntermediateBuildFilesPath/ReluxPacketTunnelProbe.build/Debug/ReluxPacketTunnelProbe.build/ReluxPacketTunnelProbe-generated-files.hmap (in target 'ReluxPacketTunnelProbe' from project 'ReluxPacketTunnelProbe')
    cd /Users/iv/Developer/relux-tunnel/Probes/macOSPacketTunnelProbe
    write-file /Users/iv/Developer/relux-tunnel/Probes/macOSPacketTunnelProbe/.build/Intermediates.noindex/ArchiveIntermediates/ReluxPacketTunnelProbe/IntermediateBuildFilesPath/ReluxPacketTunnelProbe.build/Debug/ReluxPacketTunnelProbe.build/ReluxPacketTunnelProbe-generated-files.hmap

WriteAuxiliaryFile /Users/iv/Developer/relux-tunnel/Probes/macOSPacketTunnelProbe/.build/Intermediates.noindex/ArchiveIntermediates/ReluxPacketTunnelProbe/IntermediateBuildFilesPath/ReluxPacketTunnelProbe.build/Debug/ReluxPacketTunnelProbe.build/ReluxPacketTunnelProbe-all-target-headers.hmap (in target 'ReluxPacketTunnelProbe' from project 'ReluxPacketTunnelProbe')
    cd /Users/iv/Developer/relux-tunnel/Probes/macOSPacketTunnelProbe
    write-file /Users/iv/Developer/relux-tunnel/Probes/macOSPacketTunnelProbe/.build/Intermediates.noindex/ArchiveIntermediates/ReluxPacketTunnelProbe/IntermediateBuildFilesPath/ReluxPacketTunnelProbe.build/Debug/ReluxPacketTunnelProbe.build/ReluxPacketTunnelProbe-all-target-headers.hmap

WriteAuxiliaryFile /Users/iv/Developer/relux-tunnel/Probes/macOSPacketTunnelProbe/.build/Intermediates.noindex/ArchiveIntermediates/ReluxPacketTunnelProbe/IntermediateBuildFilesPath/ReluxPacketTunnelProbe.build/Debug/ReluxPacketTunnelProbe.build/ReluxPacketTunnelProbe-all-non-framework-target-headers.hmap (in target 'ReluxPacketTunnelProbe' from project 'ReluxPacketTunnelProbe')
    cd /Users/iv/Developer/relux-tunnel/Probes/macOSPacketTunnelProbe
    write-file /Users/iv/Developer/relux-tunnel/Probes/macOSPacketTunnelProbe/.build/Intermediates.noindex/ArchiveIntermediates/ReluxPacketTunnelProbe/IntermediateBuildFilesPath/ReluxPacketTunnelProbe.build/Debug/ReluxPacketTunnelProbe.build/ReluxPacketTunnelProbe-all-non-framework-target-headers.hmap

WriteAuxiliaryFile /Users/iv/Developer/relux-tunnel/Probes/macOSPacketTunnelProbe/.build/Intermediates.noindex/ArchiveIntermediates/ReluxPacketTunnelProbe/IntermediateBuildFilesPath/ReluxPacketTunnelProbe.build/Debug/ReluxPacketTunnelProbe.build/Objects-normal/arm64/ReluxPacketTunnelProbe_const_extract_protocols.json (in target 'ReluxPacketTunnelProbe' from project 'ReluxPacketTunnelProbe')
    cd /Users/iv/Developer/relux-tunnel/Probes/macOSPacketTunnelProbe
    write-file /Users/iv/Developer/relux-tunnel/Probes/macOSPacketTunnelProbe/.build/Intermediates.noindex/ArchiveIntermediates/ReluxPacketTunnelProbe/IntermediateBuildFilesPath/ReluxPacketTunnelProbe.build/Debug/ReluxPacketTunnelProbe.build/Objects-normal/arm64/ReluxPacketTunnelProbe_const_extract_protocols.json

WriteAuxiliaryFile /Users/iv/Developer/relux-tunnel/Probes/macOSPacketTunnelProbe/.build/Intermediates.noindex/ArchiveIntermediates/ReluxPacketTunnelProbe/IntermediateBuildFilesPath/ReluxPacketTunnelProbe.build/Debug/ReluxPacketTunnelProbe.build/Objects-normal/arm64/ReluxPacketTunnelProbe.SwiftFileList (in target 'ReluxPacketTunnelProbe' from project 'ReluxPacketTunnelProbe')
    cd /Users/iv/Developer/relux-tunnel/Probes/macOSPacketTunnelProbe
    write-file /Users/iv/Developer/relux-tunnel/Probes/macOSPacketTunnelProbe/.build/Intermediates.noindex/ArchiveIntermediates/ReluxPacketTunnelProbe/IntermediateBuildFilesPath/ReluxPacketTunnelProbe.build/Debug/ReluxPacketTunnelProbe.build/Objects-normal/arm64/ReluxPacketTunnelProbe.SwiftFileList

WriteAuxiliaryFile /Users/iv/Developer/relux-tunnel/Probes/macOSPacketTunnelProbe/.build/Intermediates.noindex/ArchiveIntermediates/ReluxPacketTunnelProbe/IntermediateBuildFilesPath/ReluxPacketTunnelProbe.build/Debug/ReluxPacketTunnelProbe.build/Objects-normal/arm64/ReluxPacketTunnelProbe.SwiftConstValuesFileList (in target 'ReluxPacketTunnelProbe' from project 'ReluxPacketTunnelProbe')
    cd /Users/iv/Developer/relux-tunnel/Probes/macOSPacketTunnelProbe
    write-file /Users/iv/Developer/relux-tunnel/Probes/macOSPacketTunnelProbe/.build/Intermediates.noindex/ArchiveIntermediates/ReluxPacketTunnelProbe/IntermediateBuildFilesPath/ReluxPacketTunnelProbe.build/Debug/ReluxPacketTunnelProbe.build/Objects-normal/arm64/ReluxPacketTunnelProbe.SwiftConstValuesFileList

WriteAuxiliaryFile /Users/iv/Developer/relux-tunnel/Probes/macOSPacketTunnelProbe/.build/Intermediates.noindex/ArchiveIntermediates/ReluxPacketTunnelProbe/IntermediateBuildFilesPath/ReluxPacketTunnelProbe.build/Debug/ReluxPacketTunnelProbe.build/Objects-normal/arm64/ReluxPacketTunnelProbe.LinkFileList (in target 'ReluxPacketTunnelProbe' from project 'ReluxPacketTunnelProbe')
    cd /Users/iv/Developer/relux-tunnel/Probes/macOSPacketTunnelProbe
    write-file /Users/iv/Developer/relux-tunnel/Probes/macOSPacketTunnelProbe/.build/Intermediates.noindex/ArchiveIntermediates/ReluxPacketTunnelProbe/IntermediateBuildFilesPath/ReluxPacketTunnelProbe.build/Debug/ReluxPacketTunnelProbe.build/Objects-normal/arm64/ReluxPacketTunnelProbe.LinkFileList

WriteAuxiliaryFile /Users/iv/Developer/relux-tunnel/Probes/macOSPacketTunnelProbe/.build/Intermediates.noindex/ArchiveIntermediates/ReluxPacketTunnelProbe/IntermediateBuildFilesPath/ReluxPacketTunnelProbe.build/Debug/ReluxPacketTunnelProbe.build/Objects-normal/arm64/ReluxPacketTunnelProbe-OutputFileMap.json (in target 'ReluxPacketTunnelProbe' from project 'ReluxPacketTunnelProbe')
    cd /Users/iv/Developer/relux-tunnel/Probes/macOSPacketTunnelProbe
    write-file /Users/iv/Developer/relux-tunnel/Probes/macOSPacketTunnelProbe/.build/Intermediates.noindex/ArchiveIntermediates/ReluxPacketTunnelProbe/IntermediateBuildFilesPath/ReluxPacketTunnelProbe.build/Debug/ReluxPacketTunnelProbe.build/Objects-normal/arm64/ReluxPacketTunnelProbe-OutputFileMap.json

WriteAuxiliaryFile /Users/iv/Developer/relux-tunnel/Probes/macOSPacketTunnelProbe/.build/Intermediates.noindex/ArchiveIntermediates/ReluxPacketTunnelProbe/IntermediateBuildFilesPath/ReluxPacketTunnelProbe.build/Debug/ReluxPacketTunnelProbe.build/DerivedSources/Entitlements.plist (in target 'ReluxPacketTunnelProbe' from project 'ReluxPacketTunnelProbe')
    cd /Users/iv/Developer/relux-tunnel/Probes/macOSPacketTunnelProbe
    write-file /Users/iv/Developer/relux-tunnel/Probes/macOSPacketTunnelProbe/.build/Intermediates.noindex/ArchiveIntermediates/ReluxPacketTunnelProbe/IntermediateBuildFilesPath/ReluxPacketTunnelProbe.build/Debug/ReluxPacketTunnelProbe.build/DerivedSources/Entitlements.plist

MkDir /Users/iv/Developer/relux-tunnel/Probes/macOSPacketTunnelProbe/.build/Intermediates.noindex/ArchiveIntermediates/ReluxPacketTunnelProbe/IntermediateBuildFilesPath/UninstalledProducts/macosx/ReluxPacketTunnelProbeProvider.appex/Contents/MacOS (in target 'ReluxPacketTunnelProbeProvider' from project 'ReluxPacketTunnelProbe')
    cd /Users/iv/Developer/relux-tunnel/Probes/macOSPacketTunnelProbe
    /bin/mkdir -p /Users/iv/Developer/relux-tunnel/Probes/macOSPacketTunnelProbe/.build/Intermediates.noindex/ArchiveIntermediates/ReluxPacketTunnelProbe/IntermediateBuildFilesPath/UninstalledProducts/macosx/ReluxPacketTunnelProbeProvider.appex/Contents/MacOS

MkDir /Users/iv/Developer/relux-tunnel/Probes/macOSPacketTunnelProbe/.build/Intermediates.noindex/ArchiveIntermediates/ReluxPacketTunnelProbe/IntermediateBuildFilesPath/UninstalledProducts/macosx/ReluxPacketTunnelProbeProvider.appex/Contents (in target 'ReluxPacketTunnelProbeProvider' from project 'ReluxPacketTunnelProbe')
    cd /Users/iv/Developer/relux-tunnel/Probes/macOSPacketTunnelProbe
    /bin/mkdir -p /Users/iv/Developer/relux-tunnel/Probes/macOSPacketTunnelProbe/.build/Intermediates.noindex/ArchiveIntermediates/ReluxPacketTunnelProbe/IntermediateBuildFilesPath/UninstalledProducts/macosx/ReluxPacketTunnelProbeProvider.appex/Contents

MkDir /Users/iv/Developer/relux-tunnel/Probes/macOSPacketTunnelProbe/.build/Intermediates.noindex/ArchiveIntermediates/ReluxPacketTunnelProbe/IntermediateBuildFilesPath/UninstalledProducts/macosx/ReluxPacketTunnelProbeProvider.appex (in target 'ReluxPacketTunnelProbeProvider' from project 'ReluxPacketTunnelProbe')
    cd /Users/iv/Developer/relux-tunnel/Probes/macOSPacketTunnelProbe
    /bin/mkdir -p /Users/iv/Developer/relux-tunnel/Probes/macOSPacketTunnelProbe/.build/Intermediates.noindex/ArchiveIntermediates/ReluxPacketTunnelProbe/IntermediateBuildFilesPath/UninstalledProducts/macosx/ReluxPacketTunnelProbeProvider.appex

SymLink /Users/iv/Developer/relux-tunnel/Probes/macOSPacketTunnelProbe/.build/Intermediates.noindex/ArchiveIntermediates/ReluxPacketTunnelProbe/BuildProductsPath/Debug/ReluxPacketTunnelProbe.app ../../InstallationBuildProductsLocation/Applications/ReluxPacketTunnelProbe.app (in target 'ReluxPacketTunnelProbe' from project 'ReluxPacketTunnelProbe')
    cd /Users/iv/Developer/relux-tunnel/Probes/macOSPacketTunnelProbe
    /bin/ln -sfh ../../InstallationBuildProductsLocation/Applications/ReluxPacketTunnelProbe.app /Users/iv/Developer/relux-tunnel/Probes/macOSPacketTunnelProbe/.build/Intermediates.noindex/ArchiveIntermediates/ReluxPacketTunnelProbe/BuildProductsPath/Debug/ReluxPacketTunnelProbe.app

MkDir /Users/iv/Developer/relux-tunnel/Probes/macOSPacketTunnelProbe/.build/Intermediates.noindex/ArchiveIntermediates/ReluxPacketTunnelProbe/InstallationBuildProductsLocation/Applications/ReluxPacketTunnelProbe.app/Contents/PlugIns (in target 'ReluxPacketTunnelProbe' from project 'ReluxPacketTunnelProbe')
    cd /Users/iv/Developer/relux-tunnel/Probes/macOSPacketTunnelProbe
    /bin/mkdir -p /Users/iv/Developer/relux-tunnel/Probes/macOSPacketTunnelProbe/.build/Intermediates.noindex/ArchiveIntermediates/ReluxPacketTunnelProbe/InstallationBuildProductsLocation/Applications/ReluxPacketTunnelProbe.app/Contents/PlugIns

MkDir /Users/iv/Developer/relux-tunnel/Probes/macOSPacketTunnelProbe/.build/Intermediates.noindex/ArchiveIntermediates/ReluxPacketTunnelProbe/InstallationBuildProductsLocation/Applications/ReluxPacketTunnelProbe.app/Contents/MacOS (in target 'ReluxPacketTunnelProbe' from project 'ReluxPacketTunnelProbe')
    cd /Users/iv/Developer/relux-tunnel/Probes/macOSPacketTunnelProbe
    /bin/mkdir -p /Users/iv/Developer/relux-tunnel/Probes/macOSPacketTunnelProbe/.build/Intermediates.noindex/ArchiveIntermediates/ReluxPacketTunnelProbe/InstallationBuildProductsLocation/Applications/ReluxPacketTunnelProbe.app/Contents/MacOS

MkDir /Users/iv/Developer/relux-tunnel/Probes/macOSPacketTunnelProbe/.build/Intermediates.noindex/ArchiveIntermediates/ReluxPacketTunnelProbe/InstallationBuildProductsLocation/Applications/ReluxPacketTunnelProbe.app/Contents (in target 'ReluxPacketTunnelProbe' from project 'ReluxPacketTunnelProbe')
    cd /Users/iv/Developer/relux-tunnel/Probes/macOSPacketTunnelProbe
    /bin/mkdir -p /Users/iv/Developer/relux-tunnel/Probes/macOSPacketTunnelProbe/.build/Intermediates.noindex/ArchiveIntermediates/ReluxPacketTunnelProbe/InstallationBuildProductsLocation/Applications/ReluxPacketTunnelProbe.app/Contents

MkDir /Users/iv/Developer/relux-tunnel/Probes/macOSPacketTunnelProbe/.build/Intermediates.noindex/ArchiveIntermediates/ReluxPacketTunnelProbe/InstallationBuildProductsLocation/Applications/ReluxPacketTunnelProbe.app (in target 'ReluxPacketTunnelProbe' from project 'ReluxPacketTunnelProbe')
    cd /Users/iv/Developer/relux-tunnel/Probes/macOSPacketTunnelProbe
    /bin/mkdir -p /Users/iv/Developer/relux-tunnel/Probes/macOSPacketTunnelProbe/.build/Intermediates.noindex/ArchiveIntermediates/ReluxPacketTunnelProbe/InstallationBuildProductsLocation/Applications/ReluxPacketTunnelProbe.app

ProcessProductPackaging /Users/iv/Library/Developer/Xcode/UserData/Provisioning\ Profiles/ef64bcae-00ac-458f-94dc-45834429fe80.provisionprofile /Users/iv/Developer/relux-tunnel/Probes/macOSPacketTunnelProbe/.build/Intermediates.noindex/ArchiveIntermediates/ReluxPacketTunnelProbe/IntermediateBuildFilesPath/UninstalledProducts/macosx/ReluxPacketTunnelProbeProvider.appex/Contents/embedded.provisionprofile (in target 'ReluxPacketTunnelProbeProvider' from project 'ReluxPacketTunnelProbe')
    cd /Users/iv/Developer/relux-tunnel/Probes/macOSPacketTunnelProbe
    builtin-productPackagingUtility /Users/iv/Library/Developer/Xcode/UserData/Provisioning\ Profiles/ef64bcae-00ac-458f-94dc-45834429fe80.provisionprofile -o /Users/iv/Developer/relux-tunnel/Probes/macOSPacketTunnelProbe/.build/Intermediates.noindex/ArchiveIntermediates/ReluxPacketTunnelProbe/IntermediateBuildFilesPath/UninstalledProducts/macosx/ReluxPacketTunnelProbeProvider.appex/Contents/embedded.provisionprofile

ProcessProductPackaging /Users/iv/Developer/relux-tunnel/Probes/macOSPacketTunnelProbe/Config/Provider.entitlements /Users/iv/Developer/relux-tunnel/Probes/macOSPacketTunnelProbe/.build/Intermediates.noindex/ArchiveIntermediates/ReluxPacketTunnelProbe/IntermediateBuildFilesPath/ReluxPacketTunnelProbe.build/Debug/ReluxPacketTunnelProbeProvider.build/ReluxPacketTunnelProbeProvider.appex.xcent (in target 'ReluxPacketTunnelProbeProvider' from project 'ReluxPacketTunnelProbe')
    cd /Users/iv/Developer/relux-tunnel/Probes/macOSPacketTunnelProbe
    
    Entitlements:
    
    {
    "com.apple.application-identifier" = "262RZ595FP.works.relux.tunnel.probe.mac.tunnel";
    "com.apple.developer.networking.networkextension" =     (
        "packet-tunnel-provider"
    );
    "com.apple.developer.team-identifier" = 262RZ595FP;
}
    
    builtin-productPackagingUtility /Users/iv/Developer/relux-tunnel/Probes/macOSPacketTunnelProbe/Config/Provider.entitlements -entitlements -format xml -o /Users/iv/Developer/relux-tunnel/Probes/macOSPacketTunnelProbe/.build/Intermediates.noindex/ArchiveIntermediates/ReluxPacketTunnelProbe/IntermediateBuildFilesPath/ReluxPacketTunnelProbe.build/Debug/ReluxPacketTunnelProbeProvider.build/ReluxPacketTunnelProbeProvider.appex.xcent

ProcessProductPackagingDER /Users/iv/Developer/relux-tunnel/Probes/macOSPacketTunnelProbe/.build/Intermediates.noindex/ArchiveIntermediates/ReluxPacketTunnelProbe/IntermediateBuildFilesPath/ReluxPacketTunnelProbe.build/Debug/ReluxPacketTunnelProbeProvider.build/ReluxPacketTunnelProbeProvider.appex.xcent /Users/iv/Developer/relux-tunnel/Probes/macOSPacketTunnelProbe/.build/Intermediates.noindex/ArchiveIntermediates/ReluxPacketTunnelProbe/IntermediateBuildFilesPath/ReluxPacketTunnelProbe.build/Debug/ReluxPacketTunnelProbeProvider.build/ReluxPacketTunnelProbeProvider.appex.xcent.der (in target 'ReluxPacketTunnelProbeProvider' from project 'ReluxPacketTunnelProbe')
    cd /Users/iv/Developer/relux-tunnel/Probes/macOSPacketTunnelProbe
    /usr/bin/derq query -f xml -i /Users/iv/Developer/relux-tunnel/Probes/macOSPacketTunnelProbe/.build/Intermediates.noindex/ArchiveIntermediates/ReluxPacketTunnelProbe/IntermediateBuildFilesPath/ReluxPacketTunnelProbe.build/Debug/ReluxPacketTunnelProbeProvider.build/ReluxPacketTunnelProbeProvider.appex.xcent -o /Users/iv/Developer/relux-tunnel/Probes/macOSPacketTunnelProbe/.build/Intermediates.noindex/ArchiveIntermediates/ReluxPacketTunnelProbe/IntermediateBuildFilesPath/ReluxPacketTunnelProbe.build/Debug/ReluxPacketTunnelProbeProvider.build/ReluxPacketTunnelProbeProvider.appex.xcent.der --raw

ProcessInfoPlistFile /Users/iv/Developer/relux-tunnel/Probes/macOSPacketTunnelProbe/.build/Intermediates.noindex/ArchiveIntermediates/ReluxPacketTunnelProbe/IntermediateBuildFilesPath/UninstalledProducts/macosx/ReluxPacketTunnelProbeProvider.appex/Contents/Info.plist /Users/iv/Developer/relux-tunnel/Probes/macOSPacketTunnelProbe/Provider/Info.plist (in target 'ReluxPacketTunnelProbeProvider' from project 'ReluxPacketTunnelProbe')
    cd /Users/iv/Developer/relux-tunnel/Probes/macOSPacketTunnelProbe
    builtin-infoPlistUtility /Users/iv/Developer/relux-tunnel/Probes/macOSPacketTunnelProbe/Provider/Info.plist -producttype com.apple.product-type.app-extension -expandbuildsettings -platform macosx -o /Users/iv/Developer/relux-tunnel/Probes/macOSPacketTunnelProbe/.build/Intermediates.noindex/ArchiveIntermediates/ReluxPacketTunnelProbe/IntermediateBuildFilesPath/UninstalledProducts/macosx/ReluxPacketTunnelProbeProvider.appex/Contents/Info.plist

SwiftDriver ReluxPacketTunnelProbeProvider normal arm64 com.apple.xcode.tools.swift.compiler (in target 'ReluxPacketTunnelProbeProvider' from project 'ReluxPacketTunnelProbe')
    cd /Users/iv/Developer/relux-tunnel/Probes/macOSPacketTunnelProbe
    builtin-SwiftDriver -- /Applications/Xcode_26_5.app/Contents/Developer/Toolchains/XcodeDefault.xctoolchain/usr/bin/swiftc -module-name ReluxPacketTunnelProbeProvider -Onone @/Users/iv/Developer/relux-tunnel/Probes/macOSPacketTunnelProbe/.build/Intermediates.noindex/ArchiveIntermediates/ReluxPacketTunnelProbe/IntermediateBuildFilesPath/ReluxPacketTunnelProbe.build/Debug/ReluxPacketTunnelProbeProvider.build/Objects-normal/arm64/ReluxPacketTunnelProbeProvider.SwiftFileList -DDEBUG -enable-experimental-feature DebugDescriptionMacro -sdk /Applications/Xcode_26_5.app/Contents/Developer/Platforms/MacOSX.platform/Developer/SDKs/MacOSX26.5.sdk -target arm64-apple-macos14.0 -g -module-cache-path /Users/iv/Developer/relux-tunnel/.temp/TASK-260715-1r0fxv/DerivedData/ModuleCache.noindex -Xfrontend -serialize-debugging-options -application-extension -enable-testing -Xcc -D_LIBCPP_HARDENING_MODE\=_LIBCPP_HARDENING_MODE_DEBUG -swift-version 6 -I /Users/iv/Developer/relux-tunnel/Probes/macOSPacketTunnelProbe/.build/Intermediates.noindex/ArchiveIntermediates/ReluxPacketTunnelProbe/BuildProductsPath/Debug -F /Users/iv/Developer/relux-tunnel/Probes/macOSPacketTunnelProbe/.build/Intermediates.noindex/ArchiveIntermediates/ReluxPacketTunnelProbe/BuildProductsPath/Debug -c -j16 -enable-batch-mode -incremental -Xcc -ivfsstatcache -Xcc /Users/iv/Developer/relux-tunnel/.temp/TASK-260715-1r0fxv/DerivedData/SDKStatCaches.noindex/macosx26.5-25F70-688ef53f1462e2c8f657fdc38a81448fb64f947cdd770e773f3848253724d71e.sdkstatcache -output-file-map /Users/iv/Developer/relux-tunnel/Probes/macOSPacketTunnelProbe/.build/Intermediates.noindex/ArchiveIntermediates/ReluxPacketTunnelProbe/IntermediateBuildFilesPath/ReluxPacketTunnelProbe.build/Debug/ReluxPacketTunnelProbeProvider.build/Objects-normal/arm64/ReluxPacketTunnelProbeProvider-OutputFileMap.json -use-frontend-parseable-output -save-temps -no-color-diagnostics -explicit-module-build -module-cache-path /Users/iv/Developer/relux-tunnel/Probes/macOSPacketTunnelProbe/.build/Intermediates.noindex/ArchiveIntermediates/ReluxPacketTunnelProbe/IntermediateBuildFilesPath/SwiftExplicitPrecompiledModules -clang-scanner-module-cache-path /Users/iv/Developer/relux-tunnel/.temp/TASK-260715-1r0fxv/DerivedData/ModuleCache.noindex -sdk-module-cache-path /Users/iv/Developer/relux-tunnel/.temp/TASK-260715-1r0fxv/DerivedData/ModuleCache.noindex -serialize-diagnostics -emit-dependencies -emit-module -emit-module-path /Users/iv/Developer/relux-tunnel/Probes/macOSPacketTunnelProbe/.build/Intermediates.noindex/ArchiveIntermediates/ReluxPacketTunnelProbe/IntermediateBuildFilesPath/ReluxPacketTunnelProbe.build/Debug/ReluxPacketTunnelProbeProvider.build/Objects-normal/arm64/ReluxPacketTunnelProbeProvider.swiftmodule -validate-clang-modules-once -clang-build-session-file /Users/iv/Developer/relux-tunnel/.temp/TASK-260715-1r0fxv/DerivedData/ModuleCache.noindex/Session.modulevalidation -Xcc -I/Users/iv/Developer/relux-tunnel/Probes/macOSPacketTunnelProbe/.build/Intermediates.noindex/ArchiveIntermediates/ReluxPacketTunnelProbe/IntermediateBuildFilesPath/ReluxPacketTunnelProbe.build/Debug/ReluxPacketTunnelProbeProvider.build/swift-overrides.hmap -emit-const-values -Xfrontend -const-gather-protocols-file -Xfrontend /Users/iv/Developer/relux-tunnel/Probes/macOSPacketTunnelProbe/.build/Intermediates.noindex/ArchiveIntermediates/ReluxPacketTunnelProbe/IntermediateBuildFilesPath/ReluxPacketTunnelProbe.build/Debug/ReluxPacketTunnelProbeProvider.build/Objects-normal/arm64/ReluxPacketTunnelProbeProvider_const_extract_protocols.json -Xcc -iquote -Xcc /Users/iv/Developer/relux-tunnel/Probes/macOSPacketTunnelProbe/.build/Intermediates.noindex/ArchiveIntermediates/ReluxPacketTunnelProbe/IntermediateBuildFilesPath/ReluxPacketTunnelProbe.build/Debug/ReluxPacketTunnelProbeProvider.build/ReluxPacketTunnelProbeProvider-generated-files.hmap -Xcc -I/Users/iv/Developer/relux-tunnel/Probes/macOSPacketTunnelProbe/.build/Intermediates.noindex/ArchiveIntermediates/ReluxPacketTunnelProbe/IntermediateBuildFilesPath/ReluxPacketTunnelProbe.build/Debug/ReluxPacketTunnelProbeProvider.build/ReluxPacketTunnelProbeProvider-own-target-headers.hmap -Xcc -I/Users/iv/Developer/relux-tunnel/Probes/macOSPacketTunnelProbe/.build/Intermediates.noindex/ArchiveIntermediates/ReluxPacketTunnelProbe/IntermediateBuildFilesPath/ReluxPacketTunnelProbe.build/Debug/ReluxPacketTunnelProbeProvider.build/ReluxPacketTunnelProbeProvider-all-target-headers.hmap -Xcc -iquote -Xcc /Users/iv/Developer/relux-tunnel/Probes/macOSPacketTunnelProbe/.build/Intermediates.noindex/ArchiveIntermediates/ReluxPacketTunnelProbe/IntermediateBuildFilesPath/ReluxPacketTunnelProbe.build/Debug/ReluxPacketTunnelProbeProvider.build/ReluxPacketTunnelProbeProvider-project-headers.hmap -Xcc -I/Users/iv/Developer/relux-tunnel/Probes/macOSPacketTunnelProbe/.build/Intermediates.noindex/ArchiveIntermediates/ReluxPacketTunnelProbe/BuildProductsPath/Debug/include -Xcc -I/Users/iv/Developer/relux-tunnel/Probes/macOSPacketTunnelProbe/.build/Intermediates.noindex/ArchiveIntermediates/ReluxPacketTunnelProbe/IntermediateBuildFilesPath/ReluxPacketTunnelProbe.build/Debug/ReluxPacketTunnelProbeProvider.build/DerivedSources-normal/arm64 -Xcc -I/Users/iv/Developer/relux-tunnel/Probes/macOSPacketTunnelProbe/.build/Intermediates.noindex/ArchiveIntermediates/ReluxPacketTunnelProbe/IntermediateBuildFilesPath/ReluxPacketTunnelProbe.build/Debug/ReluxPacketTunnelProbeProvider.build/DerivedSources/arm64 -Xcc -I/Users/iv/Developer/relux-tunnel/Probes/macOSPacketTunnelProbe/.build/Intermediates.noindex/ArchiveIntermediates/ReluxPacketTunnelProbe/IntermediateBuildFilesPath/ReluxPacketTunnelProbe.build/Debug/ReluxPacketTunnelProbeProvider.build/DerivedSources -Xcc -DDEBUG\=1 -emit-objc-header -emit-objc-header-path /Users/iv/Developer/relux-tunnel/Probes/macOSPacketTunnelProbe/.build/Intermediates.noindex/ArchiveIntermediates/ReluxPacketTunnelProbe/IntermediateBuildFilesPath/ReluxPacketTunnelProbe.build/Debug/ReluxPacketTunnelProbeProvider.build/Objects-normal/arm64/ReluxPacketTunnelProbeProvider-Swift.h -working-directory /Users/iv/Developer/relux-tunnel/Probes/macOSPacketTunnelProbe -experimental-emit-module-separately -disable-cmo

SwiftCompile normal arm64 Compiling\ ProbeContract.swift /Users/iv/Developer/relux-tunnel/Probes/macOSPacketTunnelProbe/Shared/ProbeContract.swift (in target 'ReluxPacketTunnelProbeProvider' from project 'ReluxPacketTunnelProbe')

SwiftCompile normal arm64 /Users/iv/Developer/relux-tunnel/Probes/macOSPacketTunnelProbe/Shared/ProbeContract.swift (in target 'ReluxPacketTunnelProbeProvider' from project 'ReluxPacketTunnelProbe')
    cd /Users/iv/Developer/relux-tunnel/Probes/macOSPacketTunnelProbe
    

SwiftCompile normal arm64 Compiling\ PacketTunnelProvider.swift /Users/iv/Developer/relux-tunnel/Probes/macOSPacketTunnelProbe/Provider/PacketTunnelProvider.swift (in target 'ReluxPacketTunnelProbeProvider' from project 'ReluxPacketTunnelProbe')

SwiftCompile normal arm64 /Users/iv/Developer/relux-tunnel/Probes/macOSPacketTunnelProbe/Provider/PacketTunnelProvider.swift (in target 'ReluxPacketTunnelProbeProvider' from project 'ReluxPacketTunnelProbe')
    cd /Users/iv/Developer/relux-tunnel/Probes/macOSPacketTunnelProbe
    

SwiftEmitModule normal arm64 Emitting\ module\ for\ ReluxPacketTunnelProbeProvider (in target 'ReluxPacketTunnelProbeProvider' from project 'ReluxPacketTunnelProbe')

EmitSwiftModule normal arm64 (in target 'ReluxPacketTunnelProbeProvider' from project 'ReluxPacketTunnelProbe')
    cd /Users/iv/Developer/relux-tunnel/Probes/macOSPacketTunnelProbe
    

SwiftDriverJobDiscovery normal arm64 Emitting module for ReluxPacketTunnelProbeProvider (in target 'ReluxPacketTunnelProbeProvider' from project 'ReluxPacketTunnelProbe')

SwiftDriver\ Compilation\ Requirements ReluxPacketTunnelProbeProvider normal arm64 com.apple.xcode.tools.swift.compiler (in target 'ReluxPacketTunnelProbeProvider' from project 'ReluxPacketTunnelProbe')
    cd /Users/iv/Developer/relux-tunnel/Probes/macOSPacketTunnelProbe
    builtin-Swift-Compilation-Requirements -- /Applications/Xcode_26_5.app/Contents/Developer/Toolchains/XcodeDefault.xctoolchain/usr/bin/swiftc -module-name ReluxPacketTunnelProbeProvider -Onone @/Users/iv/Developer/relux-tunnel/Probes/macOSPacketTunnelProbe/.build/Intermediates.noindex/ArchiveIntermediates/ReluxPacketTunnelProbe/IntermediateBuildFilesPath/ReluxPacketTunnelProbe.build/Debug/ReluxPacketTunnelProbeProvider.build/Objects-normal/arm64/ReluxPacketTunnelProbeProvider.SwiftFileList -DDEBUG -enable-experimental-feature DebugDescriptionMacro -sdk /Applications/Xcode_26_5.app/Contents/Developer/Platforms/MacOSX.platform/Developer/SDKs/MacOSX26.5.sdk -target arm64-apple-macos14.0 -g -module-cache-path /Users/iv/Developer/relux-tunnel/.temp/TASK-260715-1r0fxv/DerivedData/ModuleCache.noindex -Xfrontend -serialize-debugging-options -application-extension -enable-testing -Xcc -D_LIBCPP_HARDENING_MODE\=_LIBCPP_HARDENING_MODE_DEBUG -swift-version 6 -I /Users/iv/Developer/relux-tunnel/Probes/macOSPacketTunnelProbe/.build/Intermediates.noindex/ArchiveIntermediates/ReluxPacketTunnelProbe/BuildProductsPath/Debug -F /Users/iv/Developer/relux-tunnel/Probes/macOSPacketTunnelProbe/.build/Intermediates.noindex/ArchiveIntermediates/ReluxPacketTunnelProbe/BuildProductsPath/Debug -c -j16 -enable-batch-mode -incremental -Xcc -ivfsstatcache -Xcc /Users/iv/Developer/relux-tunnel/.temp/TASK-260715-1r0fxv/DerivedData/SDKStatCaches.noindex/macosx26.5-25F70-688ef53f1462e2c8f657fdc38a81448fb64f947cdd770e773f3848253724d71e.sdkstatcache -output-file-map /Users/iv/Developer/relux-tunnel/Probes/macOSPacketTunnelProbe/.build/Intermediates.noindex/ArchiveIntermediates/ReluxPacketTunnelProbe/IntermediateBuildFilesPath/ReluxPacketTunnelProbe.build/Debug/ReluxPacketTunnelProbeProvider.build/Objects-normal/arm64/ReluxPacketTunnelProbeProvider-OutputFileMap.json -use-frontend-parseable-output -save-temps -no-color-diagnostics -explicit-module-build -module-cache-path /Users/iv/Developer/relux-tunnel/Probes/macOSPacketTunnelProbe/.build/Intermediates.noindex/ArchiveIntermediates/ReluxPacketTunnelProbe/IntermediateBuildFilesPath/SwiftExplicitPrecompiledModules -clang-scanner-module-cache-path /Users/iv/Developer/relux-tunnel/.temp/TASK-260715-1r0fxv/DerivedData/ModuleCache.noindex -sdk-module-cache-path /Users/iv/Developer/relux-tunnel/.temp/TASK-260715-1r0fxv/DerivedData/ModuleCache.noindex -serialize-diagnostics -emit-dependencies -emit-module -emit-module-path /Users/iv/Developer/relux-tunnel/Probes/macOSPacketTunnelProbe/.build/Intermediates.noindex/ArchiveIntermediates/ReluxPacketTunnelProbe/IntermediateBuildFilesPath/ReluxPacketTunnelProbe.build/Debug/ReluxPacketTunnelProbeProvider.build/Objects-normal/arm64/ReluxPacketTunnelProbeProvider.swiftmodule -validate-clang-modules-once -clang-build-session-file /Users/iv/Developer/relux-tunnel/.temp/TASK-260715-1r0fxv/DerivedData/ModuleCache.noindex/Session.modulevalidation -Xcc -I/Users/iv/Developer/relux-tunnel/Probes/macOSPacketTunnelProbe/.build/Intermediates.noindex/ArchiveIntermediates/ReluxPacketTunnelProbe/IntermediateBuildFilesPath/ReluxPacketTunnelProbe.build/Debug/ReluxPacketTunnelProbeProvider.build/swift-overrides.hmap -emit-const-values -Xfrontend -const-gather-protocols-file -Xfrontend /Users/iv/Developer/relux-tunnel/Probes/macOSPacketTunnelProbe/.build/Intermediates.noindex/ArchiveIntermediates/ReluxPacketTunnelProbe/IntermediateBuildFilesPath/ReluxPacketTunnelProbe.build/Debug/ReluxPacketTunnelProbeProvider.build/Objects-normal/arm64/ReluxPacketTunnelProbeProvider_const_extract_protocols.json -Xcc -iquote -Xcc /Users/iv/Developer/relux-tunnel/Probes/macOSPacketTunnelProbe/.build/Intermediates.noindex/ArchiveIntermediates/ReluxPacketTunnelProbe/IntermediateBuildFilesPath/ReluxPacketTunnelProbe.build/Debug/ReluxPacketTunnelProbeProvider.build/ReluxPacketTunnelProbeProvider-generated-files.hmap -Xcc -I/Users/iv/Developer/relux-tunnel/Probes/macOSPacketTunnelProbe/.build/Intermediates.noindex/ArchiveIntermediates/ReluxPacketTunnelProbe/IntermediateBuildFilesPath/ReluxPacketTunnelProbe.build/Debug/ReluxPacketTunnelProbeProvider.build/ReluxPacketTunnelProbeProvider-own-target-headers.hmap -Xcc -I/Users/iv/Developer/relux-tunnel/Probes/macOSPacketTunnelProbe/.build/Intermediates.noindex/ArchiveIntermediates/ReluxPacketTunnelProbe/IntermediateBuildFilesPath/ReluxPacketTunnelProbe.build/Debug/ReluxPacketTunnelProbeProvider.build/ReluxPacketTunnelProbeProvider-all-target-headers.hmap -Xcc -iquote -Xcc /Users/iv/Developer/relux-tunnel/Probes/macOSPacketTunnelProbe/.build/Intermediates.noindex/ArchiveIntermediates/ReluxPacketTunnelProbe/IntermediateBuildFilesPath/ReluxPacketTunnelProbe.build/Debug/ReluxPacketTunnelProbeProvider.build/ReluxPacketTunnelProbeProvider-project-headers.hmap -Xcc -I/Users/iv/Developer/relux-tunnel/Probes/macOSPacketTunnelProbe/.build/Intermediates.noindex/ArchiveIntermediates/ReluxPacketTunnelProbe/BuildProductsPath/Debug/include -Xcc -I/Users/iv/Developer/relux-tunnel/Probes/macOSPacketTunnelProbe/.build/Intermediates.noindex/ArchiveIntermediates/ReluxPacketTunnelProbe/IntermediateBuildFilesPath/ReluxPacketTunnelProbe.build/Debug/ReluxPacketTunnelProbeProvider.build/DerivedSources-normal/arm64 -Xcc -I/Users/iv/Developer/relux-tunnel/Probes/macOSPacketTunnelProbe/.build/Intermediates.noindex/ArchiveIntermediates/ReluxPacketTunnelProbe/IntermediateBuildFilesPath/ReluxPacketTunnelProbe.build/Debug/ReluxPacketTunnelProbeProvider.build/DerivedSources/arm64 -Xcc -I/Users/iv/Developer/relux-tunnel/Probes/macOSPacketTunnelProbe/.build/Intermediates.noindex/ArchiveIntermediates/ReluxPacketTunnelProbe/IntermediateBuildFilesPath/ReluxPacketTunnelProbe.build/Debug/ReluxPacketTunnelProbeProvider.build/DerivedSources -Xcc -DDEBUG\=1 -emit-objc-header -emit-objc-header-path /Users/iv/Developer/relux-tunnel/Probes/macOSPacketTunnelProbe/.build/Intermediates.noindex/ArchiveIntermediates/ReluxPacketTunnelProbe/IntermediateBuildFilesPath/ReluxPacketTunnelProbe.build/Debug/ReluxPacketTunnelProbeProvider.build/Objects-normal/arm64/ReluxPacketTunnelProbeProvider-Swift.h -working-directory /Users/iv/Developer/relux-tunnel/Probes/macOSPacketTunnelProbe -experimental-emit-module-separately -disable-cmo

SwiftMergeGeneratedHeaders /Users/iv/Developer/relux-tunnel/Probes/macOSPacketTunnelProbe/.build/Intermediates.noindex/ArchiveIntermediates/ReluxPacketTunnelProbe/IntermediateBuildFilesPath/ReluxPacketTunnelProbe.build/Debug/ReluxPacketTunnelProbeProvider.build/DerivedSources/ReluxPacketTunnelProbeProvider-Swift.h /Users/iv/Developer/relux-tunnel/Probes/macOSPacketTunnelProbe/.build/Intermediates.noindex/ArchiveIntermediates/ReluxPacketTunnelProbe/IntermediateBuildFilesPath/ReluxPacketTunnelProbe.build/Debug/ReluxPacketTunnelProbeProvider.build/Objects-normal/arm64/ReluxPacketTunnelProbeProvider-Swift.h (in target 'ReluxPacketTunnelProbeProvider' from project 'ReluxPacketTunnelProbe')
    cd /Users/iv/Developer/relux-tunnel/Probes/macOSPacketTunnelProbe
    builtin-swiftHeaderTool -arch arm64 /Users/iv/Developer/relux-tunnel/Probes/macOSPacketTunnelProbe/.build/Intermediates.noindex/ArchiveIntermediates/ReluxPacketTunnelProbe/IntermediateBuildFilesPath/ReluxPacketTunnelProbe.build/Debug/ReluxPacketTunnelProbeProvider.build/Objects-normal/arm64/ReluxPacketTunnelProbeProvider-Swift.h -o /Users/iv/Developer/relux-tunnel/Probes/macOSPacketTunnelProbe/.build/Intermediates.noindex/ArchiveIntermediates/ReluxPacketTunnelProbe/IntermediateBuildFilesPath/ReluxPacketTunnelProbe.build/Debug/ReluxPacketTunnelProbeProvider.build/DerivedSources/ReluxPacketTunnelProbeProvider-Swift.h

Copy /Users/iv/Developer/relux-tunnel/Probes/macOSPacketTunnelProbe/.build/Intermediates.noindex/ArchiveIntermediates/ReluxPacketTunnelProbe/BuildProductsPath/Debug/ReluxPacketTunnelProbeProvider.swiftmodule/arm64-apple-macos.abi.json /Users/iv/Developer/relux-tunnel/Probes/macOSPacketTunnelProbe/.build/Intermediates.noindex/ArchiveIntermediates/ReluxPacketTunnelProbe/IntermediateBuildFilesPath/ReluxPacketTunnelProbe.build/Debug/ReluxPacketTunnelProbeProvider.build/Objects-normal/arm64/ReluxPacketTunnelProbeProvider.abi.json (in target 'ReluxPacketTunnelProbeProvider' from project 'ReluxPacketTunnelProbe')
    cd /Users/iv/Developer/relux-tunnel/Probes/macOSPacketTunnelProbe
    builtin-copy -exclude .DS_Store -exclude CVS -exclude .svn -exclude .git -exclude .hg -resolve-src-symlinks -rename /Users/iv/Developer/relux-tunnel/Probes/macOSPacketTunnelProbe/.build/Intermediates.noindex/ArchiveIntermediates/ReluxPacketTunnelProbe/IntermediateBuildFilesPath/ReluxPacketTunnelProbe.build/Debug/ReluxPacketTunnelProbeProvider.build/Objects-normal/arm64/ReluxPacketTunnelProbeProvider.abi.json /Users/iv/Developer/relux-tunnel/Probes/macOSPacketTunnelProbe/.build/Intermediates.noindex/ArchiveIntermediates/ReluxPacketTunnelProbe/BuildProductsPath/Debug/ReluxPacketTunnelProbeProvider.swiftmodule/arm64-apple-macos.abi.json

Copy /Users/iv/Developer/relux-tunnel/Probes/macOSPacketTunnelProbe/.build/Intermediates.noindex/ArchiveIntermediates/ReluxPacketTunnelProbe/BuildProductsPath/Debug/ReluxPacketTunnelProbeProvider.swiftmodule/arm64-apple-macos.swiftdoc /Users/iv/Developer/relux-tunnel/Probes/macOSPacketTunnelProbe/.build/Intermediates.noindex/ArchiveIntermediates/ReluxPacketTunnelProbe/IntermediateBuildFilesPath/ReluxPacketTunnelProbe.build/Debug/ReluxPacketTunnelProbeProvider.build/Objects-normal/arm64/ReluxPacketTunnelProbeProvider.swiftdoc (in target 'ReluxPacketTunnelProbeProvider' from project 'ReluxPacketTunnelProbe')
    cd /Users/iv/Developer/relux-tunnel/Probes/macOSPacketTunnelProbe
    builtin-copy -exclude .DS_Store -exclude CVS -exclude .svn -exclude .git -exclude .hg -resolve-src-symlinks -rename /Users/iv/Developer/relux-tunnel/Probes/macOSPacketTunnelProbe/.build/Intermediates.noindex/ArchiveIntermediates/ReluxPacketTunnelProbe/IntermediateBuildFilesPath/ReluxPacketTunnelProbe.build/Debug/ReluxPacketTunnelProbeProvider.build/Objects-normal/arm64/ReluxPacketTunnelProbeProvider.swiftdoc /Users/iv/Developer/relux-tunnel/Probes/macOSPacketTunnelProbe/.build/Intermediates.noindex/ArchiveIntermediates/ReluxPacketTunnelProbe/BuildProductsPath/Debug/ReluxPacketTunnelProbeProvider.swiftmodule/arm64-apple-macos.swiftdoc

Copy /Users/iv/Developer/relux-tunnel/Probes/macOSPacketTunnelProbe/.build/Intermediates.noindex/ArchiveIntermediates/ReluxPacketTunnelProbe/BuildProductsPath/Debug/ReluxPacketTunnelProbeProvider.swiftmodule/arm64-apple-macos.swiftmodule /Users/iv/Developer/relux-tunnel/Probes/macOSPacketTunnelProbe/.build/Intermediates.noindex/ArchiveIntermediates/ReluxPacketTunnelProbe/IntermediateBuildFilesPath/ReluxPacketTunnelProbe.build/Debug/ReluxPacketTunnelProbeProvider.build/Objects-normal/arm64/ReluxPacketTunnelProbeProvider.swiftmodule (in target 'ReluxPacketTunnelProbeProvider' from project 'ReluxPacketTunnelProbe')
    cd /Users/iv/Developer/relux-tunnel/Probes/macOSPacketTunnelProbe
    builtin-copy -exclude .DS_Store -exclude CVS -exclude .svn -exclude .git -exclude .hg -resolve-src-symlinks -rename /Users/iv/Developer/relux-tunnel/Probes/macOSPacketTunnelProbe/.build/Intermediates.noindex/ArchiveIntermediates/ReluxPacketTunnelProbe/IntermediateBuildFilesPath/ReluxPacketTunnelProbe.build/Debug/ReluxPacketTunnelProbeProvider.build/Objects-normal/arm64/ReluxPacketTunnelProbeProvider.swiftmodule /Users/iv/Developer/relux-tunnel/Probes/macOSPacketTunnelProbe/.build/Intermediates.noindex/ArchiveIntermediates/ReluxPacketTunnelProbe/BuildProductsPath/Debug/ReluxPacketTunnelProbeProvider.swiftmodule/arm64-apple-macos.swiftmodule

ProcessProductPackaging /Users/iv/Developer/relux-tunnel/Probes/macOSPacketTunnelProbe/Config/Host.entitlements /Users/iv/Developer/relux-tunnel/Probes/macOSPacketTunnelProbe/.build/Intermediates.noindex/ArchiveIntermediates/ReluxPacketTunnelProbe/IntermediateBuildFilesPath/ReluxPacketTunnelProbe.build/Debug/ReluxPacketTunnelProbe.build/ReluxPacketTunnelProbe.app.xcent (in target 'ReluxPacketTunnelProbe' from project 'ReluxPacketTunnelProbe')
    cd /Users/iv/Developer/relux-tunnel/Probes/macOSPacketTunnelProbe
    
    Entitlements:
    
    {
    "com.apple.application-identifier" = "262RZ595FP.works.relux.tunnel.probe.mac";
    "com.apple.developer.networking.networkextension" =     (
        "packet-tunnel-provider"
    );
    "com.apple.developer.team-identifier" = 262RZ595FP;
}
    
    builtin-productPackagingUtility /Users/iv/Developer/relux-tunnel/Probes/macOSPacketTunnelProbe/Config/Host.entitlements -entitlements -format xml -o /Users/iv/Developer/relux-tunnel/Probes/macOSPacketTunnelProbe/.build/Intermediates.noindex/ArchiveIntermediates/ReluxPacketTunnelProbe/IntermediateBuildFilesPath/ReluxPacketTunnelProbe.build/Debug/ReluxPacketTunnelProbe.build/ReluxPacketTunnelProbe.app.xcent

ProcessProductPackaging /Users/iv/Library/Developer/Xcode/UserData/Provisioning\ Profiles/c0a3cd4e-77c8-475e-98e0-6deec8269810.provisionprofile /Users/iv/Developer/relux-tunnel/Probes/macOSPacketTunnelProbe/.build/Intermediates.noindex/ArchiveIntermediates/ReluxPacketTunnelProbe/InstallationBuildProductsLocation/Applications/ReluxPacketTunnelProbe.app/Contents/embedded.provisionprofile (in target 'ReluxPacketTunnelProbe' from project 'ReluxPacketTunnelProbe')
    cd /Users/iv/Developer/relux-tunnel/Probes/macOSPacketTunnelProbe
    builtin-productPackagingUtility /Users/iv/Library/Developer/Xcode/UserData/Provisioning\ Profiles/c0a3cd4e-77c8-475e-98e0-6deec8269810.provisionprofile -o /Users/iv/Developer/relux-tunnel/Probes/macOSPacketTunnelProbe/.build/Intermediates.noindex/ArchiveIntermediates/ReluxPacketTunnelProbe/InstallationBuildProductsLocation/Applications/ReluxPacketTunnelProbe.app/Contents/embedded.provisionprofile

ProcessProductPackagingDER /Users/iv/Developer/relux-tunnel/Probes/macOSPacketTunnelProbe/.build/Intermediates.noindex/ArchiveIntermediates/ReluxPacketTunnelProbe/IntermediateBuildFilesPath/ReluxPacketTunnelProbe.build/Debug/ReluxPacketTunnelProbe.build/ReluxPacketTunnelProbe.app.xcent /Users/iv/Developer/relux-tunnel/Probes/macOSPacketTunnelProbe/.build/Intermediates.noindex/ArchiveIntermediates/ReluxPacketTunnelProbe/IntermediateBuildFilesPath/ReluxPacketTunnelProbe.build/Debug/ReluxPacketTunnelProbe.build/ReluxPacketTunnelProbe.app.xcent.der (in target 'ReluxPacketTunnelProbe' from project 'ReluxPacketTunnelProbe')
    cd /Users/iv/Developer/relux-tunnel/Probes/macOSPacketTunnelProbe
    /usr/bin/derq query -f xml -i /Users/iv/Developer/relux-tunnel/Probes/macOSPacketTunnelProbe/.build/Intermediates.noindex/ArchiveIntermediates/ReluxPacketTunnelProbe/IntermediateBuildFilesPath/ReluxPacketTunnelProbe.build/Debug/ReluxPacketTunnelProbe.build/ReluxPacketTunnelProbe.app.xcent -o /Users/iv/Developer/relux-tunnel/Probes/macOSPacketTunnelProbe/.build/Intermediates.noindex/ArchiveIntermediates/ReluxPacketTunnelProbe/IntermediateBuildFilesPath/ReluxPacketTunnelProbe.build/Debug/ReluxPacketTunnelProbe.build/ReluxPacketTunnelProbe.app.xcent.der --raw

SwiftDriver ReluxPacketTunnelProbe normal arm64 com.apple.xcode.tools.swift.compiler (in target 'ReluxPacketTunnelProbe' from project 'ReluxPacketTunnelProbe')
    cd /Users/iv/Developer/relux-tunnel/Probes/macOSPacketTunnelProbe
    builtin-SwiftDriver -- /Applications/Xcode_26_5.app/Contents/Developer/Toolchains/XcodeDefault.xctoolchain/usr/bin/swiftc -module-name ReluxPacketTunnelProbe -Onone @/Users/iv/Developer/relux-tunnel/Probes/macOSPacketTunnelProbe/.build/Intermediates.noindex/ArchiveIntermediates/ReluxPacketTunnelProbe/IntermediateBuildFilesPath/ReluxPacketTunnelProbe.build/Debug/ReluxPacketTunnelProbe.build/Objects-normal/arm64/ReluxPacketTunnelProbe.SwiftFileList -DDEBUG -enable-experimental-feature DebugDescriptionMacro -sdk /Applications/Xcode_26_5.app/Contents/Developer/Platforms/MacOSX.platform/Developer/SDKs/MacOSX26.5.sdk -target arm64-apple-macos14.0 -g -module-cache-path /Users/iv/Developer/relux-tunnel/.temp/TASK-260715-1r0fxv/DerivedData/ModuleCache.noindex -Xfrontend -serialize-debugging-options -enable-testing -Xcc -D_LIBCPP_HARDENING_MODE\=_LIBCPP_HARDENING_MODE_DEBUG -swift-version 6 -I /Users/iv/Developer/relux-tunnel/Probes/macOSPacketTunnelProbe/.build/Intermediates.noindex/ArchiveIntermediates/ReluxPacketTunnelProbe/BuildProductsPath/Debug -F /Users/iv/Developer/relux-tunnel/Probes/macOSPacketTunnelProbe/.build/Intermediates.noindex/ArchiveIntermediates/ReluxPacketTunnelProbe/BuildProductsPath/Debug -c -j16 -enable-batch-mode -incremental -Xcc -ivfsstatcache -Xcc /Users/iv/Developer/relux-tunnel/.temp/TASK-260715-1r0fxv/DerivedData/SDKStatCaches.noindex/macosx26.5-25F70-688ef53f1462e2c8f657fdc38a81448fb64f947cdd770e773f3848253724d71e.sdkstatcache -output-file-map /Users/iv/Developer/relux-tunnel/Probes/macOSPacketTunnelProbe/.build/Intermediates.noindex/ArchiveIntermediates/ReluxPacketTunnelProbe/IntermediateBuildFilesPath/ReluxPacketTunnelProbe.build/Debug/ReluxPacketTunnelProbe.build/Objects-normal/arm64/ReluxPacketTunnelProbe-OutputFileMap.json -use-frontend-parseable-output -save-temps -no-color-diagnostics -explicit-module-build -module-cache-path /Users/iv/Developer/relux-tunnel/Probes/macOSPacketTunnelProbe/.build/Intermediates.noindex/ArchiveIntermediates/ReluxPacketTunnelProbe/IntermediateBuildFilesPath/SwiftExplicitPrecompiledModules -clang-scanner-module-cache-path /Users/iv/Developer/relux-tunnel/.temp/TASK-260715-1r0fxv/DerivedData/ModuleCache.noindex -sdk-module-cache-path /Users/iv/Developer/relux-tunnel/.temp/TASK-260715-1r0fxv/DerivedData/ModuleCache.noindex -serialize-diagnostics -emit-dependencies -emit-module -emit-module-path /Users/iv/Developer/relux-tunnel/Probes/macOSPacketTunnelProbe/.build/Intermediates.noindex/ArchiveIntermediates/ReluxPacketTunnelProbe/IntermediateBuildFilesPath/ReluxPacketTunnelProbe.build/Debug/ReluxPacketTunnelProbe.build/Objects-normal/arm64/ReluxPacketTunnelProbe.swiftmodule -validate-clang-modules-once -clang-build-session-file /Users/iv/Developer/relux-tunnel/.temp/TASK-260715-1r0fxv/DerivedData/ModuleCache.noindex/Session.modulevalidation -Xcc -I/Users/iv/Developer/relux-tunnel/Probes/macOSPacketTunnelProbe/.build/Intermediates.noindex/ArchiveIntermediates/ReluxPacketTunnelProbe/IntermediateBuildFilesPath/ReluxPacketTunnelProbe.build/Debug/ReluxPacketTunnelProbe.build/swift-overrides.hmap -emit-const-values -Xfrontend -const-gather-protocols-file -Xfrontend /Users/iv/Developer/relux-tunnel/Probes/macOSPacketTunnelProbe/.build/Intermediates.noindex/ArchiveIntermediates/ReluxPacketTunnelProbe/IntermediateBuildFilesPath/ReluxPacketTunnelProbe.build/Debug/ReluxPacketTunnelProbe.build/Objects-normal/arm64/ReluxPacketTunnelProbe_const_extract_protocols.json -Xcc -iquote -Xcc /Users/iv/Developer/relux-tunnel/Probes/macOSPacketTunnelProbe/.build/Intermediates.noindex/ArchiveIntermediates/ReluxPacketTunnelProbe/IntermediateBuildFilesPath/ReluxPacketTunnelProbe.build/Debug/ReluxPacketTunnelProbe.build/ReluxPacketTunnelProbe-generated-files.hmap -Xcc -I/Users/iv/Developer/relux-tunnel/Probes/macOSPacketTunnelProbe/.build/Intermediates.noindex/ArchiveIntermediates/ReluxPacketTunnelProbe/IntermediateBuildFilesPath/ReluxPacketTunnelProbe.build/Debug/ReluxPacketTunnelProbe.build/ReluxPacketTunnelProbe-own-target-headers.hmap -Xcc -I/Users/iv/Developer/relux-tunnel/Probes/macOSPacketTunnelProbe/.build/Intermediates.noindex/ArchiveIntermediates/ReluxPacketTunnelProbe/IntermediateBuildFilesPath/ReluxPacketTunnelProbe.build/Debug/ReluxPacketTunnelProbe.build/ReluxPacketTunnelProbe-all-target-headers.hmap -Xcc -iquote -Xcc /Users/iv/Developer/relux-tunnel/Probes/macOSPacketTunnelProbe/.build/Intermediates.noindex/ArchiveIntermediates/ReluxPacketTunnelProbe/IntermediateBuildFilesPath/ReluxPacketTunnelProbe.build/Debug/ReluxPacketTunnelProbe.build/ReluxPacketTunnelProbe-project-headers.hmap -Xcc -I/Users/iv/Developer/relux-tunnel/Probes/macOSPacketTunnelProbe/.build/Intermediates.noindex/ArchiveIntermediates/ReluxPacketTunnelProbe/BuildProductsPath/Debug/include -Xcc -I/Users/iv/Developer/relux-tunnel/Probes/macOSPacketTunnelProbe/.build/Intermediates.noindex/ArchiveIntermediates/ReluxPacketTunnelProbe/IntermediateBuildFilesPath/ReluxPacketTunnelProbe.build/Debug/ReluxPacketTunnelProbe.build/DerivedSources-normal/arm64 -Xcc -I/Users/iv/Developer/relux-tunnel/Probes/macOSPacketTunnelProbe/.build/Intermediates.noindex/ArchiveIntermediates/ReluxPacketTunnelProbe/IntermediateBuildFilesPath/ReluxPacketTunnelProbe.build/Debug/ReluxPacketTunnelProbe.build/DerivedSources/arm64 -Xcc -I/Users/iv/Developer/relux-tunnel/Probes/macOSPacketTunnelProbe/.build/Intermediates.noindex/ArchiveIntermediates/ReluxPacketTunnelProbe/IntermediateBuildFilesPath/ReluxPacketTunnelProbe.build/Debug/ReluxPacketTunnelProbe.build/DerivedSources -Xcc -DDEBUG\=1 -emit-objc-header -emit-objc-header-path /Users/iv/Developer/relux-tunnel/Probes/macOSPacketTunnelProbe/.build/Intermediates.noindex/ArchiveIntermediates/ReluxPacketTunnelProbe/IntermediateBuildFilesPath/ReluxPacketTunnelProbe.build/Debug/ReluxPacketTunnelProbe.build/Objects-normal/arm64/ReluxPacketTunnelProbe-Swift.h -working-directory /Users/iv/Developer/relux-tunnel/Probes/macOSPacketTunnelProbe -experimental-emit-module-separately -disable-cmo

SwiftDriverJobDiscovery normal arm64 Compiling PacketTunnelProvider.swift (in target 'ReluxPacketTunnelProbeProvider' from project 'ReluxPacketTunnelProbe')

SwiftDriverJobDiscovery normal arm64 Compiling ProbeContract.swift (in target 'ReluxPacketTunnelProbeProvider' from project 'ReluxPacketTunnelProbe')

SwiftDriver\ Compilation ReluxPacketTunnelProbeProvider normal arm64 com.apple.xcode.tools.swift.compiler (in target 'ReluxPacketTunnelProbeProvider' from project 'ReluxPacketTunnelProbe')
    cd /Users/iv/Developer/relux-tunnel/Probes/macOSPacketTunnelProbe
    builtin-Swift-Compilation -- /Applications/Xcode_26_5.app/Contents/Developer/Toolchains/XcodeDefault.xctoolchain/usr/bin/swiftc -module-name ReluxPacketTunnelProbeProvider -Onone @/Users/iv/Developer/relux-tunnel/Probes/macOSPacketTunnelProbe/.build/Intermediates.noindex/ArchiveIntermediates/ReluxPacketTunnelProbe/IntermediateBuildFilesPath/ReluxPacketTunnelProbe.build/Debug/ReluxPacketTunnelProbeProvider.build/Objects-normal/arm64/ReluxPacketTunnelProbeProvider.SwiftFileList -DDEBUG -enable-experimental-feature DebugDescriptionMacro -sdk /Applications/Xcode_26_5.app/Contents/Developer/Platforms/MacOSX.platform/Developer/SDKs/MacOSX26.5.sdk -target arm64-apple-macos14.0 -g -module-cache-path /Users/iv/Developer/relux-tunnel/.temp/TASK-260715-1r0fxv/DerivedData/ModuleCache.noindex -Xfrontend -serialize-debugging-options -application-extension -enable-testing -Xcc -D_LIBCPP_HARDENING_MODE\=_LIBCPP_HARDENING_MODE_DEBUG -swift-version 6 -I /Users/iv/Developer/relux-tunnel/Probes/macOSPacketTunnelProbe/.build/Intermediates.noindex/ArchiveIntermediates/ReluxPacketTunnelProbe/BuildProductsPath/Debug -F /Users/iv/Developer/relux-tunnel/Probes/macOSPacketTunnelProbe/.build/Intermediates.noindex/ArchiveIntermediates/ReluxPacketTunnelProbe/BuildProductsPath/Debug -c -j16 -enable-batch-mode -incremental -Xcc -ivfsstatcache -Xcc /Users/iv/Developer/relux-tunnel/.temp/TASK-260715-1r0fxv/DerivedData/SDKStatCaches.noindex/macosx26.5-25F70-688ef53f1462e2c8f657fdc38a81448fb64f947cdd770e773f3848253724d71e.sdkstatcache -output-file-map /Users/iv/Developer/relux-tunnel/Probes/macOSPacketTunnelProbe/.build/Intermediates.noindex/ArchiveIntermediates/ReluxPacketTunnelProbe/IntermediateBuildFilesPath/ReluxPacketTunnelProbe.build/Debug/ReluxPacketTunnelProbeProvider.build/Objects-normal/arm64/ReluxPacketTunnelProbeProvider-OutputFileMap.json -use-frontend-parseable-output -save-temps -no-color-diagnostics -explicit-module-build -module-cache-path /Users/iv/Developer/relux-tunnel/Probes/macOSPacketTunnelProbe/.build/Intermediates.noindex/ArchiveIntermediates/ReluxPacketTunnelProbe/IntermediateBuildFilesPath/SwiftExplicitPrecompiledModules -clang-scanner-module-cache-path /Users/iv/Developer/relux-tunnel/.temp/TASK-260715-1r0fxv/DerivedData/ModuleCache.noindex -sdk-module-cache-path /Users/iv/Developer/relux-tunnel/.temp/TASK-260715-1r0fxv/DerivedData/ModuleCache.noindex -serialize-diagnostics -emit-dependencies -emit-module -emit-module-path /Users/iv/Developer/relux-tunnel/Probes/macOSPacketTunnelProbe/.build/Intermediates.noindex/ArchiveIntermediates/ReluxPacketTunnelProbe/IntermediateBuildFilesPath/ReluxPacketTunnelProbe.build/Debug/ReluxPacketTunnelProbeProvider.build/Objects-normal/arm64/ReluxPacketTunnelProbeProvider.swiftmodule -validate-clang-modules-once -clang-build-session-file /Users/iv/Developer/relux-tunnel/.temp/TASK-260715-1r0fxv/DerivedData/ModuleCache.noindex/Session.modulevalidation -Xcc -I/Users/iv/Developer/relux-tunnel/Probes/macOSPacketTunnelProbe/.build/Intermediates.noindex/ArchiveIntermediates/ReluxPacketTunnelProbe/IntermediateBuildFilesPath/ReluxPacketTunnelProbe.build/Debug/ReluxPacketTunnelProbeProvider.build/swift-overrides.hmap -emit-const-values -Xfrontend -const-gather-protocols-file -Xfrontend /Users/iv/Developer/relux-tunnel/Probes/macOSPacketTunnelProbe/.build/Intermediates.noindex/ArchiveIntermediates/ReluxPacketTunnelProbe/IntermediateBuildFilesPath/ReluxPacketTunnelProbe.build/Debug/ReluxPacketTunnelProbeProvider.build/Objects-normal/arm64/ReluxPacketTunnelProbeProvider_const_extract_protocols.json -Xcc -iquote -Xcc /Users/iv/Developer/relux-tunnel/Probes/macOSPacketTunnelProbe/.build/Intermediates.noindex/ArchiveIntermediates/ReluxPacketTunnelProbe/IntermediateBuildFilesPath/ReluxPacketTunnelProbe.build/Debug/ReluxPacketTunnelProbeProvider.build/ReluxPacketTunnelProbeProvider-generated-files.hmap -Xcc -I/Users/iv/Developer/relux-tunnel/Probes/macOSPacketTunnelProbe/.build/Intermediates.noindex/ArchiveIntermediates/ReluxPacketTunnelProbe/IntermediateBuildFilesPath/ReluxPacketTunnelProbe.build/Debug/ReluxPacketTunnelProbeProvider.build/ReluxPacketTunnelProbeProvider-own-target-headers.hmap -Xcc -I/Users/iv/Developer/relux-tunnel/Probes/macOSPacketTunnelProbe/.build/Intermediates.noindex/ArchiveIntermediates/ReluxPacketTunnelProbe/IntermediateBuildFilesPath/ReluxPacketTunnelProbe.build/Debug/ReluxPacketTunnelProbeProvider.build/ReluxPacketTunnelProbeProvider-all-target-headers.hmap -Xcc -iquote -Xcc /Users/iv/Developer/relux-tunnel/Probes/macOSPacketTunnelProbe/.build/Intermediates.noindex/ArchiveIntermediates/ReluxPacketTunnelProbe/IntermediateBuildFilesPath/ReluxPacketTunnelProbe.build/Debug/ReluxPacketTunnelProbeProvider.build/ReluxPacketTunnelProbeProvider-project-headers.hmap -Xcc -I/Users/iv/Developer/relux-tunnel/Probes/macOSPacketTunnelProbe/.build/Intermediates.noindex/ArchiveIntermediates/ReluxPacketTunnelProbe/BuildProductsPath/Debug/include -Xcc -I/Users/iv/Developer/relux-tunnel/Probes/macOSPacketTunnelProbe/.build/Intermediates.noindex/ArchiveIntermediates/ReluxPacketTunnelProbe/IntermediateBuildFilesPath/ReluxPacketTunnelProbe.build/Debug/ReluxPacketTunnelProbeProvider.build/DerivedSources-normal/arm64 -Xcc -I/Users/iv/Developer/relux-tunnel/Probes/macOSPacketTunnelProbe/.build/Intermediates.noindex/ArchiveIntermediates/ReluxPacketTunnelProbe/IntermediateBuildFilesPath/ReluxPacketTunnelProbe.build/Debug/ReluxPacketTunnelProbeProvider.build/DerivedSources/arm64 -Xcc -I/Users/iv/Developer/relux-tunnel/Probes/macOSPacketTunnelProbe/.build/Intermediates.noindex/ArchiveIntermediates/ReluxPacketTunnelProbe/IntermediateBuildFilesPath/ReluxPacketTunnelProbe.build/Debug/ReluxPacketTunnelProbeProvider.build/DerivedSources -Xcc -DDEBUG\=1 -emit-objc-header -emit-objc-header-path /Users/iv/Developer/relux-tunnel/Probes/macOSPacketTunnelProbe/.build/Intermediates.noindex/ArchiveIntermediates/ReluxPacketTunnelProbe/IntermediateBuildFilesPath/ReluxPacketTunnelProbe.build/Debug/ReluxPacketTunnelProbeProvider.build/Objects-normal/arm64/ReluxPacketTunnelProbeProvider-Swift.h -working-directory /Users/iv/Developer/relux-tunnel/Probes/macOSPacketTunnelProbe -experimental-emit-module-separately -disable-cmo

Ld /Users/iv/Developer/relux-tunnel/Probes/macOSPacketTunnelProbe/.build/Intermediates.noindex/ArchiveIntermediates/ReluxPacketTunnelProbe/IntermediateBuildFilesPath/UninstalledProducts/macosx/ReluxPacketTunnelProbeProvider.appex/Contents/MacOS/ReluxPacketTunnelProbeProvider normal (in target 'ReluxPacketTunnelProbeProvider' from project 'ReluxPacketTunnelProbe')
    cd /Users/iv/Developer/relux-tunnel/Probes/macOSPacketTunnelProbe
    /Applications/Xcode_26_5.app/Contents/Developer/Toolchains/XcodeDefault.xctoolchain/usr/bin/clang -Xlinker -reproducible -target arm64-apple-macos14.0 -isysroot /Applications/Xcode_26_5.app/Contents/Developer/Platforms/MacOSX.platform/Developer/SDKs/MacOSX26.5.sdk -O0 -L/Users/iv/Developer/relux-tunnel/Probes/macOSPacketTunnelProbe/.build/Intermediates.noindex/ArchiveIntermediates/ReluxPacketTunnelProbe/IntermediateBuildFilesPath/EagerLinkingTBDs/Debug -L/Users/iv/Developer/relux-tunnel/Probes/macOSPacketTunnelProbe/.build/Intermediates.noindex/ArchiveIntermediates/ReluxPacketTunnelProbe/BuildProductsPath/Debug -F/Users/iv/Developer/relux-tunnel/Probes/macOSPacketTunnelProbe/.build/Intermediates.noindex/ArchiveIntermediates/ReluxPacketTunnelProbe/IntermediateBuildFilesPath/EagerLinkingTBDs/Debug -F/Users/iv/Developer/relux-tunnel/Probes/macOSPacketTunnelProbe/.build/Intermediates.noindex/ArchiveIntermediates/ReluxPacketTunnelProbe/BuildProductsPath/Debug -filelist /Users/iv/Developer/relux-tunnel/Probes/macOSPacketTunnelProbe/.build/Intermediates.noindex/ArchiveIntermediates/ReluxPacketTunnelProbe/IntermediateBuildFilesPath/ReluxPacketTunnelProbe.build/Debug/ReluxPacketTunnelProbeProvider.build/Objects-normal/arm64/ReluxPacketTunnelProbeProvider.LinkFileList -Xlinker -rpath -Xlinker /usr/lib/swift -Xlinker -rpath -Xlinker @executable_path/../Frameworks -Xlinker -rpath -Xlinker @executable_path/../../../../Frameworks -Xlinker -object_path_lto -Xlinker /Users/iv/Developer/relux-tunnel/Probes/macOSPacketTunnelProbe/.build/Intermediates.noindex/ArchiveIntermediates/ReluxPacketTunnelProbe/IntermediateBuildFilesPath/ReluxPacketTunnelProbe.build/Debug/ReluxPacketTunnelProbeProvider.build/Objects-normal/arm64/ReluxPacketTunnelProbeProvider_lto.o -rdynamic -Xlinker -no_deduplicate -Xlinker -dependency_info -Xlinker /Users/iv/Developer/relux-tunnel/Probes/macOSPacketTunnelProbe/.build/Intermediates.noindex/ArchiveIntermediates/ReluxPacketTunnelProbe/IntermediateBuildFilesPath/ReluxPacketTunnelProbe.build/Debug/ReluxPacketTunnelProbeProvider.build/Objects-normal/arm64/ReluxPacketTunnelProbeProvider_dependency_info.dat -e _NSExtensionMain -fapplication-extension -fobjc-link-runtime -L/Applications/Xcode_26_5.app/Contents/Developer/Toolchains/XcodeDefault.xctoolchain/usr/lib/swift/macosx -L/usr/lib/swift -Xlinker -add_ast_path -Xlinker /Users/iv/Developer/relux-tunnel/Probes/macOSPacketTunnelProbe/.build/Intermediates.noindex/ArchiveIntermediates/ReluxPacketTunnelProbe/IntermediateBuildFilesPath/ReluxPacketTunnelProbe.build/Debug/ReluxPacketTunnelProbeProvider.build/Objects-normal/arm64/ReluxPacketTunnelProbeProvider.swiftmodule @/Users/iv/Developer/relux-tunnel/Probes/macOSPacketTunnelProbe/.build/Intermediates.noindex/ArchiveIntermediates/ReluxPacketTunnelProbe/IntermediateBuildFilesPath/ReluxPacketTunnelProbe.build/Debug/ReluxPacketTunnelProbeProvider.build/Objects-normal/arm64/ReluxPacketTunnelProbeProvider-linker-args.resp -Xlinker -no_adhoc_codesign -o /Users/iv/Developer/relux-tunnel/Probes/macOSPacketTunnelProbe/.build/Intermediates.noindex/ArchiveIntermediates/ReluxPacketTunnelProbe/IntermediateBuildFilesPath/UninstalledProducts/macosx/ReluxPacketTunnelProbeProvider.appex/Contents/MacOS/ReluxPacketTunnelProbeProvider

ExtractAppIntentsMetadata (in target 'ReluxPacketTunnelProbeProvider' from project 'ReluxPacketTunnelProbe')
    cd /Users/iv/Developer/relux-tunnel/Probes/macOSPacketTunnelProbe
    /Applications/Xcode_26_5.app/Contents/Developer/Toolchains/XcodeDefault.xctoolchain/usr/bin/appintentsmetadataprocessor --toolchain-dir /var/run/com.apple.security.cryptexd/mnt/com.apple.MobileAsset.MetalToolchain-v17.6.42.0.irKtxf/Metal.xctoolchain --module-name ReluxPacketTunnelProbeProvider --sdk-root /Applications/Xcode_26_5.app/Contents/Developer/Platforms/MacOSX.platform/Developer/SDKs/MacOSX26.5.sdk --xcode-version 17F42 --platform-family macOS --deployment-target 14.0 --bundle-identifier works.relux.tunnel.probe.mac.tunnel --output /Users/iv/Developer/relux-tunnel/Probes/macOSPacketTunnelProbe/.build/Intermediates.noindex/ArchiveIntermediates/ReluxPacketTunnelProbe/IntermediateBuildFilesPath/UninstalledProducts/macosx/ReluxPacketTunnelProbeProvider.appex/Contents/Resources --target-triple arm64-apple-macos14.0 --binary-file /Users/iv/Developer/relux-tunnel/Probes/macOSPacketTunnelProbe/.build/Intermediates.noindex/ArchiveIntermediates/ReluxPacketTunnelProbe/IntermediateBuildFilesPath/UninstalledProducts/macosx/ReluxPacketTunnelProbeProvider.appex/Contents/MacOS/ReluxPacketTunnelProbeProvider --dependency-file /Users/iv/Developer/relux-tunnel/Probes/macOSPacketTunnelProbe/.build/Intermediates.noindex/ArchiveIntermediates/ReluxPacketTunnelProbe/IntermediateBuildFilesPath/ReluxPacketTunnelProbe.build/Debug/ReluxPacketTunnelProbeProvider.build/Objects-normal/arm64/ReluxPacketTunnelProbeProvider_dependency_info.dat --stringsdata-file /Users/iv/Developer/relux-tunnel/Probes/macOSPacketTunnelProbe/.build/Intermediates.noindex/ArchiveIntermediates/ReluxPacketTunnelProbe/IntermediateBuildFilesPath/ReluxPacketTunnelProbe.build/Debug/ReluxPacketTunnelProbeProvider.build/Objects-normal/arm64/ExtractedAppShortcutsMetadata.stringsdata --source-file-list /Users/iv/Developer/relux-tunnel/Probes/macOSPacketTunnelProbe/.build/Intermediates.noindex/ArchiveIntermediates/ReluxPacketTunnelProbe/IntermediateBuildFilesPath/ReluxPacketTunnelProbe.build/Debug/ReluxPacketTunnelProbeProvider.build/Objects-normal/arm64/ReluxPacketTunnelProbeProvider.SwiftFileList --metadata-file-list /Users/iv/Developer/relux-tunnel/Probes/macOSPacketTunnelProbe/.build/Intermediates.noindex/ArchiveIntermediates/ReluxPacketTunnelProbe/IntermediateBuildFilesPath/ReluxPacketTunnelProbe.build/Debug/ReluxPacketTunnelProbeProvider.build/ReluxPacketTunnelProbeProvider.DependencyMetadataFileList --static-metadata-file-list /Users/iv/Developer/relux-tunnel/Probes/macOSPacketTunnelProbe/.build/Intermediates.noindex/ArchiveIntermediates/ReluxPacketTunnelProbe/IntermediateBuildFilesPath/ReluxPacketTunnelProbe.build/Debug/ReluxPacketTunnelProbeProvider.build/ReluxPacketTunnelProbeProvider.DependencyStaticMetadataFileList --swift-const-vals-list /Users/iv/Developer/relux-tunnel/Probes/macOSPacketTunnelProbe/.build/Intermediates.noindex/ArchiveIntermediates/ReluxPacketTunnelProbe/IntermediateBuildFilesPath/ReluxPacketTunnelProbe.build/Debug/ReluxPacketTunnelProbeProvider.build/Objects-normal/arm64/ReluxPacketTunnelProbeProvider.SwiftConstValuesFileList --compile-time-extraction --deployment-aware-processing --validate-assistant-intents --no-app-shortcuts-localization
2026-08-11 04:23:18.240 appintentsmetadataprocessor[9794:53041501] Starting appintentsmetadataprocessor export
2026-08-11 04:23:18.241 appintentsmetadataprocessor[9794:53041501] warning: Metadata extraction skipped. No AppIntents.framework dependency found.

SetOwnerAndGroup iv:staff /Users/iv/Developer/relux-tunnel/Probes/macOSPacketTunnelProbe/.build/Intermediates.noindex/ArchiveIntermediates/ReluxPacketTunnelProbe/IntermediateBuildFilesPath/UninstalledProducts/macosx/ReluxPacketTunnelProbeProvider.appex (in target 'ReluxPacketTunnelProbeProvider' from project 'ReluxPacketTunnelProbe')
    cd /Users/iv/Developer/relux-tunnel/Probes/macOSPacketTunnelProbe
    /usr/sbin/chown -RH iv:staff /Users/iv/Developer/relux-tunnel/Probes/macOSPacketTunnelProbe/.build/Intermediates.noindex/ArchiveIntermediates/ReluxPacketTunnelProbe/IntermediateBuildFilesPath/UninstalledProducts/macosx/ReluxPacketTunnelProbeProvider.appex

SetMode u+w,go-w,a+rX /Users/iv/Developer/relux-tunnel/Probes/macOSPacketTunnelProbe/.build/Intermediates.noindex/ArchiveIntermediates/ReluxPacketTunnelProbe/IntermediateBuildFilesPath/UninstalledProducts/macosx/ReluxPacketTunnelProbeProvider.appex (in target 'ReluxPacketTunnelProbeProvider' from project 'ReluxPacketTunnelProbe')
    cd /Users/iv/Developer/relux-tunnel/Probes/macOSPacketTunnelProbe
    /bin/chmod -RH u+w,go-w,a+rX /Users/iv/Developer/relux-tunnel/Probes/macOSPacketTunnelProbe/.build/Intermediates.noindex/ArchiveIntermediates/ReluxPacketTunnelProbe/IntermediateBuildFilesPath/UninstalledProducts/macosx/ReluxPacketTunnelProbeProvider.appex

CodeSign /Users/iv/Developer/relux-tunnel/Probes/macOSPacketTunnelProbe/.build/Intermediates.noindex/ArchiveIntermediates/ReluxPacketTunnelProbe/IntermediateBuildFilesPath/UninstalledProducts/macosx/ReluxPacketTunnelProbeProvider.appex (in target 'ReluxPacketTunnelProbeProvider' from project 'ReluxPacketTunnelProbe')
    cd /Users/iv/Developer/relux-tunnel/Probes/macOSPacketTunnelProbe
    
    Signing Identity:     "<redacted Apple Development identity>"
    Provisioning Profile: "Mac Team Provisioning Profile: works.relux.tunnel.probe.mac.tunnel"
                          (ef64bcae-00ac-458f-94dc-45834429fe80)
    
    /usr/bin/codesign --force --sign <redacted> --entitlements /Users/iv/Developer/relux-tunnel/Probes/macOSPacketTunnelProbe/.build/Intermediates.noindex/ArchiveIntermediates/ReluxPacketTunnelProbe/IntermediateBuildFilesPath/ReluxPacketTunnelProbe.build/Debug/ReluxPacketTunnelProbeProvider.build/ReluxPacketTunnelProbeProvider.appex.xcent --generate-entitlement-der /Users/iv/Developer/relux-tunnel/Probes/macOSPacketTunnelProbe/.build/Intermediates.noindex/ArchiveIntermediates/ReluxPacketTunnelProbe/IntermediateBuildFilesPath/UninstalledProducts/macosx/ReluxPacketTunnelProbeProvider.appex

RegisterExecutionPolicyException /Users/iv/Developer/relux-tunnel/Probes/macOSPacketTunnelProbe/.build/Intermediates.noindex/ArchiveIntermediates/ReluxPacketTunnelProbe/IntermediateBuildFilesPath/UninstalledProducts/macosx/ReluxPacketTunnelProbeProvider.appex (in target 'ReluxPacketTunnelProbeProvider' from project 'ReluxPacketTunnelProbe')
    cd /Users/iv/Developer/relux-tunnel/Probes/macOSPacketTunnelProbe
    builtin-RegisterExecutionPolicyException /Users/iv/Developer/relux-tunnel/Probes/macOSPacketTunnelProbe/.build/Intermediates.noindex/ArchiveIntermediates/ReluxPacketTunnelProbe/IntermediateBuildFilesPath/UninstalledProducts/macosx/ReluxPacketTunnelProbeProvider.appex

Touch /Users/iv/Developer/relux-tunnel/Probes/macOSPacketTunnelProbe/.build/Intermediates.noindex/ArchiveIntermediates/ReluxPacketTunnelProbe/IntermediateBuildFilesPath/UninstalledProducts/macosx/ReluxPacketTunnelProbeProvider.appex (in target 'ReluxPacketTunnelProbeProvider' from project 'ReluxPacketTunnelProbe')
    cd /Users/iv/Developer/relux-tunnel/Probes/macOSPacketTunnelProbe
    /usr/bin/touch -c /Users/iv/Developer/relux-tunnel/Probes/macOSPacketTunnelProbe/.build/Intermediates.noindex/ArchiveIntermediates/ReluxPacketTunnelProbe/IntermediateBuildFilesPath/UninstalledProducts/macosx/ReluxPacketTunnelProbeProvider.appex

SwiftEmitModule normal arm64 Emitting\ module\ for\ ReluxPacketTunnelProbe (in target 'ReluxPacketTunnelProbe' from project 'ReluxPacketTunnelProbe')

EmitSwiftModule normal arm64 (in target 'ReluxPacketTunnelProbe' from project 'ReluxPacketTunnelProbe')
    cd /Users/iv/Developer/relux-tunnel/Probes/macOSPacketTunnelProbe
    

SwiftCompile normal arm64 Compiling\ ProbeContract.swift /Users/iv/Developer/relux-tunnel/Probes/macOSPacketTunnelProbe/Shared/ProbeContract.swift (in target 'ReluxPacketTunnelProbe' from project 'ReluxPacketTunnelProbe')
SwiftCompile normal arm64 /Users/iv/Developer/relux-tunnel/Probes/macOSPacketTunnelProbe/Shared/ProbeContract.swift (in target 'ReluxPacketTunnelProbe' from project 'ReluxPacketTunnelProbe')
    cd /Users/iv/Developer/relux-tunnel/Probes/macOSPacketTunnelProbe
    

SwiftCompile normal arm64 Compiling\ ProbeView.swift /Users/iv/Developer/relux-tunnel/Probes/macOSPacketTunnelProbe/Host/ProbeView.swift (in target 'ReluxPacketTunnelProbe' from project 'ReluxPacketTunnelProbe')
SwiftCompile normal arm64 /Users/iv/Developer/relux-tunnel/Probes/macOSPacketTunnelProbe/Host/ProbeView.swift (in target 'ReluxPacketTunnelProbe' from project 'ReluxPacketTunnelProbe')
    cd /Users/iv/Developer/relux-tunnel/Probes/macOSPacketTunnelProbe
    

SwiftCompile normal arm64 Compiling\ ProbeApp.swift /Users/iv/Developer/relux-tunnel/Probes/macOSPacketTunnelProbe/Host/ProbeApp.swift (in target 'ReluxPacketTunnelProbe' from project 'ReluxPacketTunnelProbe')

SwiftCompile normal arm64 /Users/iv/Developer/relux-tunnel/Probes/macOSPacketTunnelProbe/Host/ProbeApp.swift (in target 'ReluxPacketTunnelProbe' from project 'ReluxPacketTunnelProbe')
    cd /Users/iv/Developer/relux-tunnel/Probes/macOSPacketTunnelProbe
    

SwiftCompile normal arm64 Compiling\ ProbeController.swift /Users/iv/Developer/relux-tunnel/Probes/macOSPacketTunnelProbe/Host/ProbeController.swift (in target 'ReluxPacketTunnelProbe' from project 'ReluxPacketTunnelProbe')
SwiftCompile normal arm64 /Users/iv/Developer/relux-tunnel/Probes/macOSPacketTunnelProbe/Host/ProbeController.swift (in target 'ReluxPacketTunnelProbe' from project 'ReluxPacketTunnelProbe')
    cd /Users/iv/Developer/relux-tunnel/Probes/macOSPacketTunnelProbe
    

SwiftDriverJobDiscovery normal arm64 Compiling ProbeApp.swift (in target 'ReluxPacketTunnelProbe' from project 'ReluxPacketTunnelProbe')

SwiftDriverJobDiscovery normal arm64 Emitting module for ReluxPacketTunnelProbe (in target 'ReluxPacketTunnelProbe' from project 'ReluxPacketTunnelProbe')

SwiftDriver\ Compilation\ Requirements ReluxPacketTunnelProbe normal arm64 com.apple.xcode.tools.swift.compiler (in target 'ReluxPacketTunnelProbe' from project 'ReluxPacketTunnelProbe')
    cd /Users/iv/Developer/relux-tunnel/Probes/macOSPacketTunnelProbe
    builtin-Swift-Compilation-Requirements -- /Applications/Xcode_26_5.app/Contents/Developer/Toolchains/XcodeDefault.xctoolchain/usr/bin/swiftc -module-name ReluxPacketTunnelProbe -Onone @/Users/iv/Developer/relux-tunnel/Probes/macOSPacketTunnelProbe/.build/Intermediates.noindex/ArchiveIntermediates/ReluxPacketTunnelProbe/IntermediateBuildFilesPath/ReluxPacketTunnelProbe.build/Debug/ReluxPacketTunnelProbe.build/Objects-normal/arm64/ReluxPacketTunnelProbe.SwiftFileList -DDEBUG -enable-experimental-feature DebugDescriptionMacro -sdk /Applications/Xcode_26_5.app/Contents/Developer/Platforms/MacOSX.platform/Developer/SDKs/MacOSX26.5.sdk -target arm64-apple-macos14.0 -g -module-cache-path /Users/iv/Developer/relux-tunnel/.temp/TASK-260715-1r0fxv/DerivedData/ModuleCache.noindex -Xfrontend -serialize-debugging-options -enable-testing -Xcc -D_LIBCPP_HARDENING_MODE\=_LIBCPP_HARDENING_MODE_DEBUG -swift-version 6 -I /Users/iv/Developer/relux-tunnel/Probes/macOSPacketTunnelProbe/.build/Intermediates.noindex/ArchiveIntermediates/ReluxPacketTunnelProbe/BuildProductsPath/Debug -F /Users/iv/Developer/relux-tunnel/Probes/macOSPacketTunnelProbe/.build/Intermediates.noindex/ArchiveIntermediates/ReluxPacketTunnelProbe/BuildProductsPath/Debug -c -j16 -enable-batch-mode -incremental -Xcc -ivfsstatcache -Xcc /Users/iv/Developer/relux-tunnel/.temp/TASK-260715-1r0fxv/DerivedData/SDKStatCaches.noindex/macosx26.5-25F70-688ef53f1462e2c8f657fdc38a81448fb64f947cdd770e773f3848253724d71e.sdkstatcache -output-file-map /Users/iv/Developer/relux-tunnel/Probes/macOSPacketTunnelProbe/.build/Intermediates.noindex/ArchiveIntermediates/ReluxPacketTunnelProbe/IntermediateBuildFilesPath/ReluxPacketTunnelProbe.build/Debug/ReluxPacketTunnelProbe.build/Objects-normal/arm64/ReluxPacketTunnelProbe-OutputFileMap.json -use-frontend-parseable-output -save-temps -no-color-diagnostics -explicit-module-build -module-cache-path /Users/iv/Developer/relux-tunnel/Probes/macOSPacketTunnelProbe/.build/Intermediates.noindex/ArchiveIntermediates/ReluxPacketTunnelProbe/IntermediateBuildFilesPath/SwiftExplicitPrecompiledModules -clang-scanner-module-cache-path /Users/iv/Developer/relux-tunnel/.temp/TASK-260715-1r0fxv/DerivedData/ModuleCache.noindex -sdk-module-cache-path /Users/iv/Developer/relux-tunnel/.temp/TASK-260715-1r0fxv/DerivedData/ModuleCache.noindex -serialize-diagnostics -emit-dependencies -emit-module -emit-module-path /Users/iv/Developer/relux-tunnel/Probes/macOSPacketTunnelProbe/.build/Intermediates.noindex/ArchiveIntermediates/ReluxPacketTunnelProbe/IntermediateBuildFilesPath/ReluxPacketTunnelProbe.build/Debug/ReluxPacketTunnelProbe.build/Objects-normal/arm64/ReluxPacketTunnelProbe.swiftmodule -validate-clang-modules-once -clang-build-session-file /Users/iv/Developer/relux-tunnel/.temp/TASK-260715-1r0fxv/DerivedData/ModuleCache.noindex/Session.modulevalidation -Xcc -I/Users/iv/Developer/relux-tunnel/Probes/macOSPacketTunnelProbe/.build/Intermediates.noindex/ArchiveIntermediates/ReluxPacketTunnelProbe/IntermediateBuildFilesPath/ReluxPacketTunnelProbe.build/Debug/ReluxPacketTunnelProbe.build/swift-overrides.hmap -emit-const-values -Xfrontend -const-gather-protocols-file -Xfrontend /Users/iv/Developer/relux-tunnel/Probes/macOSPacketTunnelProbe/.build/Intermediates.noindex/ArchiveIntermediates/ReluxPacketTunnelProbe/IntermediateBuildFilesPath/ReluxPacketTunnelProbe.build/Debug/ReluxPacketTunnelProbe.build/Objects-normal/arm64/ReluxPacketTunnelProbe_const_extract_protocols.json -Xcc -iquote -Xcc /Users/iv/Developer/relux-tunnel/Probes/macOSPacketTunnelProbe/.build/Intermediates.noindex/ArchiveIntermediates/ReluxPacketTunnelProbe/IntermediateBuildFilesPath/ReluxPacketTunnelProbe.build/Debug/ReluxPacketTunnelProbe.build/ReluxPacketTunnelProbe-generated-files.hmap -Xcc -I/Users/iv/Developer/relux-tunnel/Probes/macOSPacketTunnelProbe/.build/Intermediates.noindex/ArchiveIntermediates/ReluxPacketTunnelProbe/IntermediateBuildFilesPath/ReluxPacketTunnelProbe.build/Debug/ReluxPacketTunnelProbe.build/ReluxPacketTunnelProbe-own-target-headers.hmap -Xcc -I/Users/iv/Developer/relux-tunnel/Probes/macOSPacketTunnelProbe/.build/Intermediates.noindex/ArchiveIntermediates/ReluxPacketTunnelProbe/IntermediateBuildFilesPath/ReluxPacketTunnelProbe.build/Debug/ReluxPacketTunnelProbe.build/ReluxPacketTunnelProbe-all-target-headers.hmap -Xcc -iquote -Xcc /Users/iv/Developer/relux-tunnel/Probes/macOSPacketTunnelProbe/.build/Intermediates.noindex/ArchiveIntermediates/ReluxPacketTunnelProbe/IntermediateBuildFilesPath/ReluxPacketTunnelProbe.build/Debug/ReluxPacketTunnelProbe.build/ReluxPacketTunnelProbe-project-headers.hmap -Xcc -I/Users/iv/Developer/relux-tunnel/Probes/macOSPacketTunnelProbe/.build/Intermediates.noindex/ArchiveIntermediates/ReluxPacketTunnelProbe/BuildProductsPath/Debug/include -Xcc -I/Users/iv/Developer/relux-tunnel/Probes/macOSPacketTunnelProbe/.build/Intermediates.noindex/ArchiveIntermediates/ReluxPacketTunnelProbe/IntermediateBuildFilesPath/ReluxPacketTunnelProbe.build/Debug/ReluxPacketTunnelProbe.build/DerivedSources-normal/arm64 -Xcc -I/Users/iv/Developer/relux-tunnel/Probes/macOSPacketTunnelProbe/.build/Intermediates.noindex/ArchiveIntermediates/ReluxPacketTunnelProbe/IntermediateBuildFilesPath/ReluxPacketTunnelProbe.build/Debug/ReluxPacketTunnelProbe.build/DerivedSources/arm64 -Xcc -I/Users/iv/Developer/relux-tunnel/Probes/macOSPacketTunnelProbe/.build/Intermediates.noindex/ArchiveIntermediates/ReluxPacketTunnelProbe/IntermediateBuildFilesPath/ReluxPacketTunnelProbe.build/Debug/ReluxPacketTunnelProbe.build/DerivedSources -Xcc -DDEBUG\=1 -emit-objc-header -emit-objc-header-path /Users/iv/Developer/relux-tunnel/Probes/macOSPacketTunnelProbe/.build/Intermediates.noindex/ArchiveIntermediates/ReluxPacketTunnelProbe/IntermediateBuildFilesPath/ReluxPacketTunnelProbe.build/Debug/ReluxPacketTunnelProbe.build/Objects-normal/arm64/ReluxPacketTunnelProbe-Swift.h -working-directory /Users/iv/Developer/relux-tunnel/Probes/macOSPacketTunnelProbe -experimental-emit-module-separately -disable-cmo

SwiftMergeGeneratedHeaders /Users/iv/Developer/relux-tunnel/Probes/macOSPacketTunnelProbe/.build/Intermediates.noindex/ArchiveIntermediates/ReluxPacketTunnelProbe/IntermediateBuildFilesPath/ReluxPacketTunnelProbe.build/Debug/ReluxPacketTunnelProbe.build/DerivedSources/ReluxPacketTunnelProbe-Swift.h /Users/iv/Developer/relux-tunnel/Probes/macOSPacketTunnelProbe/.build/Intermediates.noindex/ArchiveIntermediates/ReluxPacketTunnelProbe/IntermediateBuildFilesPath/ReluxPacketTunnelProbe.build/Debug/ReluxPacketTunnelProbe.build/Objects-normal/arm64/ReluxPacketTunnelProbe-Swift.h (in target 'ReluxPacketTunnelProbe' from project 'ReluxPacketTunnelProbe')
    cd /Users/iv/Developer/relux-tunnel/Probes/macOSPacketTunnelProbe
    builtin-swiftHeaderTool -arch arm64 /Users/iv/Developer/relux-tunnel/Probes/macOSPacketTunnelProbe/.build/Intermediates.noindex/ArchiveIntermediates/ReluxPacketTunnelProbe/IntermediateBuildFilesPath/ReluxPacketTunnelProbe.build/Debug/ReluxPacketTunnelProbe.build/Objects-normal/arm64/ReluxPacketTunnelProbe-Swift.h -o /Users/iv/Developer/relux-tunnel/Probes/macOSPacketTunnelProbe/.build/Intermediates.noindex/ArchiveIntermediates/ReluxPacketTunnelProbe/IntermediateBuildFilesPath/ReluxPacketTunnelProbe.build/Debug/ReluxPacketTunnelProbe.build/DerivedSources/ReluxPacketTunnelProbe-Swift.h

Copy /Users/iv/Developer/relux-tunnel/Probes/macOSPacketTunnelProbe/.build/Intermediates.noindex/ArchiveIntermediates/ReluxPacketTunnelProbe/BuildProductsPath/Debug/ReluxPacketTunnelProbe.swiftmodule/arm64-apple-macos.swiftdoc /Users/iv/Developer/relux-tunnel/Probes/macOSPacketTunnelProbe/.build/Intermediates.noindex/ArchiveIntermediates/ReluxPacketTunnelProbe/IntermediateBuildFilesPath/ReluxPacketTunnelProbe.build/Debug/ReluxPacketTunnelProbe.build/Objects-normal/arm64/ReluxPacketTunnelProbe.swiftdoc (in target 'ReluxPacketTunnelProbe' from project 'ReluxPacketTunnelProbe')
    cd /Users/iv/Developer/relux-tunnel/Probes/macOSPacketTunnelProbe
    builtin-copy -exclude .DS_Store -exclude CVS -exclude .svn -exclude .git -exclude .hg -resolve-src-symlinks -rename /Users/iv/Developer/relux-tunnel/Probes/macOSPacketTunnelProbe/.build/Intermediates.noindex/ArchiveIntermediates/ReluxPacketTunnelProbe/IntermediateBuildFilesPath/ReluxPacketTunnelProbe.build/Debug/ReluxPacketTunnelProbe.build/Objects-normal/arm64/ReluxPacketTunnelProbe.swiftdoc /Users/iv/Developer/relux-tunnel/Probes/macOSPacketTunnelProbe/.build/Intermediates.noindex/ArchiveIntermediates/ReluxPacketTunnelProbe/BuildProductsPath/Debug/ReluxPacketTunnelProbe.swiftmodule/arm64-apple-macos.swiftdoc

Copy /Users/iv/Developer/relux-tunnel/Probes/macOSPacketTunnelProbe/.build/Intermediates.noindex/ArchiveIntermediates/ReluxPacketTunnelProbe/BuildProductsPath/Debug/ReluxPacketTunnelProbe.swiftmodule/arm64-apple-macos.abi.json /Users/iv/Developer/relux-tunnel/Probes/macOSPacketTunnelProbe/.build/Intermediates.noindex/ArchiveIntermediates/ReluxPacketTunnelProbe/IntermediateBuildFilesPath/ReluxPacketTunnelProbe.build/Debug/ReluxPacketTunnelProbe.build/Objects-normal/arm64/ReluxPacketTunnelProbe.abi.json (in target 'ReluxPacketTunnelProbe' from project 'ReluxPacketTunnelProbe')
    cd /Users/iv/Developer/relux-tunnel/Probes/macOSPacketTunnelProbe
    builtin-copy -exclude .DS_Store -exclude CVS -exclude .svn -exclude .git -exclude .hg -resolve-src-symlinks -rename /Users/iv/Developer/relux-tunnel/Probes/macOSPacketTunnelProbe/.build/Intermediates.noindex/ArchiveIntermediates/ReluxPacketTunnelProbe/IntermediateBuildFilesPath/ReluxPacketTunnelProbe.build/Debug/ReluxPacketTunnelProbe.build/Objects-normal/arm64/ReluxPacketTunnelProbe.abi.json /Users/iv/Developer/relux-tunnel/Probes/macOSPacketTunnelProbe/.build/Intermediates.noindex/ArchiveIntermediates/ReluxPacketTunnelProbe/BuildProductsPath/Debug/ReluxPacketTunnelProbe.swiftmodule/arm64-apple-macos.abi.json

Copy /Users/iv/Developer/relux-tunnel/Probes/macOSPacketTunnelProbe/.build/Intermediates.noindex/ArchiveIntermediates/ReluxPacketTunnelProbe/BuildProductsPath/Debug/ReluxPacketTunnelProbe.swiftmodule/arm64-apple-macos.swiftmodule /Users/iv/Developer/relux-tunnel/Probes/macOSPacketTunnelProbe/.build/Intermediates.noindex/ArchiveIntermediates/ReluxPacketTunnelProbe/IntermediateBuildFilesPath/ReluxPacketTunnelProbe.build/Debug/ReluxPacketTunnelProbe.build/Objects-normal/arm64/ReluxPacketTunnelProbe.swiftmodule (in target 'ReluxPacketTunnelProbe' from project 'ReluxPacketTunnelProbe')
    cd /Users/iv/Developer/relux-tunnel/Probes/macOSPacketTunnelProbe
    builtin-copy -exclude .DS_Store -exclude CVS -exclude .svn -exclude .git -exclude .hg -resolve-src-symlinks -rename /Users/iv/Developer/relux-tunnel/Probes/macOSPacketTunnelProbe/.build/Intermediates.noindex/ArchiveIntermediates/ReluxPacketTunnelProbe/IntermediateBuildFilesPath/ReluxPacketTunnelProbe.build/Debug/ReluxPacketTunnelProbe.build/Objects-normal/arm64/ReluxPacketTunnelProbe.swiftmodule /Users/iv/Developer/relux-tunnel/Probes/macOSPacketTunnelProbe/.build/Intermediates.noindex/ArchiveIntermediates/ReluxPacketTunnelProbe/BuildProductsPath/Debug/ReluxPacketTunnelProbe.swiftmodule/arm64-apple-macos.swiftmodule

SwiftDriverJobDiscovery normal arm64 Compiling ProbeContract.swift (in target 'ReluxPacketTunnelProbe' from project 'ReluxPacketTunnelProbe')

SwiftDriverJobDiscovery normal arm64 Compiling ProbeView.swift (in target 'ReluxPacketTunnelProbe' from project 'ReluxPacketTunnelProbe')

SwiftDriverJobDiscovery normal arm64 Compiling ProbeController.swift (in target 'ReluxPacketTunnelProbe' from project 'ReluxPacketTunnelProbe')

SwiftDriver\ Compilation ReluxPacketTunnelProbe normal arm64 com.apple.xcode.tools.swift.compiler (in target 'ReluxPacketTunnelProbe' from project 'ReluxPacketTunnelProbe')
    cd /Users/iv/Developer/relux-tunnel/Probes/macOSPacketTunnelProbe
    builtin-Swift-Compilation -- /Applications/Xcode_26_5.app/Contents/Developer/Toolchains/XcodeDefault.xctoolchain/usr/bin/swiftc -module-name ReluxPacketTunnelProbe -Onone @/Users/iv/Developer/relux-tunnel/Probes/macOSPacketTunnelProbe/.build/Intermediates.noindex/ArchiveIntermediates/ReluxPacketTunnelProbe/IntermediateBuildFilesPath/ReluxPacketTunnelProbe.build/Debug/ReluxPacketTunnelProbe.build/Objects-normal/arm64/ReluxPacketTunnelProbe.SwiftFileList -DDEBUG -enable-experimental-feature DebugDescriptionMacro -sdk /Applications/Xcode_26_5.app/Contents/Developer/Platforms/MacOSX.platform/Developer/SDKs/MacOSX26.5.sdk -target arm64-apple-macos14.0 -g -module-cache-path /Users/iv/Developer/relux-tunnel/.temp/TASK-260715-1r0fxv/DerivedData/ModuleCache.noindex -Xfrontend -serialize-debugging-options -enable-testing -Xcc -D_LIBCPP_HARDENING_MODE\=_LIBCPP_HARDENING_MODE_DEBUG -swift-version 6 -I /Users/iv/Developer/relux-tunnel/Probes/macOSPacketTunnelProbe/.build/Intermediates.noindex/ArchiveIntermediates/ReluxPacketTunnelProbe/BuildProductsPath/Debug -F /Users/iv/Developer/relux-tunnel/Probes/macOSPacketTunnelProbe/.build/Intermediates.noindex/ArchiveIntermediates/ReluxPacketTunnelProbe/BuildProductsPath/Debug -c -j16 -enable-batch-mode -incremental -Xcc -ivfsstatcache -Xcc /Users/iv/Developer/relux-tunnel/.temp/TASK-260715-1r0fxv/DerivedData/SDKStatCaches.noindex/macosx26.5-25F70-688ef53f1462e2c8f657fdc38a81448fb64f947cdd770e773f3848253724d71e.sdkstatcache -output-file-map /Users/iv/Developer/relux-tunnel/Probes/macOSPacketTunnelProbe/.build/Intermediates.noindex/ArchiveIntermediates/ReluxPacketTunnelProbe/IntermediateBuildFilesPath/ReluxPacketTunnelProbe.build/Debug/ReluxPacketTunnelProbe.build/Objects-normal/arm64/ReluxPacketTunnelProbe-OutputFileMap.json -use-frontend-parseable-output -save-temps -no-color-diagnostics -explicit-module-build -module-cache-path /Users/iv/Developer/relux-tunnel/Probes/macOSPacketTunnelProbe/.build/Intermediates.noindex/ArchiveIntermediates/ReluxPacketTunnelProbe/IntermediateBuildFilesPath/SwiftExplicitPrecompiledModules -clang-scanner-module-cache-path /Users/iv/Developer/relux-tunnel/.temp/TASK-260715-1r0fxv/DerivedData/ModuleCache.noindex -sdk-module-cache-path /Users/iv/Developer/relux-tunnel/.temp/TASK-260715-1r0fxv/DerivedData/ModuleCache.noindex -serialize-diagnostics -emit-dependencies -emit-module -emit-module-path /Users/iv/Developer/relux-tunnel/Probes/macOSPacketTunnelProbe/.build/Intermediates.noindex/ArchiveIntermediates/ReluxPacketTunnelProbe/IntermediateBuildFilesPath/ReluxPacketTunnelProbe.build/Debug/ReluxPacketTunnelProbe.build/Objects-normal/arm64/ReluxPacketTunnelProbe.swiftmodule -validate-clang-modules-once -clang-build-session-file /Users/iv/Developer/relux-tunnel/.temp/TASK-260715-1r0fxv/DerivedData/ModuleCache.noindex/Session.modulevalidation -Xcc -I/Users/iv/Developer/relux-tunnel/Probes/macOSPacketTunnelProbe/.build/Intermediates.noindex/ArchiveIntermediates/ReluxPacketTunnelProbe/IntermediateBuildFilesPath/ReluxPacketTunnelProbe.build/Debug/ReluxPacketTunnelProbe.build/swift-overrides.hmap -emit-const-values -Xfrontend -const-gather-protocols-file -Xfrontend /Users/iv/Developer/relux-tunnel/Probes/macOSPacketTunnelProbe/.build/Intermediates.noindex/ArchiveIntermediates/ReluxPacketTunnelProbe/IntermediateBuildFilesPath/ReluxPacketTunnelProbe.build/Debug/ReluxPacketTunnelProbe.build/Objects-normal/arm64/ReluxPacketTunnelProbe_const_extract_protocols.json -Xcc -iquote -Xcc /Users/iv/Developer/relux-tunnel/Probes/macOSPacketTunnelProbe/.build/Intermediates.noindex/ArchiveIntermediates/ReluxPacketTunnelProbe/IntermediateBuildFilesPath/ReluxPacketTunnelProbe.build/Debug/ReluxPacketTunnelProbe.build/ReluxPacketTunnelProbe-generated-files.hmap -Xcc -I/Users/iv/Developer/relux-tunnel/Probes/macOSPacketTunnelProbe/.build/Intermediates.noindex/ArchiveIntermediates/ReluxPacketTunnelProbe/IntermediateBuildFilesPath/ReluxPacketTunnelProbe.build/Debug/ReluxPacketTunnelProbe.build/ReluxPacketTunnelProbe-own-target-headers.hmap -Xcc -I/Users/iv/Developer/relux-tunnel/Probes/macOSPacketTunnelProbe/.build/Intermediates.noindex/ArchiveIntermediates/ReluxPacketTunnelProbe/IntermediateBuildFilesPath/ReluxPacketTunnelProbe.build/Debug/ReluxPacketTunnelProbe.build/ReluxPacketTunnelProbe-all-target-headers.hmap -Xcc -iquote -Xcc /Users/iv/Developer/relux-tunnel/Probes/macOSPacketTunnelProbe/.build/Intermediates.noindex/ArchiveIntermediates/ReluxPacketTunnelProbe/IntermediateBuildFilesPath/ReluxPacketTunnelProbe.build/Debug/ReluxPacketTunnelProbe.build/ReluxPacketTunnelProbe-project-headers.hmap -Xcc -I/Users/iv/Developer/relux-tunnel/Probes/macOSPacketTunnelProbe/.build/Intermediates.noindex/ArchiveIntermediates/ReluxPacketTunnelProbe/BuildProductsPath/Debug/include -Xcc -I/Users/iv/Developer/relux-tunnel/Probes/macOSPacketTunnelProbe/.build/Intermediates.noindex/ArchiveIntermediates/ReluxPacketTunnelProbe/IntermediateBuildFilesPath/ReluxPacketTunnelProbe.build/Debug/ReluxPacketTunnelProbe.build/DerivedSources-normal/arm64 -Xcc -I/Users/iv/Developer/relux-tunnel/Probes/macOSPacketTunnelProbe/.build/Intermediates.noindex/ArchiveIntermediates/ReluxPacketTunnelProbe/IntermediateBuildFilesPath/ReluxPacketTunnelProbe.build/Debug/ReluxPacketTunnelProbe.build/DerivedSources/arm64 -Xcc -I/Users/iv/Developer/relux-tunnel/Probes/macOSPacketTunnelProbe/.build/Intermediates.noindex/ArchiveIntermediates/ReluxPacketTunnelProbe/IntermediateBuildFilesPath/ReluxPacketTunnelProbe.build/Debug/ReluxPacketTunnelProbe.build/DerivedSources -Xcc -DDEBUG\=1 -emit-objc-header -emit-objc-header-path /Users/iv/Developer/relux-tunnel/Probes/macOSPacketTunnelProbe/.build/Intermediates.noindex/ArchiveIntermediates/ReluxPacketTunnelProbe/IntermediateBuildFilesPath/ReluxPacketTunnelProbe.build/Debug/ReluxPacketTunnelProbe.build/Objects-normal/arm64/ReluxPacketTunnelProbe-Swift.h -working-directory /Users/iv/Developer/relux-tunnel/Probes/macOSPacketTunnelProbe -experimental-emit-module-separately -disable-cmo

Ld /Users/iv/Developer/relux-tunnel/Probes/macOSPacketTunnelProbe/.build/Intermediates.noindex/ArchiveIntermediates/ReluxPacketTunnelProbe/InstallationBuildProductsLocation/Applications/ReluxPacketTunnelProbe.app/Contents/MacOS/ReluxPacketTunnelProbe normal (in target 'ReluxPacketTunnelProbe' from project 'ReluxPacketTunnelProbe')
    cd /Users/iv/Developer/relux-tunnel/Probes/macOSPacketTunnelProbe
    /Applications/Xcode_26_5.app/Contents/Developer/Toolchains/XcodeDefault.xctoolchain/usr/bin/clang -Xlinker -reproducible -target arm64-apple-macos14.0 -isysroot /Applications/Xcode_26_5.app/Contents/Developer/Platforms/MacOSX.platform/Developer/SDKs/MacOSX26.5.sdk -O0 -L/Users/iv/Developer/relux-tunnel/Probes/macOSPacketTunnelProbe/.build/Intermediates.noindex/ArchiveIntermediates/ReluxPacketTunnelProbe/IntermediateBuildFilesPath/EagerLinkingTBDs/Debug -L/Users/iv/Developer/relux-tunnel/Probes/macOSPacketTunnelProbe/.build/Intermediates.noindex/ArchiveIntermediates/ReluxPacketTunnelProbe/BuildProductsPath/Debug -F/Users/iv/Developer/relux-tunnel/Probes/macOSPacketTunnelProbe/.build/Intermediates.noindex/ArchiveIntermediates/ReluxPacketTunnelProbe/IntermediateBuildFilesPath/EagerLinkingTBDs/Debug -F/Users/iv/Developer/relux-tunnel/Probes/macOSPacketTunnelProbe/.build/Intermediates.noindex/ArchiveIntermediates/ReluxPacketTunnelProbe/BuildProductsPath/Debug -filelist /Users/iv/Developer/relux-tunnel/Probes/macOSPacketTunnelProbe/.build/Intermediates.noindex/ArchiveIntermediates/ReluxPacketTunnelProbe/IntermediateBuildFilesPath/ReluxPacketTunnelProbe.build/Debug/ReluxPacketTunnelProbe.build/Objects-normal/arm64/ReluxPacketTunnelProbe.LinkFileList -Xlinker -rpath -Xlinker /usr/lib/swift -Xlinker -rpath -Xlinker @executable_path/../Frameworks -Xlinker -object_path_lto -Xlinker /Users/iv/Developer/relux-tunnel/Probes/macOSPacketTunnelProbe/.build/Intermediates.noindex/ArchiveIntermediates/ReluxPacketTunnelProbe/IntermediateBuildFilesPath/ReluxPacketTunnelProbe.build/Debug/ReluxPacketTunnelProbe.build/Objects-normal/arm64/ReluxPacketTunnelProbe_lto.o -rdynamic -Xlinker -no_deduplicate -Xlinker -final_output -Xlinker /Applications/ReluxPacketTunnelProbe.app/Contents/MacOS/ReluxPacketTunnelProbe -Xlinker -dependency_info -Xlinker /Users/iv/Developer/relux-tunnel/Probes/macOSPacketTunnelProbe/.build/Intermediates.noindex/ArchiveIntermediates/ReluxPacketTunnelProbe/IntermediateBuildFilesPath/ReluxPacketTunnelProbe.build/Debug/ReluxPacketTunnelProbe.build/Objects-normal/arm64/ReluxPacketTunnelProbe_dependency_info.dat -fobjc-link-runtime -L/Applications/Xcode_26_5.app/Contents/Developer/Toolchains/XcodeDefault.xctoolchain/usr/lib/swift/macosx -L/usr/lib/swift -Xlinker -add_ast_path -Xlinker /Users/iv/Developer/relux-tunnel/Probes/macOSPacketTunnelProbe/.build/Intermediates.noindex/ArchiveIntermediates/ReluxPacketTunnelProbe/IntermediateBuildFilesPath/ReluxPacketTunnelProbe.build/Debug/ReluxPacketTunnelProbe.build/Objects-normal/arm64/ReluxPacketTunnelProbe.swiftmodule @/Users/iv/Developer/relux-tunnel/Probes/macOSPacketTunnelProbe/.build/Intermediates.noindex/ArchiveIntermediates/ReluxPacketTunnelProbe/IntermediateBuildFilesPath/ReluxPacketTunnelProbe.build/Debug/ReluxPacketTunnelProbe.build/Objects-normal/arm64/ReluxPacketTunnelProbe-linker-args.resp -Xlinker -no_adhoc_codesign -o /Users/iv/Developer/relux-tunnel/Probes/macOSPacketTunnelProbe/.build/Intermediates.noindex/ArchiveIntermediates/ReluxPacketTunnelProbe/InstallationBuildProductsLocation/Applications/ReluxPacketTunnelProbe.app/Contents/MacOS/ReluxPacketTunnelProbe

Copy /Users/iv/Developer/relux-tunnel/Probes/macOSPacketTunnelProbe/.build/Intermediates.noindex/ArchiveIntermediates/ReluxPacketTunnelProbe/InstallationBuildProductsLocation/Applications/ReluxPacketTunnelProbe.app/Contents/PlugIns/ReluxPacketTunnelProbeProvider.appex /Users/iv/Developer/relux-tunnel/Probes/macOSPacketTunnelProbe/.build/Intermediates.noindex/ArchiveIntermediates/ReluxPacketTunnelProbe/BuildProductsPath/Debug/ReluxPacketTunnelProbeProvider.appex (in target 'ReluxPacketTunnelProbe' from project 'ReluxPacketTunnelProbe')
    cd /Users/iv/Developer/relux-tunnel/Probes/macOSPacketTunnelProbe
    builtin-copy -exclude .DS_Store -exclude CVS -exclude .svn -exclude .git -exclude .hg -exclude Headers -exclude PrivateHeaders -exclude Modules -exclude \*.tbd -resolve-src-symlinks -remove-static-executable /Users/iv/Developer/relux-tunnel/Probes/macOSPacketTunnelProbe/.build/Intermediates.noindex/ArchiveIntermediates/ReluxPacketTunnelProbe/BuildProductsPath/Debug/ReluxPacketTunnelProbeProvider.appex /Users/iv/Developer/relux-tunnel/Probes/macOSPacketTunnelProbe/.build/Intermediates.noindex/ArchiveIntermediates/ReluxPacketTunnelProbe/InstallationBuildProductsLocation/Applications/ReluxPacketTunnelProbe.app/Contents/PlugIns

ProcessInfoPlistFile /Users/iv/Developer/relux-tunnel/Probes/macOSPacketTunnelProbe/.build/Intermediates.noindex/ArchiveIntermediates/ReluxPacketTunnelProbe/InstallationBuildProductsLocation/Applications/ReluxPacketTunnelProbe.app/Contents/Info.plist /Users/iv/Developer/relux-tunnel/Probes/macOSPacketTunnelProbe/Host/Info.plist (in target 'ReluxPacketTunnelProbe' from project 'ReluxPacketTunnelProbe')
    cd /Users/iv/Developer/relux-tunnel/Probes/macOSPacketTunnelProbe
    builtin-infoPlistUtility /Users/iv/Developer/relux-tunnel/Probes/macOSPacketTunnelProbe/Host/Info.plist -producttype com.apple.product-type.application -genpkginfo /Users/iv/Developer/relux-tunnel/Probes/macOSPacketTunnelProbe/.build/Intermediates.noindex/ArchiveIntermediates/ReluxPacketTunnelProbe/InstallationBuildProductsLocation/Applications/ReluxPacketTunnelProbe.app/Contents/PkgInfo -expandbuildsettings -platform macosx -scanforprivacyfile /Users/iv/Developer/relux-tunnel/Probes/macOSPacketTunnelProbe/.build/Intermediates.noindex/ArchiveIntermediates/ReluxPacketTunnelProbe/InstallationBuildProductsLocation/Applications/ReluxPacketTunnelProbe.app/Contents/PlugIns/ReluxPacketTunnelProbeProvider.appex -o /Users/iv/Developer/relux-tunnel/Probes/macOSPacketTunnelProbe/.build/Intermediates.noindex/ArchiveIntermediates/ReluxPacketTunnelProbe/InstallationBuildProductsLocation/Applications/ReluxPacketTunnelProbe.app/Contents/Info.plist

ExtractAppIntentsMetadata (in target 'ReluxPacketTunnelProbe' from project 'ReluxPacketTunnelProbe')
    cd /Users/iv/Developer/relux-tunnel/Probes/macOSPacketTunnelProbe
    /Applications/Xcode_26_5.app/Contents/Developer/Toolchains/XcodeDefault.xctoolchain/usr/bin/appintentsmetadataprocessor --toolchain-dir /var/run/com.apple.security.cryptexd/mnt/com.apple.MobileAsset.MetalToolchain-v17.6.42.0.irKtxf/Metal.xctoolchain --module-name ReluxPacketTunnelProbe --sdk-root /Applications/Xcode_26_5.app/Contents/Developer/Platforms/MacOSX.platform/Developer/SDKs/MacOSX26.5.sdk --xcode-version 17F42 --platform-family macOS --deployment-target 14.0 --bundle-identifier works.relux.tunnel.probe.mac --output /Users/iv/Developer/relux-tunnel/Probes/macOSPacketTunnelProbe/.build/Intermediates.noindex/ArchiveIntermediates/ReluxPacketTunnelProbe/InstallationBuildProductsLocation/Applications/ReluxPacketTunnelProbe.app/Contents/Resources --target-triple arm64-apple-macos14.0 --binary-file /Users/iv/Developer/relux-tunnel/Probes/macOSPacketTunnelProbe/.build/Intermediates.noindex/ArchiveIntermediates/ReluxPacketTunnelProbe/InstallationBuildProductsLocation/Applications/ReluxPacketTunnelProbe.app/Contents/MacOS/ReluxPacketTunnelProbe --dependency-file /Users/iv/Developer/relux-tunnel/Probes/macOSPacketTunnelProbe/.build/Intermediates.noindex/ArchiveIntermediates/ReluxPacketTunnelProbe/IntermediateBuildFilesPath/ReluxPacketTunnelProbe.build/Debug/ReluxPacketTunnelProbe.build/Objects-normal/arm64/ReluxPacketTunnelProbe_dependency_info.dat --stringsdata-file /Users/iv/Developer/relux-tunnel/Probes/macOSPacketTunnelProbe/.build/Intermediates.noindex/ArchiveIntermediates/ReluxPacketTunnelProbe/IntermediateBuildFilesPath/ReluxPacketTunnelProbe.build/Debug/ReluxPacketTunnelProbe.build/Objects-normal/arm64/ExtractedAppShortcutsMetadata.stringsdata --source-file-list /Users/iv/Developer/relux-tunnel/Probes/macOSPacketTunnelProbe/.build/Intermediates.noindex/ArchiveIntermediates/ReluxPacketTunnelProbe/IntermediateBuildFilesPath/ReluxPacketTunnelProbe.build/Debug/ReluxPacketTunnelProbe.build/Objects-normal/arm64/ReluxPacketTunnelProbe.SwiftFileList --metadata-file-list /Users/iv/Developer/relux-tunnel/Probes/macOSPacketTunnelProbe/.build/Intermediates.noindex/ArchiveIntermediates/ReluxPacketTunnelProbe/IntermediateBuildFilesPath/ReluxPacketTunnelProbe.build/Debug/ReluxPacketTunnelProbe.build/ReluxPacketTunnelProbe.DependencyMetadataFileList --static-metadata-file-list /Users/iv/Developer/relux-tunnel/Probes/macOSPacketTunnelProbe/.build/Intermediates.noindex/ArchiveIntermediates/ReluxPacketTunnelProbe/IntermediateBuildFilesPath/ReluxPacketTunnelProbe.build/Debug/ReluxPacketTunnelProbe.build/ReluxPacketTunnelProbe.DependencyStaticMetadataFileList --swift-const-vals-list /Users/iv/Developer/relux-tunnel/Probes/macOSPacketTunnelProbe/.build/Intermediates.noindex/ArchiveIntermediates/ReluxPacketTunnelProbe/IntermediateBuildFilesPath/ReluxPacketTunnelProbe.build/Debug/ReluxPacketTunnelProbe.build/Objects-normal/arm64/ReluxPacketTunnelProbe.SwiftConstValuesFileList --compile-time-extraction --deployment-aware-processing --validate-assistant-intents --no-app-shortcuts-localization
2026-08-11 04:23:19.081 appintentsmetadataprocessor[9811:53041558] Starting appintentsmetadataprocessor export
2026-08-11 04:23:19.082 appintentsmetadataprocessor[9811:53041558] warning: Metadata extraction skipped. No AppIntents.framework dependency found.

CopySwiftLibs /Users/iv/Developer/relux-tunnel/Probes/macOSPacketTunnelProbe/.build/Intermediates.noindex/ArchiveIntermediates/ReluxPacketTunnelProbe/InstallationBuildProductsLocation/Applications/ReluxPacketTunnelProbe.app (in target 'ReluxPacketTunnelProbe' from project 'ReluxPacketTunnelProbe')
    cd /Users/iv/Developer/relux-tunnel/Probes/macOSPacketTunnelProbe
    builtin-swiftStdLibTool --copy --verbose --sign <redacted> --scan-executable /Users/iv/Developer/relux-tunnel/Probes/macOSPacketTunnelProbe/.build/Intermediates.noindex/ArchiveIntermediates/ReluxPacketTunnelProbe/InstallationBuildProductsLocation/Applications/ReluxPacketTunnelProbe.app/Contents/MacOS/ReluxPacketTunnelProbe --scan-folder /Users/iv/Developer/relux-tunnel/Probes/macOSPacketTunnelProbe/.build/Intermediates.noindex/ArchiveIntermediates/ReluxPacketTunnelProbe/InstallationBuildProductsLocation/Applications/ReluxPacketTunnelProbe.app/Contents/Frameworks --scan-folder /Users/iv/Developer/relux-tunnel/Probes/macOSPacketTunnelProbe/.build/Intermediates.noindex/ArchiveIntermediates/ReluxPacketTunnelProbe/InstallationBuildProductsLocation/Applications/ReluxPacketTunnelProbe.app/Contents/PlugIns --scan-folder /Users/iv/Developer/relux-tunnel/Probes/macOSPacketTunnelProbe/.build/Intermediates.noindex/ArchiveIntermediates/ReluxPacketTunnelProbe/InstallationBuildProductsLocation/Applications/ReluxPacketTunnelProbe.app/Contents/Library/SystemExtensions --scan-folder /Users/iv/Developer/relux-tunnel/Probes/macOSPacketTunnelProbe/.build/Intermediates.noindex/ArchiveIntermediates/ReluxPacketTunnelProbe/InstallationBuildProductsLocation/Applications/ReluxPacketTunnelProbe.app/Contents/Extensions --platform macosx --toolchain /var/run/com.apple.security.cryptexd/mnt/com.apple.MobileAsset.MetalToolchain-v17.6.42.0.irKtxf/Metal.xctoolchain --toolchain /Applications/Xcode_26_5.app/Contents/Developer/Toolchains/XcodeDefault.xctoolchain --destination /Users/iv/Developer/relux-tunnel/Probes/macOSPacketTunnelProbe/.build/Intermediates.noindex/ArchiveIntermediates/ReluxPacketTunnelProbe/InstallationBuildProductsLocation/Applications/ReluxPacketTunnelProbe.app/Contents/Frameworks --unsigned-destination /Users/iv/Developer/relux-tunnel/Probes/macOSPacketTunnelProbe/.build/Intermediates.noindex/ArchiveIntermediates/ReluxPacketTunnelProbe/BuildProductsPath/SwiftSupport --strip-bitcode --strip-bitcode-tool /Applications/Xcode_26_5.app/Contents/Developer/Toolchains/XcodeDefault.xctoolchain/usr/bin/bitcode_strip --emit-dependency-info /Users/iv/Developer/relux-tunnel/Probes/macOSPacketTunnelProbe/.build/Intermediates.noindex/ArchiveIntermediates/ReluxPacketTunnelProbe/IntermediateBuildFilesPath/ReluxPacketTunnelProbe.build/Debug/ReluxPacketTunnelProbe.build/SwiftStdLibToolInputDependencies.dep --filter-for-swift-os --back-deploy-swift-span

SetOwnerAndGroup iv:staff /Users/iv/Developer/relux-tunnel/Probes/macOSPacketTunnelProbe/.build/Intermediates.noindex/ArchiveIntermediates/ReluxPacketTunnelProbe/InstallationBuildProductsLocation/Applications/ReluxPacketTunnelProbe.app (in target 'ReluxPacketTunnelProbe' from project 'ReluxPacketTunnelProbe')
    cd /Users/iv/Developer/relux-tunnel/Probes/macOSPacketTunnelProbe
    /usr/sbin/chown -RH iv:staff /Users/iv/Developer/relux-tunnel/Probes/macOSPacketTunnelProbe/.build/Intermediates.noindex/ArchiveIntermediates/ReluxPacketTunnelProbe/InstallationBuildProductsLocation/Applications/ReluxPacketTunnelProbe.app

SetMode u+w,go-w,a+rX /Users/iv/Developer/relux-tunnel/Probes/macOSPacketTunnelProbe/.build/Intermediates.noindex/ArchiveIntermediates/ReluxPacketTunnelProbe/InstallationBuildProductsLocation/Applications/ReluxPacketTunnelProbe.app (in target 'ReluxPacketTunnelProbe' from project 'ReluxPacketTunnelProbe')
    cd /Users/iv/Developer/relux-tunnel/Probes/macOSPacketTunnelProbe
    /bin/chmod -RH u+w,go-w,a+rX /Users/iv/Developer/relux-tunnel/Probes/macOSPacketTunnelProbe/.build/Intermediates.noindex/ArchiveIntermediates/ReluxPacketTunnelProbe/InstallationBuildProductsLocation/Applications/ReluxPacketTunnelProbe.app

CodeSign /Users/iv/Developer/relux-tunnel/Probes/macOSPacketTunnelProbe/.build/Intermediates.noindex/ArchiveIntermediates/ReluxPacketTunnelProbe/InstallationBuildProductsLocation/Applications/ReluxPacketTunnelProbe.app (in target 'ReluxPacketTunnelProbe' from project 'ReluxPacketTunnelProbe')
    cd /Users/iv/Developer/relux-tunnel/Probes/macOSPacketTunnelProbe
    
    Signing Identity:     "<redacted Apple Development identity>"
    Provisioning Profile: "Mac Team Provisioning Profile: works.relux.tunnel.probe.mac"
                          (c0a3cd4e-77c8-475e-98e0-6deec8269810)
    
    /usr/bin/codesign --force --sign <redacted> --entitlements /Users/iv/Developer/relux-tunnel/Probes/macOSPacketTunnelProbe/.build/Intermediates.noindex/ArchiveIntermediates/ReluxPacketTunnelProbe/IntermediateBuildFilesPath/ReluxPacketTunnelProbe.build/Debug/ReluxPacketTunnelProbe.build/ReluxPacketTunnelProbe.app.xcent --generate-entitlement-der /Users/iv/Developer/relux-tunnel/Probes/macOSPacketTunnelProbe/.build/Intermediates.noindex/ArchiveIntermediates/ReluxPacketTunnelProbe/InstallationBuildProductsLocation/Applications/ReluxPacketTunnelProbe.app

ValidateEmbeddedBinary /Users/iv/Developer/relux-tunnel/Probes/macOSPacketTunnelProbe/.build/Intermediates.noindex/ArchiveIntermediates/ReluxPacketTunnelProbe/InstallationBuildProductsLocation/Applications/ReluxPacketTunnelProbe.app/Contents/PlugIns/ReluxPacketTunnelProbeProvider.appex (in target 'ReluxPacketTunnelProbe' from project 'ReluxPacketTunnelProbe')
    cd /Users/iv/Developer/relux-tunnel/Probes/macOSPacketTunnelProbe
    /Applications/Xcode_26_5.app/Contents/Developer/usr/bin/embeddedBinaryValidationUtility /Users/iv/Developer/relux-tunnel/Probes/macOSPacketTunnelProbe/.build/Intermediates.noindex/ArchiveIntermediates/ReluxPacketTunnelProbe/InstallationBuildProductsLocation/Applications/ReluxPacketTunnelProbe.app/Contents/PlugIns/ReluxPacketTunnelProbeProvider.appex -signing-cert <redacted> -info-plist-path /Users/iv/Developer/relux-tunnel/Probes/macOSPacketTunnelProbe/.build/Intermediates.noindex/ArchiveIntermediates/ReluxPacketTunnelProbe/InstallationBuildProductsLocation/Applications/ReluxPacketTunnelProbe.app/Contents/Info.plist

RegisterExecutionPolicyException /Users/iv/Developer/relux-tunnel/Probes/macOSPacketTunnelProbe/.build/Intermediates.noindex/ArchiveIntermediates/ReluxPacketTunnelProbe/InstallationBuildProductsLocation/Applications/ReluxPacketTunnelProbe.app (in target 'ReluxPacketTunnelProbe' from project 'ReluxPacketTunnelProbe')
    cd /Users/iv/Developer/relux-tunnel/Probes/macOSPacketTunnelProbe
    builtin-RegisterExecutionPolicyException /Users/iv/Developer/relux-tunnel/Probes/macOSPacketTunnelProbe/.build/Intermediates.noindex/ArchiveIntermediates/ReluxPacketTunnelProbe/InstallationBuildProductsLocation/Applications/ReluxPacketTunnelProbe.app

Validate /Users/iv/Developer/relux-tunnel/Probes/macOSPacketTunnelProbe/.build/Intermediates.noindex/ArchiveIntermediates/ReluxPacketTunnelProbe/InstallationBuildProductsLocation/Applications/ReluxPacketTunnelProbe.app (in target 'ReluxPacketTunnelProbe' from project 'ReluxPacketTunnelProbe')
    cd /Users/iv/Developer/relux-tunnel/Probes/macOSPacketTunnelProbe
    builtin-validationUtility /Users/iv/Developer/relux-tunnel/Probes/macOSPacketTunnelProbe/.build/Intermediates.noindex/ArchiveIntermediates/ReluxPacketTunnelProbe/InstallationBuildProductsLocation/Applications/ReluxPacketTunnelProbe.app -no-validate-extension -infoplist-subpath Contents/Info.plist
warning: No App Category is set for target 'ReluxPacketTunnelProbe'. Set a category by using the General tab for your target, or by adding an appropriate LSApplicationCategory value to your Info.plist. (in target 'ReluxPacketTunnelProbe' from project 'ReluxPacketTunnelProbe')

Touch /Users/iv/Developer/relux-tunnel/Probes/macOSPacketTunnelProbe/.build/Intermediates.noindex/ArchiveIntermediates/ReluxPacketTunnelProbe/InstallationBuildProductsLocation/Applications/ReluxPacketTunnelProbe.app (in target 'ReluxPacketTunnelProbe' from project 'ReluxPacketTunnelProbe')
    cd /Users/iv/Developer/relux-tunnel/Probes/macOSPacketTunnelProbe
    /usr/bin/touch -c /Users/iv/Developer/relux-tunnel/Probes/macOSPacketTunnelProbe/.build/Intermediates.noindex/ArchiveIntermediates/ReluxPacketTunnelProbe/InstallationBuildProductsLocation/Applications/ReluxPacketTunnelProbe.app

RegisterWithLaunchServices /Users/iv/Developer/relux-tunnel/Probes/macOSPacketTunnelProbe/.build/Intermediates.noindex/ArchiveIntermediates/ReluxPacketTunnelProbe/InstallationBuildProductsLocation/Applications/ReluxPacketTunnelProbe.app (in target 'ReluxPacketTunnelProbe' from project 'ReluxPacketTunnelProbe')
    cd /Users/iv/Developer/relux-tunnel/Probes/macOSPacketTunnelProbe
    /System/Library/Frameworks/CoreServices.framework/Versions/Current/Frameworks/LaunchServices.framework/Versions/Current/Support/lsregister -f -R -trusted /Users/iv/Developer/relux-tunnel/Probes/macOSPacketTunnelProbe/.build/Intermediates.noindex/ArchiveIntermediates/ReluxPacketTunnelProbe/InstallationBuildProductsLocation/Applications/ReluxPacketTunnelProbe.app

** ARCHIVE SUCCEEDED ** [3.034 sec]

+ /Users/iv/Developer/relux-tunnel/Probes/macOSPacketTunnelProbe/Scripts/inspect-archive.sh /Users/iv/Developer/relux-tunnel/.temp/TASK-260715-1r0fxv/ReluxPacketTunnelProbe.xcarchive/Products/Applications/ReluxPacketTunnelProbe.app
PASS: host bundle identifier is approved
PASS: host embeds exactly one provider
PASS: host embeds the expected provider product
PASS: provider bundle identifier is approved
PASS: provider extension point is packet tunnel
PASS: host has no unexpected nested code
PASS: nested-code signature verification succeeds
PASS: host architecture is Apple silicon only
PASS: provider architecture is Apple silicon only
PASS: host signature verifies
PASS: host signature identifier is approved
PASS: host signature team is approved
PASS: host signature uses Apple Development
PASS: host signed entitlements decode
PASS: host signed application identifier is approved
PASS: host signed team entitlement is approved
PASS: host target network-extension entitlement is exact
PASS: host target has no extra network-extension capability
PASS: host target has no App Groups entitlement
PASS: host target has no Keychain Sharing entitlement
PASS: provider signature verifies
PASS: provider signature identifier is approved
PASS: provider signature team is approved
PASS: provider signature uses Apple Development
PASS: provider signed entitlements decode
PASS: provider signed application identifier is approved
PASS: provider signed team entitlement is approved
PASS: provider target network-extension entitlement is exact
PASS: provider target has no extra network-extension capability
PASS: provider target has no App Groups entitlement
PASS: provider target has no Keychain Sharing entitlement
PASS: host embedded profile decodes
PASS: host profile UUID is approved
PASS: host profile team is approved
PASS: host profile platform is macOS
PASS: host profile application identifier is approved
PASS: host profile authorizes packet-tunnel-provider
PASS: host profile excludes system-extension capability drift
PASS: host profile has no App Groups capability
PASS: provider embedded profile decodes
PASS: provider profile UUID is approved
PASS: provider profile team is approved
PASS: provider profile platform is macOS
PASS: provider profile application identifier is approved
PASS: provider profile authorizes packet-tunnel-provider
PASS: provider profile excludes system-extension capability drift
PASS: provider profile has no App Groups capability
Inspection passed: approved host/provider signatures, profiles, nesting, and entitlements.
+ /Users/iv/Developer/relux-tunnel/Probes/macOSPacketTunnelProbe/Scripts/test-inspector-drift.sh /Users/iv/Developer/relux-tunnel/.temp/TASK-260715-1r0fxv/ReluxPacketTunnelProbe.xcarchive/Products/Applications/ReluxPacketTunnelProbe.app
PASS: identifier drift rejected
PASS: capability drift rejected
PASS: profile drift rejected
PASS: nested drift rejected
PASS: signature drift rejected
Inspector drift tests passed.
