Command line invocation:
    /Applications/Xcode_26_5.app/Contents/Developer/usr/bin/xcodebuild -scheme ReluxTunnelIOSAdapter -destination "generic/platform=iOS Simulator" -derivedDataPath .temp/TASK-260715-15vkvz/DerivedData-rework03-iOS CODE_SIGNING_ALLOWED=NO build

Build settings from command line:
    CODE_SIGNING_ALLOWED = NO

Resolve Package Graph
2026-07-21 04:38:10.733 xcodebuild[48877:98073016] [MT] IDERunDestination: Supported platforms for the buildables in the current scheme is empty.


Resolved source packages:
  ReluxTunnel: /Users/iv/Developer/relux-tunnel

Resolve Package Graph
Resolving package dependencies…


ComputePackagePrebuildTargetDependencyGraph

Prepare packages

CreateBuildRequest

SendProjectDescription

CreateBuildOperation

ComputeTargetDependencyGraph
note: Building targets in dependency order
note: Target dependency graph (4 targets)
    Target 'ReluxTunnelIOSAdapter' in project 'ReluxTunnel'
        ➜ Explicit dependency on target 'ReluxTunnelIOSAdapter' in project 'ReluxTunnel'
        ➜ Explicit dependency on target 'ReluxTunnelCore' in project 'ReluxTunnel'
        ➜ Explicit dependency on target 'ReluxTunnelNativeAdapter' in project 'ReluxTunnel'
    Target 'ReluxTunnelIOSAdapter' in project 'ReluxTunnel'
        ➜ Explicit dependency on target 'ReluxTunnelCore' in project 'ReluxTunnel'
        ➜ Explicit dependency on target 'ReluxTunnelNativeAdapter' in project 'ReluxTunnel'
    Target 'ReluxTunnelNativeAdapter' in project 'ReluxTunnel'
        ➜ Explicit dependency on target 'ReluxTunnelCore' in project 'ReluxTunnel'
    Target 'ReluxTunnelCore' in project 'ReluxTunnel' (no dependencies)

GatherProvisioningInputs

CreateBuildDescription

ExecuteExternalTool /Applications/Xcode_26_5.app/Contents/Developer/Toolchains/XcodeDefault.xctoolchain/usr/bin/clang -v -E -dM -isysroot /Applications/Xcode_26_5.app/Contents/Developer/Platforms/iPhoneSimulator.platform/Developer/SDKs/iPhoneSimulator26.5.sdk -x c -c /dev/null

ExecuteExternalTool /Applications/Xcode_26_5.app/Contents/Developer/Toolchains/XcodeDefault.xctoolchain/usr/bin/swiftc --version

ExecuteExternalTool /Applications/Xcode_26_5.app/Contents/Developer/Toolchains/XcodeDefault.xctoolchain/usr/bin/ld -version_details

ReadFileContents /Applications/Xcode_26_5.app/Contents/Developer/Toolchains/XcodeDefault.xctoolchain/usr/share/docc/features.json

Build description signature: 338cafde0acedfe0004efa3bb9ea003a
Build description path: /Users/iv/Developer/.build/Intermediates.noindex/XCBuildData/338cafde0acedfe0004efa3bb9ea003a.xcbuilddata
ClangStatCache /Applications/Xcode_26_5.app/Contents/Developer/Toolchains/XcodeDefault.xctoolchain/usr/bin/clang-stat-cache /Applications/Xcode_26_5.app/Contents/Developer/Platforms/iPhoneSimulator.platform/Developer/SDKs/iPhoneSimulator26.5.sdk /Users/iv/Developer/relux-tunnel/.temp/TASK-260715-15vkvz/DerivedData-rework03-iOS/SDKStatCaches.noindex/iphonesimulator26.5-23F73-9976ff0a46533d0d3305099c8405181f.sdkstatcache
    cd /Users/iv/Developer/relux-tunnel/.swiftpm/xcode
    /Applications/Xcode_26_5.app/Contents/Developer/Toolchains/XcodeDefault.xctoolchain/usr/bin/clang-stat-cache /Applications/Xcode_26_5.app/Contents/Developer/Platforms/iPhoneSimulator.platform/Developer/SDKs/iPhoneSimulator26.5.sdk -o /Users/iv/Developer/relux-tunnel/.temp/TASK-260715-15vkvz/DerivedData-rework03-iOS/SDKStatCaches.noindex/iphonesimulator26.5-23F73-9976ff0a46533d0d3305099c8405181f.sdkstatcache

SwiftDriver ReluxTunnelCore normal x86_64 com.apple.xcode.tools.swift.compiler (in target 'ReluxTunnelCore' from project 'ReluxTunnel')
    cd /Users/iv/Developer/relux-tunnel/.swiftpm/xcode
    builtin-SwiftDriver -- /Applications/Xcode_26_5.app/Contents/Developer/Toolchains/XcodeDefault.xctoolchain/usr/bin/swiftc -module-name ReluxTunnelCore -Onone @/Users/iv/Developer/.build/Intermediates.noindex/ReluxTunnel.build/Debug-iphonesimulator/ReluxTunnelCore.build/Objects-normal/x86_64/ReluxTunnelCore.SwiftFileList -DSWIFT_PACKAGE -DDEBUG -DSWIFT_MODULE_RESOURCE_BUNDLE_UNAVAILABLE -DXcode -plugin-path /Applications/Xcode_26_5.app/Contents/Developer/Toolchains/XcodeDefault.xctoolchain/usr/lib/swift/host/plugins/testing -enable-experimental-feature DebugDescriptionMacro -sdk /Applications/Xcode_26_5.app/Contents/Developer/Platforms/iPhoneSimulator.platform/Developer/SDKs/iPhoneSimulator26.5.sdk -target x86_64-apple-ios18.0-simulator -g -module-cache-path /Users/iv/Developer/relux-tunnel/.temp/TASK-260715-15vkvz/DerivedData-rework03-iOS/ModuleCache.noindex -Xfrontend -serialize-debugging-options -enable-testing -index-store-path /Users/iv/Developer/relux-tunnel/.temp/TASK-260715-15vkvz/DerivedData-rework03-iOS/Index.noindex/DataStore -Xcc -D_LIBCPP_HARDENING_MODE\=_LIBCPP_HARDENING_MODE_DEBUG -swift-version 6 -I /Users/iv/Developer/.build/Products/Debug-iphonesimulator -Isystem /Applications/Xcode_26_5.app/Contents/Developer/Platforms/iPhoneSimulator.platform/Developer/usr/lib -F /Users/iv/Developer/.build/Products/Debug-iphonesimulator -F /Applications/Xcode_26_5.app/Contents/Developer/Platforms/iPhoneSimulator.platform/Developer/Library/Frameworks -F /Applications/Xcode_26_5.app/Contents/Developer/Platforms/iPhoneSimulator.platform/Developer/SDKs/iPhoneSimulator26.5.sdk/Developer/Library/Frameworks -c -j16 -enable-batch-mode -incremental -Xcc -ivfsstatcache -Xcc /Users/iv/Developer/relux-tunnel/.temp/TASK-260715-15vkvz/DerivedData-rework03-iOS/SDKStatCaches.noindex/iphonesimulator26.5-23F73-9976ff0a46533d0d3305099c8405181f.sdkstatcache -output-file-map /Users/iv/Developer/.build/Intermediates.noindex/ReluxTunnel.build/Debug-iphonesimulator/ReluxTunnelCore.build/Objects-normal/x86_64/ReluxTunnelCore-OutputFileMap.json -use-frontend-parseable-output -save-temps -no-color-diagnostics -explicit-module-build -module-cache-path /Users/iv/Developer/.build/Intermediates.noindex/SwiftExplicitPrecompiledModules -clang-scanner-module-cache-path /Users/iv/Developer/relux-tunnel/.temp/TASK-260715-15vkvz/DerivedData-rework03-iOS/ModuleCache.noindex -sdk-module-cache-path /Users/iv/Developer/relux-tunnel/.temp/TASK-260715-15vkvz/DerivedData-rework03-iOS/ModuleCache.noindex -serialize-diagnostics -emit-dependencies -emit-module -emit-module-path /Users/iv/Developer/.build/Intermediates.noindex/ReluxTunnel.build/Debug-iphonesimulator/ReluxTunnelCore.build/Objects-normal/x86_64/ReluxTunnelCore.swiftmodule -validate-clang-modules-once -clang-build-session-file /Users/iv/Developer/relux-tunnel/.temp/TASK-260715-15vkvz/DerivedData-rework03-iOS/ModuleCache.noindex/Session.modulevalidation -package-name relux_tunnel -Xcc -I/Users/iv/Developer/.build/Intermediates.noindex/ReluxTunnel.build/Debug-iphonesimulator/ReluxTunnelCore.build/swift-overrides.hmap -emit-const-values -Xfrontend -const-gather-protocols-file -Xfrontend /Users/iv/Developer/.build/Intermediates.noindex/ReluxTunnel.build/Debug-iphonesimulator/ReluxTunnelCore.build/Objects-normal/x86_64/ReluxTunnelCore_const_extract_protocols.json -Xcc -I/Users/iv/Developer/.build/Products/Debug-iphonesimulator/include -Xcc -I/Users/iv/Developer/.build/Intermediates.noindex/ReluxTunnel.build/Debug-iphonesimulator/ReluxTunnelCore.build/DerivedSources-normal/x86_64 -Xcc -I/Users/iv/Developer/.build/Intermediates.noindex/ReluxTunnel.build/Debug-iphonesimulator/ReluxTunnelCore.build/DerivedSources/x86_64 -Xcc -I/Users/iv/Developer/.build/Intermediates.noindex/ReluxTunnel.build/Debug-iphonesimulator/ReluxTunnelCore.build/DerivedSources -Xcc -DSWIFT_PACKAGE -Xcc -DDEBUG\=1 -emit-objc-header -emit-objc-header-path /Users/iv/Developer/.build/Intermediates.noindex/ReluxTunnel.build/Debug-iphonesimulator/ReluxTunnelCore.build/Objects-normal/x86_64/ReluxTunnelCore-Swift.h -working-directory /Users/iv/Developer/relux-tunnel/.swiftpm/xcode -experimental-emit-module-separately -disable-cmo

SwiftDriver ReluxTunnelCore normal arm64 com.apple.xcode.tools.swift.compiler (in target 'ReluxTunnelCore' from project 'ReluxTunnel')
    cd /Users/iv/Developer/relux-tunnel/.swiftpm/xcode
    builtin-SwiftDriver -- /Applications/Xcode_26_5.app/Contents/Developer/Toolchains/XcodeDefault.xctoolchain/usr/bin/swiftc -module-name ReluxTunnelCore -Onone @/Users/iv/Developer/.build/Intermediates.noindex/ReluxTunnel.build/Debug-iphonesimulator/ReluxTunnelCore.build/Objects-normal/arm64/ReluxTunnelCore.SwiftFileList -DSWIFT_PACKAGE -DDEBUG -DSWIFT_MODULE_RESOURCE_BUNDLE_UNAVAILABLE -DXcode -plugin-path /Applications/Xcode_26_5.app/Contents/Developer/Toolchains/XcodeDefault.xctoolchain/usr/lib/swift/host/plugins/testing -enable-experimental-feature DebugDescriptionMacro -sdk /Applications/Xcode_26_5.app/Contents/Developer/Platforms/iPhoneSimulator.platform/Developer/SDKs/iPhoneSimulator26.5.sdk -target arm64-apple-ios18.0-simulator -g -module-cache-path /Users/iv/Developer/relux-tunnel/.temp/TASK-260715-15vkvz/DerivedData-rework03-iOS/ModuleCache.noindex -Xfrontend -serialize-debugging-options -enable-testing -index-store-path /Users/iv/Developer/relux-tunnel/.temp/TASK-260715-15vkvz/DerivedData-rework03-iOS/Index.noindex/DataStore -Xcc -D_LIBCPP_HARDENING_MODE\=_LIBCPP_HARDENING_MODE_DEBUG -swift-version 6 -I /Users/iv/Developer/.build/Products/Debug-iphonesimulator -Isystem /Applications/Xcode_26_5.app/Contents/Developer/Platforms/iPhoneSimulator.platform/Developer/usr/lib -F /Users/iv/Developer/.build/Products/Debug-iphonesimulator -F /Applications/Xcode_26_5.app/Contents/Developer/Platforms/iPhoneSimulator.platform/Developer/Library/Frameworks -F /Applications/Xcode_26_5.app/Contents/Developer/Platforms/iPhoneSimulator.platform/Developer/SDKs/iPhoneSimulator26.5.sdk/Developer/Library/Frameworks -c -j16 -enable-batch-mode -incremental -Xcc -ivfsstatcache -Xcc /Users/iv/Developer/relux-tunnel/.temp/TASK-260715-15vkvz/DerivedData-rework03-iOS/SDKStatCaches.noindex/iphonesimulator26.5-23F73-9976ff0a46533d0d3305099c8405181f.sdkstatcache -output-file-map /Users/iv/Developer/.build/Intermediates.noindex/ReluxTunnel.build/Debug-iphonesimulator/ReluxTunnelCore.build/Objects-normal/arm64/ReluxTunnelCore-OutputFileMap.json -use-frontend-parseable-output -save-temps -no-color-diagnostics -explicit-module-build -module-cache-path /Users/iv/Developer/.build/Intermediates.noindex/SwiftExplicitPrecompiledModules -clang-scanner-module-cache-path /Users/iv/Developer/relux-tunnel/.temp/TASK-260715-15vkvz/DerivedData-rework03-iOS/ModuleCache.noindex -sdk-module-cache-path /Users/iv/Developer/relux-tunnel/.temp/TASK-260715-15vkvz/DerivedData-rework03-iOS/ModuleCache.noindex -serialize-diagnostics -emit-dependencies -emit-module -emit-module-path /Users/iv/Developer/.build/Intermediates.noindex/ReluxTunnel.build/Debug-iphonesimulator/ReluxTunnelCore.build/Objects-normal/arm64/ReluxTunnelCore.swiftmodule -validate-clang-modules-once -clang-build-session-file /Users/iv/Developer/relux-tunnel/.temp/TASK-260715-15vkvz/DerivedData-rework03-iOS/ModuleCache.noindex/Session.modulevalidation -package-name relux_tunnel -Xcc -I/Users/iv/Developer/.build/Intermediates.noindex/ReluxTunnel.build/Debug-iphonesimulator/ReluxTunnelCore.build/swift-overrides.hmap -emit-const-values -Xfrontend -const-gather-protocols-file -Xfrontend /Users/iv/Developer/.build/Intermediates.noindex/ReluxTunnel.build/Debug-iphonesimulator/ReluxTunnelCore.build/Objects-normal/arm64/ReluxTunnelCore_const_extract_protocols.json -Xcc -I/Users/iv/Developer/.build/Products/Debug-iphonesimulator/include -Xcc -I/Users/iv/Developer/.build/Intermediates.noindex/ReluxTunnel.build/Debug-iphonesimulator/ReluxTunnelCore.build/DerivedSources-normal/arm64 -Xcc -I/Users/iv/Developer/.build/Intermediates.noindex/ReluxTunnel.build/Debug-iphonesimulator/ReluxTunnelCore.build/DerivedSources/arm64 -Xcc -I/Users/iv/Developer/.build/Intermediates.noindex/ReluxTunnel.build/Debug-iphonesimulator/ReluxTunnelCore.build/DerivedSources -Xcc -DSWIFT_PACKAGE -Xcc -DDEBUG\=1 -emit-objc-header -emit-objc-header-path /Users/iv/Developer/.build/Intermediates.noindex/ReluxTunnel.build/Debug-iphonesimulator/ReluxTunnelCore.build/Objects-normal/arm64/ReluxTunnelCore-Swift.h -working-directory /Users/iv/Developer/relux-tunnel/.swiftpm/xcode -experimental-emit-module-separately -disable-cmo

SwiftExplicitDependencyGeneratePcm x86_64 /Users/iv/Developer/relux-tunnel/.temp/TASK-260715-15vkvz/DerivedData-rework03-iOS/ModuleCache.noindex/_AvailabilityInternal-6V71HI46BI4HO4EH1NRX7GH07.pcm

SwiftExplicitDependencyGeneratePcm x86_64 /Users/iv/Developer/relux-tunnel/.temp/TASK-260715-15vkvz/DerivedData-rework03-iOS/ModuleCache.noindex/_Builtin_stdbool-C8Q2X6XTEQ2MZEZJZCB85QHSZ.pcm

SwiftExplicitDependencyGeneratePcm x86_64 /Users/iv/Developer/relux-tunnel/.temp/TASK-260715-15vkvz/DerivedData-rework03-iOS/ModuleCache.noindex/_Builtin_stddef-CG722NONBA3L8XZ0Z0VMLZHQL.pcm

SwiftExplicitDependencyGeneratePcm x86_64 /Users/iv/Developer/relux-tunnel/.temp/TASK-260715-15vkvz/DerivedData-rework03-iOS/ModuleCache.noindex/SwiftShims-D7Q07WJKV2SL1QJVXRMHV0QEE.pcm

SwiftExplicitDependencyGeneratePcm x86_64 /Users/iv/Developer/relux-tunnel/.temp/TASK-260715-15vkvz/DerivedData-rework03-iOS/ModuleCache.noindex/_Builtin_float-7RMLZ102OXJL1ZB3ZAYJTY70F.pcm

SwiftExplicitDependencyGeneratePcm x86_64 /Users/iv/Developer/relux-tunnel/.temp/TASK-260715-15vkvz/DerivedData-rework03-iOS/ModuleCache.noindex/_Builtin_stdarg-A2P7N0OGS00AMWJ2RA4SCVW1D.pcm

SwiftExplicitDependencyGeneratePcm arm64 /Users/iv/Developer/relux-tunnel/.temp/TASK-260715-15vkvz/DerivedData-rework03-iOS/ModuleCache.noindex/SwiftShims-2FU8X9JLTFPYVDUBY9BPTXM7L.pcm

SwiftExplicitDependencyGeneratePcm x86_64 /Users/iv/Developer/relux-tunnel/.temp/TASK-260715-15vkvz/DerivedData-rework03-iOS/ModuleCache.noindex/_SwiftConcurrencyShims-AB3YDWMJ3R8KM1GPNJBAO1PSD.pcm

SwiftExplicitDependencyGeneratePcm arm64 /Users/iv/Developer/relux-tunnel/.temp/TASK-260715-15vkvz/DerivedData-rework03-iOS/ModuleCache.noindex/_Builtin_float-77FLCMZJ2B78KK1QUV9CGQN8W.pcm

SwiftExplicitDependencyGeneratePcm arm64 /Users/iv/Developer/relux-tunnel/.temp/TASK-260715-15vkvz/DerivedData-rework03-iOS/ModuleCache.noindex/_Builtin_stdarg-7UD00M091PEOKWZJJSE6T0G5P.pcm

SwiftExplicitDependencyGeneratePcm arm64 /Users/iv/Developer/relux-tunnel/.temp/TASK-260715-15vkvz/DerivedData-rework03-iOS/ModuleCache.noindex/ptrcheck-BVINJHO7ADAQCILXZYV5MDMAA.pcm

SwiftExplicitDependencyGeneratePcm arm64 /Users/iv/Developer/relux-tunnel/.temp/TASK-260715-15vkvz/DerivedData-rework03-iOS/ModuleCache.noindex/_Builtin_stdbool-XJ84BBA6MHVGPT64TXUCTDJK.pcm

SwiftExplicitDependencyGeneratePcm arm64 /Users/iv/Developer/relux-tunnel/.temp/TASK-260715-15vkvz/DerivedData-rework03-iOS/ModuleCache.noindex/_SwiftConcurrencyShims-DM9WLGEAMZ7TZH3D5H4PD7454.pcm

SwiftExplicitDependencyGeneratePcm arm64 /Users/iv/Developer/relux-tunnel/.temp/TASK-260715-15vkvz/DerivedData-rework03-iOS/ModuleCache.noindex/_Builtin_stddef-160BLFV1VJWTFAMG11PCW5ZDA.pcm

SwiftExplicitDependencyGeneratePcm x86_64 /Users/iv/Developer/relux-tunnel/.temp/TASK-260715-15vkvz/DerivedData-rework03-iOS/ModuleCache.noindex/ptrcheck-4IU1ENQDL026MR9R9HW64UCSE.pcm

SwiftExplicitDependencyGeneratePcm arm64 /Users/iv/Developer/relux-tunnel/.temp/TASK-260715-15vkvz/DerivedData-rework03-iOS/ModuleCache.noindex/ptrauth-APN8RG568LMUWFSM6PVK6FB35.pcm

SwiftExplicitDependencyGeneratePcm arm64 /Users/iv/Developer/relux-tunnel/.temp/TASK-260715-15vkvz/DerivedData-rework03-iOS/ModuleCache.noindex/_AvailabilityInternal-CT7815Q9CNUT4RXYO8GPMU3UL.pcm

SwiftExplicitDependencyGeneratePcm x86_64 /Users/iv/Developer/relux-tunnel/.temp/TASK-260715-15vkvz/DerivedData-rework03-iOS/ModuleCache.noindex/ptrauth-2PHXCPWS5BYHJ8F6TQJ2L4IW.pcm

SwiftExplicitDependencyGeneratePcm x86_64 /Users/iv/Developer/relux-tunnel/.temp/TASK-260715-15vkvz/DerivedData-rework03-iOS/ModuleCache.noindex/_DarwinFoundation1-3KW8SGGX12V0BD46RFJGDBY1O.pcm

SwiftExplicitDependencyGeneratePcm arm64 /Users/iv/Developer/relux-tunnel/.temp/TASK-260715-15vkvz/DerivedData-rework03-iOS/ModuleCache.noindex/_DarwinFoundation1-12UYK3EOX45UUKH6EZCO7Y6C9.pcm

SwiftExplicitDependencyGeneratePcm x86_64 /Users/iv/Developer/relux-tunnel/.temp/TASK-260715-15vkvz/DerivedData-rework03-iOS/ModuleCache.noindex/_DarwinFoundation2-752E0XWRKR3FJ6FOVQ4SGK7FP.pcm

SwiftExplicitDependencyGeneratePcm x86_64 /Users/iv/Developer/relux-tunnel/.temp/TASK-260715-15vkvz/DerivedData-rework03-iOS/ModuleCache.noindex/_Builtin_limits-A4WCRP9ZII3DS4CIKN0WNN662.pcm

SwiftExplicitDependencyGeneratePcm arm64 /Users/iv/Developer/relux-tunnel/.temp/TASK-260715-15vkvz/DerivedData-rework03-iOS/ModuleCache.noindex/_DarwinFoundation2-3CNT773J3KPU7FRX5C5SVHTB8.pcm

SwiftExplicitDependencyGeneratePcm arm64 /Users/iv/Developer/relux-tunnel/.temp/TASK-260715-15vkvz/DerivedData-rework03-iOS/ModuleCache.noindex/_Builtin_limits-4U3COY10OKADLWCSO91KI5FAA.pcm

SwiftExplicitDependencyGeneratePcm x86_64 /Users/iv/Developer/relux-tunnel/.temp/TASK-260715-15vkvz/DerivedData-rework03-iOS/ModuleCache.noindex/sys_types-ATXNSCOJJF4OXNLWA01ZWCCLT.pcm

SwiftExplicitDependencyGeneratePcm x86_64 /Users/iv/Developer/relux-tunnel/.temp/TASK-260715-15vkvz/DerivedData-rework03-iOS/ModuleCache.noindex/_Builtin_stdint-DEWTAPM0TE0IIC12CQHXJ2TSM.pcm

SwiftExplicitDependencyGeneratePcm x86_64 /Users/iv/Developer/relux-tunnel/.temp/TASK-260715-15vkvz/DerivedData-rework03-iOS/ModuleCache.noindex/_DarwinFoundation3-59S1L443FPNIBL05XRCJZW2OP.pcm

SwiftExplicitDependencyGeneratePcm arm64 /Users/iv/Developer/relux-tunnel/.temp/TASK-260715-15vkvz/DerivedData-rework03-iOS/ModuleCache.noindex/_Builtin_stdint-AWZ4JILU2NBKXTFZBWUXD7CO3.pcm

SwiftExplicitDependencyGeneratePcm arm64 /Users/iv/Developer/relux-tunnel/.temp/TASK-260715-15vkvz/DerivedData-rework03-iOS/ModuleCache.noindex/sys_types-1E4G67V1422W4M71MP7H32S75.pcm

SwiftExplicitDependencyGeneratePcm arm64 /Users/iv/Developer/relux-tunnel/.temp/TASK-260715-15vkvz/DerivedData-rework03-iOS/ModuleCache.noindex/_DarwinFoundation3-C7BX4YGLHMN8N0TIHQS6RO2HH.pcm

SwiftExplicitDependencyGeneratePcm x86_64 /Users/iv/Developer/relux-tunnel/.temp/TASK-260715-15vkvz/DerivedData-rework03-iOS/ModuleCache.noindex/_Builtin_inttypes-100JBQR5W3YUT0G9SGSABMMML.pcm

SwiftExplicitDependencyGeneratePcm x86_64 /Users/iv/Developer/relux-tunnel/.temp/TASK-260715-15vkvz/DerivedData-rework03-iOS/ModuleCache.noindex/Darwin-1TV8W88LS0LOG93CO5U66DV7Y.pcm

SwiftExplicitDependencyGeneratePcm arm64 /Users/iv/Developer/relux-tunnel/.temp/TASK-260715-15vkvz/DerivedData-rework03-iOS/ModuleCache.noindex/_Builtin_inttypes-52MS9O7Y2Q9XZKDRG7XCYUYTW.pcm

SwiftExplicitDependencyGeneratePcm arm64 /Users/iv/Developer/relux-tunnel/.temp/TASK-260715-15vkvz/DerivedData-rework03-iOS/ModuleCache.noindex/Darwin-3PF57MEJHP2ZWEJ5QUM136FJQ.pcm

SwiftExplicitDependencyGeneratePcm x86_64 /Users/iv/Developer/relux-tunnel/.temp/TASK-260715-15vkvz/DerivedData-rework03-iOS/ModuleCache.noindex/ObjectiveC-5B190W1RZ6BXI4W9QEOF4Y2XC.pcm

SwiftExplicitDependencyGeneratePcm arm64 /Users/iv/Developer/relux-tunnel/.temp/TASK-260715-15vkvz/DerivedData-rework03-iOS/ModuleCache.noindex/ObjectiveC-33TF58E1MFPY9MN2TWUIJ6YE.pcm

SwiftExplicitDependencyGeneratePcm x86_64 /Users/iv/Developer/relux-tunnel/.temp/TASK-260715-15vkvz/DerivedData-rework03-iOS/ModuleCache.noindex/os_object-AYOZBB7QD8AGYILNQ2ZL2Y0SZ.pcm

SwiftExplicitDependencyGeneratePcm x86_64 /Users/iv/Developer/relux-tunnel/.temp/TASK-260715-15vkvz/DerivedData-rework03-iOS/ModuleCache.noindex/os_workgroup-9AZ64WPLP0SZ86JHNI43ME0FW.pcm

SwiftExplicitDependencyGeneratePcm arm64 /Users/iv/Developer/relux-tunnel/.temp/TASK-260715-15vkvz/DerivedData-rework03-iOS/ModuleCache.noindex/os_object-6Q4RHC53TJWW5TZFS6MQYAN70.pcm

SwiftExplicitDependencyGeneratePcm x86_64 /Users/iv/Developer/relux-tunnel/.temp/TASK-260715-15vkvz/DerivedData-rework03-iOS/ModuleCache.noindex/Dispatch-BRY6HZ2ZYZYKYZDNY3X3U3WMW.pcm

SwiftExplicitDependencyGeneratePcm arm64 /Users/iv/Developer/relux-tunnel/.temp/TASK-260715-15vkvz/DerivedData-rework03-iOS/ModuleCache.noindex/os_workgroup-5GCESJ835AOKAZE2G17R5RYKT.pcm

SwiftExplicitDependencyGeneratePcm x86_64 /Users/iv/Developer/relux-tunnel/.temp/TASK-260715-15vkvz/DerivedData-rework03-iOS/ModuleCache.noindex/CoreFoundation-68F1PEDFVU2Q7K3SQ71LRMHGG.pcm

SwiftExplicitDependencyGeneratePcm x86_64 /Users/iv/Developer/relux-tunnel/.temp/TASK-260715-15vkvz/DerivedData-rework03-iOS/ModuleCache.noindex/XPC-6JV14O1V3HUWCVG0OMXUIAA46.pcm

SwiftExplicitDependencyGeneratePcm arm64 /Users/iv/Developer/relux-tunnel/.temp/TASK-260715-15vkvz/DerivedData-rework03-iOS/ModuleCache.noindex/Dispatch-AUODGQ3KMBCII7PSDBVFQIM7H.pcm

SwiftExplicitDependencyGeneratePcm arm64 /Users/iv/Developer/relux-tunnel/.temp/TASK-260715-15vkvz/DerivedData-rework03-iOS/ModuleCache.noindex/XPC-ET3TK7MTINFJPGKUCOC6UBCVG.pcm

SwiftExplicitDependencyGeneratePcm arm64 /Users/iv/Developer/relux-tunnel/.temp/TASK-260715-15vkvz/DerivedData-rework03-iOS/ModuleCache.noindex/CoreFoundation-6M4R5OB2AUM0FNG28SJUEVWBE.pcm

SwiftExplicitDependencyGeneratePcm x86_64 /Users/iv/Developer/relux-tunnel/.temp/TASK-260715-15vkvz/DerivedData-rework03-iOS/ModuleCache.noindex/CFNetwork-8JH8Y0VEPEI0PJSJ53OKUHJVF.pcm

SwiftExplicitDependencyGeneratePcm x86_64 /Users/iv/Developer/relux-tunnel/.temp/TASK-260715-15vkvz/DerivedData-rework03-iOS/ModuleCache.noindex/Security-1QCB8O1M75QF09G4POLSQNBX7.pcm

SwiftExplicitDependencyGeneratePcm arm64 /Users/iv/Developer/relux-tunnel/.temp/TASK-260715-15vkvz/DerivedData-rework03-iOS/ModuleCache.noindex/CFNetwork-6QWD3MMS7K9U6L1OVCHTVGU8C.pcm

SwiftExplicitDependencyGeneratePcm arm64 /Users/iv/Developer/relux-tunnel/.temp/TASK-260715-15vkvz/DerivedData-rework03-iOS/ModuleCache.noindex/Security-1X6KUAQ4W05Y5NX4YWQBVMMY5.pcm

SwiftExplicitDependencyGeneratePcm x86_64 /Users/iv/Developer/relux-tunnel/.temp/TASK-260715-15vkvz/DerivedData-rework03-iOS/ModuleCache.noindex/Foundation-71I07J86DCSASYJIEO1XQCJHS.pcm

SwiftExplicitDependencyGeneratePcm arm64 /Users/iv/Developer/relux-tunnel/.temp/TASK-260715-15vkvz/DerivedData-rework03-iOS/ModuleCache.noindex/Foundation-BCNVDS6I5O7TO7312QU7HSY0R.pcm

SwiftExplicitDependencyGeneratePcm x86_64 /Users/iv/Developer/relux-tunnel/.temp/TASK-260715-15vkvz/DerivedData-rework03-iOS/ModuleCache.noindex/LocalAuthentication-3KM3DS0461ER20GBQVN9FUZQI.pcm

SwiftEmitModule normal x86_64 Emitting\ module\ for\ ReluxTunnelCore (in target 'ReluxTunnelCore' from project 'ReluxTunnel')

EmitSwiftModule normal x86_64 (in target 'ReluxTunnelCore' from project 'ReluxTunnel')
    cd /Users/iv/Developer/relux-tunnel/.swiftpm/xcode
    

SwiftCompile normal x86_64 Compiling\ VPNManagerRepository.swift /Users/iv/Developer/relux-tunnel/Sources/ReluxTunnelCore/VPNManagerRepository.swift (in target 'ReluxTunnelCore' from project 'ReluxTunnel')
SwiftCompile normal x86_64 /Users/iv/Developer/relux-tunnel/Sources/ReluxTunnelCore/VPNManagerRepository.swift (in target 'ReluxTunnelCore' from project 'ReluxTunnel')
    cd /Users/iv/Developer/relux-tunnel/.swiftpm/xcode
    

SwiftCompile normal x86_64 Compiling\ RuntimeContracts.swift /Users/iv/Developer/relux-tunnel/Sources/ReluxTunnelCore/RuntimeContracts.swift (in target 'ReluxTunnelCore' from project 'ReluxTunnel')

SwiftCompile normal x86_64 /Users/iv/Developer/relux-tunnel/Sources/ReluxTunnelCore/RuntimeContracts.swift (in target 'ReluxTunnelCore' from project 'ReluxTunnel')
    cd /Users/iv/Developer/relux-tunnel/.swiftpm/xcode
    

SwiftCompile normal x86_64 Compiling\ SSHContracts.swift /Users/iv/Developer/relux-tunnel/Sources/ReluxTunnelCore/SSHContracts.swift (in target 'ReluxTunnelCore' from project 'ReluxTunnel')
SwiftCompile normal x86_64 /Users/iv/Developer/relux-tunnel/Sources/ReluxTunnelCore/SSHContracts.swift (in target 'ReluxTunnelCore' from project 'ReluxTunnel')
    cd /Users/iv/Developer/relux-tunnel/.swiftpm/xcode
    

SwiftCompile normal x86_64 Compiling\ RuntimeMessageModels.swift /Users/iv/Developer/relux-tunnel/Sources/ReluxTunnelCore/RuntimeMessageModels.swift (in target 'ReluxTunnelCore' from project 'ReluxTunnel')
SwiftCompile normal x86_64 /Users/iv/Developer/relux-tunnel/Sources/ReluxTunnelCore/RuntimeMessageModels.swift (in target 'ReluxTunnelCore' from project 'ReluxTunnel')
    cd /Users/iv/Developer/relux-tunnel/.swiftpm/xcode
    

SwiftCompile normal x86_64 Compiling\ TunnelRuntimeCoordinator.swift /Users/iv/Developer/relux-tunnel/Sources/ReluxTunnelCore/TunnelRuntimeCoordinator.swift (in target 'ReluxTunnelCore' from project 'ReluxTunnel')
SwiftCompile normal x86_64 /Users/iv/Developer/relux-tunnel/Sources/ReluxTunnelCore/TunnelRuntimeCoordinator.swift (in target 'ReluxTunnelCore' from project 'ReluxTunnel')
    cd /Users/iv/Developer/relux-tunnel/.swiftpm/xcode
    

SwiftCompile normal x86_64 Compiling\ RuntimeDiagnostics.swift /Users/iv/Developer/relux-tunnel/Sources/ReluxTunnelCore/RuntimeDiagnostics.swift (in target 'ReluxTunnelCore' from project 'ReluxTunnel')

SwiftCompile normal x86_64 /Users/iv/Developer/relux-tunnel/Sources/ReluxTunnelCore/RuntimeDiagnostics.swift (in target 'ReluxTunnelCore' from project 'ReluxTunnel')
    cd /Users/iv/Developer/relux-tunnel/.swiftpm/xcode
    

SwiftCompile normal x86_64 Compiling\ RelayByteCodec.swift /Users/iv/Developer/relux-tunnel/Sources/ReluxTunnelCore/RelayProtocol/RelayByteCodec.swift (in target 'ReluxTunnelCore' from project 'ReluxTunnel')

SwiftCompile normal x86_64 /Users/iv/Developer/relux-tunnel/Sources/ReluxTunnelCore/RelayProtocol/RelayByteCodec.swift (in target 'ReluxTunnelCore' from project 'ReluxTunnel')
    cd /Users/iv/Developer/relux-tunnel/.swiftpm/xcode
    

SwiftCompile normal x86_64 Compiling\ RelayDatagramCodec.swift /Users/iv/Developer/relux-tunnel/Sources/ReluxTunnelCore/RelayProtocol/RelayDatagramCodec.swift (in target 'ReluxTunnelCore' from project 'ReluxTunnel')

SwiftCompile normal x86_64 /Users/iv/Developer/relux-tunnel/Sources/ReluxTunnelCore/RelayProtocol/RelayDatagramCodec.swift (in target 'ReluxTunnelCore' from project 'ReluxTunnel')
    cd /Users/iv/Developer/relux-tunnel/.swiftpm/xcode
    

SwiftCompile normal x86_64 Compiling\ RelayProtocolV1+Generated.swift /Users/iv/Developer/relux-tunnel/Sources/ReluxTunnelCore/RelayProtocol/Generated/RelayProtocolV1+Generated.swift (in target 'ReluxTunnelCore' from project 'ReluxTunnel')

SwiftCompile normal x86_64 /Users/iv/Developer/relux-tunnel/Sources/ReluxTunnelCore/RelayProtocol/Generated/RelayProtocolV1+Generated.swift (in target 'ReluxTunnelCore' from project 'ReluxTunnel')
    cd /Users/iv/Developer/relux-tunnel/.swiftpm/xcode
    

SwiftCompile normal x86_64 Compiling\ PacketFlowBridge.swift /Users/iv/Developer/relux-tunnel/Sources/ReluxTunnelCore/PacketFlowBridge.swift (in target 'ReluxTunnelCore' from project 'ReluxTunnel')
SwiftCompile normal x86_64 /Users/iv/Developer/relux-tunnel/Sources/ReluxTunnelCore/PacketFlowBridge.swift (in target 'ReluxTunnelCore' from project 'ReluxTunnel')
    cd /Users/iv/Developer/relux-tunnel/.swiftpm/xcode
    

SwiftCompile normal x86_64 Compiling\ RelayHandshake.swift /Users/iv/Developer/relux-tunnel/Sources/ReluxTunnelCore/RelayProtocol/RelayHandshake.swift (in target 'ReluxTunnelCore' from project 'ReluxTunnel')

SwiftCompile normal x86_64 /Users/iv/Developer/relux-tunnel/Sources/ReluxTunnelCore/RelayProtocol/RelayHandshake.swift (in target 'ReluxTunnelCore' from project 'ReluxTunnel')
    cd /Users/iv/Developer/relux-tunnel/.swiftpm/xcode
    

SwiftCompile normal x86_64 Compiling\ PacketFlowBridgeContracts.swift /Users/iv/Developer/relux-tunnel/Sources/ReluxTunnelCore/PacketFlowBridgeContracts.swift (in target 'ReluxTunnelCore' from project 'ReluxTunnel')

SwiftCompile normal x86_64 /Users/iv/Developer/relux-tunnel/Sources/ReluxTunnelCore/PacketFlowBridgeContracts.swift (in target 'ReluxTunnelCore' from project 'ReluxTunnel')
    cd /Users/iv/Developer/relux-tunnel/.swiftpm/xcode
    

SwiftCompile normal x86_64 Compiling\ ProviderLifecycle.swift /Users/iv/Developer/relux-tunnel/Sources/ReluxTunnelCore/ProviderLifecycle.swift (in target 'ReluxTunnelCore' from project 'ReluxTunnel')

SwiftCompile normal x86_64 /Users/iv/Developer/relux-tunnel/Sources/ReluxTunnelCore/ProviderLifecycle.swift (in target 'ReluxTunnelCore' from project 'ReluxTunnel')
    cd /Users/iv/Developer/relux-tunnel/.swiftpm/xcode
    

SwiftCompile normal x86_64 Compiling\ PacketContracts.swift,\ PacketFlowAdapterBoundary.swift /Users/iv/Developer/relux-tunnel/Sources/ReluxTunnelCore/PacketContracts.swift /Users/iv/Developer/relux-tunnel/Sources/ReluxTunnelCore/PacketFlowAdapterBoundary.swift (in target 'ReluxTunnelCore' from project 'ReluxTunnel')

SwiftCompile normal x86_64 /Users/iv/Developer/relux-tunnel/Sources/ReluxTunnelCore/PacketContracts.swift (in target 'ReluxTunnelCore' from project 'ReluxTunnel')
    cd /Users/iv/Developer/relux-tunnel/.swiftpm/xcode
    

SwiftCompile normal x86_64 /Users/iv/Developer/relux-tunnel/Sources/ReluxTunnelCore/PacketFlowAdapterBoundary.swift (in target 'ReluxTunnelCore' from project 'ReluxTunnel')
    cd /Users/iv/Developer/relux-tunnel/.swiftpm/xcode
    

SwiftCompile normal x86_64 Compiling\ ComponentContracts.swift,\ DarwinPacketBridgeIO.swift /Users/iv/Developer/relux-tunnel/Sources/ReluxTunnelCore/ComponentContracts.swift /Users/iv/Developer/relux-tunnel/Sources/ReluxTunnelCore/DarwinPacketBridgeIO.swift (in target 'ReluxTunnelCore' from project 'ReluxTunnel')

SwiftCompile normal x86_64 /Users/iv/Developer/relux-tunnel/Sources/ReluxTunnelCore/ComponentContracts.swift (in target 'ReluxTunnelCore' from project 'ReluxTunnel')
    cd /Users/iv/Developer/relux-tunnel/.swiftpm/xcode
    

SwiftCompile normal x86_64 /Users/iv/Developer/relux-tunnel/Sources/ReluxTunnelCore/DarwinPacketBridgeIO.swift (in target 'ReluxTunnelCore' from project 'ReluxTunnel')
    cd /Users/iv/Developer/relux-tunnel/.swiftpm/xcode
    

SwiftExplicitDependencyGeneratePcm arm64 /Users/iv/Developer/relux-tunnel/.temp/TASK-260715-15vkvz/DerivedData-rework03-iOS/ModuleCache.noindex/LocalAuthentication-82NZPNCVWGLXFYFN6SPF73H3K.pcm

SwiftDriverJobDiscovery normal x86_64 Compiling RelayProtocolV1+Generated.swift (in target 'ReluxTunnelCore' from project 'ReluxTunnel')

SwiftCompile normal x86_64 Compiling\ RelaySession.swift /Users/iv/Developer/relux-tunnel/Sources/ReluxTunnelCore/RelayProtocol/RelaySession.swift (in target 'ReluxTunnelCore' from project 'ReluxTunnel')

SwiftCompile normal x86_64 /Users/iv/Developer/relux-tunnel/Sources/ReluxTunnelCore/RelayProtocol/RelaySession.swift (in target 'ReluxTunnelCore' from project 'ReluxTunnel')
    cd /Users/iv/Developer/relux-tunnel/.swiftpm/xcode
    

SwiftEmitModule normal arm64 Emitting\ module\ for\ ReluxTunnelCore (in target 'ReluxTunnelCore' from project 'ReluxTunnel')

EmitSwiftModule normal arm64 (in target 'ReluxTunnelCore' from project 'ReluxTunnel')
    cd /Users/iv/Developer/relux-tunnel/.swiftpm/xcode
    

SwiftCompile normal arm64 Compiling\ RuntimeMessageModels.swift /Users/iv/Developer/relux-tunnel/Sources/ReluxTunnelCore/RuntimeMessageModels.swift (in target 'ReluxTunnelCore' from project 'ReluxTunnel')
SwiftCompile normal arm64 /Users/iv/Developer/relux-tunnel/Sources/ReluxTunnelCore/RuntimeMessageModels.swift (in target 'ReluxTunnelCore' from project 'ReluxTunnel')
    cd /Users/iv/Developer/relux-tunnel/.swiftpm/xcode
    

SwiftDriverJobDiscovery normal x86_64 Compiling ComponentContracts.swift, DarwinPacketBridgeIO.swift (in target 'ReluxTunnelCore' from project 'ReluxTunnel')

SwiftCompile normal arm64 Compiling\ RuntimeDiagnostics.swift /Users/iv/Developer/relux-tunnel/Sources/ReluxTunnelCore/RuntimeDiagnostics.swift (in target 'ReluxTunnelCore' from project 'ReluxTunnel')

SwiftCompile normal arm64 /Users/iv/Developer/relux-tunnel/Sources/ReluxTunnelCore/RuntimeDiagnostics.swift (in target 'ReluxTunnelCore' from project 'ReluxTunnel')
    cd /Users/iv/Developer/relux-tunnel/.swiftpm/xcode
    

SwiftDriverJobDiscovery normal x86_64 Compiling PacketContracts.swift, PacketFlowAdapterBoundary.swift (in target 'ReluxTunnelCore' from project 'ReluxTunnel')

SwiftCompile normal arm64 Compiling\ RelayDatagramCodec.swift /Users/iv/Developer/relux-tunnel/Sources/ReluxTunnelCore/RelayProtocol/RelayDatagramCodec.swift (in target 'ReluxTunnelCore' from project 'ReluxTunnel')

SwiftCompile normal arm64 /Users/iv/Developer/relux-tunnel/Sources/ReluxTunnelCore/RelayProtocol/RelayDatagramCodec.swift (in target 'ReluxTunnelCore' from project 'ReluxTunnel')
    cd /Users/iv/Developer/relux-tunnel/.swiftpm/xcode
    

SwiftDriverJobDiscovery normal x86_64 Compiling RelayDatagramCodec.swift (in target 'ReluxTunnelCore' from project 'ReluxTunnel')

SwiftCompile normal arm64 Compiling\ PacketFlowBridge.swift /Users/iv/Developer/relux-tunnel/Sources/ReluxTunnelCore/PacketFlowBridge.swift (in target 'ReluxTunnelCore' from project 'ReluxTunnel')
SwiftCompile normal arm64 /Users/iv/Developer/relux-tunnel/Sources/ReluxTunnelCore/PacketFlowBridge.swift (in target 'ReluxTunnelCore' from project 'ReluxTunnel')
    cd /Users/iv/Developer/relux-tunnel/.swiftpm/xcode
    

SwiftDriverJobDiscovery normal x86_64 Compiling RuntimeContracts.swift (in target 'ReluxTunnelCore' from project 'ReluxTunnel')

SwiftCompile normal arm64 Compiling\ TunnelRuntimeCoordinator.swift /Users/iv/Developer/relux-tunnel/Sources/ReluxTunnelCore/TunnelRuntimeCoordinator.swift (in target 'ReluxTunnelCore' from project 'ReluxTunnel')

SwiftCompile normal arm64 /Users/iv/Developer/relux-tunnel/Sources/ReluxTunnelCore/TunnelRuntimeCoordinator.swift (in target 'ReluxTunnelCore' from project 'ReluxTunnel')
    cd /Users/iv/Developer/relux-tunnel/.swiftpm/xcode
    

SwiftDriverJobDiscovery normal x86_64 Compiling RelayByteCodec.swift (in target 'ReluxTunnelCore' from project 'ReluxTunnel')

SwiftCompile normal arm64 Compiling\ RelayByteCodec.swift /Users/iv/Developer/relux-tunnel/Sources/ReluxTunnelCore/RelayProtocol/RelayByteCodec.swift (in target 'ReluxTunnelCore' from project 'ReluxTunnel')

SwiftCompile normal arm64 /Users/iv/Developer/relux-tunnel/Sources/ReluxTunnelCore/RelayProtocol/RelayByteCodec.swift (in target 'ReluxTunnelCore' from project 'ReluxTunnel')
    cd /Users/iv/Developer/relux-tunnel/.swiftpm/xcode
    

SwiftDriverJobDiscovery normal x86_64 Compiling PacketFlowBridgeContracts.swift (in target 'ReluxTunnelCore' from project 'ReluxTunnel')

SwiftCompile normal arm64 Compiling\ PacketContracts.swift,\ PacketFlowAdapterBoundary.swift /Users/iv/Developer/relux-tunnel/Sources/ReluxTunnelCore/PacketContracts.swift /Users/iv/Developer/relux-tunnel/Sources/ReluxTunnelCore/PacketFlowAdapterBoundary.swift (in target 'ReluxTunnelCore' from project 'ReluxTunnel')

SwiftCompile normal arm64 /Users/iv/Developer/relux-tunnel/Sources/ReluxTunnelCore/PacketContracts.swift (in target 'ReluxTunnelCore' from project 'ReluxTunnel')
    cd /Users/iv/Developer/relux-tunnel/.swiftpm/xcode
    

SwiftCompile normal arm64 /Users/iv/Developer/relux-tunnel/Sources/ReluxTunnelCore/PacketFlowAdapterBoundary.swift (in target 'ReluxTunnelCore' from project 'ReluxTunnel')
    cd /Users/iv/Developer/relux-tunnel/.swiftpm/xcode
    

SwiftDriverJobDiscovery normal x86_64 Compiling RelayHandshake.swift (in target 'ReluxTunnelCore' from project 'ReluxTunnel')

SwiftCompile normal arm64 Compiling\ RelayProtocolV1+Generated.swift /Users/iv/Developer/relux-tunnel/Sources/ReluxTunnelCore/RelayProtocol/Generated/RelayProtocolV1+Generated.swift (in target 'ReluxTunnelCore' from project 'ReluxTunnel')

SwiftCompile normal arm64 /Users/iv/Developer/relux-tunnel/Sources/ReluxTunnelCore/RelayProtocol/Generated/RelayProtocolV1+Generated.swift (in target 'ReluxTunnelCore' from project 'ReluxTunnel')
    cd /Users/iv/Developer/relux-tunnel/.swiftpm/xcode
    

SwiftDriverJobDiscovery normal x86_64 Compiling RuntimeDiagnostics.swift (in target 'ReluxTunnelCore' from project 'ReluxTunnel')

SwiftCompile normal arm64 Compiling\ ComponentContracts.swift,\ DarwinPacketBridgeIO.swift /Users/iv/Developer/relux-tunnel/Sources/ReluxTunnelCore/ComponentContracts.swift /Users/iv/Developer/relux-tunnel/Sources/ReluxTunnelCore/DarwinPacketBridgeIO.swift (in target 'ReluxTunnelCore' from project 'ReluxTunnel')

SwiftCompile normal arm64 /Users/iv/Developer/relux-tunnel/Sources/ReluxTunnelCore/ComponentContracts.swift (in target 'ReluxTunnelCore' from project 'ReluxTunnel')
    cd /Users/iv/Developer/relux-tunnel/.swiftpm/xcode
    

SwiftCompile normal arm64 /Users/iv/Developer/relux-tunnel/Sources/ReluxTunnelCore/DarwinPacketBridgeIO.swift (in target 'ReluxTunnelCore' from project 'ReluxTunnel')
    cd /Users/iv/Developer/relux-tunnel/.swiftpm/xcode
    

SwiftDriverJobDiscovery normal x86_64 Compiling RelaySession.swift (in target 'ReluxTunnelCore' from project 'ReluxTunnel')

SwiftCompile normal arm64 Compiling\ SSHContracts.swift /Users/iv/Developer/relux-tunnel/Sources/ReluxTunnelCore/SSHContracts.swift (in target 'ReluxTunnelCore' from project 'ReluxTunnel')

SwiftCompile normal arm64 /Users/iv/Developer/relux-tunnel/Sources/ReluxTunnelCore/SSHContracts.swift (in target 'ReluxTunnelCore' from project 'ReluxTunnel')
    cd /Users/iv/Developer/relux-tunnel/.swiftpm/xcode
    

SwiftDriverJobDiscovery normal x86_64 Compiling VPNManagerRepository.swift (in target 'ReluxTunnelCore' from project 'ReluxTunnel')

SwiftCompile normal arm64 Compiling\ RelayHandshake.swift /Users/iv/Developer/relux-tunnel/Sources/ReluxTunnelCore/RelayProtocol/RelayHandshake.swift (in target 'ReluxTunnelCore' from project 'ReluxTunnel')

SwiftCompile normal arm64 /Users/iv/Developer/relux-tunnel/Sources/ReluxTunnelCore/RelayProtocol/RelayHandshake.swift (in target 'ReluxTunnelCore' from project 'ReluxTunnel')
    cd /Users/iv/Developer/relux-tunnel/.swiftpm/xcode
    

SwiftDriverJobDiscovery normal arm64 Emitting module for ReluxTunnelCore (in target 'ReluxTunnelCore' from project 'ReluxTunnel')

SwiftDriver\ Compilation\ Requirements ReluxTunnelCore normal arm64 com.apple.xcode.tools.swift.compiler (in target 'ReluxTunnelCore' from project 'ReluxTunnel')
    cd /Users/iv/Developer/relux-tunnel/.swiftpm/xcode
    builtin-Swift-Compilation-Requirements -- /Applications/Xcode_26_5.app/Contents/Developer/Toolchains/XcodeDefault.xctoolchain/usr/bin/swiftc -module-name ReluxTunnelCore -Onone @/Users/iv/Developer/.build/Intermediates.noindex/ReluxTunnel.build/Debug-iphonesimulator/ReluxTunnelCore.build/Objects-normal/arm64/ReluxTunnelCore.SwiftFileList -DSWIFT_PACKAGE -DDEBUG -DSWIFT_MODULE_RESOURCE_BUNDLE_UNAVAILABLE -DXcode -plugin-path /Applications/Xcode_26_5.app/Contents/Developer/Toolchains/XcodeDefault.xctoolchain/usr/lib/swift/host/plugins/testing -enable-experimental-feature DebugDescriptionMacro -sdk /Applications/Xcode_26_5.app/Contents/Developer/Platforms/iPhoneSimulator.platform/Developer/SDKs/iPhoneSimulator26.5.sdk -target arm64-apple-ios18.0-simulator -g -module-cache-path /Users/iv/Developer/relux-tunnel/.temp/TASK-260715-15vkvz/DerivedData-rework03-iOS/ModuleCache.noindex -Xfrontend -serialize-debugging-options -enable-testing -index-store-path /Users/iv/Developer/relux-tunnel/.temp/TASK-260715-15vkvz/DerivedData-rework03-iOS/Index.noindex/DataStore -Xcc -D_LIBCPP_HARDENING_MODE\=_LIBCPP_HARDENING_MODE_DEBUG -swift-version 6 -I /Users/iv/Developer/.build/Products/Debug-iphonesimulator -Isystem /Applications/Xcode_26_5.app/Contents/Developer/Platforms/iPhoneSimulator.platform/Developer/usr/lib -F /Users/iv/Developer/.build/Products/Debug-iphonesimulator -F /Applications/Xcode_26_5.app/Contents/Developer/Platforms/iPhoneSimulator.platform/Developer/Library/Frameworks -F /Applications/Xcode_26_5.app/Contents/Developer/Platforms/iPhoneSimulator.platform/Developer/SDKs/iPhoneSimulator26.5.sdk/Developer/Library/Frameworks -c -j16 -enable-batch-mode -incremental -Xcc -ivfsstatcache -Xcc /Users/iv/Developer/relux-tunnel/.temp/TASK-260715-15vkvz/DerivedData-rework03-iOS/SDKStatCaches.noindex/iphonesimulator26.5-23F73-9976ff0a46533d0d3305099c8405181f.sdkstatcache -output-file-map /Users/iv/Developer/.build/Intermediates.noindex/ReluxTunnel.build/Debug-iphonesimulator/ReluxTunnelCore.build/Objects-normal/arm64/ReluxTunnelCore-OutputFileMap.json -use-frontend-parseable-output -save-temps -no-color-diagnostics -explicit-module-build -module-cache-path /Users/iv/Developer/.build/Intermediates.noindex/SwiftExplicitPrecompiledModules -clang-scanner-module-cache-path /Users/iv/Developer/relux-tunnel/.temp/TASK-260715-15vkvz/DerivedData-rework03-iOS/ModuleCache.noindex -sdk-module-cache-path /Users/iv/Developer/relux-tunnel/.temp/TASK-260715-15vkvz/DerivedData-rework03-iOS/ModuleCache.noindex -serialize-diagnostics -emit-dependencies -emit-module -emit-module-path /Users/iv/Developer/.build/Intermediates.noindex/ReluxTunnel.build/Debug-iphonesimulator/ReluxTunnelCore.build/Objects-normal/arm64/ReluxTunnelCore.swiftmodule -validate-clang-modules-once -clang-build-session-file /Users/iv/Developer/relux-tunnel/.temp/TASK-260715-15vkvz/DerivedData-rework03-iOS/ModuleCache.noindex/Session.modulevalidation -package-name relux_tunnel -Xcc -I/Users/iv/Developer/.build/Intermediates.noindex/ReluxTunnel.build/Debug-iphonesimulator/ReluxTunnelCore.build/swift-overrides.hmap -emit-const-values -Xfrontend -const-gather-protocols-file -Xfrontend /Users/iv/Developer/.build/Intermediates.noindex/ReluxTunnel.build/Debug-iphonesimulator/ReluxTunnelCore.build/Objects-normal/arm64/ReluxTunnelCore_const_extract_protocols.json -Xcc -I/Users/iv/Developer/.build/Products/Debug-iphonesimulator/include -Xcc -I/Users/iv/Developer/.build/Intermediates.noindex/ReluxTunnel.build/Debug-iphonesimulator/ReluxTunnelCore.build/DerivedSources-normal/arm64 -Xcc -I/Users/iv/Developer/.build/Intermediates.noindex/ReluxTunnel.build/Debug-iphonesimulator/ReluxTunnelCore.build/DerivedSources/arm64 -Xcc -I/Users/iv/Developer/.build/Intermediates.noindex/ReluxTunnel.build/Debug-iphonesimulator/ReluxTunnelCore.build/DerivedSources -Xcc -DSWIFT_PACKAGE -Xcc -DDEBUG\=1 -emit-objc-header -emit-objc-header-path /Users/iv/Developer/.build/Intermediates.noindex/ReluxTunnel.build/Debug-iphonesimulator/ReluxTunnelCore.build/Objects-normal/arm64/ReluxTunnelCore-Swift.h -working-directory /Users/iv/Developer/relux-tunnel/.swiftpm/xcode -experimental-emit-module-separately -disable-cmo

SwiftDriverJobDiscovery normal x86_64 Compiling ProviderLifecycle.swift (in target 'ReluxTunnelCore' from project 'ReluxTunnel')

SwiftCompile normal arm64 Compiling\ RuntimeContracts.swift /Users/iv/Developer/relux-tunnel/Sources/ReluxTunnelCore/RuntimeContracts.swift (in target 'ReluxTunnelCore' from project 'ReluxTunnel')

SwiftCompile normal arm64 /Users/iv/Developer/relux-tunnel/Sources/ReluxTunnelCore/RuntimeContracts.swift (in target 'ReluxTunnelCore' from project 'ReluxTunnel')
    cd /Users/iv/Developer/relux-tunnel/.swiftpm/xcode
    

SwiftDriverJobDiscovery normal x86_64 Emitting module for ReluxTunnelCore (in target 'ReluxTunnelCore' from project 'ReluxTunnel')

SwiftDriver\ Compilation\ Requirements ReluxTunnelCore normal x86_64 com.apple.xcode.tools.swift.compiler (in target 'ReluxTunnelCore' from project 'ReluxTunnel')
    cd /Users/iv/Developer/relux-tunnel/.swiftpm/xcode
    builtin-Swift-Compilation-Requirements -- /Applications/Xcode_26_5.app/Contents/Developer/Toolchains/XcodeDefault.xctoolchain/usr/bin/swiftc -module-name ReluxTunnelCore -Onone @/Users/iv/Developer/.build/Intermediates.noindex/ReluxTunnel.build/Debug-iphonesimulator/ReluxTunnelCore.build/Objects-normal/x86_64/ReluxTunnelCore.SwiftFileList -DSWIFT_PACKAGE -DDEBUG -DSWIFT_MODULE_RESOURCE_BUNDLE_UNAVAILABLE -DXcode -plugin-path /Applications/Xcode_26_5.app/Contents/Developer/Toolchains/XcodeDefault.xctoolchain/usr/lib/swift/host/plugins/testing -enable-experimental-feature DebugDescriptionMacro -sdk /Applications/Xcode_26_5.app/Contents/Developer/Platforms/iPhoneSimulator.platform/Developer/SDKs/iPhoneSimulator26.5.sdk -target x86_64-apple-ios18.0-simulator -g -module-cache-path /Users/iv/Developer/relux-tunnel/.temp/TASK-260715-15vkvz/DerivedData-rework03-iOS/ModuleCache.noindex -Xfrontend -serialize-debugging-options -enable-testing -index-store-path /Users/iv/Developer/relux-tunnel/.temp/TASK-260715-15vkvz/DerivedData-rework03-iOS/Index.noindex/DataStore -Xcc -D_LIBCPP_HARDENING_MODE\=_LIBCPP_HARDENING_MODE_DEBUG -swift-version 6 -I /Users/iv/Developer/.build/Products/Debug-iphonesimulator -Isystem /Applications/Xcode_26_5.app/Contents/Developer/Platforms/iPhoneSimulator.platform/Developer/usr/lib -F /Users/iv/Developer/.build/Products/Debug-iphonesimulator -F /Applications/Xcode_26_5.app/Contents/Developer/Platforms/iPhoneSimulator.platform/Developer/Library/Frameworks -F /Applications/Xcode_26_5.app/Contents/Developer/Platforms/iPhoneSimulator.platform/Developer/SDKs/iPhoneSimulator26.5.sdk/Developer/Library/Frameworks -c -j16 -enable-batch-mode -incremental -Xcc -ivfsstatcache -Xcc /Users/iv/Developer/relux-tunnel/.temp/TASK-260715-15vkvz/DerivedData-rework03-iOS/SDKStatCaches.noindex/iphonesimulator26.5-23F73-9976ff0a46533d0d3305099c8405181f.sdkstatcache -output-file-map /Users/iv/Developer/.build/Intermediates.noindex/ReluxTunnel.build/Debug-iphonesimulator/ReluxTunnelCore.build/Objects-normal/x86_64/ReluxTunnelCore-OutputFileMap.json -use-frontend-parseable-output -save-temps -no-color-diagnostics -explicit-module-build -module-cache-path /Users/iv/Developer/.build/Intermediates.noindex/SwiftExplicitPrecompiledModules -clang-scanner-module-cache-path /Users/iv/Developer/relux-tunnel/.temp/TASK-260715-15vkvz/DerivedData-rework03-iOS/ModuleCache.noindex -sdk-module-cache-path /Users/iv/Developer/relux-tunnel/.temp/TASK-260715-15vkvz/DerivedData-rework03-iOS/ModuleCache.noindex -serialize-diagnostics -emit-dependencies -emit-module -emit-module-path /Users/iv/Developer/.build/Intermediates.noindex/ReluxTunnel.build/Debug-iphonesimulator/ReluxTunnelCore.build/Objects-normal/x86_64/ReluxTunnelCore.swiftmodule -validate-clang-modules-once -clang-build-session-file /Users/iv/Developer/relux-tunnel/.temp/TASK-260715-15vkvz/DerivedData-rework03-iOS/ModuleCache.noindex/Session.modulevalidation -package-name relux_tunnel -Xcc -I/Users/iv/Developer/.build/Intermediates.noindex/ReluxTunnel.build/Debug-iphonesimulator/ReluxTunnelCore.build/swift-overrides.hmap -emit-const-values -Xfrontend -const-gather-protocols-file -Xfrontend /Users/iv/Developer/.build/Intermediates.noindex/ReluxTunnel.build/Debug-iphonesimulator/ReluxTunnelCore.build/Objects-normal/x86_64/ReluxTunnelCore_const_extract_protocols.json -Xcc -I/Users/iv/Developer/.build/Products/Debug-iphonesimulator/include -Xcc -I/Users/iv/Developer/.build/Intermediates.noindex/ReluxTunnel.build/Debug-iphonesimulator/ReluxTunnelCore.build/DerivedSources-normal/x86_64 -Xcc -I/Users/iv/Developer/.build/Intermediates.noindex/ReluxTunnel.build/Debug-iphonesimulator/ReluxTunnelCore.build/DerivedSources/x86_64 -Xcc -I/Users/iv/Developer/.build/Intermediates.noindex/ReluxTunnel.build/Debug-iphonesimulator/ReluxTunnelCore.build/DerivedSources -Xcc -DSWIFT_PACKAGE -Xcc -DDEBUG\=1 -emit-objc-header -emit-objc-header-path /Users/iv/Developer/.build/Intermediates.noindex/ReluxTunnel.build/Debug-iphonesimulator/ReluxTunnelCore.build/Objects-normal/x86_64/ReluxTunnelCore-Swift.h -working-directory /Users/iv/Developer/relux-tunnel/.swiftpm/xcode -experimental-emit-module-separately -disable-cmo

SwiftDriverJobDiscovery normal x86_64 Compiling SSHContracts.swift (in target 'ReluxTunnelCore' from project 'ReluxTunnel')

Copy /Users/iv/Developer/.build/Products/Debug-iphonesimulator/ReluxTunnelCore.swiftmodule/arm64-apple-ios-simulator.swiftmodule /Users/iv/Developer/.build/Intermediates.noindex/ReluxTunnel.build/Debug-iphonesimulator/ReluxTunnelCore.build/Objects-normal/arm64/ReluxTunnelCore.swiftmodule (in target 'ReluxTunnelCore' from project 'ReluxTunnel')
    cd /Users/iv/Developer/relux-tunnel
    builtin-copy -exclude .DS_Store -exclude CVS -exclude .svn -exclude .git -exclude .hg -resolve-src-symlinks -rename /Users/iv/Developer/.build/Intermediates.noindex/ReluxTunnel.build/Debug-iphonesimulator/ReluxTunnelCore.build/Objects-normal/arm64/ReluxTunnelCore.swiftmodule /Users/iv/Developer/.build/Products/Debug-iphonesimulator/ReluxTunnelCore.swiftmodule/arm64-apple-ios-simulator.swiftmodule

Copy /Users/iv/Developer/.build/Products/Debug-iphonesimulator/ReluxTunnelCore.swiftmodule/x86_64-apple-ios-simulator.swiftmodule /Users/iv/Developer/.build/Intermediates.noindex/ReluxTunnel.build/Debug-iphonesimulator/ReluxTunnelCore.build/Objects-normal/x86_64/ReluxTunnelCore.swiftmodule (in target 'ReluxTunnelCore' from project 'ReluxTunnel')
    cd /Users/iv/Developer/relux-tunnel
    builtin-copy -exclude .DS_Store -exclude CVS -exclude .svn -exclude .git -exclude .hg -resolve-src-symlinks -rename /Users/iv/Developer/.build/Intermediates.noindex/ReluxTunnel.build/Debug-iphonesimulator/ReluxTunnelCore.build/Objects-normal/x86_64/ReluxTunnelCore.swiftmodule /Users/iv/Developer/.build/Products/Debug-iphonesimulator/ReluxTunnelCore.swiftmodule/x86_64-apple-ios-simulator.swiftmodule

Copy /Users/iv/Developer/.build/Products/Debug-iphonesimulator/ReluxTunnelCore.swiftmodule/x86_64-apple-ios-simulator.abi.json /Users/iv/Developer/.build/Intermediates.noindex/ReluxTunnel.build/Debug-iphonesimulator/ReluxTunnelCore.build/Objects-normal/x86_64/ReluxTunnelCore.abi.json (in target 'ReluxTunnelCore' from project 'ReluxTunnel')
    cd /Users/iv/Developer/relux-tunnel
    builtin-copy -exclude .DS_Store -exclude CVS -exclude .svn -exclude .git -exclude .hg -resolve-src-symlinks -rename /Users/iv/Developer/.build/Intermediates.noindex/ReluxTunnel.build/Debug-iphonesimulator/ReluxTunnelCore.build/Objects-normal/x86_64/ReluxTunnelCore.abi.json /Users/iv/Developer/.build/Products/Debug-iphonesimulator/ReluxTunnelCore.swiftmodule/x86_64-apple-ios-simulator.abi.json

Copy /Users/iv/Developer/.build/Products/Debug-iphonesimulator/ReluxTunnelCore.swiftmodule/arm64-apple-ios-simulator.abi.json /Users/iv/Developer/.build/Intermediates.noindex/ReluxTunnel.build/Debug-iphonesimulator/ReluxTunnelCore.build/Objects-normal/arm64/ReluxTunnelCore.abi.json (in target 'ReluxTunnelCore' from project 'ReluxTunnel')
    cd /Users/iv/Developer/relux-tunnel
    builtin-copy -exclude .DS_Store -exclude CVS -exclude .svn -exclude .git -exclude .hg -resolve-src-symlinks -rename /Users/iv/Developer/.build/Intermediates.noindex/ReluxTunnel.build/Debug-iphonesimulator/ReluxTunnelCore.build/Objects-normal/arm64/ReluxTunnelCore.abi.json /Users/iv/Developer/.build/Products/Debug-iphonesimulator/ReluxTunnelCore.swiftmodule/arm64-apple-ios-simulator.abi.json

SwiftCompile normal arm64 Compiling\ RelaySession.swift /Users/iv/Developer/relux-tunnel/Sources/ReluxTunnelCore/RelayProtocol/RelaySession.swift (in target 'ReluxTunnelCore' from project 'ReluxTunnel')

SwiftCompile normal arm64 /Users/iv/Developer/relux-tunnel/Sources/ReluxTunnelCore/RelayProtocol/RelaySession.swift (in target 'ReluxTunnelCore' from project 'ReluxTunnel')
    cd /Users/iv/Developer/relux-tunnel/.swiftpm/xcode
    

SwiftCompile normal arm64 Compiling\ VPNManagerRepository.swift /Users/iv/Developer/relux-tunnel/Sources/ReluxTunnelCore/VPNManagerRepository.swift (in target 'ReluxTunnelCore' from project 'ReluxTunnel')

SwiftCompile normal arm64 /Users/iv/Developer/relux-tunnel/Sources/ReluxTunnelCore/VPNManagerRepository.swift (in target 'ReluxTunnelCore' from project 'ReluxTunnel')
    cd /Users/iv/Developer/relux-tunnel/.swiftpm/xcode
    

SwiftDriverJobDiscovery normal x86_64 Compiling RuntimeMessageModels.swift (in target 'ReluxTunnelCore' from project 'ReluxTunnel')

SwiftDriverJobDiscovery normal x86_64 Compiling TunnelRuntimeCoordinator.swift (in target 'ReluxTunnelCore' from project 'ReluxTunnel')

SwiftCompile normal arm64 Compiling\ PacketFlowBridgeContracts.swift /Users/iv/Developer/relux-tunnel/Sources/ReluxTunnelCore/PacketFlowBridgeContracts.swift (in target 'ReluxTunnelCore' from project 'ReluxTunnel')

SwiftCompile normal arm64 /Users/iv/Developer/relux-tunnel/Sources/ReluxTunnelCore/PacketFlowBridgeContracts.swift (in target 'ReluxTunnelCore' from project 'ReluxTunnel')
    cd /Users/iv/Developer/relux-tunnel/.swiftpm/xcode
    

SwiftDriver ReluxTunnelNativeAdapter normal arm64 com.apple.xcode.tools.swift.compiler (in target 'ReluxTunnelNativeAdapter' from project 'ReluxTunnel')
    cd /Users/iv/Developer/relux-tunnel/.swiftpm/xcode
    builtin-SwiftDriver -- /Applications/Xcode_26_5.app/Contents/Developer/Toolchains/XcodeDefault.xctoolchain/usr/bin/swiftc -module-name ReluxTunnelNativeAdapter -Onone @/Users/iv/Developer/.build/Intermediates.noindex/ReluxTunnel.build/Debug-iphonesimulator/ReluxTunnelNativeAdapter.build/Objects-normal/arm64/ReluxTunnelNativeAdapter.SwiftFileList -DSWIFT_PACKAGE -DDEBUG -DSWIFT_MODULE_RESOURCE_BUNDLE_UNAVAILABLE -DXcode -plugin-path /Applications/Xcode_26_5.app/Contents/Developer/Toolchains/XcodeDefault.xctoolchain/usr/lib/swift/host/plugins/testing -enable-experimental-feature DebugDescriptionMacro -sdk /Applications/Xcode_26_5.app/Contents/Developer/Platforms/iPhoneSimulator.platform/Developer/SDKs/iPhoneSimulator26.5.sdk -target arm64-apple-ios18.0-simulator -g -module-cache-path /Users/iv/Developer/relux-tunnel/.temp/TASK-260715-15vkvz/DerivedData-rework03-iOS/ModuleCache.noindex -Xfrontend -serialize-debugging-options -enable-testing -index-store-path /Users/iv/Developer/relux-tunnel/.temp/TASK-260715-15vkvz/DerivedData-rework03-iOS/Index.noindex/DataStore -Xcc -D_LIBCPP_HARDENING_MODE\=_LIBCPP_HARDENING_MODE_DEBUG -swift-version 6 -I /Users/iv/Developer/.build/Products/Debug-iphonesimulator -Isystem /Applications/Xcode_26_5.app/Contents/Developer/Platforms/iPhoneSimulator.platform/Developer/usr/lib -F /Users/iv/Developer/.build/Products/Debug-iphonesimulator/PackageFrameworks -F /Users/iv/Developer/.build/Products/Debug-iphonesimulator -F /Applications/Xcode_26_5.app/Contents/Developer/Platforms/iPhoneSimulator.platform/Developer/Library/Frameworks -F /Applications/Xcode_26_5.app/Contents/Developer/Platforms/iPhoneSimulator.platform/Developer/SDKs/iPhoneSimulator26.5.sdk/Developer/Library/Frameworks -c -j16 -enable-batch-mode -incremental -Xcc -ivfsstatcache -Xcc /Users/iv/Developer/relux-tunnel/.temp/TASK-260715-15vkvz/DerivedData-rework03-iOS/SDKStatCaches.noindex/iphonesimulator26.5-23F73-9976ff0a46533d0d3305099c8405181f.sdkstatcache -output-file-map /Users/iv/Developer/.build/Intermediates.noindex/ReluxTunnel.build/Debug-iphonesimulator/ReluxTunnelNativeAdapter.build/Objects-normal/arm64/ReluxTunnelNativeAdapter-OutputFileMap.json -use-frontend-parseable-output -save-temps -no-color-diagnostics -explicit-module-build -module-cache-path /Users/iv/Developer/.build/Intermediates.noindex/SwiftExplicitPrecompiledModules -clang-scanner-module-cache-path /Users/iv/Developer/relux-tunnel/.temp/TASK-260715-15vkvz/DerivedData-rework03-iOS/ModuleCache.noindex -sdk-module-cache-path /Users/iv/Developer/relux-tunnel/.temp/TASK-260715-15vkvz/DerivedData-rework03-iOS/ModuleCache.noindex -serialize-diagnostics -emit-dependencies -emit-module -emit-module-path /Users/iv/Developer/.build/Intermediates.noindex/ReluxTunnel.build/Debug-iphonesimulator/ReluxTunnelNativeAdapter.build/Objects-normal/arm64/ReluxTunnelNativeAdapter.swiftmodule -validate-clang-modules-once -clang-build-session-file /Users/iv/Developer/relux-tunnel/.temp/TASK-260715-15vkvz/DerivedData-rework03-iOS/ModuleCache.noindex/Session.modulevalidation -package-name relux_tunnel -Xcc -I/Users/iv/Developer/.build/Intermediates.noindex/ReluxTunnel.build/Debug-iphonesimulator/ReluxTunnelNativeAdapter.build/swift-overrides.hmap -emit-const-values -Xfrontend -const-gather-protocols-file -Xfrontend /Users/iv/Developer/.build/Intermediates.noindex/ReluxTunnel.build/Debug-iphonesimulator/ReluxTunnelNativeAdapter.build/Objects-normal/arm64/ReluxTunnelNativeAdapter_const_extract_protocols.json -Xcc -I/Users/iv/Developer/.build/Products/Debug-iphonesimulator/include -Xcc -I/Users/iv/Developer/.build/Intermediates.noindex/ReluxTunnel.build/Debug-iphonesimulator/ReluxTunnelNativeAdapter.build/DerivedSources-normal/arm64 -Xcc -I/Users/iv/Developer/.build/Intermediates.noindex/ReluxTunnel.build/Debug-iphonesimulator/ReluxTunnelNativeAdapter.build/DerivedSources/arm64 -Xcc -I/Users/iv/Developer/.build/Intermediates.noindex/ReluxTunnel.build/Debug-iphonesimulator/ReluxTunnelNativeAdapter.build/DerivedSources -Xcc -DSWIFT_PACKAGE -Xcc -DDEBUG\=1 -emit-objc-header -emit-objc-header-path /Users/iv/Developer/.build/Intermediates.noindex/ReluxTunnel.build/Debug-iphonesimulator/ReluxTunnelNativeAdapter.build/Objects-normal/arm64/ReluxTunnelNativeAdapter-Swift.h -working-directory /Users/iv/Developer/relux-tunnel/.swiftpm/xcode -experimental-emit-module-separately -disable-cmo

SwiftDriverJobDiscovery normal arm64 Compiling RelayProtocolV1+Generated.swift (in target 'ReluxTunnelCore' from project 'ReluxTunnel')

SwiftDriverJobDiscovery normal x86_64 Compiling PacketFlowBridge.swift (in target 'ReluxTunnelCore' from project 'ReluxTunnel')

SwiftCompile normal arm64 Compiling\ ProviderLifecycle.swift /Users/iv/Developer/relux-tunnel/Sources/ReluxTunnelCore/ProviderLifecycle.swift (in target 'ReluxTunnelCore' from project 'ReluxTunnel')

SwiftCompile normal arm64 /Users/iv/Developer/relux-tunnel/Sources/ReluxTunnelCore/ProviderLifecycle.swift (in target 'ReluxTunnelCore' from project 'ReluxTunnel')
    cd /Users/iv/Developer/relux-tunnel/.swiftpm/xcode
    

SwiftDriver\ Compilation ReluxTunnelCore normal x86_64 com.apple.xcode.tools.swift.compiler (in target 'ReluxTunnelCore' from project 'ReluxTunnel')
    cd /Users/iv/Developer/relux-tunnel/.swiftpm/xcode
    builtin-Swift-Compilation -- /Applications/Xcode_26_5.app/Contents/Developer/Toolchains/XcodeDefault.xctoolchain/usr/bin/swiftc -module-name ReluxTunnelCore -Onone @/Users/iv/Developer/.build/Intermediates.noindex/ReluxTunnel.build/Debug-iphonesimulator/ReluxTunnelCore.build/Objects-normal/x86_64/ReluxTunnelCore.SwiftFileList -DSWIFT_PACKAGE -DDEBUG -DSWIFT_MODULE_RESOURCE_BUNDLE_UNAVAILABLE -DXcode -plugin-path /Applications/Xcode_26_5.app/Contents/Developer/Toolchains/XcodeDefault.xctoolchain/usr/lib/swift/host/plugins/testing -enable-experimental-feature DebugDescriptionMacro -sdk /Applications/Xcode_26_5.app/Contents/Developer/Platforms/iPhoneSimulator.platform/Developer/SDKs/iPhoneSimulator26.5.sdk -target x86_64-apple-ios18.0-simulator -g -module-cache-path /Users/iv/Developer/relux-tunnel/.temp/TASK-260715-15vkvz/DerivedData-rework03-iOS/ModuleCache.noindex -Xfrontend -serialize-debugging-options -enable-testing -index-store-path /Users/iv/Developer/relux-tunnel/.temp/TASK-260715-15vkvz/DerivedData-rework03-iOS/Index.noindex/DataStore -Xcc -D_LIBCPP_HARDENING_MODE\=_LIBCPP_HARDENING_MODE_DEBUG -swift-version 6 -I /Users/iv/Developer/.build/Products/Debug-iphonesimulator -Isystem /Applications/Xcode_26_5.app/Contents/Developer/Platforms/iPhoneSimulator.platform/Developer/usr/lib -F /Users/iv/Developer/.build/Products/Debug-iphonesimulator -F /Applications/Xcode_26_5.app/Contents/Developer/Platforms/iPhoneSimulator.platform/Developer/Library/Frameworks -F /Applications/Xcode_26_5.app/Contents/Developer/Platforms/iPhoneSimulator.platform/Developer/SDKs/iPhoneSimulator26.5.sdk/Developer/Library/Frameworks -c -j16 -enable-batch-mode -incremental -Xcc -ivfsstatcache -Xcc /Users/iv/Developer/relux-tunnel/.temp/TASK-260715-15vkvz/DerivedData-rework03-iOS/SDKStatCaches.noindex/iphonesimulator26.5-23F73-9976ff0a46533d0d3305099c8405181f.sdkstatcache -output-file-map /Users/iv/Developer/.build/Intermediates.noindex/ReluxTunnel.build/Debug-iphonesimulator/ReluxTunnelCore.build/Objects-normal/x86_64/ReluxTunnelCore-OutputFileMap.json -use-frontend-parseable-output -save-temps -no-color-diagnostics -explicit-module-build -module-cache-path /Users/iv/Developer/.build/Intermediates.noindex/SwiftExplicitPrecompiledModules -clang-scanner-module-cache-path /Users/iv/Developer/relux-tunnel/.temp/TASK-260715-15vkvz/DerivedData-rework03-iOS/ModuleCache.noindex -sdk-module-cache-path /Users/iv/Developer/relux-tunnel/.temp/TASK-260715-15vkvz/DerivedData-rework03-iOS/ModuleCache.noindex -serialize-diagnostics -emit-dependencies -emit-module -emit-module-path /Users/iv/Developer/.build/Intermediates.noindex/ReluxTunnel.build/Debug-iphonesimulator/ReluxTunnelCore.build/Objects-normal/x86_64/ReluxTunnelCore.swiftmodule -validate-clang-modules-once -clang-build-session-file /Users/iv/Developer/relux-tunnel/.temp/TASK-260715-15vkvz/DerivedData-rework03-iOS/ModuleCache.noindex/Session.modulevalidation -package-name relux_tunnel -Xcc -I/Users/iv/Developer/.build/Intermediates.noindex/ReluxTunnel.build/Debug-iphonesimulator/ReluxTunnelCore.build/swift-overrides.hmap -emit-const-values -Xfrontend -const-gather-protocols-file -Xfrontend /Users/iv/Developer/.build/Intermediates.noindex/ReluxTunnel.build/Debug-iphonesimulator/ReluxTunnelCore.build/Objects-normal/x86_64/ReluxTunnelCore_const_extract_protocols.json -Xcc -I/Users/iv/Developer/.build/Products/Debug-iphonesimulator/include -Xcc -I/Users/iv/Developer/.build/Intermediates.noindex/ReluxTunnel.build/Debug-iphonesimulator/ReluxTunnelCore.build/DerivedSources-normal/x86_64 -Xcc -I/Users/iv/Developer/.build/Intermediates.noindex/ReluxTunnel.build/Debug-iphonesimulator/ReluxTunnelCore.build/DerivedSources/x86_64 -Xcc -I/Users/iv/Developer/.build/Intermediates.noindex/ReluxTunnel.build/Debug-iphonesimulator/ReluxTunnelCore.build/DerivedSources -Xcc -DSWIFT_PACKAGE -Xcc -DDEBUG\=1 -emit-objc-header -emit-objc-header-path /Users/iv/Developer/.build/Intermediates.noindex/ReluxTunnel.build/Debug-iphonesimulator/ReluxTunnelCore.build/Objects-normal/x86_64/ReluxTunnelCore-Swift.h -working-directory /Users/iv/Developer/relux-tunnel/.swiftpm/xcode -experimental-emit-module-separately -disable-cmo

SwiftExplicitDependencyGeneratePcm arm64 /Users/iv/Developer/.build/Intermediates.noindex/SwiftExplicitPrecompiledModules/HevSocks5Tunnel-8W5HD4D68ZYX3L66AQPN8CGDL.pcm

Ld /Users/iv/Developer/.build/Intermediates.noindex/ReluxTunnel.build/Debug-iphonesimulator/ReluxTunnelCore.build/Objects-normal/x86_64/Binary/ReluxTunnelCore.o normal x86_64 (in target 'ReluxTunnelCore' from project 'ReluxTunnel')
    cd /Users/iv/Developer/relux-tunnel
    /Applications/Xcode_26_5.app/Contents/Developer/Toolchains/XcodeDefault.xctoolchain/usr/bin/clang -Xlinker -reproducible -target x86_64-apple-ios18.0-simulator -r -isysroot /Applications/Xcode_26_5.app/Contents/Developer/Platforms/iPhoneSimulator.platform/Developer/SDKs/iPhoneSimulator26.5.sdk -O0 -F/Users/iv/Developer/.build/Intermediates.noindex/EagerLinkingTBDs/Debug-iphonesimulator -F/Users/iv/Developer/.build/Products/Debug-iphonesimulator -iframework /Applications/Xcode_26_5.app/Contents/Developer/Platforms/iPhoneSimulator.platform/Developer/Library/Frameworks -iframework /Applications/Xcode_26_5.app/Contents/Developer/Platforms/iPhoneSimulator.platform/Developer/SDKs/iPhoneSimulator26.5.sdk/Developer/Library/Frameworks -filelist /Users/iv/Developer/.build/Intermediates.noindex/ReluxTunnel.build/Debug-iphonesimulator/ReluxTunnelCore.build/Objects-normal/x86_64/ReluxTunnelCore.LinkFileList -nostdlib -Xlinker -object_path_lto -Xlinker /Users/iv/Developer/.build/Intermediates.noindex/ReluxTunnel.build/Debug-iphonesimulator/ReluxTunnelCore.build/Objects-normal/x86_64/ReluxTunnelCore_lto.o -Xlinker -no_deduplicate -Xlinker -objc_abi_version -Xlinker 2 -Xlinker -dependency_info -Xlinker /Users/iv/Developer/.build/Intermediates.noindex/ReluxTunnel.build/Debug-iphonesimulator/ReluxTunnelCore.build/Objects-normal/x86_64/ReluxTunnelCore_dependency_info.dat -fobjc-link-runtime -L/Applications/Xcode_26_5.app/Contents/Developer/Toolchains/XcodeDefault.xctoolchain/usr/lib/swift/iphonesimulator -L/usr/lib/swift -Xlinker -add_ast_path -Xlinker /Users/iv/Developer/.build/Intermediates.noindex/ReluxTunnel.build/Debug-iphonesimulator/ReluxTunnelCore.build/Objects-normal/x86_64/ReluxTunnelCore.swiftmodule @/Users/iv/Developer/.build/Intermediates.noindex/ReluxTunnel.build/Debug-iphonesimulator/ReluxTunnelCore.build/Objects-normal/x86_64/ReluxTunnelCore-linker-args.resp -o /Users/iv/Developer/.build/Intermediates.noindex/ReluxTunnel.build/Debug-iphonesimulator/ReluxTunnelCore.build/Objects-normal/x86_64/Binary/ReluxTunnelCore.o

SwiftExplicitDependencyGeneratePcm arm64 /Users/iv/Developer/.build/Intermediates.noindex/SwiftExplicitPrecompiledModules/CReluxNativeFixture-BCUABFSAS885DGB3IBJMZS4AX.pcm

SwiftDriverJobDiscovery normal arm64 Compiling PacketContracts.swift, PacketFlowAdapterBoundary.swift (in target 'ReluxTunnelCore' from project 'ReluxTunnel')

SwiftDriverJobDiscovery normal arm64 Compiling ComponentContracts.swift, DarwinPacketBridgeIO.swift (in target 'ReluxTunnelCore' from project 'ReluxTunnel')

SwiftDriverJobDiscovery normal arm64 Compiling PacketFlowBridgeContracts.swift (in target 'ReluxTunnelCore' from project 'ReluxTunnel')

SwiftDriverJobDiscovery normal arm64 Compiling RuntimeContracts.swift (in target 'ReluxTunnelCore' from project 'ReluxTunnel')

SwiftEmitModule normal arm64 Emitting\ module\ for\ ReluxTunnelNativeAdapter (in target 'ReluxTunnelNativeAdapter' from project 'ReluxTunnel')

EmitSwiftModule normal arm64 (in target 'ReluxTunnelNativeAdapter' from project 'ReluxTunnel')
    cd /Users/iv/Developer/relux-tunnel/.swiftpm/xcode
    

SwiftCompile normal arm64 Compiling\ HEVNoticeBundle.swift /Users/iv/Developer/relux-tunnel/Sources/ReluxTunnelNativeAdapter/HEVNoticeBundle.swift (in target 'ReluxTunnelNativeAdapter' from project 'ReluxTunnel')

SwiftCompile normal arm64 /Users/iv/Developer/relux-tunnel/Sources/ReluxTunnelNativeAdapter/HEVNoticeBundle.swift (in target 'ReluxTunnelNativeAdapter' from project 'ReluxTunnel')
    cd /Users/iv/Developer/relux-tunnel/.swiftpm/xcode
    

SwiftCompile normal arm64 Compiling\ HEVIntegration.swift /Users/iv/Developer/relux-tunnel/Sources/ReluxTunnelNativeAdapter/HEVIntegration.swift (in target 'ReluxTunnelNativeAdapter' from project 'ReluxTunnel')

SwiftCompile normal arm64 /Users/iv/Developer/relux-tunnel/Sources/ReluxTunnelNativeAdapter/HEVIntegration.swift (in target 'ReluxTunnelNativeAdapter' from project 'ReluxTunnel')
    cd /Users/iv/Developer/relux-tunnel/.swiftpm/xcode
    

SwiftCompile normal arm64 Compiling\ NativeDependencyPackaging.swift /Users/iv/Developer/relux-tunnel/Sources/ReluxTunnelNativeAdapter/NativeDependencyPackaging.swift (in target 'ReluxTunnelNativeAdapter' from project 'ReluxTunnel')

SwiftCompile normal arm64 /Users/iv/Developer/relux-tunnel/Sources/ReluxTunnelNativeAdapter/NativeDependencyPackaging.swift (in target 'ReluxTunnelNativeAdapter' from project 'ReluxTunnel')
    cd /Users/iv/Developer/relux-tunnel/.swiftpm/xcode
    

SwiftCompile normal arm64 Compiling\ HEVSOCKSBoundary.swift /Users/iv/Developer/relux-tunnel/Sources/ReluxTunnelNativeAdapter/HEVSOCKSBoundary.swift (in target 'ReluxTunnelNativeAdapter' from project 'ReluxTunnel')

SwiftCompile normal arm64 /Users/iv/Developer/relux-tunnel/Sources/ReluxTunnelNativeAdapter/HEVSOCKSBoundary.swift (in target 'ReluxTunnelNativeAdapter' from project 'ReluxTunnel')
    cd /Users/iv/Developer/relux-tunnel/.swiftpm/xcode
    

SwiftDriverJobDiscovery normal arm64 Compiling RelayDatagramCodec.swift (in target 'ReluxTunnelCore' from project 'ReluxTunnel')

SwiftDriverJobDiscovery normal arm64 Compiling RelayByteCodec.swift (in target 'ReluxTunnelCore' from project 'ReluxTunnel')

SwiftDriverJobDiscovery normal arm64 Compiling RelayHandshake.swift (in target 'ReluxTunnelCore' from project 'ReluxTunnel')

SwiftDriverJobDiscovery normal arm64 Compiling RuntimeDiagnostics.swift (in target 'ReluxTunnelCore' from project 'ReluxTunnel')

SwiftDriverJobDiscovery normal arm64 Compiling HEVNoticeBundle.swift (in target 'ReluxTunnelNativeAdapter' from project 'ReluxTunnel')

SwiftDriverJobDiscovery normal arm64 Compiling RelaySession.swift (in target 'ReluxTunnelCore' from project 'ReluxTunnel')

SwiftDriverJobDiscovery normal arm64 Compiling NativeDependencyPackaging.swift (in target 'ReluxTunnelNativeAdapter' from project 'ReluxTunnel')

SwiftDriverJobDiscovery normal arm64 Emitting module for ReluxTunnelNativeAdapter (in target 'ReluxTunnelNativeAdapter' from project 'ReluxTunnel')

SwiftDriver\ Compilation\ Requirements ReluxTunnelNativeAdapter normal arm64 com.apple.xcode.tools.swift.compiler (in target 'ReluxTunnelNativeAdapter' from project 'ReluxTunnel')
    cd /Users/iv/Developer/relux-tunnel/.swiftpm/xcode
    builtin-Swift-Compilation-Requirements -- /Applications/Xcode_26_5.app/Contents/Developer/Toolchains/XcodeDefault.xctoolchain/usr/bin/swiftc -module-name ReluxTunnelNativeAdapter -Onone @/Users/iv/Developer/.build/Intermediates.noindex/ReluxTunnel.build/Debug-iphonesimulator/ReluxTunnelNativeAdapter.build/Objects-normal/arm64/ReluxTunnelNativeAdapter.SwiftFileList -DSWIFT_PACKAGE -DDEBUG -DSWIFT_MODULE_RESOURCE_BUNDLE_UNAVAILABLE -DXcode -plugin-path /Applications/Xcode_26_5.app/Contents/Developer/Toolchains/XcodeDefault.xctoolchain/usr/lib/swift/host/plugins/testing -enable-experimental-feature DebugDescriptionMacro -sdk /Applications/Xcode_26_5.app/Contents/Developer/Platforms/iPhoneSimulator.platform/Developer/SDKs/iPhoneSimulator26.5.sdk -target arm64-apple-ios18.0-simulator -g -module-cache-path /Users/iv/Developer/relux-tunnel/.temp/TASK-260715-15vkvz/DerivedData-rework03-iOS/ModuleCache.noindex -Xfrontend -serialize-debugging-options -enable-testing -index-store-path /Users/iv/Developer/relux-tunnel/.temp/TASK-260715-15vkvz/DerivedData-rework03-iOS/Index.noindex/DataStore -Xcc -D_LIBCPP_HARDENING_MODE\=_LIBCPP_HARDENING_MODE_DEBUG -swift-version 6 -I /Users/iv/Developer/.build/Products/Debug-iphonesimulator -Isystem /Applications/Xcode_26_5.app/Contents/Developer/Platforms/iPhoneSimulator.platform/Developer/usr/lib -F /Users/iv/Developer/.build/Products/Debug-iphonesimulator/PackageFrameworks -F /Users/iv/Developer/.build/Products/Debug-iphonesimulator -F /Applications/Xcode_26_5.app/Contents/Developer/Platforms/iPhoneSimulator.platform/Developer/Library/Frameworks -F /Applications/Xcode_26_5.app/Contents/Developer/Platforms/iPhoneSimulator.platform/Developer/SDKs/iPhoneSimulator26.5.sdk/Developer/Library/Frameworks -c -j16 -enable-batch-mode -incremental -Xcc -ivfsstatcache -Xcc /Users/iv/Developer/relux-tunnel/.temp/TASK-260715-15vkvz/DerivedData-rework03-iOS/SDKStatCaches.noindex/iphonesimulator26.5-23F73-9976ff0a46533d0d3305099c8405181f.sdkstatcache -output-file-map /Users/iv/Developer/.build/Intermediates.noindex/ReluxTunnel.build/Debug-iphonesimulator/ReluxTunnelNativeAdapter.build/Objects-normal/arm64/ReluxTunnelNativeAdapter-OutputFileMap.json -use-frontend-parseable-output -save-temps -no-color-diagnostics -explicit-module-build -module-cache-path /Users/iv/Developer/.build/Intermediates.noindex/SwiftExplicitPrecompiledModules -clang-scanner-module-cache-path /Users/iv/Developer/relux-tunnel/.temp/TASK-260715-15vkvz/DerivedData-rework03-iOS/ModuleCache.noindex -sdk-module-cache-path /Users/iv/Developer/relux-tunnel/.temp/TASK-260715-15vkvz/DerivedData-rework03-iOS/ModuleCache.noindex -serialize-diagnostics -emit-dependencies -emit-module -emit-module-path /Users/iv/Developer/.build/Intermediates.noindex/ReluxTunnel.build/Debug-iphonesimulator/ReluxTunnelNativeAdapter.build/Objects-normal/arm64/ReluxTunnelNativeAdapter.swiftmodule -validate-clang-modules-once -clang-build-session-file /Users/iv/Developer/relux-tunnel/.temp/TASK-260715-15vkvz/DerivedData-rework03-iOS/ModuleCache.noindex/Session.modulevalidation -package-name relux_tunnel -Xcc -I/Users/iv/Developer/.build/Intermediates.noindex/ReluxTunnel.build/Debug-iphonesimulator/ReluxTunnelNativeAdapter.build/swift-overrides.hmap -emit-const-values -Xfrontend -const-gather-protocols-file -Xfrontend /Users/iv/Developer/.build/Intermediates.noindex/ReluxTunnel.build/Debug-iphonesimulator/ReluxTunnelNativeAdapter.build/Objects-normal/arm64/ReluxTunnelNativeAdapter_const_extract_protocols.json -Xcc -I/Users/iv/Developer/.build/Products/Debug-iphonesimulator/include -Xcc -I/Users/iv/Developer/.build/Intermediates.noindex/ReluxTunnel.build/Debug-iphonesimulator/ReluxTunnelNativeAdapter.build/DerivedSources-normal/arm64 -Xcc -I/Users/iv/Developer/.build/Intermediates.noindex/ReluxTunnel.build/Debug-iphonesimulator/ReluxTunnelNativeAdapter.build/DerivedSources/arm64 -Xcc -I/Users/iv/Developer/.build/Intermediates.noindex/ReluxTunnel.build/Debug-iphonesimulator/ReluxTunnelNativeAdapter.build/DerivedSources -Xcc -DSWIFT_PACKAGE -Xcc -DDEBUG\=1 -emit-objc-header -emit-objc-header-path /Users/iv/Developer/.build/Intermediates.noindex/ReluxTunnel.build/Debug-iphonesimulator/ReluxTunnelNativeAdapter.build/Objects-normal/arm64/ReluxTunnelNativeAdapter-Swift.h -working-directory /Users/iv/Developer/relux-tunnel/.swiftpm/xcode -experimental-emit-module-separately -disable-cmo

SwiftDriver ReluxTunnelNativeAdapter normal x86_64 com.apple.xcode.tools.swift.compiler (in target 'ReluxTunnelNativeAdapter' from project 'ReluxTunnel')
    cd /Users/iv/Developer/relux-tunnel/.swiftpm/xcode
    builtin-SwiftDriver -- /Applications/Xcode_26_5.app/Contents/Developer/Toolchains/XcodeDefault.xctoolchain/usr/bin/swiftc -module-name ReluxTunnelNativeAdapter -Onone @/Users/iv/Developer/.build/Intermediates.noindex/ReluxTunnel.build/Debug-iphonesimulator/ReluxTunnelNativeAdapter.build/Objects-normal/x86_64/ReluxTunnelNativeAdapter.SwiftFileList -DSWIFT_PACKAGE -DDEBUG -DSWIFT_MODULE_RESOURCE_BUNDLE_UNAVAILABLE -DXcode -plugin-path /Applications/Xcode_26_5.app/Contents/Developer/Toolchains/XcodeDefault.xctoolchain/usr/lib/swift/host/plugins/testing -enable-experimental-feature DebugDescriptionMacro -sdk /Applications/Xcode_26_5.app/Contents/Developer/Platforms/iPhoneSimulator.platform/Developer/SDKs/iPhoneSimulator26.5.sdk -target x86_64-apple-ios18.0-simulator -g -module-cache-path /Users/iv/Developer/relux-tunnel/.temp/TASK-260715-15vkvz/DerivedData-rework03-iOS/ModuleCache.noindex -Xfrontend -serialize-debugging-options -enable-testing -index-store-path /Users/iv/Developer/relux-tunnel/.temp/TASK-260715-15vkvz/DerivedData-rework03-iOS/Index.noindex/DataStore -Xcc -D_LIBCPP_HARDENING_MODE\=_LIBCPP_HARDENING_MODE_DEBUG -swift-version 6 -I /Users/iv/Developer/.build/Products/Debug-iphonesimulator -Isystem /Applications/Xcode_26_5.app/Contents/Developer/Platforms/iPhoneSimulator.platform/Developer/usr/lib -F /Users/iv/Developer/.build/Products/Debug-iphonesimulator/PackageFrameworks -F /Users/iv/Developer/.build/Products/Debug-iphonesimulator -F /Applications/Xcode_26_5.app/Contents/Developer/Platforms/iPhoneSimulator.platform/Developer/Library/Frameworks -F /Applications/Xcode_26_5.app/Contents/Developer/Platforms/iPhoneSimulator.platform/Developer/SDKs/iPhoneSimulator26.5.sdk/Developer/Library/Frameworks -c -j16 -enable-batch-mode -incremental -Xcc -ivfsstatcache -Xcc /Users/iv/Developer/relux-tunnel/.temp/TASK-260715-15vkvz/DerivedData-rework03-iOS/SDKStatCaches.noindex/iphonesimulator26.5-23F73-9976ff0a46533d0d3305099c8405181f.sdkstatcache -output-file-map /Users/iv/Developer/.build/Intermediates.noindex/ReluxTunnel.build/Debug-iphonesimulator/ReluxTunnelNativeAdapter.build/Objects-normal/x86_64/ReluxTunnelNativeAdapter-OutputFileMap.json -use-frontend-parseable-output -save-temps -no-color-diagnostics -explicit-module-build -module-cache-path /Users/iv/Developer/.build/Intermediates.noindex/SwiftExplicitPrecompiledModules -clang-scanner-module-cache-path /Users/iv/Developer/relux-tunnel/.temp/TASK-260715-15vkvz/DerivedData-rework03-iOS/ModuleCache.noindex -sdk-module-cache-path /Users/iv/Developer/relux-tunnel/.temp/TASK-260715-15vkvz/DerivedData-rework03-iOS/ModuleCache.noindex -serialize-diagnostics -emit-dependencies -emit-module -emit-module-path /Users/iv/Developer/.build/Intermediates.noindex/ReluxTunnel.build/Debug-iphonesimulator/ReluxTunnelNativeAdapter.build/Objects-normal/x86_64/ReluxTunnelNativeAdapter.swiftmodule -validate-clang-modules-once -clang-build-session-file /Users/iv/Developer/relux-tunnel/.temp/TASK-260715-15vkvz/DerivedData-rework03-iOS/ModuleCache.noindex/Session.modulevalidation -package-name relux_tunnel -Xcc -I/Users/iv/Developer/.build/Intermediates.noindex/ReluxTunnel.build/Debug-iphonesimulator/ReluxTunnelNativeAdapter.build/swift-overrides.hmap -emit-const-values -Xfrontend -const-gather-protocols-file -Xfrontend /Users/iv/Developer/.build/Intermediates.noindex/ReluxTunnel.build/Debug-iphonesimulator/ReluxTunnelNativeAdapter.build/Objects-normal/x86_64/ReluxTunnelNativeAdapter_const_extract_protocols.json -Xcc -I/Users/iv/Developer/.build/Products/Debug-iphonesimulator/include -Xcc -I/Users/iv/Developer/.build/Intermediates.noindex/ReluxTunnel.build/Debug-iphonesimulator/ReluxTunnelNativeAdapter.build/DerivedSources-normal/x86_64 -Xcc -I/Users/iv/Developer/.build/Intermediates.noindex/ReluxTunnel.build/Debug-iphonesimulator/ReluxTunnelNativeAdapter.build/DerivedSources/x86_64 -Xcc -I/Users/iv/Developer/.build/Intermediates.noindex/ReluxTunnel.build/Debug-iphonesimulator/ReluxTunnelNativeAdapter.build/DerivedSources -Xcc -DSWIFT_PACKAGE -Xcc -DDEBUG\=1 -emit-objc-header -emit-objc-header-path /Users/iv/Developer/.build/Intermediates.noindex/ReluxTunnel.build/Debug-iphonesimulator/ReluxTunnelNativeAdapter.build/Objects-normal/x86_64/ReluxTunnelNativeAdapter-Swift.h -working-directory /Users/iv/Developer/relux-tunnel/.swiftpm/xcode -experimental-emit-module-separately -disable-cmo

SwiftDriverJobDiscovery normal arm64 Compiling VPNManagerRepository.swift (in target 'ReluxTunnelCore' from project 'ReluxTunnel')

SwiftDriverJobDiscovery normal arm64 Compiling ProviderLifecycle.swift (in target 'ReluxTunnelCore' from project 'ReluxTunnel')

SwiftDriverJobDiscovery normal arm64 Compiling RuntimeMessageModels.swift (in target 'ReluxTunnelCore' from project 'ReluxTunnel')

SwiftDriverJobDiscovery normal arm64 Compiling TunnelRuntimeCoordinator.swift (in target 'ReluxTunnelCore' from project 'ReluxTunnel')

SwiftDriverJobDiscovery normal arm64 Compiling SSHContracts.swift (in target 'ReluxTunnelCore' from project 'ReluxTunnel')

SwiftExplicitDependencyGeneratePcm x86_64 /Users/iv/Developer/.build/Intermediates.noindex/SwiftExplicitPrecompiledModules/HevSocks5Tunnel-CQSHOF6EF9PYBFAPRXSS8VM3J.pcm

SwiftExplicitDependencyGeneratePcm x86_64 /Users/iv/Developer/.build/Intermediates.noindex/SwiftExplicitPrecompiledModules/CReluxNativeFixture-5K29XC2G6GSWXVUEGAE7LIGD0.pcm

SwiftEmitModule normal x86_64 Emitting\ module\ for\ ReluxTunnelNativeAdapter (in target 'ReluxTunnelNativeAdapter' from project 'ReluxTunnel')

EmitSwiftModule normal x86_64 (in target 'ReluxTunnelNativeAdapter' from project 'ReluxTunnel')
    cd /Users/iv/Developer/relux-tunnel/.swiftpm/xcode
    

SwiftDriverJobDiscovery normal arm64 Compiling HEVSOCKSBoundary.swift (in target 'ReluxTunnelNativeAdapter' from project 'ReluxTunnel')

SwiftDriverJobDiscovery normal x86_64 Emitting module for ReluxTunnelNativeAdapter (in target 'ReluxTunnelNativeAdapter' from project 'ReluxTunnel')

SwiftDriver\ Compilation\ Requirements ReluxTunnelNativeAdapter normal x86_64 com.apple.xcode.tools.swift.compiler (in target 'ReluxTunnelNativeAdapter' from project 'ReluxTunnel')
    cd /Users/iv/Developer/relux-tunnel/.swiftpm/xcode
    builtin-Swift-Compilation-Requirements -- /Applications/Xcode_26_5.app/Contents/Developer/Toolchains/XcodeDefault.xctoolchain/usr/bin/swiftc -module-name ReluxTunnelNativeAdapter -Onone @/Users/iv/Developer/.build/Intermediates.noindex/ReluxTunnel.build/Debug-iphonesimulator/ReluxTunnelNativeAdapter.build/Objects-normal/x86_64/ReluxTunnelNativeAdapter.SwiftFileList -DSWIFT_PACKAGE -DDEBUG -DSWIFT_MODULE_RESOURCE_BUNDLE_UNAVAILABLE -DXcode -plugin-path /Applications/Xcode_26_5.app/Contents/Developer/Toolchains/XcodeDefault.xctoolchain/usr/lib/swift/host/plugins/testing -enable-experimental-feature DebugDescriptionMacro -sdk /Applications/Xcode_26_5.app/Contents/Developer/Platforms/iPhoneSimulator.platform/Developer/SDKs/iPhoneSimulator26.5.sdk -target x86_64-apple-ios18.0-simulator -g -module-cache-path /Users/iv/Developer/relux-tunnel/.temp/TASK-260715-15vkvz/DerivedData-rework03-iOS/ModuleCache.noindex -Xfrontend -serialize-debugging-options -enable-testing -index-store-path /Users/iv/Developer/relux-tunnel/.temp/TASK-260715-15vkvz/DerivedData-rework03-iOS/Index.noindex/DataStore -Xcc -D_LIBCPP_HARDENING_MODE\=_LIBCPP_HARDENING_MODE_DEBUG -swift-version 6 -I /Users/iv/Developer/.build/Products/Debug-iphonesimulator -Isystem /Applications/Xcode_26_5.app/Contents/Developer/Platforms/iPhoneSimulator.platform/Developer/usr/lib -F /Users/iv/Developer/.build/Products/Debug-iphonesimulator/PackageFrameworks -F /Users/iv/Developer/.build/Products/Debug-iphonesimulator -F /Applications/Xcode_26_5.app/Contents/Developer/Platforms/iPhoneSimulator.platform/Developer/Library/Frameworks -F /Applications/Xcode_26_5.app/Contents/Developer/Platforms/iPhoneSimulator.platform/Developer/SDKs/iPhoneSimulator26.5.sdk/Developer/Library/Frameworks -c -j16 -enable-batch-mode -incremental -Xcc -ivfsstatcache -Xcc /Users/iv/Developer/relux-tunnel/.temp/TASK-260715-15vkvz/DerivedData-rework03-iOS/SDKStatCaches.noindex/iphonesimulator26.5-23F73-9976ff0a46533d0d3305099c8405181f.sdkstatcache -output-file-map /Users/iv/Developer/.build/Intermediates.noindex/ReluxTunnel.build/Debug-iphonesimulator/ReluxTunnelNativeAdapter.build/Objects-normal/x86_64/ReluxTunnelNativeAdapter-OutputFileMap.json -use-frontend-parseable-output -save-temps -no-color-diagnostics -explicit-module-build -module-cache-path /Users/iv/Developer/.build/Intermediates.noindex/SwiftExplicitPrecompiledModules -clang-scanner-module-cache-path /Users/iv/Developer/relux-tunnel/.temp/TASK-260715-15vkvz/DerivedData-rework03-iOS/ModuleCache.noindex -sdk-module-cache-path /Users/iv/Developer/relux-tunnel/.temp/TASK-260715-15vkvz/DerivedData-rework03-iOS/ModuleCache.noindex -serialize-diagnostics -emit-dependencies -emit-module -emit-module-path /Users/iv/Developer/.build/Intermediates.noindex/ReluxTunnel.build/Debug-iphonesimulator/ReluxTunnelNativeAdapter.build/Objects-normal/x86_64/ReluxTunnelNativeAdapter.swiftmodule -validate-clang-modules-once -clang-build-session-file /Users/iv/Developer/relux-tunnel/.temp/TASK-260715-15vkvz/DerivedData-rework03-iOS/ModuleCache.noindex/Session.modulevalidation -package-name relux_tunnel -Xcc -I/Users/iv/Developer/.build/Intermediates.noindex/ReluxTunnel.build/Debug-iphonesimulator/ReluxTunnelNativeAdapter.build/swift-overrides.hmap -emit-const-values -Xfrontend -const-gather-protocols-file -Xfrontend /Users/iv/Developer/.build/Intermediates.noindex/ReluxTunnel.build/Debug-iphonesimulator/ReluxTunnelNativeAdapter.build/Objects-normal/x86_64/ReluxTunnelNativeAdapter_const_extract_protocols.json -Xcc -I/Users/iv/Developer/.build/Products/Debug-iphonesimulator/include -Xcc -I/Users/iv/Developer/.build/Intermediates.noindex/ReluxTunnel.build/Debug-iphonesimulator/ReluxTunnelNativeAdapter.build/DerivedSources-normal/x86_64 -Xcc -I/Users/iv/Developer/.build/Intermediates.noindex/ReluxTunnel.build/Debug-iphonesimulator/ReluxTunnelNativeAdapter.build/DerivedSources/x86_64 -Xcc -I/Users/iv/Developer/.build/Intermediates.noindex/ReluxTunnel.build/Debug-iphonesimulator/ReluxTunnelNativeAdapter.build/DerivedSources -Xcc -DSWIFT_PACKAGE -Xcc -DDEBUG\=1 -emit-objc-header -emit-objc-header-path /Users/iv/Developer/.build/Intermediates.noindex/ReluxTunnel.build/Debug-iphonesimulator/ReluxTunnelNativeAdapter.build/Objects-normal/x86_64/ReluxTunnelNativeAdapter-Swift.h -working-directory /Users/iv/Developer/relux-tunnel/.swiftpm/xcode -experimental-emit-module-separately -disable-cmo

Copy /Users/iv/Developer/.build/Products/Debug-iphonesimulator/ReluxTunnelNativeAdapter.swiftmodule/arm64-apple-ios-simulator.abi.json /Users/iv/Developer/.build/Intermediates.noindex/ReluxTunnel.build/Debug-iphonesimulator/ReluxTunnelNativeAdapter.build/Objects-normal/arm64/ReluxTunnelNativeAdapter.abi.json (in target 'ReluxTunnelNativeAdapter' from project 'ReluxTunnel')
    cd /Users/iv/Developer/relux-tunnel
    builtin-copy -exclude .DS_Store -exclude CVS -exclude .svn -exclude .git -exclude .hg -resolve-src-symlinks -rename /Users/iv/Developer/.build/Intermediates.noindex/ReluxTunnel.build/Debug-iphonesimulator/ReluxTunnelNativeAdapter.build/Objects-normal/arm64/ReluxTunnelNativeAdapter.abi.json /Users/iv/Developer/.build/Products/Debug-iphonesimulator/ReluxTunnelNativeAdapter.swiftmodule/arm64-apple-ios-simulator.abi.json

Copy /Users/iv/Developer/.build/Products/Debug-iphonesimulator/ReluxTunnelNativeAdapter.swiftmodule/x86_64-apple-ios-simulator.swiftmodule /Users/iv/Developer/.build/Intermediates.noindex/ReluxTunnel.build/Debug-iphonesimulator/ReluxTunnelNativeAdapter.build/Objects-normal/x86_64/ReluxTunnelNativeAdapter.swiftmodule (in target 'ReluxTunnelNativeAdapter' from project 'ReluxTunnel')
    cd /Users/iv/Developer/relux-tunnel
    builtin-copy -exclude .DS_Store -exclude CVS -exclude .svn -exclude .git -exclude .hg -resolve-src-symlinks -rename /Users/iv/Developer/.build/Intermediates.noindex/ReluxTunnel.build/Debug-iphonesimulator/ReluxTunnelNativeAdapter.build/Objects-normal/x86_64/ReluxTunnelNativeAdapter.swiftmodule /Users/iv/Developer/.build/Products/Debug-iphonesimulator/ReluxTunnelNativeAdapter.swiftmodule/x86_64-apple-ios-simulator.swiftmodule

Copy /Users/iv/Developer/.build/Products/Debug-iphonesimulator/ReluxTunnelNativeAdapter.swiftmodule/arm64-apple-ios-simulator.swiftmodule /Users/iv/Developer/.build/Intermediates.noindex/ReluxTunnel.build/Debug-iphonesimulator/ReluxTunnelNativeAdapter.build/Objects-normal/arm64/ReluxTunnelNativeAdapter.swiftmodule (in target 'ReluxTunnelNativeAdapter' from project 'ReluxTunnel')
    cd /Users/iv/Developer/relux-tunnel
    builtin-copy -exclude .DS_Store -exclude CVS -exclude .svn -exclude .git -exclude .hg -resolve-src-symlinks -rename /Users/iv/Developer/.build/Intermediates.noindex/ReluxTunnel.build/Debug-iphonesimulator/ReluxTunnelNativeAdapter.build/Objects-normal/arm64/ReluxTunnelNativeAdapter.swiftmodule /Users/iv/Developer/.build/Products/Debug-iphonesimulator/ReluxTunnelNativeAdapter.swiftmodule/arm64-apple-ios-simulator.swiftmodule

Copy /Users/iv/Developer/.build/Products/Debug-iphonesimulator/ReluxTunnelNativeAdapter.swiftmodule/x86_64-apple-ios-simulator.abi.json /Users/iv/Developer/.build/Intermediates.noindex/ReluxTunnel.build/Debug-iphonesimulator/ReluxTunnelNativeAdapter.build/Objects-normal/x86_64/ReluxTunnelNativeAdapter.abi.json (in target 'ReluxTunnelNativeAdapter' from project 'ReluxTunnel')
    cd /Users/iv/Developer/relux-tunnel
    builtin-copy -exclude .DS_Store -exclude CVS -exclude .svn -exclude .git -exclude .hg -resolve-src-symlinks -rename /Users/iv/Developer/.build/Intermediates.noindex/ReluxTunnel.build/Debug-iphonesimulator/ReluxTunnelNativeAdapter.build/Objects-normal/x86_64/ReluxTunnelNativeAdapter.abi.json /Users/iv/Developer/.build/Products/Debug-iphonesimulator/ReluxTunnelNativeAdapter.swiftmodule/x86_64-apple-ios-simulator.abi.json

SwiftDriver ReluxTunnelIOSAdapter normal arm64 com.apple.xcode.tools.swift.compiler (in target 'ReluxTunnelIOSAdapter' from project 'ReluxTunnel')
    cd /Users/iv/Developer/relux-tunnel/.swiftpm/xcode
    builtin-SwiftDriver -- /Applications/Xcode_26_5.app/Contents/Developer/Toolchains/XcodeDefault.xctoolchain/usr/bin/swiftc -module-name ReluxTunnelIOSAdapter -Onone @/Users/iv/Developer/.build/Intermediates.noindex/ReluxTunnel.build/Debug-iphonesimulator/ReluxTunnelIOSAdapter.build/Objects-normal/arm64/ReluxTunnelIOSAdapter.SwiftFileList -DSWIFT_PACKAGE -DDEBUG -DSWIFT_MODULE_RESOURCE_BUNDLE_UNAVAILABLE -DXcode -plugin-path /Applications/Xcode_26_5.app/Contents/Developer/Toolchains/XcodeDefault.xctoolchain/usr/lib/swift/host/plugins/testing -enable-experimental-feature DebugDescriptionMacro -sdk /Applications/Xcode_26_5.app/Contents/Developer/Platforms/iPhoneSimulator.platform/Developer/SDKs/iPhoneSimulator26.5.sdk -target arm64-apple-ios18.0-simulator -g -module-cache-path /Users/iv/Developer/relux-tunnel/.temp/TASK-260715-15vkvz/DerivedData-rework03-iOS/ModuleCache.noindex -Xfrontend -serialize-debugging-options -enable-testing -index-store-path /Users/iv/Developer/relux-tunnel/.temp/TASK-260715-15vkvz/DerivedData-rework03-iOS/Index.noindex/DataStore -Xcc -D_LIBCPP_HARDENING_MODE\=_LIBCPP_HARDENING_MODE_DEBUG -swift-version 6 -I /Users/iv/Developer/.build/Products/Debug-iphonesimulator -Isystem /Applications/Xcode_26_5.app/Contents/Developer/Platforms/iPhoneSimulator.platform/Developer/usr/lib -F /Users/iv/Developer/.build/Products/Debug-iphonesimulator/PackageFrameworks -F /Users/iv/Developer/.build/Products/Debug-iphonesimulator/PackageFrameworks -F /Users/iv/Developer/.build/Products/Debug-iphonesimulator -F /Applications/Xcode_26_5.app/Contents/Developer/Platforms/iPhoneSimulator.platform/Developer/Library/Frameworks -F /Applications/Xcode_26_5.app/Contents/Developer/Platforms/iPhoneSimulator.platform/Developer/SDKs/iPhoneSimulator26.5.sdk/Developer/Library/Frameworks -c -j16 -enable-batch-mode -incremental -Xcc -ivfsstatcache -Xcc /Users/iv/Developer/relux-tunnel/.temp/TASK-260715-15vkvz/DerivedData-rework03-iOS/SDKStatCaches.noindex/iphonesimulator26.5-23F73-9976ff0a46533d0d3305099c8405181f.sdkstatcache -output-file-map /Users/iv/Developer/.build/Intermediates.noindex/ReluxTunnel.build/Debug-iphonesimulator/ReluxTunnelIOSAdapter.build/Objects-normal/arm64/ReluxTunnelIOSAdapter-OutputFileMap.json -use-frontend-parseable-output -save-temps -no-color-diagnostics -explicit-module-build -module-cache-path /Users/iv/Developer/.build/Intermediates.noindex/SwiftExplicitPrecompiledModules -clang-scanner-module-cache-path /Users/iv/Developer/relux-tunnel/.temp/TASK-260715-15vkvz/DerivedData-rework03-iOS/ModuleCache.noindex -sdk-module-cache-path /Users/iv/Developer/relux-tunnel/.temp/TASK-260715-15vkvz/DerivedData-rework03-iOS/ModuleCache.noindex -serialize-diagnostics -emit-dependencies -emit-module -emit-module-path /Users/iv/Developer/.build/Intermediates.noindex/ReluxTunnel.build/Debug-iphonesimulator/ReluxTunnelIOSAdapter.build/Objects-normal/arm64/ReluxTunnelIOSAdapter.swiftmodule -validate-clang-modules-once -clang-build-session-file /Users/iv/Developer/relux-tunnel/.temp/TASK-260715-15vkvz/DerivedData-rework03-iOS/ModuleCache.noindex/Session.modulevalidation -package-name relux_tunnel -Xcc -I/Users/iv/Developer/.build/Intermediates.noindex/ReluxTunnel.build/Debug-iphonesimulator/ReluxTunnelIOSAdapter.build/swift-overrides.hmap -emit-const-values -Xfrontend -const-gather-protocols-file -Xfrontend /Users/iv/Developer/.build/Intermediates.noindex/ReluxTunnel.build/Debug-iphonesimulator/ReluxTunnelIOSAdapter.build/Objects-normal/arm64/ReluxTunnelIOSAdapter_const_extract_protocols.json -Xcc -I/Users/iv/Developer/.build/Products/Debug-iphonesimulator/include -Xcc -I/Users/iv/Developer/.build/Intermediates.noindex/ReluxTunnel.build/Debug-iphonesimulator/ReluxTunnelIOSAdapter.build/DerivedSources-normal/arm64 -Xcc -I/Users/iv/Developer/.build/Intermediates.noindex/ReluxTunnel.build/Debug-iphonesimulator/ReluxTunnelIOSAdapter.build/DerivedSources/arm64 -Xcc -I/Users/iv/Developer/.build/Intermediates.noindex/ReluxTunnel.build/Debug-iphonesimulator/ReluxTunnelIOSAdapter.build/DerivedSources -Xcc -DSWIFT_PACKAGE -Xcc -DDEBUG\=1 -emit-objc-header -emit-objc-header-path /Users/iv/Developer/.build/Intermediates.noindex/ReluxTunnel.build/Debug-iphonesimulator/ReluxTunnelIOSAdapter.build/Objects-normal/arm64/ReluxTunnelIOSAdapter-Swift.h -working-directory /Users/iv/Developer/relux-tunnel/.swiftpm/xcode -experimental-emit-module-separately -disable-cmo

SwiftDriver ReluxTunnelIOSAdapter normal x86_64 com.apple.xcode.tools.swift.compiler (in target 'ReluxTunnelIOSAdapter' from project 'ReluxTunnel')
    cd /Users/iv/Developer/relux-tunnel/.swiftpm/xcode
    builtin-SwiftDriver -- /Applications/Xcode_26_5.app/Contents/Developer/Toolchains/XcodeDefault.xctoolchain/usr/bin/swiftc -module-name ReluxTunnelIOSAdapter -Onone @/Users/iv/Developer/.build/Intermediates.noindex/ReluxTunnel.build/Debug-iphonesimulator/ReluxTunnelIOSAdapter.build/Objects-normal/x86_64/ReluxTunnelIOSAdapter.SwiftFileList -DSWIFT_PACKAGE -DDEBUG -DSWIFT_MODULE_RESOURCE_BUNDLE_UNAVAILABLE -DXcode -plugin-path /Applications/Xcode_26_5.app/Contents/Developer/Toolchains/XcodeDefault.xctoolchain/usr/lib/swift/host/plugins/testing -enable-experimental-feature DebugDescriptionMacro -sdk /Applications/Xcode_26_5.app/Contents/Developer/Platforms/iPhoneSimulator.platform/Developer/SDKs/iPhoneSimulator26.5.sdk -target x86_64-apple-ios18.0-simulator -g -module-cache-path /Users/iv/Developer/relux-tunnel/.temp/TASK-260715-15vkvz/DerivedData-rework03-iOS/ModuleCache.noindex -Xfrontend -serialize-debugging-options -enable-testing -index-store-path /Users/iv/Developer/relux-tunnel/.temp/TASK-260715-15vkvz/DerivedData-rework03-iOS/Index.noindex/DataStore -Xcc -D_LIBCPP_HARDENING_MODE\=_LIBCPP_HARDENING_MODE_DEBUG -swift-version 6 -I /Users/iv/Developer/.build/Products/Debug-iphonesimulator -Isystem /Applications/Xcode_26_5.app/Contents/Developer/Platforms/iPhoneSimulator.platform/Developer/usr/lib -F /Users/iv/Developer/.build/Products/Debug-iphonesimulator/PackageFrameworks -F /Users/iv/Developer/.build/Products/Debug-iphonesimulator/PackageFrameworks -F /Users/iv/Developer/.build/Products/Debug-iphonesimulator -F /Applications/Xcode_26_5.app/Contents/Developer/Platforms/iPhoneSimulator.platform/Developer/Library/Frameworks -F /Applications/Xcode_26_5.app/Contents/Developer/Platforms/iPhoneSimulator.platform/Developer/SDKs/iPhoneSimulator26.5.sdk/Developer/Library/Frameworks -c -j16 -enable-batch-mode -incremental -Xcc -ivfsstatcache -Xcc /Users/iv/Developer/relux-tunnel/.temp/TASK-260715-15vkvz/DerivedData-rework03-iOS/SDKStatCaches.noindex/iphonesimulator26.5-23F73-9976ff0a46533d0d3305099c8405181f.sdkstatcache -output-file-map /Users/iv/Developer/.build/Intermediates.noindex/ReluxTunnel.build/Debug-iphonesimulator/ReluxTunnelIOSAdapter.build/Objects-normal/x86_64/ReluxTunnelIOSAdapter-OutputFileMap.json -use-frontend-parseable-output -save-temps -no-color-diagnostics -explicit-module-build -module-cache-path /Users/iv/Developer/.build/Intermediates.noindex/SwiftExplicitPrecompiledModules -clang-scanner-module-cache-path /Users/iv/Developer/relux-tunnel/.temp/TASK-260715-15vkvz/DerivedData-rework03-iOS/ModuleCache.noindex -sdk-module-cache-path /Users/iv/Developer/relux-tunnel/.temp/TASK-260715-15vkvz/DerivedData-rework03-iOS/ModuleCache.noindex -serialize-diagnostics -emit-dependencies -emit-module -emit-module-path /Users/iv/Developer/.build/Intermediates.noindex/ReluxTunnel.build/Debug-iphonesimulator/ReluxTunnelIOSAdapter.build/Objects-normal/x86_64/ReluxTunnelIOSAdapter.swiftmodule -validate-clang-modules-once -clang-build-session-file /Users/iv/Developer/relux-tunnel/.temp/TASK-260715-15vkvz/DerivedData-rework03-iOS/ModuleCache.noindex/Session.modulevalidation -package-name relux_tunnel -Xcc -I/Users/iv/Developer/.build/Intermediates.noindex/ReluxTunnel.build/Debug-iphonesimulator/ReluxTunnelIOSAdapter.build/swift-overrides.hmap -emit-const-values -Xfrontend -const-gather-protocols-file -Xfrontend /Users/iv/Developer/.build/Intermediates.noindex/ReluxTunnel.build/Debug-iphonesimulator/ReluxTunnelIOSAdapter.build/Objects-normal/x86_64/ReluxTunnelIOSAdapter_const_extract_protocols.json -Xcc -I/Users/iv/Developer/.build/Products/Debug-iphonesimulator/include -Xcc -I/Users/iv/Developer/.build/Intermediates.noindex/ReluxTunnel.build/Debug-iphonesimulator/ReluxTunnelIOSAdapter.build/DerivedSources-normal/x86_64 -Xcc -I/Users/iv/Developer/.build/Intermediates.noindex/ReluxTunnel.build/Debug-iphonesimulator/ReluxTunnelIOSAdapter.build/DerivedSources/x86_64 -Xcc -I/Users/iv/Developer/.build/Intermediates.noindex/ReluxTunnel.build/Debug-iphonesimulator/ReluxTunnelIOSAdapter.build/DerivedSources -Xcc -DSWIFT_PACKAGE -Xcc -DDEBUG\=1 -emit-objc-header -emit-objc-header-path /Users/iv/Developer/.build/Intermediates.noindex/ReluxTunnel.build/Debug-iphonesimulator/ReluxTunnelIOSAdapter.build/Objects-normal/x86_64/ReluxTunnelIOSAdapter-Swift.h -working-directory /Users/iv/Developer/relux-tunnel/.swiftpm/xcode -experimental-emit-module-separately -disable-cmo

SwiftDriverJobDiscovery normal arm64 Compiling HEVIntegration.swift (in target 'ReluxTunnelNativeAdapter' from project 'ReluxTunnel')

SwiftDriver\ Compilation ReluxTunnelNativeAdapter normal arm64 com.apple.xcode.tools.swift.compiler (in target 'ReluxTunnelNativeAdapter' from project 'ReluxTunnel')
    cd /Users/iv/Developer/relux-tunnel/.swiftpm/xcode
    builtin-Swift-Compilation -- /Applications/Xcode_26_5.app/Contents/Developer/Toolchains/XcodeDefault.xctoolchain/usr/bin/swiftc -module-name ReluxTunnelNativeAdapter -Onone @/Users/iv/Developer/.build/Intermediates.noindex/ReluxTunnel.build/Debug-iphonesimulator/ReluxTunnelNativeAdapter.build/Objects-normal/arm64/ReluxTunnelNativeAdapter.SwiftFileList -DSWIFT_PACKAGE -DDEBUG -DSWIFT_MODULE_RESOURCE_BUNDLE_UNAVAILABLE -DXcode -plugin-path /Applications/Xcode_26_5.app/Contents/Developer/Toolchains/XcodeDefault.xctoolchain/usr/lib/swift/host/plugins/testing -enable-experimental-feature DebugDescriptionMacro -sdk /Applications/Xcode_26_5.app/Contents/Developer/Platforms/iPhoneSimulator.platform/Developer/SDKs/iPhoneSimulator26.5.sdk -target arm64-apple-ios18.0-simulator -g -module-cache-path /Users/iv/Developer/relux-tunnel/.temp/TASK-260715-15vkvz/DerivedData-rework03-iOS/ModuleCache.noindex -Xfrontend -serialize-debugging-options -enable-testing -index-store-path /Users/iv/Developer/relux-tunnel/.temp/TASK-260715-15vkvz/DerivedData-rework03-iOS/Index.noindex/DataStore -Xcc -D_LIBCPP_HARDENING_MODE\=_LIBCPP_HARDENING_MODE_DEBUG -swift-version 6 -I /Users/iv/Developer/.build/Products/Debug-iphonesimulator -Isystem /Applications/Xcode_26_5.app/Contents/Developer/Platforms/iPhoneSimulator.platform/Developer/usr/lib -F /Users/iv/Developer/.build/Products/Debug-iphonesimulator/PackageFrameworks -F /Users/iv/Developer/.build/Products/Debug-iphonesimulator -F /Applications/Xcode_26_5.app/Contents/Developer/Platforms/iPhoneSimulator.platform/Developer/Library/Frameworks -F /Applications/Xcode_26_5.app/Contents/Developer/Platforms/iPhoneSimulator.platform/Developer/SDKs/iPhoneSimulator26.5.sdk/Developer/Library/Frameworks -c -j16 -enable-batch-mode -incremental -Xcc -ivfsstatcache -Xcc /Users/iv/Developer/relux-tunnel/.temp/TASK-260715-15vkvz/DerivedData-rework03-iOS/SDKStatCaches.noindex/iphonesimulator26.5-23F73-9976ff0a46533d0d3305099c8405181f.sdkstatcache -output-file-map /Users/iv/Developer/.build/Intermediates.noindex/ReluxTunnel.build/Debug-iphonesimulator/ReluxTunnelNativeAdapter.build/Objects-normal/arm64/ReluxTunnelNativeAdapter-OutputFileMap.json -use-frontend-parseable-output -save-temps -no-color-diagnostics -explicit-module-build -module-cache-path /Users/iv/Developer/.build/Intermediates.noindex/SwiftExplicitPrecompiledModules -clang-scanner-module-cache-path /Users/iv/Developer/relux-tunnel/.temp/TASK-260715-15vkvz/DerivedData-rework03-iOS/ModuleCache.noindex -sdk-module-cache-path /Users/iv/Developer/relux-tunnel/.temp/TASK-260715-15vkvz/DerivedData-rework03-iOS/ModuleCache.noindex -serialize-diagnostics -emit-dependencies -emit-module -emit-module-path /Users/iv/Developer/.build/Intermediates.noindex/ReluxTunnel.build/Debug-iphonesimulator/ReluxTunnelNativeAdapter.build/Objects-normal/arm64/ReluxTunnelNativeAdapter.swiftmodule -validate-clang-modules-once -clang-build-session-file /Users/iv/Developer/relux-tunnel/.temp/TASK-260715-15vkvz/DerivedData-rework03-iOS/ModuleCache.noindex/Session.modulevalidation -package-name relux_tunnel -Xcc -I/Users/iv/Developer/.build/Intermediates.noindex/ReluxTunnel.build/Debug-iphonesimulator/ReluxTunnelNativeAdapter.build/swift-overrides.hmap -emit-const-values -Xfrontend -const-gather-protocols-file -Xfrontend /Users/iv/Developer/.build/Intermediates.noindex/ReluxTunnel.build/Debug-iphonesimulator/ReluxTunnelNativeAdapter.build/Objects-normal/arm64/ReluxTunnelNativeAdapter_const_extract_protocols.json -Xcc -I/Users/iv/Developer/.build/Products/Debug-iphonesimulator/include -Xcc -I/Users/iv/Developer/.build/Intermediates.noindex/ReluxTunnel.build/Debug-iphonesimulator/ReluxTunnelNativeAdapter.build/DerivedSources-normal/arm64 -Xcc -I/Users/iv/Developer/.build/Intermediates.noindex/ReluxTunnel.build/Debug-iphonesimulator/ReluxTunnelNativeAdapter.build/DerivedSources/arm64 -Xcc -I/Users/iv/Developer/.build/Intermediates.noindex/ReluxTunnel.build/Debug-iphonesimulator/ReluxTunnelNativeAdapter.build/DerivedSources -Xcc -DSWIFT_PACKAGE -Xcc -DDEBUG\=1 -emit-objc-header -emit-objc-header-path /Users/iv/Developer/.build/Intermediates.noindex/ReluxTunnel.build/Debug-iphonesimulator/ReluxTunnelNativeAdapter.build/Objects-normal/arm64/ReluxTunnelNativeAdapter-Swift.h -working-directory /Users/iv/Developer/relux-tunnel/.swiftpm/xcode -experimental-emit-module-separately -disable-cmo

SwiftDriverJobDiscovery normal arm64 Compiling PacketFlowBridge.swift (in target 'ReluxTunnelCore' from project 'ReluxTunnel')

SwiftDriver\ Compilation ReluxTunnelCore normal arm64 com.apple.xcode.tools.swift.compiler (in target 'ReluxTunnelCore' from project 'ReluxTunnel')
    cd /Users/iv/Developer/relux-tunnel/.swiftpm/xcode
    builtin-Swift-Compilation -- /Applications/Xcode_26_5.app/Contents/Developer/Toolchains/XcodeDefault.xctoolchain/usr/bin/swiftc -module-name ReluxTunnelCore -Onone @/Users/iv/Developer/.build/Intermediates.noindex/ReluxTunnel.build/Debug-iphonesimulator/ReluxTunnelCore.build/Objects-normal/arm64/ReluxTunnelCore.SwiftFileList -DSWIFT_PACKAGE -DDEBUG -DSWIFT_MODULE_RESOURCE_BUNDLE_UNAVAILABLE -DXcode -plugin-path /Applications/Xcode_26_5.app/Contents/Developer/Toolchains/XcodeDefault.xctoolchain/usr/lib/swift/host/plugins/testing -enable-experimental-feature DebugDescriptionMacro -sdk /Applications/Xcode_26_5.app/Contents/Developer/Platforms/iPhoneSimulator.platform/Developer/SDKs/iPhoneSimulator26.5.sdk -target arm64-apple-ios18.0-simulator -g -module-cache-path /Users/iv/Developer/relux-tunnel/.temp/TASK-260715-15vkvz/DerivedData-rework03-iOS/ModuleCache.noindex -Xfrontend -serialize-debugging-options -enable-testing -index-store-path /Users/iv/Developer/relux-tunnel/.temp/TASK-260715-15vkvz/DerivedData-rework03-iOS/Index.noindex/DataStore -Xcc -D_LIBCPP_HARDENING_MODE\=_LIBCPP_HARDENING_MODE_DEBUG -swift-version 6 -I /Users/iv/Developer/.build/Products/Debug-iphonesimulator -Isystem /Applications/Xcode_26_5.app/Contents/Developer/Platforms/iPhoneSimulator.platform/Developer/usr/lib -F /Users/iv/Developer/.build/Products/Debug-iphonesimulator -F /Applications/Xcode_26_5.app/Contents/Developer/Platforms/iPhoneSimulator.platform/Developer/Library/Frameworks -F /Applications/Xcode_26_5.app/Contents/Developer/Platforms/iPhoneSimulator.platform/Developer/SDKs/iPhoneSimulator26.5.sdk/Developer/Library/Frameworks -c -j16 -enable-batch-mode -incremental -Xcc -ivfsstatcache -Xcc /Users/iv/Developer/relux-tunnel/.temp/TASK-260715-15vkvz/DerivedData-rework03-iOS/SDKStatCaches.noindex/iphonesimulator26.5-23F73-9976ff0a46533d0d3305099c8405181f.sdkstatcache -output-file-map /Users/iv/Developer/.build/Intermediates.noindex/ReluxTunnel.build/Debug-iphonesimulator/ReluxTunnelCore.build/Objects-normal/arm64/ReluxTunnelCore-OutputFileMap.json -use-frontend-parseable-output -save-temps -no-color-diagnostics -explicit-module-build -module-cache-path /Users/iv/Developer/.build/Intermediates.noindex/SwiftExplicitPrecompiledModules -clang-scanner-module-cache-path /Users/iv/Developer/relux-tunnel/.temp/TASK-260715-15vkvz/DerivedData-rework03-iOS/ModuleCache.noindex -sdk-module-cache-path /Users/iv/Developer/relux-tunnel/.temp/TASK-260715-15vkvz/DerivedData-rework03-iOS/ModuleCache.noindex -serialize-diagnostics -emit-dependencies -emit-module -emit-module-path /Users/iv/Developer/.build/Intermediates.noindex/ReluxTunnel.build/Debug-iphonesimulator/ReluxTunnelCore.build/Objects-normal/arm64/ReluxTunnelCore.swiftmodule -validate-clang-modules-once -clang-build-session-file /Users/iv/Developer/relux-tunnel/.temp/TASK-260715-15vkvz/DerivedData-rework03-iOS/ModuleCache.noindex/Session.modulevalidation -package-name relux_tunnel -Xcc -I/Users/iv/Developer/.build/Intermediates.noindex/ReluxTunnel.build/Debug-iphonesimulator/ReluxTunnelCore.build/swift-overrides.hmap -emit-const-values -Xfrontend -const-gather-protocols-file -Xfrontend /Users/iv/Developer/.build/Intermediates.noindex/ReluxTunnel.build/Debug-iphonesimulator/ReluxTunnelCore.build/Objects-normal/arm64/ReluxTunnelCore_const_extract_protocols.json -Xcc -I/Users/iv/Developer/.build/Products/Debug-iphonesimulator/include -Xcc -I/Users/iv/Developer/.build/Intermediates.noindex/ReluxTunnel.build/Debug-iphonesimulator/ReluxTunnelCore.build/DerivedSources-normal/arm64 -Xcc -I/Users/iv/Developer/.build/Intermediates.noindex/ReluxTunnel.build/Debug-iphonesimulator/ReluxTunnelCore.build/DerivedSources/arm64 -Xcc -I/Users/iv/Developer/.build/Intermediates.noindex/ReluxTunnel.build/Debug-iphonesimulator/ReluxTunnelCore.build/DerivedSources -Xcc -DSWIFT_PACKAGE -Xcc -DDEBUG\=1 -emit-objc-header -emit-objc-header-path /Users/iv/Developer/.build/Intermediates.noindex/ReluxTunnel.build/Debug-iphonesimulator/ReluxTunnelCore.build/Objects-normal/arm64/ReluxTunnelCore-Swift.h -working-directory /Users/iv/Developer/relux-tunnel/.swiftpm/xcode -experimental-emit-module-separately -disable-cmo

Ld /Users/iv/Developer/.build/Intermediates.noindex/ReluxTunnel.build/Debug-iphonesimulator/ReluxTunnelCore.build/Objects-normal/arm64/Binary/ReluxTunnelCore.o normal arm64 (in target 'ReluxTunnelCore' from project 'ReluxTunnel')
    cd /Users/iv/Developer/relux-tunnel
    /Applications/Xcode_26_5.app/Contents/Developer/Toolchains/XcodeDefault.xctoolchain/usr/bin/clang -Xlinker -reproducible -target arm64-apple-ios18.0-simulator -r -isysroot /Applications/Xcode_26_5.app/Contents/Developer/Platforms/iPhoneSimulator.platform/Developer/SDKs/iPhoneSimulator26.5.sdk -O0 -F/Users/iv/Developer/.build/Intermediates.noindex/EagerLinkingTBDs/Debug-iphonesimulator -F/Users/iv/Developer/.build/Products/Debug-iphonesimulator -iframework /Applications/Xcode_26_5.app/Contents/Developer/Platforms/iPhoneSimulator.platform/Developer/Library/Frameworks -iframework /Applications/Xcode_26_5.app/Contents/Developer/Platforms/iPhoneSimulator.platform/Developer/SDKs/iPhoneSimulator26.5.sdk/Developer/Library/Frameworks -filelist /Users/iv/Developer/.build/Intermediates.noindex/ReluxTunnel.build/Debug-iphonesimulator/ReluxTunnelCore.build/Objects-normal/arm64/ReluxTunnelCore.LinkFileList -nostdlib -Xlinker -object_path_lto -Xlinker /Users/iv/Developer/.build/Intermediates.noindex/ReluxTunnel.build/Debug-iphonesimulator/ReluxTunnelCore.build/Objects-normal/arm64/ReluxTunnelCore_lto.o -Xlinker -no_deduplicate -Xlinker -objc_abi_version -Xlinker 2 -Xlinker -dependency_info -Xlinker /Users/iv/Developer/.build/Intermediates.noindex/ReluxTunnel.build/Debug-iphonesimulator/ReluxTunnelCore.build/Objects-normal/arm64/ReluxTunnelCore_dependency_info.dat -fobjc-link-runtime -L/Applications/Xcode_26_5.app/Contents/Developer/Toolchains/XcodeDefault.xctoolchain/usr/lib/swift/iphonesimulator -L/usr/lib/swift -Xlinker -add_ast_path -Xlinker /Users/iv/Developer/.build/Intermediates.noindex/ReluxTunnel.build/Debug-iphonesimulator/ReluxTunnelCore.build/Objects-normal/arm64/ReluxTunnelCore.swiftmodule @/Users/iv/Developer/.build/Intermediates.noindex/ReluxTunnel.build/Debug-iphonesimulator/ReluxTunnelCore.build/Objects-normal/arm64/ReluxTunnelCore-linker-args.resp -o /Users/iv/Developer/.build/Intermediates.noindex/ReluxTunnel.build/Debug-iphonesimulator/ReluxTunnelCore.build/Objects-normal/arm64/Binary/ReluxTunnelCore.o

CreateUniversalBinary /Users/iv/Developer/.build/Products/Debug-iphonesimulator/ReluxTunnelCore.o normal arm64\ x86_64 (in target 'ReluxTunnelCore' from project 'ReluxTunnel')
    cd /Users/iv/Developer/relux-tunnel
    /Applications/Xcode_26_5.app/Contents/Developer/Toolchains/XcodeDefault.xctoolchain/usr/bin/lipo -create /Users/iv/Developer/.build/Intermediates.noindex/ReluxTunnel.build/Debug-iphonesimulator/ReluxTunnelCore.build/Objects-normal/arm64/Binary/ReluxTunnelCore.o /Users/iv/Developer/.build/Intermediates.noindex/ReluxTunnel.build/Debug-iphonesimulator/ReluxTunnelCore.build/Objects-normal/x86_64/Binary/ReluxTunnelCore.o -output /Users/iv/Developer/.build/Products/Debug-iphonesimulator/ReluxTunnelCore.o

ExtractAppIntentsMetadata (in target 'ReluxTunnelCore' from project 'ReluxTunnel')
    cd /Users/iv/Developer/relux-tunnel
    /Applications/Xcode_26_5.app/Contents/Developer/Toolchains/XcodeDefault.xctoolchain/usr/bin/appintentsmetadataprocessor --toolchain-dir /Applications/Xcode_26_5.app/Contents/Developer/Toolchains/XcodeDefault.xctoolchain --module-name ReluxTunnelCore --sdk-root /Applications/Xcode_26_5.app/Contents/Developer/Platforms/iPhoneSimulator.platform/Developer/SDKs/iPhoneSimulator26.5.sdk --xcode-version 17F42 --platform-family iOS --deployment-target 18.0 --bundle-identifier relux-tunnel.ReluxTunnelCore --output /Users/iv/Developer/.build/Products/Debug-iphonesimulator/ReluxTunnelCore.appintents --target-triple arm64-apple-ios18.0-simulator --target-triple x86_64-apple-ios18.0-simulator --binary-file /Users/iv/Developer/.build/Products/Debug-iphonesimulator/ReluxTunnelCore.o --dependency-file /Users/iv/Developer/.build/Intermediates.noindex/ReluxTunnel.build/Debug-iphonesimulator/ReluxTunnelCore.build/Objects-normal/arm64/ReluxTunnelCore_dependency_info.dat --dependency-file /Users/iv/Developer/.build/Intermediates.noindex/ReluxTunnel.build/Debug-iphonesimulator/ReluxTunnelCore.build/Objects-normal/x86_64/ReluxTunnelCore_dependency_info.dat --stringsdata-file /Users/iv/Developer/.build/Intermediates.noindex/ReluxTunnel.build/Debug-iphonesimulator/ReluxTunnelCore.build/Objects-normal/arm64/ExtractedAppShortcutsMetadata.stringsdata --stringsdata-file /Users/iv/Developer/.build/Intermediates.noindex/ReluxTunnel.build/Debug-iphonesimulator/ReluxTunnelCore.build/Objects-normal/x86_64/ExtractedAppShortcutsMetadata.stringsdata --source-file-list /Users/iv/Developer/.build/Intermediates.noindex/ReluxTunnel.build/Debug-iphonesimulator/ReluxTunnelCore.build/Objects-normal/arm64/ReluxTunnelCore.SwiftFileList --source-file-list /Users/iv/Developer/.build/Intermediates.noindex/ReluxTunnel.build/Debug-iphonesimulator/ReluxTunnelCore.build/Objects-normal/x86_64/ReluxTunnelCore.SwiftFileList --metadata-file-list /Users/iv/Developer/.build/Intermediates.noindex/ReluxTunnel.build/Debug-iphonesimulator/ReluxTunnelCore.build/ReluxTunnelCore.DependencyMetadataFileList --static-metadata-file-list /Users/iv/Developer/.build/Intermediates.noindex/ReluxTunnel.build/Debug-iphonesimulator/ReluxTunnelCore.build/ReluxTunnelCore.DependencyStaticMetadataFileList --swift-const-vals-list /Users/iv/Developer/.build/Intermediates.noindex/ReluxTunnel.build/Debug-iphonesimulator/ReluxTunnelCore.build/Objects-normal/arm64/ReluxTunnelCore.SwiftConstValuesFileList --swift-const-vals-list /Users/iv/Developer/.build/Intermediates.noindex/ReluxTunnel.build/Debug-iphonesimulator/ReluxTunnelCore.build/Objects-normal/x86_64/ReluxTunnelCore.SwiftConstValuesFileList --force --compile-time-extraction --deployment-aware-processing --validate-assistant-intents --no-app-shortcuts-localization
2026-07-21 04:38:16.900 appintentsmetadataprocessor[49043:98074300] Starting appintentsmetadataprocessor export
2026-07-21 04:38:16.909 appintentsmetadataprocessor[49043:98074300] Extracted no relevant App Intents symbols, skipping writing output

RegisterExecutionPolicyException /Users/iv/Developer/.build/Products/Debug-iphonesimulator/ReluxTunnelCore.o (in target 'ReluxTunnelCore' from project 'ReluxTunnel')
    cd /Users/iv/Developer/relux-tunnel
    builtin-RegisterExecutionPolicyException /Users/iv/Developer/.build/Products/Debug-iphonesimulator/ReluxTunnelCore.o

SwiftExplicitDependencyGeneratePcm arm64 /Users/iv/Developer/relux-tunnel/.temp/TASK-260715-15vkvz/DerivedData-rework03-iOS/ModuleCache.noindex/dnssd-5XAAECU4AH0G7L4DDAH49WRO3.pcm

SwiftExplicitDependencyGeneratePcm arm64 /Users/iv/Developer/relux-tunnel/.temp/TASK-260715-15vkvz/DerivedData-rework03-iOS/ModuleCache.noindex/MachO-4DM5YNL88NBSURT9X107ERFKT.pcm

SwiftExplicitDependencyGeneratePcm arm64 /Users/iv/Developer/relux-tunnel/.temp/TASK-260715-15vkvz/DerivedData-rework03-iOS/ModuleCache.noindex/ExtensionFoundation-9VYX6JA3Y06X0BYX81ZW6CKYP.pcm

SwiftExplicitDependencyGeneratePcm arm64 /Users/iv/Developer/relux-tunnel/.temp/TASK-260715-15vkvz/DerivedData-rework03-iOS/ModuleCache.noindex/_Builtin_stdatomic-BQHFV5H10E2WNEY3DGZSXZ49G.pcm

SwiftExplicitDependencyGeneratePcm x86_64 /Users/iv/Developer/relux-tunnel/.temp/TASK-260715-15vkvz/DerivedData-rework03-iOS/ModuleCache.noindex/dnssd-9PI5VIGSCP2J7ENFTO5FR7D8X.pcm

SwiftExplicitDependencyGeneratePcm x86_64 /Users/iv/Developer/relux-tunnel/.temp/TASK-260715-15vkvz/DerivedData-rework03-iOS/ModuleCache.noindex/ExtensionFoundation-C4HVI7NQRHKRA8FU6G626NOHL.pcm

SwiftExplicitDependencyGeneratePcm x86_64 /Users/iv/Developer/relux-tunnel/.temp/TASK-260715-15vkvz/DerivedData-rework03-iOS/ModuleCache.noindex/_Builtin_stdatomic-1UALW3RLI8RZI7PYLM0U7R2T9.pcm

SwiftExplicitDependencyGeneratePcm x86_64 /Users/iv/Developer/relux-tunnel/.temp/TASK-260715-15vkvz/DerivedData-rework03-iOS/ModuleCache.noindex/MachO-EV50L4DZAHQZY15SIN03UI2OA.pcm

Ld /Users/iv/Developer/.build/Intermediates.noindex/ReluxTunnel.build/Debug-iphonesimulator/ReluxTunnelNativeAdapter.build/Objects-normal/arm64/Binary/ReluxTunnelNativeAdapter.o normal arm64 (in target 'ReluxTunnelNativeAdapter' from project 'ReluxTunnel')
    cd /Users/iv/Developer/relux-tunnel
    /Applications/Xcode_26_5.app/Contents/Developer/Toolchains/XcodeDefault.xctoolchain/usr/bin/clang -Xlinker -reproducible -target arm64-apple-ios18.0-simulator -r -isysroot /Applications/Xcode_26_5.app/Contents/Developer/Platforms/iPhoneSimulator.platform/Developer/SDKs/iPhoneSimulator26.5.sdk -O0 -F/Users/iv/Developer/.build/Intermediates.noindex/EagerLinkingTBDs/Debug-iphonesimulator -F/Users/iv/Developer/.build/Products/Debug-iphonesimulator/PackageFrameworks -F/Users/iv/Developer/.build/Products/Debug-iphonesimulator -iframework /Applications/Xcode_26_5.app/Contents/Developer/Platforms/iPhoneSimulator.platform/Developer/Library/Frameworks -iframework /Applications/Xcode_26_5.app/Contents/Developer/Platforms/iPhoneSimulator.platform/Developer/SDKs/iPhoneSimulator26.5.sdk/Developer/Library/Frameworks -filelist /Users/iv/Developer/.build/Intermediates.noindex/ReluxTunnel.build/Debug-iphonesimulator/ReluxTunnelNativeAdapter.build/Objects-normal/arm64/ReluxTunnelNativeAdapter.LinkFileList -nostdlib -Xlinker -object_path_lto -Xlinker /Users/iv/Developer/.build/Intermediates.noindex/ReluxTunnel.build/Debug-iphonesimulator/ReluxTunnelNativeAdapter.build/Objects-normal/arm64/ReluxTunnelNativeAdapter_lto.o -Xlinker -no_deduplicate -Xlinker -objc_abi_version -Xlinker 2 -Xlinker -dependency_info -Xlinker /Users/iv/Developer/.build/Intermediates.noindex/ReluxTunnel.build/Debug-iphonesimulator/ReluxTunnelNativeAdapter.build/Objects-normal/arm64/ReluxTunnelNativeAdapter_dependency_info.dat -fobjc-link-runtime -L/Applications/Xcode_26_5.app/Contents/Developer/Toolchains/XcodeDefault.xctoolchain/usr/lib/swift/iphonesimulator -L/usr/lib/swift -Xlinker -add_ast_path -Xlinker /Users/iv/Developer/.build/Intermediates.noindex/ReluxTunnel.build/Debug-iphonesimulator/ReluxTunnelNativeAdapter.build/Objects-normal/arm64/ReluxTunnelNativeAdapter.swiftmodule @/Users/iv/Developer/.build/Intermediates.noindex/ReluxTunnel.build/Debug-iphonesimulator/ReluxTunnelNativeAdapter.build/Objects-normal/arm64/ReluxTunnelNativeAdapter-linker-args.resp -o /Users/iv/Developer/.build/Intermediates.noindex/ReluxTunnel.build/Debug-iphonesimulator/ReluxTunnelNativeAdapter.build/Objects-normal/arm64/Binary/ReluxTunnelNativeAdapter.o

SwiftCompile normal x86_64 Compiling\ HEVNoticeBundle.swift /Users/iv/Developer/relux-tunnel/Sources/ReluxTunnelNativeAdapter/HEVNoticeBundle.swift (in target 'ReluxTunnelNativeAdapter' from project 'ReluxTunnel')
SwiftCompile normal x86_64 /Users/iv/Developer/relux-tunnel/Sources/ReluxTunnelNativeAdapter/HEVNoticeBundle.swift (in target 'ReluxTunnelNativeAdapter' from project 'ReluxTunnel')
    cd /Users/iv/Developer/relux-tunnel/.swiftpm/xcode
    

SwiftCompile normal x86_64 Compiling\ HEVSOCKSBoundary.swift /Users/iv/Developer/relux-tunnel/Sources/ReluxTunnelNativeAdapter/HEVSOCKSBoundary.swift (in target 'ReluxTunnelNativeAdapter' from project 'ReluxTunnel')
SwiftCompile normal x86_64 /Users/iv/Developer/relux-tunnel/Sources/ReluxTunnelNativeAdapter/HEVSOCKSBoundary.swift (in target 'ReluxTunnelNativeAdapter' from project 'ReluxTunnel')
    cd /Users/iv/Developer/relux-tunnel/.swiftpm/xcode
    

SwiftCompile normal x86_64 Compiling\ HEVIntegration.swift /Users/iv/Developer/relux-tunnel/Sources/ReluxTunnelNativeAdapter/HEVIntegration.swift (in target 'ReluxTunnelNativeAdapter' from project 'ReluxTunnel')
SwiftCompile normal x86_64 /Users/iv/Developer/relux-tunnel/Sources/ReluxTunnelNativeAdapter/HEVIntegration.swift (in target 'ReluxTunnelNativeAdapter' from project 'ReluxTunnel')
    cd /Users/iv/Developer/relux-tunnel/.swiftpm/xcode
    

SwiftCompile normal x86_64 Compiling\ NativeDependencyPackaging.swift /Users/iv/Developer/relux-tunnel/Sources/ReluxTunnelNativeAdapter/NativeDependencyPackaging.swift (in target 'ReluxTunnelNativeAdapter' from project 'ReluxTunnel')

SwiftCompile normal x86_64 /Users/iv/Developer/relux-tunnel/Sources/ReluxTunnelNativeAdapter/NativeDependencyPackaging.swift (in target 'ReluxTunnelNativeAdapter' from project 'ReluxTunnel')
    cd /Users/iv/Developer/relux-tunnel/.swiftpm/xcode
    

SwiftExplicitDependencyGeneratePcm x86_64 /Users/iv/Developer/relux-tunnel/.temp/TASK-260715-15vkvz/DerivedData-rework03-iOS/ModuleCache.noindex/Network-C4V5TO5O17U0NRW9RQ9636WOP.pcm

SwiftExplicitDependencyGeneratePcm arm64 /Users/iv/Developer/relux-tunnel/.temp/TASK-260715-15vkvz/DerivedData-rework03-iOS/ModuleCache.noindex/Network-147MYGL1H4NP78ZKNZJN35DRW.pcm

SwiftExplicitDependencyGeneratePcm x86_64 /Users/iv/Developer/relux-tunnel/.temp/TASK-260715-15vkvz/DerivedData-rework03-iOS/ModuleCache.noindex/os-2OGGZVVC6ECM7YTL2JU2SS0E3.pcm

SwiftExplicitDependencyGeneratePcm arm64 /Users/iv/Developer/relux-tunnel/.temp/TASK-260715-15vkvz/DerivedData-rework03-iOS/ModuleCache.noindex/os-9SHRJ7UOO59N4SKIO7SBFNZE0.pcm

SwiftDriverJobDiscovery normal x86_64 Compiling HEVNoticeBundle.swift (in target 'ReluxTunnelNativeAdapter' from project 'ReluxTunnel')

SwiftExplicitDependencyGeneratePcm x86_64 /Users/iv/Developer/relux-tunnel/.temp/TASK-260715-15vkvz/DerivedData-rework03-iOS/ModuleCache.noindex/OSLog-6KGIK6TVX927SPOZBZQX4M30O.pcm

SwiftExplicitDependencyGeneratePcm arm64 /Users/iv/Developer/relux-tunnel/.temp/TASK-260715-15vkvz/DerivedData-rework03-iOS/ModuleCache.noindex/OSLog-SV5TCVRA1EUCX8PRFF71CGXY.pcm

SwiftExplicitDependencyGeneratePcm x86_64 /Users/iv/Developer/relux-tunnel/.temp/TASK-260715-15vkvz/DerivedData-rework03-iOS/ModuleCache.noindex/NetworkExtension-2LKJ3TLHTWRRADVH1I2SRI4ZO.pcm

SwiftDriverJobDiscovery normal x86_64 Compiling NativeDependencyPackaging.swift (in target 'ReluxTunnelNativeAdapter' from project 'ReluxTunnel')

SwiftExplicitDependencyGeneratePcm arm64 /Users/iv/Developer/relux-tunnel/.temp/TASK-260715-15vkvz/DerivedData-rework03-iOS/ModuleCache.noindex/NetworkExtension-IG6FFSWM3ZBYM1NZ9OJ3FQSY.pcm

SwiftEmitModule normal x86_64 Emitting\ module\ for\ ReluxTunnelIOSAdapter (in target 'ReluxTunnelIOSAdapter' from project 'ReluxTunnel')

EmitSwiftModule normal x86_64 (in target 'ReluxTunnelIOSAdapter' from project 'ReluxTunnel')
    cd /Users/iv/Developer/relux-tunnel/.swiftpm/xcode
    

SwiftCompile normal x86_64 Compiling\ IOSProviderCompositionRoot.swift /Users/iv/Developer/relux-tunnel/Sources/ReluxTunnelIOSAdapter/IOSProviderCompositionRoot.swift (in target 'ReluxTunnelIOSAdapter' from project 'ReluxTunnel')

SwiftCompile normal x86_64 /Users/iv/Developer/relux-tunnel/Sources/ReluxTunnelIOSAdapter/IOSProviderCompositionRoot.swift (in target 'ReluxTunnelIOSAdapter' from project 'ReluxTunnel')
    cd /Users/iv/Developer/relux-tunnel/.swiftpm/xcode
    

SwiftCompile normal x86_64 Compiling\ NativePackagingAnchor.swift /Users/iv/Developer/relux-tunnel/Sources/ReluxTunnelIOSAdapter/NativePackagingAnchor.swift (in target 'ReluxTunnelIOSAdapter' from project 'ReluxTunnel')

SwiftCompile normal x86_64 /Users/iv/Developer/relux-tunnel/Sources/ReluxTunnelIOSAdapter/NativePackagingAnchor.swift (in target 'ReluxTunnelIOSAdapter' from project 'ReluxTunnel')
    cd /Users/iv/Developer/relux-tunnel/.swiftpm/xcode
    

SwiftCompile normal x86_64 Compiling\ IOSVPNManagerPreferences.swift /Users/iv/Developer/relux-tunnel/Sources/ReluxTunnelIOSAdapter/IOSVPNManagerPreferences.swift (in target 'ReluxTunnelIOSAdapter' from project 'ReluxTunnel')
SwiftCompile normal x86_64 /Users/iv/Developer/relux-tunnel/Sources/ReluxTunnelIOSAdapter/IOSVPNManagerPreferences.swift (in target 'ReluxTunnelIOSAdapter' from project 'ReluxTunnel')
    cd /Users/iv/Developer/relux-tunnel/.swiftpm/xcode
    

SwiftCompile normal arm64 Compiling\ NativePackagingAnchor.swift /Users/iv/Developer/relux-tunnel/Sources/ReluxTunnelIOSAdapter/NativePackagingAnchor.swift (in target 'ReluxTunnelIOSAdapter' from project 'ReluxTunnel')

SwiftCompile normal arm64 /Users/iv/Developer/relux-tunnel/Sources/ReluxTunnelIOSAdapter/NativePackagingAnchor.swift (in target 'ReluxTunnelIOSAdapter' from project 'ReluxTunnel')
    cd /Users/iv/Developer/relux-tunnel/.swiftpm/xcode
    

SwiftCompile normal arm64 Compiling\ IOSProviderCompositionRoot.swift /Users/iv/Developer/relux-tunnel/Sources/ReluxTunnelIOSAdapter/IOSProviderCompositionRoot.swift (in target 'ReluxTunnelIOSAdapter' from project 'ReluxTunnel')

SwiftCompile normal arm64 /Users/iv/Developer/relux-tunnel/Sources/ReluxTunnelIOSAdapter/IOSProviderCompositionRoot.swift (in target 'ReluxTunnelIOSAdapter' from project 'ReluxTunnel')
    cd /Users/iv/Developer/relux-tunnel/.swiftpm/xcode
    

SwiftCompile normal arm64 Compiling\ IOSVPNManagerPreferences.swift /Users/iv/Developer/relux-tunnel/Sources/ReluxTunnelIOSAdapter/IOSVPNManagerPreferences.swift (in target 'ReluxTunnelIOSAdapter' from project 'ReluxTunnel')

SwiftCompile normal arm64 /Users/iv/Developer/relux-tunnel/Sources/ReluxTunnelIOSAdapter/IOSVPNManagerPreferences.swift (in target 'ReluxTunnelIOSAdapter' from project 'ReluxTunnel')
    cd /Users/iv/Developer/relux-tunnel/.swiftpm/xcode
    

SwiftEmitModule normal arm64 Emitting\ module\ for\ ReluxTunnelIOSAdapter (in target 'ReluxTunnelIOSAdapter' from project 'ReluxTunnel')

EmitSwiftModule normal arm64 (in target 'ReluxTunnelIOSAdapter' from project 'ReluxTunnel')
    cd /Users/iv/Developer/relux-tunnel/.swiftpm/xcode
    

SwiftDriverJobDiscovery normal x86_64 Compiling NativePackagingAnchor.swift (in target 'ReluxTunnelIOSAdapter' from project 'ReluxTunnel')

SwiftDriverJobDiscovery normal arm64 Compiling NativePackagingAnchor.swift (in target 'ReluxTunnelIOSAdapter' from project 'ReluxTunnel')

SwiftDriverJobDiscovery normal arm64 Emitting module for ReluxTunnelIOSAdapter (in target 'ReluxTunnelIOSAdapter' from project 'ReluxTunnel')

SwiftDriver\ Compilation\ Requirements ReluxTunnelIOSAdapter normal arm64 com.apple.xcode.tools.swift.compiler (in target 'ReluxTunnelIOSAdapter' from project 'ReluxTunnel')
    cd /Users/iv/Developer/relux-tunnel/.swiftpm/xcode
    builtin-Swift-Compilation-Requirements -- /Applications/Xcode_26_5.app/Contents/Developer/Toolchains/XcodeDefault.xctoolchain/usr/bin/swiftc -module-name ReluxTunnelIOSAdapter -Onone @/Users/iv/Developer/.build/Intermediates.noindex/ReluxTunnel.build/Debug-iphonesimulator/ReluxTunnelIOSAdapter.build/Objects-normal/arm64/ReluxTunnelIOSAdapter.SwiftFileList -DSWIFT_PACKAGE -DDEBUG -DSWIFT_MODULE_RESOURCE_BUNDLE_UNAVAILABLE -DXcode -plugin-path /Applications/Xcode_26_5.app/Contents/Developer/Toolchains/XcodeDefault.xctoolchain/usr/lib/swift/host/plugins/testing -enable-experimental-feature DebugDescriptionMacro -sdk /Applications/Xcode_26_5.app/Contents/Developer/Platforms/iPhoneSimulator.platform/Developer/SDKs/iPhoneSimulator26.5.sdk -target arm64-apple-ios18.0-simulator -g -module-cache-path /Users/iv/Developer/relux-tunnel/.temp/TASK-260715-15vkvz/DerivedData-rework03-iOS/ModuleCache.noindex -Xfrontend -serialize-debugging-options -enable-testing -index-store-path /Users/iv/Developer/relux-tunnel/.temp/TASK-260715-15vkvz/DerivedData-rework03-iOS/Index.noindex/DataStore -Xcc -D_LIBCPP_HARDENING_MODE\=_LIBCPP_HARDENING_MODE_DEBUG -swift-version 6 -I /Users/iv/Developer/.build/Products/Debug-iphonesimulator -Isystem /Applications/Xcode_26_5.app/Contents/Developer/Platforms/iPhoneSimulator.platform/Developer/usr/lib -F /Users/iv/Developer/.build/Products/Debug-iphonesimulator/PackageFrameworks -F /Users/iv/Developer/.build/Products/Debug-iphonesimulator/PackageFrameworks -F /Users/iv/Developer/.build/Products/Debug-iphonesimulator -F /Applications/Xcode_26_5.app/Contents/Developer/Platforms/iPhoneSimulator.platform/Developer/Library/Frameworks -F /Applications/Xcode_26_5.app/Contents/Developer/Platforms/iPhoneSimulator.platform/Developer/SDKs/iPhoneSimulator26.5.sdk/Developer/Library/Frameworks -c -j16 -enable-batch-mode -incremental -Xcc -ivfsstatcache -Xcc /Users/iv/Developer/relux-tunnel/.temp/TASK-260715-15vkvz/DerivedData-rework03-iOS/SDKStatCaches.noindex/iphonesimulator26.5-23F73-9976ff0a46533d0d3305099c8405181f.sdkstatcache -output-file-map /Users/iv/Developer/.build/Intermediates.noindex/ReluxTunnel.build/Debug-iphonesimulator/ReluxTunnelIOSAdapter.build/Objects-normal/arm64/ReluxTunnelIOSAdapter-OutputFileMap.json -use-frontend-parseable-output -save-temps -no-color-diagnostics -explicit-module-build -module-cache-path /Users/iv/Developer/.build/Intermediates.noindex/SwiftExplicitPrecompiledModules -clang-scanner-module-cache-path /Users/iv/Developer/relux-tunnel/.temp/TASK-260715-15vkvz/DerivedData-rework03-iOS/ModuleCache.noindex -sdk-module-cache-path /Users/iv/Developer/relux-tunnel/.temp/TASK-260715-15vkvz/DerivedData-rework03-iOS/ModuleCache.noindex -serialize-diagnostics -emit-dependencies -emit-module -emit-module-path /Users/iv/Developer/.build/Intermediates.noindex/ReluxTunnel.build/Debug-iphonesimulator/ReluxTunnelIOSAdapter.build/Objects-normal/arm64/ReluxTunnelIOSAdapter.swiftmodule -validate-clang-modules-once -clang-build-session-file /Users/iv/Developer/relux-tunnel/.temp/TASK-260715-15vkvz/DerivedData-rework03-iOS/ModuleCache.noindex/Session.modulevalidation -package-name relux_tunnel -Xcc -I/Users/iv/Developer/.build/Intermediates.noindex/ReluxTunnel.build/Debug-iphonesimulator/ReluxTunnelIOSAdapter.build/swift-overrides.hmap -emit-const-values -Xfrontend -const-gather-protocols-file -Xfrontend /Users/iv/Developer/.build/Intermediates.noindex/ReluxTunnel.build/Debug-iphonesimulator/ReluxTunnelIOSAdapter.build/Objects-normal/arm64/ReluxTunnelIOSAdapter_const_extract_protocols.json -Xcc -I/Users/iv/Developer/.build/Products/Debug-iphonesimulator/include -Xcc -I/Users/iv/Developer/.build/Intermediates.noindex/ReluxTunnel.build/Debug-iphonesimulator/ReluxTunnelIOSAdapter.build/DerivedSources-normal/arm64 -Xcc -I/Users/iv/Developer/.build/Intermediates.noindex/ReluxTunnel.build/Debug-iphonesimulator/ReluxTunnelIOSAdapter.build/DerivedSources/arm64 -Xcc -I/Users/iv/Developer/.build/Intermediates.noindex/ReluxTunnel.build/Debug-iphonesimulator/ReluxTunnelIOSAdapter.build/DerivedSources -Xcc -DSWIFT_PACKAGE -Xcc -DDEBUG\=1 -emit-objc-header -emit-objc-header-path /Users/iv/Developer/.build/Intermediates.noindex/ReluxTunnel.build/Debug-iphonesimulator/ReluxTunnelIOSAdapter.build/Objects-normal/arm64/ReluxTunnelIOSAdapter-Swift.h -working-directory /Users/iv/Developer/relux-tunnel/.swiftpm/xcode -experimental-emit-module-separately -disable-cmo

SwiftDriverJobDiscovery normal x86_64 Emitting module for ReluxTunnelIOSAdapter (in target 'ReluxTunnelIOSAdapter' from project 'ReluxTunnel')

Copy /Users/iv/Developer/.build/Products/Debug-iphonesimulator/ReluxTunnelIOSAdapter.swiftmodule/Project/arm64-apple-ios-simulator.swiftsourceinfo /Users/iv/Developer/.build/Intermediates.noindex/ReluxTunnel.build/Debug-iphonesimulator/ReluxTunnelIOSAdapter.build/Objects-normal/arm64/ReluxTunnelIOSAdapter.swiftsourceinfo (in target 'ReluxTunnelIOSAdapter' from project 'ReluxTunnel')
    cd /Users/iv/Developer/relux-tunnel
    builtin-copy -exclude .DS_Store -exclude CVS -exclude .svn -exclude .git -exclude .hg -resolve-src-symlinks -rename /Users/iv/Developer/.build/Intermediates.noindex/ReluxTunnel.build/Debug-iphonesimulator/ReluxTunnelIOSAdapter.build/Objects-normal/arm64/ReluxTunnelIOSAdapter.swiftsourceinfo /Users/iv/Developer/.build/Products/Debug-iphonesimulator/ReluxTunnelIOSAdapter.swiftmodule/Project/arm64-apple-ios-simulator.swiftsourceinfo

SwiftDriver\ Compilation\ Requirements ReluxTunnelIOSAdapter normal x86_64 com.apple.xcode.tools.swift.compiler (in target 'ReluxTunnelIOSAdapter' from project 'ReluxTunnel')
    cd /Users/iv/Developer/relux-tunnel/.swiftpm/xcode
    builtin-Swift-Compilation-Requirements -- /Applications/Xcode_26_5.app/Contents/Developer/Toolchains/XcodeDefault.xctoolchain/usr/bin/swiftc -module-name ReluxTunnelIOSAdapter -Onone @/Users/iv/Developer/.build/Intermediates.noindex/ReluxTunnel.build/Debug-iphonesimulator/ReluxTunnelIOSAdapter.build/Objects-normal/x86_64/ReluxTunnelIOSAdapter.SwiftFileList -DSWIFT_PACKAGE -DDEBUG -DSWIFT_MODULE_RESOURCE_BUNDLE_UNAVAILABLE -DXcode -plugin-path /Applications/Xcode_26_5.app/Contents/Developer/Toolchains/XcodeDefault.xctoolchain/usr/lib/swift/host/plugins/testing -enable-experimental-feature DebugDescriptionMacro -sdk /Applications/Xcode_26_5.app/Contents/Developer/Platforms/iPhoneSimulator.platform/Developer/SDKs/iPhoneSimulator26.5.sdk -target x86_64-apple-ios18.0-simulator -g -module-cache-path /Users/iv/Developer/relux-tunnel/.temp/TASK-260715-15vkvz/DerivedData-rework03-iOS/ModuleCache.noindex -Xfrontend -serialize-debugging-options -enable-testing -index-store-path /Users/iv/Developer/relux-tunnel/.temp/TASK-260715-15vkvz/DerivedData-rework03-iOS/Index.noindex/DataStore -Xcc -D_LIBCPP_HARDENING_MODE\=_LIBCPP_HARDENING_MODE_DEBUG -swift-version 6 -I /Users/iv/Developer/.build/Products/Debug-iphonesimulator -Isystem /Applications/Xcode_26_5.app/Contents/Developer/Platforms/iPhoneSimulator.platform/Developer/usr/lib -F /Users/iv/Developer/.build/Products/Debug-iphonesimulator/PackageFrameworks -F /Users/iv/Developer/.build/Products/Debug-iphonesimulator/PackageFrameworks -F /Users/iv/Developer/.build/Products/Debug-iphonesimulator -F /Applications/Xcode_26_5.app/Contents/Developer/Platforms/iPhoneSimulator.platform/Developer/Library/Frameworks -F /Applications/Xcode_26_5.app/Contents/Developer/Platforms/iPhoneSimulator.platform/Developer/SDKs/iPhoneSimulator26.5.sdk/Developer/Library/Frameworks -c -j16 -enable-batch-mode -incremental -Xcc -ivfsstatcache -Xcc /Users/iv/Developer/relux-tunnel/.temp/TASK-260715-15vkvz/DerivedData-rework03-iOS/SDKStatCaches.noindex/iphonesimulator26.5-23F73-9976ff0a46533d0d3305099c8405181f.sdkstatcache -output-file-map /Users/iv/Developer/.build/Intermediates.noindex/ReluxTunnel.build/Debug-iphonesimulator/ReluxTunnelIOSAdapter.build/Objects-normal/x86_64/ReluxTunnelIOSAdapter-OutputFileMap.json -use-frontend-parseable-output -save-temps -no-color-diagnostics -explicit-module-build -module-cache-path /Users/iv/Developer/.build/Intermediates.noindex/SwiftExplicitPrecompiledModules -clang-scanner-module-cache-path /Users/iv/Developer/relux-tunnel/.temp/TASK-260715-15vkvz/DerivedData-rework03-iOS/ModuleCache.noindex -sdk-module-cache-path /Users/iv/Developer/relux-tunnel/.temp/TASK-260715-15vkvz/DerivedData-rework03-iOS/ModuleCache.noindex -serialize-diagnostics -emit-dependencies -emit-module -emit-module-path /Users/iv/Developer/.build/Intermediates.noindex/ReluxTunnel.build/Debug-iphonesimulator/ReluxTunnelIOSAdapter.build/Objects-normal/x86_64/ReluxTunnelIOSAdapter.swiftmodule -validate-clang-modules-once -clang-build-session-file /Users/iv/Developer/relux-tunnel/.temp/TASK-260715-15vkvz/DerivedData-rework03-iOS/ModuleCache.noindex/Session.modulevalidation -package-name relux_tunnel -Xcc -I/Users/iv/Developer/.build/Intermediates.noindex/ReluxTunnel.build/Debug-iphonesimulator/ReluxTunnelIOSAdapter.build/swift-overrides.hmap -emit-const-values -Xfrontend -const-gather-protocols-file -Xfrontend /Users/iv/Developer/.build/Intermediates.noindex/ReluxTunnel.build/Debug-iphonesimulator/ReluxTunnelIOSAdapter.build/Objects-normal/x86_64/ReluxTunnelIOSAdapter_const_extract_protocols.json -Xcc -I/Users/iv/Developer/.build/Products/Debug-iphonesimulator/include -Xcc -I/Users/iv/Developer/.build/Intermediates.noindex/ReluxTunnel.build/Debug-iphonesimulator/ReluxTunnelIOSAdapter.build/DerivedSources-normal/x86_64 -Xcc -I/Users/iv/Developer/.build/Intermediates.noindex/ReluxTunnel.build/Debug-iphonesimulator/ReluxTunnelIOSAdapter.build/DerivedSources/x86_64 -Xcc -I/Users/iv/Developer/.build/Intermediates.noindex/ReluxTunnel.build/Debug-iphonesimulator/ReluxTunnelIOSAdapter.build/DerivedSources -Xcc -DSWIFT_PACKAGE -Xcc -DDEBUG\=1 -emit-objc-header -emit-objc-header-path /Users/iv/Developer/.build/Intermediates.noindex/ReluxTunnel.build/Debug-iphonesimulator/ReluxTunnelIOSAdapter.build/Objects-normal/x86_64/ReluxTunnelIOSAdapter-Swift.h -working-directory /Users/iv/Developer/relux-tunnel/.swiftpm/xcode -experimental-emit-module-separately -disable-cmo

Copy /Users/iv/Developer/.build/Products/Debug-iphonesimulator/ReluxTunnelIOSAdapter.swiftmodule/x86_64-apple-ios-simulator.swiftmodule /Users/iv/Developer/.build/Intermediates.noindex/ReluxTunnel.build/Debug-iphonesimulator/ReluxTunnelIOSAdapter.build/Objects-normal/x86_64/ReluxTunnelIOSAdapter.swiftmodule (in target 'ReluxTunnelIOSAdapter' from project 'ReluxTunnel')
    cd /Users/iv/Developer/relux-tunnel
    builtin-copy -exclude .DS_Store -exclude CVS -exclude .svn -exclude .git -exclude .hg -resolve-src-symlinks -rename /Users/iv/Developer/.build/Intermediates.noindex/ReluxTunnel.build/Debug-iphonesimulator/ReluxTunnelIOSAdapter.build/Objects-normal/x86_64/ReluxTunnelIOSAdapter.swiftmodule /Users/iv/Developer/.build/Products/Debug-iphonesimulator/ReluxTunnelIOSAdapter.swiftmodule/x86_64-apple-ios-simulator.swiftmodule

Copy /Users/iv/Developer/.build/Products/Debug-iphonesimulator/ReluxTunnelIOSAdapter.swiftmodule/arm64-apple-ios-simulator.swiftmodule /Users/iv/Developer/.build/Intermediates.noindex/ReluxTunnel.build/Debug-iphonesimulator/ReluxTunnelIOSAdapter.build/Objects-normal/arm64/ReluxTunnelIOSAdapter.swiftmodule (in target 'ReluxTunnelIOSAdapter' from project 'ReluxTunnel')
    cd /Users/iv/Developer/relux-tunnel
    builtin-copy -exclude .DS_Store -exclude CVS -exclude .svn -exclude .git -exclude .hg -resolve-src-symlinks -rename /Users/iv/Developer/.build/Intermediates.noindex/ReluxTunnel.build/Debug-iphonesimulator/ReluxTunnelIOSAdapter.build/Objects-normal/arm64/ReluxTunnelIOSAdapter.swiftmodule /Users/iv/Developer/.build/Products/Debug-iphonesimulator/ReluxTunnelIOSAdapter.swiftmodule/arm64-apple-ios-simulator.swiftmodule

Copy /Users/iv/Developer/.build/Products/Debug-iphonesimulator/ReluxTunnelIOSAdapter.swiftmodule/Project/x86_64-apple-ios-simulator.swiftsourceinfo /Users/iv/Developer/.build/Intermediates.noindex/ReluxTunnel.build/Debug-iphonesimulator/ReluxTunnelIOSAdapter.build/Objects-normal/x86_64/ReluxTunnelIOSAdapter.swiftsourceinfo (in target 'ReluxTunnelIOSAdapter' from project 'ReluxTunnel')
    cd /Users/iv/Developer/relux-tunnel
    builtin-copy -exclude .DS_Store -exclude CVS -exclude .svn -exclude .git -exclude .hg -resolve-src-symlinks -rename /Users/iv/Developer/.build/Intermediates.noindex/ReluxTunnel.build/Debug-iphonesimulator/ReluxTunnelIOSAdapter.build/Objects-normal/x86_64/ReluxTunnelIOSAdapter.swiftsourceinfo /Users/iv/Developer/.build/Products/Debug-iphonesimulator/ReluxTunnelIOSAdapter.swiftmodule/Project/x86_64-apple-ios-simulator.swiftsourceinfo

Copy /Users/iv/Developer/.build/Products/Debug-iphonesimulator/ReluxTunnelIOSAdapter.swiftmodule/arm64-apple-ios-simulator.abi.json /Users/iv/Developer/.build/Intermediates.noindex/ReluxTunnel.build/Debug-iphonesimulator/ReluxTunnelIOSAdapter.build/Objects-normal/arm64/ReluxTunnelIOSAdapter.abi.json (in target 'ReluxTunnelIOSAdapter' from project 'ReluxTunnel')
    cd /Users/iv/Developer/relux-tunnel
    builtin-copy -exclude .DS_Store -exclude CVS -exclude .svn -exclude .git -exclude .hg -resolve-src-symlinks -rename /Users/iv/Developer/.build/Intermediates.noindex/ReluxTunnel.build/Debug-iphonesimulator/ReluxTunnelIOSAdapter.build/Objects-normal/arm64/ReluxTunnelIOSAdapter.abi.json /Users/iv/Developer/.build/Products/Debug-iphonesimulator/ReluxTunnelIOSAdapter.swiftmodule/arm64-apple-ios-simulator.abi.json

Copy /Users/iv/Developer/.build/Products/Debug-iphonesimulator/ReluxTunnelIOSAdapter.swiftmodule/x86_64-apple-ios-simulator.abi.json /Users/iv/Developer/.build/Intermediates.noindex/ReluxTunnel.build/Debug-iphonesimulator/ReluxTunnelIOSAdapter.build/Objects-normal/x86_64/ReluxTunnelIOSAdapter.abi.json (in target 'ReluxTunnelIOSAdapter' from project 'ReluxTunnel')
    cd /Users/iv/Developer/relux-tunnel
    builtin-copy -exclude .DS_Store -exclude CVS -exclude .svn -exclude .git -exclude .hg -resolve-src-symlinks -rename /Users/iv/Developer/.build/Intermediates.noindex/ReluxTunnel.build/Debug-iphonesimulator/ReluxTunnelIOSAdapter.build/Objects-normal/x86_64/ReluxTunnelIOSAdapter.abi.json /Users/iv/Developer/.build/Products/Debug-iphonesimulator/ReluxTunnelIOSAdapter.swiftmodule/x86_64-apple-ios-simulator.abi.json

SwiftDriverJobDiscovery normal x86_64 Compiling HEVSOCKSBoundary.swift (in target 'ReluxTunnelNativeAdapter' from project 'ReluxTunnel')

SwiftDriverJobDiscovery normal x86_64 Compiling IOSProviderCompositionRoot.swift (in target 'ReluxTunnelIOSAdapter' from project 'ReluxTunnel')

SwiftDriverJobDiscovery normal arm64 Compiling IOSProviderCompositionRoot.swift (in target 'ReluxTunnelIOSAdapter' from project 'ReluxTunnel')

SwiftDriverJobDiscovery normal x86_64 Compiling HEVIntegration.swift (in target 'ReluxTunnelNativeAdapter' from project 'ReluxTunnel')

SwiftDriverJobDiscovery normal arm64 Compiling IOSVPNManagerPreferences.swift (in target 'ReluxTunnelIOSAdapter' from project 'ReluxTunnel')

SwiftDriver\ Compilation ReluxTunnelIOSAdapter normal arm64 com.apple.xcode.tools.swift.compiler (in target 'ReluxTunnelIOSAdapter' from project 'ReluxTunnel')
    cd /Users/iv/Developer/relux-tunnel/.swiftpm/xcode
    builtin-Swift-Compilation -- /Applications/Xcode_26_5.app/Contents/Developer/Toolchains/XcodeDefault.xctoolchain/usr/bin/swiftc -module-name ReluxTunnelIOSAdapter -Onone @/Users/iv/Developer/.build/Intermediates.noindex/ReluxTunnel.build/Debug-iphonesimulator/ReluxTunnelIOSAdapter.build/Objects-normal/arm64/ReluxTunnelIOSAdapter.SwiftFileList -DSWIFT_PACKAGE -DDEBUG -DSWIFT_MODULE_RESOURCE_BUNDLE_UNAVAILABLE -DXcode -plugin-path /Applications/Xcode_26_5.app/Contents/Developer/Toolchains/XcodeDefault.xctoolchain/usr/lib/swift/host/plugins/testing -enable-experimental-feature DebugDescriptionMacro -sdk /Applications/Xcode_26_5.app/Contents/Developer/Platforms/iPhoneSimulator.platform/Developer/SDKs/iPhoneSimulator26.5.sdk -target arm64-apple-ios18.0-simulator -g -module-cache-path /Users/iv/Developer/relux-tunnel/.temp/TASK-260715-15vkvz/DerivedData-rework03-iOS/ModuleCache.noindex -Xfrontend -serialize-debugging-options -enable-testing -index-store-path /Users/iv/Developer/relux-tunnel/.temp/TASK-260715-15vkvz/DerivedData-rework03-iOS/Index.noindex/DataStore -Xcc -D_LIBCPP_HARDENING_MODE\=_LIBCPP_HARDENING_MODE_DEBUG -swift-version 6 -I /Users/iv/Developer/.build/Products/Debug-iphonesimulator -Isystem /Applications/Xcode_26_5.app/Contents/Developer/Platforms/iPhoneSimulator.platform/Developer/usr/lib -F /Users/iv/Developer/.build/Products/Debug-iphonesimulator/PackageFrameworks -F /Users/iv/Developer/.build/Products/Debug-iphonesimulator/PackageFrameworks -F /Users/iv/Developer/.build/Products/Debug-iphonesimulator -F /Applications/Xcode_26_5.app/Contents/Developer/Platforms/iPhoneSimulator.platform/Developer/Library/Frameworks -F /Applications/Xcode_26_5.app/Contents/Developer/Platforms/iPhoneSimulator.platform/Developer/SDKs/iPhoneSimulator26.5.sdk/Developer/Library/Frameworks -c -j16 -enable-batch-mode -incremental -Xcc -ivfsstatcache -Xcc /Users/iv/Developer/relux-tunnel/.temp/TASK-260715-15vkvz/DerivedData-rework03-iOS/SDKStatCaches.noindex/iphonesimulator26.5-23F73-9976ff0a46533d0d3305099c8405181f.sdkstatcache -output-file-map /Users/iv/Developer/.build/Intermediates.noindex/ReluxTunnel.build/Debug-iphonesimulator/ReluxTunnelIOSAdapter.build/Objects-normal/arm64/ReluxTunnelIOSAdapter-OutputFileMap.json -use-frontend-parseable-output -save-temps -no-color-diagnostics -explicit-module-build -module-cache-path /Users/iv/Developer/.build/Intermediates.noindex/SwiftExplicitPrecompiledModules -clang-scanner-module-cache-path /Users/iv/Developer/relux-tunnel/.temp/TASK-260715-15vkvz/DerivedData-rework03-iOS/ModuleCache.noindex -sdk-module-cache-path /Users/iv/Developer/relux-tunnel/.temp/TASK-260715-15vkvz/DerivedData-rework03-iOS/ModuleCache.noindex -serialize-diagnostics -emit-dependencies -emit-module -emit-module-path /Users/iv/Developer/.build/Intermediates.noindex/ReluxTunnel.build/Debug-iphonesimulator/ReluxTunnelIOSAdapter.build/Objects-normal/arm64/ReluxTunnelIOSAdapter.swiftmodule -validate-clang-modules-once -clang-build-session-file /Users/iv/Developer/relux-tunnel/.temp/TASK-260715-15vkvz/DerivedData-rework03-iOS/ModuleCache.noindex/Session.modulevalidation -package-name relux_tunnel -Xcc -I/Users/iv/Developer/.build/Intermediates.noindex/ReluxTunnel.build/Debug-iphonesimulator/ReluxTunnelIOSAdapter.build/swift-overrides.hmap -emit-const-values -Xfrontend -const-gather-protocols-file -Xfrontend /Users/iv/Developer/.build/Intermediates.noindex/ReluxTunnel.build/Debug-iphonesimulator/ReluxTunnelIOSAdapter.build/Objects-normal/arm64/ReluxTunnelIOSAdapter_const_extract_protocols.json -Xcc -I/Users/iv/Developer/.build/Products/Debug-iphonesimulator/include -Xcc -I/Users/iv/Developer/.build/Intermediates.noindex/ReluxTunnel.build/Debug-iphonesimulator/ReluxTunnelIOSAdapter.build/DerivedSources-normal/arm64 -Xcc -I/Users/iv/Developer/.build/Intermediates.noindex/ReluxTunnel.build/Debug-iphonesimulator/ReluxTunnelIOSAdapter.build/DerivedSources/arm64 -Xcc -I/Users/iv/Developer/.build/Intermediates.noindex/ReluxTunnel.build/Debug-iphonesimulator/ReluxTunnelIOSAdapter.build/DerivedSources -Xcc -DSWIFT_PACKAGE -Xcc -DDEBUG\=1 -emit-objc-header -emit-objc-header-path /Users/iv/Developer/.build/Intermediates.noindex/ReluxTunnel.build/Debug-iphonesimulator/ReluxTunnelIOSAdapter.build/Objects-normal/arm64/ReluxTunnelIOSAdapter-Swift.h -working-directory /Users/iv/Developer/relux-tunnel/.swiftpm/xcode -experimental-emit-module-separately -disable-cmo

SwiftDriver\ Compilation ReluxTunnelNativeAdapter normal x86_64 com.apple.xcode.tools.swift.compiler (in target 'ReluxTunnelNativeAdapter' from project 'ReluxTunnel')
    cd /Users/iv/Developer/relux-tunnel/.swiftpm/xcode
    builtin-Swift-Compilation -- /Applications/Xcode_26_5.app/Contents/Developer/Toolchains/XcodeDefault.xctoolchain/usr/bin/swiftc -module-name ReluxTunnelNativeAdapter -Onone @/Users/iv/Developer/.build/Intermediates.noindex/ReluxTunnel.build/Debug-iphonesimulator/ReluxTunnelNativeAdapter.build/Objects-normal/x86_64/ReluxTunnelNativeAdapter.SwiftFileList -DSWIFT_PACKAGE -DDEBUG -DSWIFT_MODULE_RESOURCE_BUNDLE_UNAVAILABLE -DXcode -plugin-path /Applications/Xcode_26_5.app/Contents/Developer/Toolchains/XcodeDefault.xctoolchain/usr/lib/swift/host/plugins/testing -enable-experimental-feature DebugDescriptionMacro -sdk /Applications/Xcode_26_5.app/Contents/Developer/Platforms/iPhoneSimulator.platform/Developer/SDKs/iPhoneSimulator26.5.sdk -target x86_64-apple-ios18.0-simulator -g -module-cache-path /Users/iv/Developer/relux-tunnel/.temp/TASK-260715-15vkvz/DerivedData-rework03-iOS/ModuleCache.noindex -Xfrontend -serialize-debugging-options -enable-testing -index-store-path /Users/iv/Developer/relux-tunnel/.temp/TASK-260715-15vkvz/DerivedData-rework03-iOS/Index.noindex/DataStore -Xcc -D_LIBCPP_HARDENING_MODE\=_LIBCPP_HARDENING_MODE_DEBUG -swift-version 6 -I /Users/iv/Developer/.build/Products/Debug-iphonesimulator -Isystem /Applications/Xcode_26_5.app/Contents/Developer/Platforms/iPhoneSimulator.platform/Developer/usr/lib -F /Users/iv/Developer/.build/Products/Debug-iphonesimulator/PackageFrameworks -F /Users/iv/Developer/.build/Products/Debug-iphonesimulator -F /Applications/Xcode_26_5.app/Contents/Developer/Platforms/iPhoneSimulator.platform/Developer/Library/Frameworks -F /Applications/Xcode_26_5.app/Contents/Developer/Platforms/iPhoneSimulator.platform/Developer/SDKs/iPhoneSimulator26.5.sdk/Developer/Library/Frameworks -c -j16 -enable-batch-mode -incremental -Xcc -ivfsstatcache -Xcc /Users/iv/Developer/relux-tunnel/.temp/TASK-260715-15vkvz/DerivedData-rework03-iOS/SDKStatCaches.noindex/iphonesimulator26.5-23F73-9976ff0a46533d0d3305099c8405181f.sdkstatcache -output-file-map /Users/iv/Developer/.build/Intermediates.noindex/ReluxTunnel.build/Debug-iphonesimulator/ReluxTunnelNativeAdapter.build/Objects-normal/x86_64/ReluxTunnelNativeAdapter-OutputFileMap.json -use-frontend-parseable-output -save-temps -no-color-diagnostics -explicit-module-build -module-cache-path /Users/iv/Developer/.build/Intermediates.noindex/SwiftExplicitPrecompiledModules -clang-scanner-module-cache-path /Users/iv/Developer/relux-tunnel/.temp/TASK-260715-15vkvz/DerivedData-rework03-iOS/ModuleCache.noindex -sdk-module-cache-path /Users/iv/Developer/relux-tunnel/.temp/TASK-260715-15vkvz/DerivedData-rework03-iOS/ModuleCache.noindex -serialize-diagnostics -emit-dependencies -emit-module -emit-module-path /Users/iv/Developer/.build/Intermediates.noindex/ReluxTunnel.build/Debug-iphonesimulator/ReluxTunnelNativeAdapter.build/Objects-normal/x86_64/ReluxTunnelNativeAdapter.swiftmodule -validate-clang-modules-once -clang-build-session-file /Users/iv/Developer/relux-tunnel/.temp/TASK-260715-15vkvz/DerivedData-rework03-iOS/ModuleCache.noindex/Session.modulevalidation -package-name relux_tunnel -Xcc -I/Users/iv/Developer/.build/Intermediates.noindex/ReluxTunnel.build/Debug-iphonesimulator/ReluxTunnelNativeAdapter.build/swift-overrides.hmap -emit-const-values -Xfrontend -const-gather-protocols-file -Xfrontend /Users/iv/Developer/.build/Intermediates.noindex/ReluxTunnel.build/Debug-iphonesimulator/ReluxTunnelNativeAdapter.build/Objects-normal/x86_64/ReluxTunnelNativeAdapter_const_extract_protocols.json -Xcc -I/Users/iv/Developer/.build/Products/Debug-iphonesimulator/include -Xcc -I/Users/iv/Developer/.build/Intermediates.noindex/ReluxTunnel.build/Debug-iphonesimulator/ReluxTunnelNativeAdapter.build/DerivedSources-normal/x86_64 -Xcc -I/Users/iv/Developer/.build/Intermediates.noindex/ReluxTunnel.build/Debug-iphonesimulator/ReluxTunnelNativeAdapter.build/DerivedSources/x86_64 -Xcc -I/Users/iv/Developer/.build/Intermediates.noindex/ReluxTunnel.build/Debug-iphonesimulator/ReluxTunnelNativeAdapter.build/DerivedSources -Xcc -DSWIFT_PACKAGE -Xcc -DDEBUG\=1 -emit-objc-header -emit-objc-header-path /Users/iv/Developer/.build/Intermediates.noindex/ReluxTunnel.build/Debug-iphonesimulator/ReluxTunnelNativeAdapter.build/Objects-normal/x86_64/ReluxTunnelNativeAdapter-Swift.h -working-directory /Users/iv/Developer/relux-tunnel/.swiftpm/xcode -experimental-emit-module-separately -disable-cmo

Ld /Users/iv/Developer/.build/Intermediates.noindex/ReluxTunnel.build/Debug-iphonesimulator/ReluxTunnelNativeAdapter.build/Objects-normal/x86_64/Binary/ReluxTunnelNativeAdapter.o normal x86_64 (in target 'ReluxTunnelNativeAdapter' from project 'ReluxTunnel')
    cd /Users/iv/Developer/relux-tunnel
    /Applications/Xcode_26_5.app/Contents/Developer/Toolchains/XcodeDefault.xctoolchain/usr/bin/clang -Xlinker -reproducible -target x86_64-apple-ios18.0-simulator -r -isysroot /Applications/Xcode_26_5.app/Contents/Developer/Platforms/iPhoneSimulator.platform/Developer/SDKs/iPhoneSimulator26.5.sdk -O0 -F/Users/iv/Developer/.build/Intermediates.noindex/EagerLinkingTBDs/Debug-iphonesimulator -F/Users/iv/Developer/.build/Products/Debug-iphonesimulator/PackageFrameworks -F/Users/iv/Developer/.build/Products/Debug-iphonesimulator -iframework /Applications/Xcode_26_5.app/Contents/Developer/Platforms/iPhoneSimulator.platform/Developer/Library/Frameworks -iframework /Applications/Xcode_26_5.app/Contents/Developer/Platforms/iPhoneSimulator.platform/Developer/SDKs/iPhoneSimulator26.5.sdk/Developer/Library/Frameworks -filelist /Users/iv/Developer/.build/Intermediates.noindex/ReluxTunnel.build/Debug-iphonesimulator/ReluxTunnelNativeAdapter.build/Objects-normal/x86_64/ReluxTunnelNativeAdapter.LinkFileList -nostdlib -Xlinker -object_path_lto -Xlinker /Users/iv/Developer/.build/Intermediates.noindex/ReluxTunnel.build/Debug-iphonesimulator/ReluxTunnelNativeAdapter.build/Objects-normal/x86_64/ReluxTunnelNativeAdapter_lto.o -Xlinker -no_deduplicate -Xlinker -objc_abi_version -Xlinker 2 -Xlinker -dependency_info -Xlinker /Users/iv/Developer/.build/Intermediates.noindex/ReluxTunnel.build/Debug-iphonesimulator/ReluxTunnelNativeAdapter.build/Objects-normal/x86_64/ReluxTunnelNativeAdapter_dependency_info.dat -fobjc-link-runtime -L/Applications/Xcode_26_5.app/Contents/Developer/Toolchains/XcodeDefault.xctoolchain/usr/lib/swift/iphonesimulator -L/usr/lib/swift -Xlinker -add_ast_path -Xlinker /Users/iv/Developer/.build/Intermediates.noindex/ReluxTunnel.build/Debug-iphonesimulator/ReluxTunnelNativeAdapter.build/Objects-normal/x86_64/ReluxTunnelNativeAdapter.swiftmodule @/Users/iv/Developer/.build/Intermediates.noindex/ReluxTunnel.build/Debug-iphonesimulator/ReluxTunnelNativeAdapter.build/Objects-normal/x86_64/ReluxTunnelNativeAdapter-linker-args.resp -o /Users/iv/Developer/.build/Intermediates.noindex/ReluxTunnel.build/Debug-iphonesimulator/ReluxTunnelNativeAdapter.build/Objects-normal/x86_64/Binary/ReluxTunnelNativeAdapter.o

SwiftDriverJobDiscovery normal x86_64 Compiling IOSVPNManagerPreferences.swift (in target 'ReluxTunnelIOSAdapter' from project 'ReluxTunnel')

SwiftDriver\ Compilation ReluxTunnelIOSAdapter normal x86_64 com.apple.xcode.tools.swift.compiler (in target 'ReluxTunnelIOSAdapter' from project 'ReluxTunnel')
    cd /Users/iv/Developer/relux-tunnel/.swiftpm/xcode
    builtin-Swift-Compilation -- /Applications/Xcode_26_5.app/Contents/Developer/Toolchains/XcodeDefault.xctoolchain/usr/bin/swiftc -module-name ReluxTunnelIOSAdapter -Onone @/Users/iv/Developer/.build/Intermediates.noindex/ReluxTunnel.build/Debug-iphonesimulator/ReluxTunnelIOSAdapter.build/Objects-normal/x86_64/ReluxTunnelIOSAdapter.SwiftFileList -DSWIFT_PACKAGE -DDEBUG -DSWIFT_MODULE_RESOURCE_BUNDLE_UNAVAILABLE -DXcode -plugin-path /Applications/Xcode_26_5.app/Contents/Developer/Toolchains/XcodeDefault.xctoolchain/usr/lib/swift/host/plugins/testing -enable-experimental-feature DebugDescriptionMacro -sdk /Applications/Xcode_26_5.app/Contents/Developer/Platforms/iPhoneSimulator.platform/Developer/SDKs/iPhoneSimulator26.5.sdk -target x86_64-apple-ios18.0-simulator -g -module-cache-path /Users/iv/Developer/relux-tunnel/.temp/TASK-260715-15vkvz/DerivedData-rework03-iOS/ModuleCache.noindex -Xfrontend -serialize-debugging-options -enable-testing -index-store-path /Users/iv/Developer/relux-tunnel/.temp/TASK-260715-15vkvz/DerivedData-rework03-iOS/Index.noindex/DataStore -Xcc -D_LIBCPP_HARDENING_MODE\=_LIBCPP_HARDENING_MODE_DEBUG -swift-version 6 -I /Users/iv/Developer/.build/Products/Debug-iphonesimulator -Isystem /Applications/Xcode_26_5.app/Contents/Developer/Platforms/iPhoneSimulator.platform/Developer/usr/lib -F /Users/iv/Developer/.build/Products/Debug-iphonesimulator/PackageFrameworks -F /Users/iv/Developer/.build/Products/Debug-iphonesimulator/PackageFrameworks -F /Users/iv/Developer/.build/Products/Debug-iphonesimulator -F /Applications/Xcode_26_5.app/Contents/Developer/Platforms/iPhoneSimulator.platform/Developer/Library/Frameworks -F /Applications/Xcode_26_5.app/Contents/Developer/Platforms/iPhoneSimulator.platform/Developer/SDKs/iPhoneSimulator26.5.sdk/Developer/Library/Frameworks -c -j16 -enable-batch-mode -incremental -Xcc -ivfsstatcache -Xcc /Users/iv/Developer/relux-tunnel/.temp/TASK-260715-15vkvz/DerivedData-rework03-iOS/SDKStatCaches.noindex/iphonesimulator26.5-23F73-9976ff0a46533d0d3305099c8405181f.sdkstatcache -output-file-map /Users/iv/Developer/.build/Intermediates.noindex/ReluxTunnel.build/Debug-iphonesimulator/ReluxTunnelIOSAdapter.build/Objects-normal/x86_64/ReluxTunnelIOSAdapter-OutputFileMap.json -use-frontend-parseable-output -save-temps -no-color-diagnostics -explicit-module-build -module-cache-path /Users/iv/Developer/.build/Intermediates.noindex/SwiftExplicitPrecompiledModules -clang-scanner-module-cache-path /Users/iv/Developer/relux-tunnel/.temp/TASK-260715-15vkvz/DerivedData-rework03-iOS/ModuleCache.noindex -sdk-module-cache-path /Users/iv/Developer/relux-tunnel/.temp/TASK-260715-15vkvz/DerivedData-rework03-iOS/ModuleCache.noindex -serialize-diagnostics -emit-dependencies -emit-module -emit-module-path /Users/iv/Developer/.build/Intermediates.noindex/ReluxTunnel.build/Debug-iphonesimulator/ReluxTunnelIOSAdapter.build/Objects-normal/x86_64/ReluxTunnelIOSAdapter.swiftmodule -validate-clang-modules-once -clang-build-session-file /Users/iv/Developer/relux-tunnel/.temp/TASK-260715-15vkvz/DerivedData-rework03-iOS/ModuleCache.noindex/Session.modulevalidation -package-name relux_tunnel -Xcc -I/Users/iv/Developer/.build/Intermediates.noindex/ReluxTunnel.build/Debug-iphonesimulator/ReluxTunnelIOSAdapter.build/swift-overrides.hmap -emit-const-values -Xfrontend -const-gather-protocols-file -Xfrontend /Users/iv/Developer/.build/Intermediates.noindex/ReluxTunnel.build/Debug-iphonesimulator/ReluxTunnelIOSAdapter.build/Objects-normal/x86_64/ReluxTunnelIOSAdapter_const_extract_protocols.json -Xcc -I/Users/iv/Developer/.build/Products/Debug-iphonesimulator/include -Xcc -I/Users/iv/Developer/.build/Intermediates.noindex/ReluxTunnel.build/Debug-iphonesimulator/ReluxTunnelIOSAdapter.build/DerivedSources-normal/x86_64 -Xcc -I/Users/iv/Developer/.build/Intermediates.noindex/ReluxTunnel.build/Debug-iphonesimulator/ReluxTunnelIOSAdapter.build/DerivedSources/x86_64 -Xcc -I/Users/iv/Developer/.build/Intermediates.noindex/ReluxTunnel.build/Debug-iphonesimulator/ReluxTunnelIOSAdapter.build/DerivedSources -Xcc -DSWIFT_PACKAGE -Xcc -DDEBUG\=1 -emit-objc-header -emit-objc-header-path /Users/iv/Developer/.build/Intermediates.noindex/ReluxTunnel.build/Debug-iphonesimulator/ReluxTunnelIOSAdapter.build/Objects-normal/x86_64/ReluxTunnelIOSAdapter-Swift.h -working-directory /Users/iv/Developer/relux-tunnel/.swiftpm/xcode -experimental-emit-module-separately -disable-cmo

CreateUniversalBinary /Users/iv/Developer/.build/Products/Debug-iphonesimulator/ReluxTunnelNativeAdapter.o normal arm64\ x86_64 (in target 'ReluxTunnelNativeAdapter' from project 'ReluxTunnel')
    cd /Users/iv/Developer/relux-tunnel
    /Applications/Xcode_26_5.app/Contents/Developer/Toolchains/XcodeDefault.xctoolchain/usr/bin/lipo -create /Users/iv/Developer/.build/Intermediates.noindex/ReluxTunnel.build/Debug-iphonesimulator/ReluxTunnelNativeAdapter.build/Objects-normal/arm64/Binary/ReluxTunnelNativeAdapter.o /Users/iv/Developer/.build/Intermediates.noindex/ReluxTunnel.build/Debug-iphonesimulator/ReluxTunnelNativeAdapter.build/Objects-normal/x86_64/Binary/ReluxTunnelNativeAdapter.o -output /Users/iv/Developer/.build/Products/Debug-iphonesimulator/ReluxTunnelNativeAdapter.o

ExtractAppIntentsMetadata (in target 'ReluxTunnelNativeAdapter' from project 'ReluxTunnel')
    cd /Users/iv/Developer/relux-tunnel
    /Applications/Xcode_26_5.app/Contents/Developer/Toolchains/XcodeDefault.xctoolchain/usr/bin/appintentsmetadataprocessor --toolchain-dir /Applications/Xcode_26_5.app/Contents/Developer/Toolchains/XcodeDefault.xctoolchain --module-name ReluxTunnelNativeAdapter --sdk-root /Applications/Xcode_26_5.app/Contents/Developer/Platforms/iPhoneSimulator.platform/Developer/SDKs/iPhoneSimulator26.5.sdk --xcode-version 17F42 --platform-family iOS --deployment-target 18.0 --bundle-identifier relux-tunnel.ReluxTunnelNativeAdapter --output /Users/iv/Developer/.build/Products/Debug-iphonesimulator/ReluxTunnelNativeAdapter.appintents --target-triple arm64-apple-ios18.0-simulator --target-triple x86_64-apple-ios18.0-simulator --binary-file /Users/iv/Developer/.build/Products/Debug-iphonesimulator/ReluxTunnelNativeAdapter.o --dependency-file /Users/iv/Developer/.build/Intermediates.noindex/ReluxTunnel.build/Debug-iphonesimulator/ReluxTunnelNativeAdapter.build/Objects-normal/arm64/ReluxTunnelNativeAdapter_dependency_info.dat --dependency-file /Users/iv/Developer/.build/Intermediates.noindex/ReluxTunnel.build/Debug-iphonesimulator/ReluxTunnelNativeAdapter.build/Objects-normal/x86_64/ReluxTunnelNativeAdapter_dependency_info.dat --stringsdata-file /Users/iv/Developer/.build/Intermediates.noindex/ReluxTunnel.build/Debug-iphonesimulator/ReluxTunnelNativeAdapter.build/Objects-normal/arm64/ExtractedAppShortcutsMetadata.stringsdata --stringsdata-file /Users/iv/Developer/.build/Intermediates.noindex/ReluxTunnel.build/Debug-iphonesimulator/ReluxTunnelNativeAdapter.build/Objects-normal/x86_64/ExtractedAppShortcutsMetadata.stringsdata --source-file-list /Users/iv/Developer/.build/Intermediates.noindex/ReluxTunnel.build/Debug-iphonesimulator/ReluxTunnelNativeAdapter.build/Objects-normal/arm64/ReluxTunnelNativeAdapter.SwiftFileList --source-file-list /Users/iv/Developer/.build/Intermediates.noindex/ReluxTunnel.build/Debug-iphonesimulator/ReluxTunnelNativeAdapter.build/Objects-normal/x86_64/ReluxTunnelNativeAdapter.SwiftFileList --metadata-file-list /Users/iv/Developer/.build/Intermediates.noindex/ReluxTunnel.build/Debug-iphonesimulator/ReluxTunnelNativeAdapter.build/ReluxTunnelNativeAdapter.DependencyMetadataFileList --static-metadata-file-list /Users/iv/Developer/.build/Intermediates.noindex/ReluxTunnel.build/Debug-iphonesimulator/ReluxTunnelNativeAdapter.build/ReluxTunnelNativeAdapter.DependencyStaticMetadataFileList --swift-const-vals-list /Users/iv/Developer/.build/Intermediates.noindex/ReluxTunnel.build/Debug-iphonesimulator/ReluxTunnelNativeAdapter.build/Objects-normal/arm64/ReluxTunnelNativeAdapter.SwiftConstValuesFileList --swift-const-vals-list /Users/iv/Developer/.build/Intermediates.noindex/ReluxTunnel.build/Debug-iphonesimulator/ReluxTunnelNativeAdapter.build/Objects-normal/x86_64/ReluxTunnelNativeAdapter.SwiftConstValuesFileList --force --compile-time-extraction --deployment-aware-processing --validate-assistant-intents --no-app-shortcuts-localization
2026-07-21 04:38:17.509 appintentsmetadataprocessor[49113:98074474] Starting appintentsmetadataprocessor export
2026-07-21 04:38:17.517 appintentsmetadataprocessor[49113:98074474] Extracted no relevant App Intents symbols, skipping writing output

RegisterExecutionPolicyException /Users/iv/Developer/.build/Products/Debug-iphonesimulator/ReluxTunnelNativeAdapter.o (in target 'ReluxTunnelNativeAdapter' from project 'ReluxTunnel')
    cd /Users/iv/Developer/relux-tunnel
    builtin-RegisterExecutionPolicyException /Users/iv/Developer/.build/Products/Debug-iphonesimulator/ReluxTunnelNativeAdapter.o

Ld /Users/iv/Developer/.build/Intermediates.noindex/ReluxTunnel.build/Debug-iphonesimulator/ReluxTunnelIOSAdapter.build/Objects-normal/arm64/Binary/ReluxTunnelIOSAdapter.o normal arm64 (in target 'ReluxTunnelIOSAdapter' from project 'ReluxTunnel')
    cd /Users/iv/Developer/relux-tunnel
    /Applications/Xcode_26_5.app/Contents/Developer/Toolchains/XcodeDefault.xctoolchain/usr/bin/clang -Xlinker -reproducible -target arm64-apple-ios18.0-simulator -r -isysroot /Applications/Xcode_26_5.app/Contents/Developer/Platforms/iPhoneSimulator.platform/Developer/SDKs/iPhoneSimulator26.5.sdk -O0 -F/Users/iv/Developer/.build/Intermediates.noindex/EagerLinkingTBDs/Debug-iphonesimulator -F/Users/iv/Developer/.build/Products/Debug-iphonesimulator/PackageFrameworks -F/Users/iv/Developer/.build/Products/Debug-iphonesimulator/PackageFrameworks -F/Users/iv/Developer/.build/Products/Debug-iphonesimulator -iframework /Applications/Xcode_26_5.app/Contents/Developer/Platforms/iPhoneSimulator.platform/Developer/Library/Frameworks -iframework /Applications/Xcode_26_5.app/Contents/Developer/Platforms/iPhoneSimulator.platform/Developer/SDKs/iPhoneSimulator26.5.sdk/Developer/Library/Frameworks -filelist /Users/iv/Developer/.build/Intermediates.noindex/ReluxTunnel.build/Debug-iphonesimulator/ReluxTunnelIOSAdapter.build/Objects-normal/arm64/ReluxTunnelIOSAdapter.LinkFileList -nostdlib -Xlinker -object_path_lto -Xlinker /Users/iv/Developer/.build/Intermediates.noindex/ReluxTunnel.build/Debug-iphonesimulator/ReluxTunnelIOSAdapter.build/Objects-normal/arm64/ReluxTunnelIOSAdapter_lto.o -Xlinker -no_deduplicate -Xlinker -objc_abi_version -Xlinker 2 -Xlinker -dependency_info -Xlinker /Users/iv/Developer/.build/Intermediates.noindex/ReluxTunnel.build/Debug-iphonesimulator/ReluxTunnelIOSAdapter.build/Objects-normal/arm64/ReluxTunnelIOSAdapter_dependency_info.dat -fobjc-link-runtime -L/Applications/Xcode_26_5.app/Contents/Developer/Toolchains/XcodeDefault.xctoolchain/usr/lib/swift/iphonesimulator -L/usr/lib/swift -Xlinker -add_ast_path -Xlinker /Users/iv/Developer/.build/Intermediates.noindex/ReluxTunnel.build/Debug-iphonesimulator/ReluxTunnelIOSAdapter.build/Objects-normal/arm64/ReluxTunnelIOSAdapter.swiftmodule @/Users/iv/Developer/.build/Intermediates.noindex/ReluxTunnel.build/Debug-iphonesimulator/ReluxTunnelIOSAdapter.build/Objects-normal/arm64/ReluxTunnelIOSAdapter-linker-args.resp -o /Users/iv/Developer/.build/Intermediates.noindex/ReluxTunnel.build/Debug-iphonesimulator/ReluxTunnelIOSAdapter.build/Objects-normal/arm64/Binary/ReluxTunnelIOSAdapter.o

Ld /Users/iv/Developer/.build/Intermediates.noindex/ReluxTunnel.build/Debug-iphonesimulator/ReluxTunnelIOSAdapter.build/Objects-normal/x86_64/Binary/ReluxTunnelIOSAdapter.o normal x86_64 (in target 'ReluxTunnelIOSAdapter' from project 'ReluxTunnel')
    cd /Users/iv/Developer/relux-tunnel
    /Applications/Xcode_26_5.app/Contents/Developer/Toolchains/XcodeDefault.xctoolchain/usr/bin/clang -Xlinker -reproducible -target x86_64-apple-ios18.0-simulator -r -isysroot /Applications/Xcode_26_5.app/Contents/Developer/Platforms/iPhoneSimulator.platform/Developer/SDKs/iPhoneSimulator26.5.sdk -O0 -F/Users/iv/Developer/.build/Intermediates.noindex/EagerLinkingTBDs/Debug-iphonesimulator -F/Users/iv/Developer/.build/Products/Debug-iphonesimulator/PackageFrameworks -F/Users/iv/Developer/.build/Products/Debug-iphonesimulator/PackageFrameworks -F/Users/iv/Developer/.build/Products/Debug-iphonesimulator -iframework /Applications/Xcode_26_5.app/Contents/Developer/Platforms/iPhoneSimulator.platform/Developer/Library/Frameworks -iframework /Applications/Xcode_26_5.app/Contents/Developer/Platforms/iPhoneSimulator.platform/Developer/SDKs/iPhoneSimulator26.5.sdk/Developer/Library/Frameworks -filelist /Users/iv/Developer/.build/Intermediates.noindex/ReluxTunnel.build/Debug-iphonesimulator/ReluxTunnelIOSAdapter.build/Objects-normal/x86_64/ReluxTunnelIOSAdapter.LinkFileList -nostdlib -Xlinker -object_path_lto -Xlinker /Users/iv/Developer/.build/Intermediates.noindex/ReluxTunnel.build/Debug-iphonesimulator/ReluxTunnelIOSAdapter.build/Objects-normal/x86_64/ReluxTunnelIOSAdapter_lto.o -Xlinker -no_deduplicate -Xlinker -objc_abi_version -Xlinker 2 -Xlinker -dependency_info -Xlinker /Users/iv/Developer/.build/Intermediates.noindex/ReluxTunnel.build/Debug-iphonesimulator/ReluxTunnelIOSAdapter.build/Objects-normal/x86_64/ReluxTunnelIOSAdapter_dependency_info.dat -fobjc-link-runtime -L/Applications/Xcode_26_5.app/Contents/Developer/Toolchains/XcodeDefault.xctoolchain/usr/lib/swift/iphonesimulator -L/usr/lib/swift -Xlinker -add_ast_path -Xlinker /Users/iv/Developer/.build/Intermediates.noindex/ReluxTunnel.build/Debug-iphonesimulator/ReluxTunnelIOSAdapter.build/Objects-normal/x86_64/ReluxTunnelIOSAdapter.swiftmodule @/Users/iv/Developer/.build/Intermediates.noindex/ReluxTunnel.build/Debug-iphonesimulator/ReluxTunnelIOSAdapter.build/Objects-normal/x86_64/ReluxTunnelIOSAdapter-linker-args.resp -o /Users/iv/Developer/.build/Intermediates.noindex/ReluxTunnel.build/Debug-iphonesimulator/ReluxTunnelIOSAdapter.build/Objects-normal/x86_64/Binary/ReluxTunnelIOSAdapter.o

CreateUniversalBinary /Users/iv/Developer/.build/Products/Debug-iphonesimulator/ReluxTunnelIOSAdapter.o normal arm64\ x86_64 (in target 'ReluxTunnelIOSAdapter' from project 'ReluxTunnel')
    cd /Users/iv/Developer/relux-tunnel
    /Applications/Xcode_26_5.app/Contents/Developer/Toolchains/XcodeDefault.xctoolchain/usr/bin/lipo -create /Users/iv/Developer/.build/Intermediates.noindex/ReluxTunnel.build/Debug-iphonesimulator/ReluxTunnelIOSAdapter.build/Objects-normal/arm64/Binary/ReluxTunnelIOSAdapter.o /Users/iv/Developer/.build/Intermediates.noindex/ReluxTunnel.build/Debug-iphonesimulator/ReluxTunnelIOSAdapter.build/Objects-normal/x86_64/Binary/ReluxTunnelIOSAdapter.o -output /Users/iv/Developer/.build/Products/Debug-iphonesimulator/ReluxTunnelIOSAdapter.o

ExtractAppIntentsMetadata (in target 'ReluxTunnelIOSAdapter' from project 'ReluxTunnel')
    cd /Users/iv/Developer/relux-tunnel
    /Applications/Xcode_26_5.app/Contents/Developer/Toolchains/XcodeDefault.xctoolchain/usr/bin/appintentsmetadataprocessor --toolchain-dir /Applications/Xcode_26_5.app/Contents/Developer/Toolchains/XcodeDefault.xctoolchain --module-name ReluxTunnelIOSAdapter --sdk-root /Applications/Xcode_26_5.app/Contents/Developer/Platforms/iPhoneSimulator.platform/Developer/SDKs/iPhoneSimulator26.5.sdk --xcode-version 17F42 --platform-family iOS --deployment-target 18.0 --bundle-identifier relux-tunnel.ReluxTunnelIOSAdapter --output /Users/iv/Developer/.build/Products/Debug-iphonesimulator/ReluxTunnelIOSAdapter.appintents --target-triple arm64-apple-ios18.0-simulator --target-triple x86_64-apple-ios18.0-simulator --binary-file /Users/iv/Developer/.build/Products/Debug-iphonesimulator/ReluxTunnelIOSAdapter.o --dependency-file /Users/iv/Developer/.build/Intermediates.noindex/ReluxTunnel.build/Debug-iphonesimulator/ReluxTunnelIOSAdapter.build/Objects-normal/arm64/ReluxTunnelIOSAdapter_dependency_info.dat --dependency-file /Users/iv/Developer/.build/Intermediates.noindex/ReluxTunnel.build/Debug-iphonesimulator/ReluxTunnelIOSAdapter.build/Objects-normal/x86_64/ReluxTunnelIOSAdapter_dependency_info.dat --stringsdata-file /Users/iv/Developer/.build/Intermediates.noindex/ReluxTunnel.build/Debug-iphonesimulator/ReluxTunnelIOSAdapter.build/Objects-normal/arm64/ExtractedAppShortcutsMetadata.stringsdata --stringsdata-file /Users/iv/Developer/.build/Intermediates.noindex/ReluxTunnel.build/Debug-iphonesimulator/ReluxTunnelIOSAdapter.build/Objects-normal/x86_64/ExtractedAppShortcutsMetadata.stringsdata --source-file-list /Users/iv/Developer/.build/Intermediates.noindex/ReluxTunnel.build/Debug-iphonesimulator/ReluxTunnelIOSAdapter.build/Objects-normal/arm64/ReluxTunnelIOSAdapter.SwiftFileList --source-file-list /Users/iv/Developer/.build/Intermediates.noindex/ReluxTunnel.build/Debug-iphonesimulator/ReluxTunnelIOSAdapter.build/Objects-normal/x86_64/ReluxTunnelIOSAdapter.SwiftFileList --metadata-file-list /Users/iv/Developer/.build/Intermediates.noindex/ReluxTunnel.build/Debug-iphonesimulator/ReluxTunnelIOSAdapter.build/ReluxTunnelIOSAdapter.DependencyMetadataFileList --static-metadata-file-list /Users/iv/Developer/.build/Intermediates.noindex/ReluxTunnel.build/Debug-iphonesimulator/ReluxTunnelIOSAdapter.build/ReluxTunnelIOSAdapter.DependencyStaticMetadataFileList --swift-const-vals-list /Users/iv/Developer/.build/Intermediates.noindex/ReluxTunnel.build/Debug-iphonesimulator/ReluxTunnelIOSAdapter.build/Objects-normal/arm64/ReluxTunnelIOSAdapter.SwiftConstValuesFileList --swift-const-vals-list /Users/iv/Developer/.build/Intermediates.noindex/ReluxTunnel.build/Debug-iphonesimulator/ReluxTunnelIOSAdapter.build/Objects-normal/x86_64/ReluxTunnelIOSAdapter.SwiftConstValuesFileList --force --compile-time-extraction --deployment-aware-processing --validate-assistant-intents --no-app-shortcuts-localization
2026-07-21 04:38:17.567 appintentsmetadataprocessor[49119:98074511] Starting appintentsmetadataprocessor export
2026-07-21 04:38:17.574 appintentsmetadataprocessor[49119:98074511] Extracted no relevant App Intents symbols, skipping writing output

RegisterExecutionPolicyException /Users/iv/Developer/.build/Products/Debug-iphonesimulator/ReluxTunnelIOSAdapter.o (in target 'ReluxTunnelIOSAdapter' from project 'ReluxTunnel')
    cd /Users/iv/Developer/relux-tunnel
    builtin-RegisterExecutionPolicyException /Users/iv/Developer/.build/Products/Debug-iphonesimulator/ReluxTunnelIOSAdapter.o

** BUILD SUCCEEDED ** [6.624 sec]

