Command line invocation:
    /Applications/Xcode_26_5.app/Contents/Developer/usr/bin/xcodebuild -scheme ReluxTunnelMacOSAdapter -destination generic/platform=macOS -derivedDataPath .temp/TASK-260715-15vkvz/DerivedData-rework03-macOS CODE_SIGNING_ALLOWED=NO build

Build settings from command line:
    CODE_SIGNING_ALLOWED = NO

Resolve Package Graph
2026-07-21 04:38:25.367 xcodebuild[49177:98074930] [MT] IDERunDestination: Supported platforms for the buildables in the current scheme is empty.


Resolved source packages:
  ReluxTunnel: /Users/iv/Developer/relux-tunnel

--- xcodebuild: WARNING: Using the first of multiple matching destinations:
{ platform:macOS, name:Any Mac }
{ platform:macOS, variant:Mac Catalyst, name:Any Mac }
ComputePackagePrebuildTargetDependencyGraph

Prepare packages

CreateBuildRequest

SendProjectDescription

CreateBuildOperation

ComputeTargetDependencyGraph
note: Building targets in dependency order
note: Target dependency graph (4 targets)
    Target 'ReluxTunnelMacOSAdapter' in project 'ReluxTunnel'
        ➜ Explicit dependency on target 'ReluxTunnelMacOSAdapter' in project 'ReluxTunnel'
        ➜ Explicit dependency on target 'ReluxTunnelCore' in project 'ReluxTunnel'
        ➜ Explicit dependency on target 'ReluxTunnelNativeAdapter' in project 'ReluxTunnel'
    Target 'ReluxTunnelMacOSAdapter' in project 'ReluxTunnel'
        ➜ Explicit dependency on target 'ReluxTunnelCore' in project 'ReluxTunnel'
        ➜ Explicit dependency on target 'ReluxTunnelNativeAdapter' in project 'ReluxTunnel'
    Target 'ReluxTunnelNativeAdapter' in project 'ReluxTunnel'
        ➜ Explicit dependency on target 'ReluxTunnelCore' in project 'ReluxTunnel'
    Target 'ReluxTunnelCore' in project 'ReluxTunnel' (no dependencies)

GatherProvisioningInputs

CreateBuildDescription

ExecuteExternalTool /Applications/Xcode_26_5.app/Contents/Developer/Toolchains/XcodeDefault.xctoolchain/usr/bin/clang -v -E -dM -isysroot /Applications/Xcode_26_5.app/Contents/Developer/Platforms/MacOSX.platform/Developer/SDKs/MacOSX26.5.sdk -x c -c /dev/null

ExecuteExternalTool /Applications/Xcode_26_5.app/Contents/Developer/Toolchains/XcodeDefault.xctoolchain/usr/bin/swiftc --version

ExecuteExternalTool /Applications/Xcode_26_5.app/Contents/Developer/Toolchains/XcodeDefault.xctoolchain/usr/bin/ld -version_details

ReadFileContents /Applications/Xcode_26_5.app/Contents/Developer/Toolchains/XcodeDefault.xctoolchain/usr/share/docc/features.json

Build description signature: bd5156709be1e277cdf17d6f9b605e25
Build description path: /Users/iv/Developer/.build/Intermediates.noindex/XCBuildData/bd5156709be1e277cdf17d6f9b605e25.xcbuilddata
ClangStatCache /Applications/Xcode_26_5.app/Contents/Developer/Toolchains/XcodeDefault.xctoolchain/usr/bin/clang-stat-cache /Applications/Xcode_26_5.app/Contents/Developer/Platforms/MacOSX.platform/Developer/SDKs/MacOSX26.5.sdk /Users/iv/Developer/relux-tunnel/.temp/TASK-260715-15vkvz/DerivedData-rework03-macOS/SDKStatCaches.noindex/macosx26.5-25F70-b64f947cdd770e773f3848253724d71e.sdkstatcache
    cd /Users/iv/Developer/relux-tunnel/.swiftpm/xcode
    /Applications/Xcode_26_5.app/Contents/Developer/Toolchains/XcodeDefault.xctoolchain/usr/bin/clang-stat-cache /Applications/Xcode_26_5.app/Contents/Developer/Platforms/MacOSX.platform/Developer/SDKs/MacOSX26.5.sdk -o /Users/iv/Developer/relux-tunnel/.temp/TASK-260715-15vkvz/DerivedData-rework03-macOS/SDKStatCaches.noindex/macosx26.5-25F70-b64f947cdd770e773f3848253724d71e.sdkstatcache

SwiftDriver ReluxTunnelCore normal arm64 com.apple.xcode.tools.swift.compiler (in target 'ReluxTunnelCore' from project 'ReluxTunnel')
    cd /Users/iv/Developer/relux-tunnel/.swiftpm/xcode
    builtin-SwiftDriver -- /Applications/Xcode_26_5.app/Contents/Developer/Toolchains/XcodeDefault.xctoolchain/usr/bin/swiftc -module-name ReluxTunnelCore -Onone @/Users/iv/Developer/.build/Intermediates.noindex/ReluxTunnel.build/Debug/ReluxTunnelCore.build/Objects-normal/arm64/ReluxTunnelCore.SwiftFileList -DSWIFT_PACKAGE -DDEBUG -DSWIFT_MODULE_RESOURCE_BUNDLE_UNAVAILABLE -DXcode -plugin-path /Applications/Xcode_26_5.app/Contents/Developer/Toolchains/XcodeDefault.xctoolchain/usr/lib/swift/host/plugins/testing -enable-experimental-feature DebugDescriptionMacro -sdk /Applications/Xcode_26_5.app/Contents/Developer/Platforms/MacOSX.platform/Developer/SDKs/MacOSX26.5.sdk -target arm64-apple-macos15.0 -g -module-cache-path /Users/iv/Developer/relux-tunnel/.temp/TASK-260715-15vkvz/DerivedData-rework03-macOS/ModuleCache.noindex -Xfrontend -serialize-debugging-options -enable-testing -index-store-path /Users/iv/Developer/relux-tunnel/.temp/TASK-260715-15vkvz/DerivedData-rework03-macOS/Index.noindex/DataStore -Xcc -D_LIBCPP_HARDENING_MODE\=_LIBCPP_HARDENING_MODE_DEBUG -swift-version 6 -I /Users/iv/Developer/.build/Products/Debug -Isystem /Applications/Xcode_26_5.app/Contents/Developer/Platforms/MacOSX.platform/Developer/usr/lib -F /Users/iv/Developer/.build/Products/Debug -F /Applications/Xcode_26_5.app/Contents/Developer/Platforms/MacOSX.platform/Developer/Library/Frameworks -c -j16 -enable-batch-mode -incremental -Xcc -ivfsstatcache -Xcc /Users/iv/Developer/relux-tunnel/.temp/TASK-260715-15vkvz/DerivedData-rework03-macOS/SDKStatCaches.noindex/macosx26.5-25F70-b64f947cdd770e773f3848253724d71e.sdkstatcache -output-file-map /Users/iv/Developer/.build/Intermediates.noindex/ReluxTunnel.build/Debug/ReluxTunnelCore.build/Objects-normal/arm64/ReluxTunnelCore-OutputFileMap.json -use-frontend-parseable-output -save-temps -no-color-diagnostics -explicit-module-build -module-cache-path /Users/iv/Developer/.build/Intermediates.noindex/SwiftExplicitPrecompiledModules -clang-scanner-module-cache-path /Users/iv/Developer/relux-tunnel/.temp/TASK-260715-15vkvz/DerivedData-rework03-macOS/ModuleCache.noindex -sdk-module-cache-path /Users/iv/Developer/relux-tunnel/.temp/TASK-260715-15vkvz/DerivedData-rework03-macOS/ModuleCache.noindex -serialize-diagnostics -emit-dependencies -emit-module -emit-module-path /Users/iv/Developer/.build/Intermediates.noindex/ReluxTunnel.build/Debug/ReluxTunnelCore.build/Objects-normal/arm64/ReluxTunnelCore.swiftmodule -validate-clang-modules-once -clang-build-session-file /Users/iv/Developer/relux-tunnel/.temp/TASK-260715-15vkvz/DerivedData-rework03-macOS/ModuleCache.noindex/Session.modulevalidation -package-name relux_tunnel -Xcc -I/Users/iv/Developer/.build/Intermediates.noindex/ReluxTunnel.build/Debug/ReluxTunnelCore.build/swift-overrides.hmap -emit-const-values -Xfrontend -const-gather-protocols-file -Xfrontend /Users/iv/Developer/.build/Intermediates.noindex/ReluxTunnel.build/Debug/ReluxTunnelCore.build/Objects-normal/arm64/ReluxTunnelCore_const_extract_protocols.json -Xcc -I/Users/iv/Developer/.build/Products/Debug/include -Xcc -I/Users/iv/Developer/.build/Intermediates.noindex/ReluxTunnel.build/Debug/ReluxTunnelCore.build/DerivedSources-normal/arm64 -Xcc -I/Users/iv/Developer/.build/Intermediates.noindex/ReluxTunnel.build/Debug/ReluxTunnelCore.build/DerivedSources/arm64 -Xcc -I/Users/iv/Developer/.build/Intermediates.noindex/ReluxTunnel.build/Debug/ReluxTunnelCore.build/DerivedSources -Xcc -DSWIFT_PACKAGE -Xcc -DDEBUG\=1 -emit-objc-header -emit-objc-header-path /Users/iv/Developer/.build/Intermediates.noindex/ReluxTunnel.build/Debug/ReluxTunnelCore.build/Objects-normal/arm64/ReluxTunnelCore-Swift.h -working-directory /Users/iv/Developer/relux-tunnel/.swiftpm/xcode -experimental-emit-module-separately -disable-cmo

SwiftDriver ReluxTunnelCore normal x86_64 com.apple.xcode.tools.swift.compiler (in target 'ReluxTunnelCore' from project 'ReluxTunnel')
    cd /Users/iv/Developer/relux-tunnel/.swiftpm/xcode
    builtin-SwiftDriver -- /Applications/Xcode_26_5.app/Contents/Developer/Toolchains/XcodeDefault.xctoolchain/usr/bin/swiftc -module-name ReluxTunnelCore -Onone @/Users/iv/Developer/.build/Intermediates.noindex/ReluxTunnel.build/Debug/ReluxTunnelCore.build/Objects-normal/x86_64/ReluxTunnelCore.SwiftFileList -DSWIFT_PACKAGE -DDEBUG -DSWIFT_MODULE_RESOURCE_BUNDLE_UNAVAILABLE -DXcode -plugin-path /Applications/Xcode_26_5.app/Contents/Developer/Toolchains/XcodeDefault.xctoolchain/usr/lib/swift/host/plugins/testing -enable-experimental-feature DebugDescriptionMacro -sdk /Applications/Xcode_26_5.app/Contents/Developer/Platforms/MacOSX.platform/Developer/SDKs/MacOSX26.5.sdk -target x86_64-apple-macos15.0 -g -module-cache-path /Users/iv/Developer/relux-tunnel/.temp/TASK-260715-15vkvz/DerivedData-rework03-macOS/ModuleCache.noindex -Xfrontend -serialize-debugging-options -enable-testing -index-store-path /Users/iv/Developer/relux-tunnel/.temp/TASK-260715-15vkvz/DerivedData-rework03-macOS/Index.noindex/DataStore -Xcc -D_LIBCPP_HARDENING_MODE\=_LIBCPP_HARDENING_MODE_DEBUG -swift-version 6 -I /Users/iv/Developer/.build/Products/Debug -Isystem /Applications/Xcode_26_5.app/Contents/Developer/Platforms/MacOSX.platform/Developer/usr/lib -F /Users/iv/Developer/.build/Products/Debug -F /Applications/Xcode_26_5.app/Contents/Developer/Platforms/MacOSX.platform/Developer/Library/Frameworks -c -j16 -enable-batch-mode -incremental -Xcc -ivfsstatcache -Xcc /Users/iv/Developer/relux-tunnel/.temp/TASK-260715-15vkvz/DerivedData-rework03-macOS/SDKStatCaches.noindex/macosx26.5-25F70-b64f947cdd770e773f3848253724d71e.sdkstatcache -output-file-map /Users/iv/Developer/.build/Intermediates.noindex/ReluxTunnel.build/Debug/ReluxTunnelCore.build/Objects-normal/x86_64/ReluxTunnelCore-OutputFileMap.json -use-frontend-parseable-output -save-temps -no-color-diagnostics -explicit-module-build -module-cache-path /Users/iv/Developer/.build/Intermediates.noindex/SwiftExplicitPrecompiledModules -clang-scanner-module-cache-path /Users/iv/Developer/relux-tunnel/.temp/TASK-260715-15vkvz/DerivedData-rework03-macOS/ModuleCache.noindex -sdk-module-cache-path /Users/iv/Developer/relux-tunnel/.temp/TASK-260715-15vkvz/DerivedData-rework03-macOS/ModuleCache.noindex -serialize-diagnostics -emit-dependencies -emit-module -emit-module-path /Users/iv/Developer/.build/Intermediates.noindex/ReluxTunnel.build/Debug/ReluxTunnelCore.build/Objects-normal/x86_64/ReluxTunnelCore.swiftmodule -validate-clang-modules-once -clang-build-session-file /Users/iv/Developer/relux-tunnel/.temp/TASK-260715-15vkvz/DerivedData-rework03-macOS/ModuleCache.noindex/Session.modulevalidation -package-name relux_tunnel -Xcc -I/Users/iv/Developer/.build/Intermediates.noindex/ReluxTunnel.build/Debug/ReluxTunnelCore.build/swift-overrides.hmap -emit-const-values -Xfrontend -const-gather-protocols-file -Xfrontend /Users/iv/Developer/.build/Intermediates.noindex/ReluxTunnel.build/Debug/ReluxTunnelCore.build/Objects-normal/x86_64/ReluxTunnelCore_const_extract_protocols.json -Xcc -I/Users/iv/Developer/.build/Products/Debug/include -Xcc -I/Users/iv/Developer/.build/Intermediates.noindex/ReluxTunnel.build/Debug/ReluxTunnelCore.build/DerivedSources-normal/x86_64 -Xcc -I/Users/iv/Developer/.build/Intermediates.noindex/ReluxTunnel.build/Debug/ReluxTunnelCore.build/DerivedSources/x86_64 -Xcc -I/Users/iv/Developer/.build/Intermediates.noindex/ReluxTunnel.build/Debug/ReluxTunnelCore.build/DerivedSources -Xcc -DSWIFT_PACKAGE -Xcc -DDEBUG\=1 -emit-objc-header -emit-objc-header-path /Users/iv/Developer/.build/Intermediates.noindex/ReluxTunnel.build/Debug/ReluxTunnelCore.build/Objects-normal/x86_64/ReluxTunnelCore-Swift.h -working-directory /Users/iv/Developer/relux-tunnel/.swiftpm/xcode -experimental-emit-module-separately -disable-cmo

SwiftExplicitDependencyGeneratePcm arm64 /Users/iv/Developer/relux-tunnel/.temp/TASK-260715-15vkvz/DerivedData-rework03-macOS/ModuleCache.noindex/ptrcheck-3R34DWY8ZSBZ9BRKAJES0RKFG.pcm

SwiftExplicitDependencyGeneratePcm arm64 /Users/iv/Developer/relux-tunnel/.temp/TASK-260715-15vkvz/DerivedData-rework03-macOS/ModuleCache.noindex/_Builtin_float-6LJSVVB3GMKFYDU2KNMCVWLO.pcm

SwiftExplicitDependencyGeneratePcm arm64 /Users/iv/Developer/relux-tunnel/.temp/TASK-260715-15vkvz/DerivedData-rework03-macOS/ModuleCache.noindex/_SwiftConcurrencyShims-2TPRV2WRZM5RE816P9RELV10L.pcm

SwiftExplicitDependencyGeneratePcm arm64 /Users/iv/Developer/relux-tunnel/.temp/TASK-260715-15vkvz/DerivedData-rework03-macOS/ModuleCache.noindex/_Builtin_stdbool-EIBYH5FRQ2ZQR3VG8MV5B1N9E.pcm

SwiftExplicitDependencyGeneratePcm arm64 /Users/iv/Developer/relux-tunnel/.temp/TASK-260715-15vkvz/DerivedData-rework03-macOS/ModuleCache.noindex/_AvailabilityInternal-EXXOMW5953DCUET0OSPSZA94L.pcm

SwiftExplicitDependencyGeneratePcm arm64 /Users/iv/Developer/relux-tunnel/.temp/TASK-260715-15vkvz/DerivedData-rework03-macOS/ModuleCache.noindex/ptrauth-DIH29SSVAAGX19LSB55HW4D6Z.pcm

SwiftExplicitDependencyGeneratePcm arm64 /Users/iv/Developer/relux-tunnel/.temp/TASK-260715-15vkvz/DerivedData-rework03-macOS/ModuleCache.noindex/SwiftShims-BH5M96VH1K3IDM25858EB5FZU.pcm

SwiftExplicitDependencyGeneratePcm arm64 /Users/iv/Developer/relux-tunnel/.temp/TASK-260715-15vkvz/DerivedData-rework03-macOS/ModuleCache.noindex/_Builtin_stdarg-5P349GLR5SMSRI8X8IGNALAB2.pcm

SwiftExplicitDependencyGeneratePcm arm64 /Users/iv/Developer/relux-tunnel/.temp/TASK-260715-15vkvz/DerivedData-rework03-macOS/ModuleCache.noindex/_Builtin_stddef-7C32BWAFES4J0NR308RJQRB46.pcm

SwiftExplicitDependencyGeneratePcm x86_64 /Users/iv/Developer/relux-tunnel/.temp/TASK-260715-15vkvz/DerivedData-rework03-macOS/ModuleCache.noindex/ptrauth-UOTL77HX5HFA0BP5RTU0ADQX.pcm

SwiftExplicitDependencyGeneratePcm x86_64 /Users/iv/Developer/relux-tunnel/.temp/TASK-260715-15vkvz/DerivedData-rework03-macOS/ModuleCache.noindex/SwiftShims-D8VW198O879YLU0UI7AYXODC6.pcm

SwiftExplicitDependencyGeneratePcm x86_64 /Users/iv/Developer/relux-tunnel/.temp/TASK-260715-15vkvz/DerivedData-rework03-macOS/ModuleCache.noindex/_Builtin_stdarg-6UDEHNV0D9CX8F7AJGDRSZNP8.pcm

SwiftExplicitDependencyGeneratePcm x86_64 /Users/iv/Developer/relux-tunnel/.temp/TASK-260715-15vkvz/DerivedData-rework03-macOS/ModuleCache.noindex/_Builtin_float-COR3JYOP0X0I6QUBRAV2O4H7Y.pcm

SwiftExplicitDependencyGeneratePcm x86_64 /Users/iv/Developer/relux-tunnel/.temp/TASK-260715-15vkvz/DerivedData-rework03-macOS/ModuleCache.noindex/ptrcheck-BMIP58F7SR7O4GOCW5ZF3C7FP.pcm

SwiftExplicitDependencyGeneratePcm x86_64 /Users/iv/Developer/relux-tunnel/.temp/TASK-260715-15vkvz/DerivedData-rework03-macOS/ModuleCache.noindex/_AvailabilityInternal-38H1NYLPG09I5I7H449Q2Y3UD.pcm

SwiftExplicitDependencyGeneratePcm x86_64 /Users/iv/Developer/relux-tunnel/.temp/TASK-260715-15vkvz/DerivedData-rework03-macOS/ModuleCache.noindex/_SwiftConcurrencyShims-PBE147BTJHML7EF6TSRRBEAF.pcm

SwiftExplicitDependencyGeneratePcm x86_64 /Users/iv/Developer/relux-tunnel/.temp/TASK-260715-15vkvz/DerivedData-rework03-macOS/ModuleCache.noindex/_Builtin_stddef-625C9GLFQH0LSRHPQ69V9D3BP.pcm

SwiftExplicitDependencyGeneratePcm x86_64 /Users/iv/Developer/relux-tunnel/.temp/TASK-260715-15vkvz/DerivedData-rework03-macOS/ModuleCache.noindex/_Builtin_stdbool-A4DIYH94LYC36H1YTSK8OPU2O.pcm

SwiftExplicitDependencyGeneratePcm arm64 /Users/iv/Developer/relux-tunnel/.temp/TASK-260715-15vkvz/DerivedData-rework03-macOS/ModuleCache.noindex/_DarwinFoundation1-3W1FYAWNFKPWT46BBLQMBFGP0.pcm

SwiftExplicitDependencyGeneratePcm x86_64 /Users/iv/Developer/relux-tunnel/.temp/TASK-260715-15vkvz/DerivedData-rework03-macOS/ModuleCache.noindex/_DarwinFoundation1-1ULZKTLK15RS1OQ8IB8HY47FF.pcm

SwiftExplicitDependencyGeneratePcm arm64 /Users/iv/Developer/relux-tunnel/.temp/TASK-260715-15vkvz/DerivedData-rework03-macOS/ModuleCache.noindex/_DarwinFoundation2-61R8MEDCFMISGIM7H0YWZKC2K.pcm

SwiftExplicitDependencyGeneratePcm arm64 /Users/iv/Developer/relux-tunnel/.temp/TASK-260715-15vkvz/DerivedData-rework03-macOS/ModuleCache.noindex/_Builtin_limits-1DVZFM13ME18LXM5HROB5OPH8.pcm

SwiftExplicitDependencyGeneratePcm x86_64 /Users/iv/Developer/relux-tunnel/.temp/TASK-260715-15vkvz/DerivedData-rework03-macOS/ModuleCache.noindex/_Builtin_limits-Z8ZM26606SMNOW2TYKIM765V.pcm

SwiftExplicitDependencyGeneratePcm x86_64 /Users/iv/Developer/relux-tunnel/.temp/TASK-260715-15vkvz/DerivedData-rework03-macOS/ModuleCache.noindex/_DarwinFoundation2-DVTY3X5OU0YOI3JEXK1TLIQYX.pcm

SwiftExplicitDependencyGeneratePcm arm64 /Users/iv/Developer/relux-tunnel/.temp/TASK-260715-15vkvz/DerivedData-rework03-macOS/ModuleCache.noindex/sys_types-B31FJCB9KYT5VX2BYOTM30UOX.pcm

SwiftExplicitDependencyGeneratePcm arm64 /Users/iv/Developer/relux-tunnel/.temp/TASK-260715-15vkvz/DerivedData-rework03-macOS/ModuleCache.noindex/_Builtin_stdint-5JQ5BN2OS3EF8YPZ25SMAUMIC.pcm

SwiftExplicitDependencyGeneratePcm x86_64 /Users/iv/Developer/relux-tunnel/.temp/TASK-260715-15vkvz/DerivedData-rework03-macOS/ModuleCache.noindex/_Builtin_stdint-324FUWE9NBZD881OCDQYZEFXU.pcm

SwiftExplicitDependencyGeneratePcm x86_64 /Users/iv/Developer/relux-tunnel/.temp/TASK-260715-15vkvz/DerivedData-rework03-macOS/ModuleCache.noindex/sys_types-D021NQ3I7Z1TMMU8L9LO0E7TI.pcm

SwiftExplicitDependencyGeneratePcm arm64 /Users/iv/Developer/relux-tunnel/.temp/TASK-260715-15vkvz/DerivedData-rework03-macOS/ModuleCache.noindex/_DarwinFoundation3-CSCZPU6GWHMMKURJ5WFOWPUTE.pcm

SwiftExplicitDependencyGeneratePcm arm64 /Users/iv/Developer/relux-tunnel/.temp/TASK-260715-15vkvz/DerivedData-rework03-macOS/ModuleCache.noindex/libDER-3BX20RRZJ0F71YSO9559UHM0A.pcm

SwiftExplicitDependencyGeneratePcm x86_64 /Users/iv/Developer/relux-tunnel/.temp/TASK-260715-15vkvz/DerivedData-rework03-macOS/ModuleCache.noindex/_DarwinFoundation3-7HMG3F4J4UXGYU9SFHWIL5ZX5.pcm

SwiftExplicitDependencyGeneratePcm x86_64 /Users/iv/Developer/relux-tunnel/.temp/TASK-260715-15vkvz/DerivedData-rework03-macOS/ModuleCache.noindex/libDER-7UMEUURSE5W13Y7H9G4RSSGLT.pcm

SwiftExplicitDependencyGeneratePcm x86_64 /Users/iv/Developer/relux-tunnel/.temp/TASK-260715-15vkvz/DerivedData-rework03-macOS/ModuleCache.noindex/_Builtin_intrinsics-AQW34AZX41MEGAGL6TJ575PH6.pcm

SwiftExplicitDependencyGeneratePcm x86_64 /Users/iv/Developer/relux-tunnel/.temp/TASK-260715-15vkvz/DerivedData-rework03-macOS/ModuleCache.noindex/_Builtin_inttypes-BN4RDVUMLC4ZJZ37A7RPEBEJ7.pcm

SwiftExplicitDependencyGeneratePcm arm64 /Users/iv/Developer/relux-tunnel/.temp/TASK-260715-15vkvz/DerivedData-rework03-macOS/ModuleCache.noindex/_Builtin_inttypes-BFO4GTYRIKCFJJKLPB4UA8WH3.pcm

SwiftExplicitDependencyGeneratePcm x86_64 /Users/iv/Developer/relux-tunnel/.temp/TASK-260715-15vkvz/DerivedData-rework03-macOS/ModuleCache.noindex/Darwin-1FNNQKLLREM5YOVEKP2U5FMMK.pcm

SwiftExplicitDependencyGeneratePcm arm64 /Users/iv/Developer/relux-tunnel/.temp/TASK-260715-15vkvz/DerivedData-rework03-macOS/ModuleCache.noindex/Darwin-E4XAKA0SW18ZUMKPTHF1SNZO0.pcm

SwiftExplicitDependencyGeneratePcm x86_64 /Users/iv/Developer/relux-tunnel/.temp/TASK-260715-15vkvz/DerivedData-rework03-macOS/ModuleCache.noindex/libkern-AV87Q5JH599Z4GDR58Y97GM5T.pcm

SwiftExplicitDependencyGeneratePcm x86_64 /Users/iv/Developer/relux-tunnel/.temp/TASK-260715-15vkvz/DerivedData-rework03-macOS/ModuleCache.noindex/launch-6NAXIGAKWOODP4TUDP6R3HGLO.pcm

SwiftExplicitDependencyGeneratePcm x86_64 /Users/iv/Developer/relux-tunnel/.temp/TASK-260715-15vkvz/DerivedData-rework03-macOS/ModuleCache.noindex/MachO-APCFHNAVQT83STLTNICEXE745.pcm

SwiftExplicitDependencyGeneratePcm arm64 /Users/iv/Developer/relux-tunnel/.temp/TASK-260715-15vkvz/DerivedData-rework03-macOS/ModuleCache.noindex/libkern-3FI45C6T6NY1IXVHTNW05KOUR.pcm

SwiftExplicitDependencyGeneratePcm arm64 /Users/iv/Developer/relux-tunnel/.temp/TASK-260715-15vkvz/DerivedData-rework03-macOS/ModuleCache.noindex/launch-B3TQFP9DLCN03MWY6CIIW22T5.pcm

SwiftExplicitDependencyGeneratePcm arm64 /Users/iv/Developer/relux-tunnel/.temp/TASK-260715-15vkvz/DerivedData-rework03-macOS/ModuleCache.noindex/MachO-ETO41ZX45X2HA5VGCAB75S2ZE.pcm

SwiftExplicitDependencyGeneratePcm x86_64 /Users/iv/Developer/relux-tunnel/.temp/TASK-260715-15vkvz/DerivedData-rework03-macOS/ModuleCache.noindex/ObjectiveC-54IR034J43J77JYQJPHA22I3P.pcm

SwiftExplicitDependencyGeneratePcm arm64 /Users/iv/Developer/relux-tunnel/.temp/TASK-260715-15vkvz/DerivedData-rework03-macOS/ModuleCache.noindex/ObjectiveC-BSYR4BQDK2ZIN9OFO1FYE5FL7.pcm

SwiftExplicitDependencyGeneratePcm x86_64 /Users/iv/Developer/relux-tunnel/.temp/TASK-260715-15vkvz/DerivedData-rework03-macOS/ModuleCache.noindex/os_object-ES71Z1HL6ZQEU8Y9606ZFGFRH.pcm

SwiftExplicitDependencyGeneratePcm arm64 /Users/iv/Developer/relux-tunnel/.temp/TASK-260715-15vkvz/DerivedData-rework03-macOS/ModuleCache.noindex/os_object-3NZLKDCDWZ9N7DA97XTWY7JTP.pcm

SwiftExplicitDependencyGeneratePcm x86_64 /Users/iv/Developer/relux-tunnel/.temp/TASK-260715-15vkvz/DerivedData-rework03-macOS/ModuleCache.noindex/os_workgroup-EU3M1HZF7G9MTT8MJNSQ9E3UA.pcm

SwiftExplicitDependencyGeneratePcm arm64 /Users/iv/Developer/relux-tunnel/.temp/TASK-260715-15vkvz/DerivedData-rework03-macOS/ModuleCache.noindex/os_workgroup-DMX99Q7QB3ZME3UBQR87OQKD7.pcm

SwiftExplicitDependencyGeneratePcm x86_64 /Users/iv/Developer/relux-tunnel/.temp/TASK-260715-15vkvz/DerivedData-rework03-macOS/ModuleCache.noindex/Dispatch-3VIXJTEF53FYVP6YQLDG1DXA0.pcm

SwiftExplicitDependencyGeneratePcm arm64 /Users/iv/Developer/relux-tunnel/.temp/TASK-260715-15vkvz/DerivedData-rework03-macOS/ModuleCache.noindex/Dispatch-AQWS5L8WXD1GJWC76S12D08A1.pcm

SwiftExplicitDependencyGeneratePcm x86_64 /Users/iv/Developer/relux-tunnel/.temp/TASK-260715-15vkvz/DerivedData-rework03-macOS/ModuleCache.noindex/CoreFoundation-41S0V98RWM5JG6BF3OMH925C6.pcm

SwiftExplicitDependencyGeneratePcm x86_64 /Users/iv/Developer/relux-tunnel/.temp/TASK-260715-15vkvz/DerivedData-rework03-macOS/ModuleCache.noindex/XPC-B2EFJP35ML465TA4KDNAE9IG3.pcm

SwiftExplicitDependencyGeneratePcm arm64 /Users/iv/Developer/relux-tunnel/.temp/TASK-260715-15vkvz/DerivedData-rework03-macOS/ModuleCache.noindex/CoreFoundation-99GHRDPIR1M21HNKXOROAIXEK.pcm

SwiftExplicitDependencyGeneratePcm arm64 /Users/iv/Developer/relux-tunnel/.temp/TASK-260715-15vkvz/DerivedData-rework03-macOS/ModuleCache.noindex/XPC-8SK0GV6V25TSPIKQLHSQ8BVUH.pcm

SwiftExplicitDependencyGeneratePcm x86_64 /Users/iv/Developer/relux-tunnel/.temp/TASK-260715-15vkvz/DerivedData-rework03-macOS/ModuleCache.noindex/IOKit-2XWMJIZNFSKJNMQ8R39S6KESC.pcm

SwiftExplicitDependencyGeneratePcm x86_64 /Users/iv/Developer/relux-tunnel/.temp/TASK-260715-15vkvz/DerivedData-rework03-macOS/ModuleCache.noindex/CFNetwork-APYUFGG5JEUPZ8NTJO5LMN8YA.pcm

SwiftExplicitDependencyGeneratePcm x86_64 /Users/iv/Developer/relux-tunnel/.temp/TASK-260715-15vkvz/DerivedData-rework03-macOS/ModuleCache.noindex/Security-D59J7EOQXNOIJ93S9TTZK4V4Y.pcm

SwiftExplicitDependencyGeneratePcm arm64 /Users/iv/Developer/relux-tunnel/.temp/TASK-260715-15vkvz/DerivedData-rework03-macOS/ModuleCache.noindex/IOKit-BNAJVB1EJXW3GGTWSU4X1TH8J.pcm

SwiftExplicitDependencyGeneratePcm arm64 /Users/iv/Developer/relux-tunnel/.temp/TASK-260715-15vkvz/DerivedData-rework03-macOS/ModuleCache.noindex/CFNetwork-91M32V15I6W4W9TRIYJJ63DFE.pcm

SwiftExplicitDependencyGeneratePcm arm64 /Users/iv/Developer/relux-tunnel/.temp/TASK-260715-15vkvz/DerivedData-rework03-macOS/ModuleCache.noindex/Security-3IDQ31AYPOWK85UFCT392KIRC.pcm

SwiftExplicitDependencyGeneratePcm x86_64 /Users/iv/Developer/relux-tunnel/.temp/TASK-260715-15vkvz/DerivedData-rework03-macOS/ModuleCache.noindex/DiskArbitration-2HQSQ8NBGLVRDTI0SK934OSQK.pcm

SwiftExplicitDependencyGeneratePcm arm64 /Users/iv/Developer/relux-tunnel/.temp/TASK-260715-15vkvz/DerivedData-rework03-macOS/ModuleCache.noindex/DiskArbitration-7WUMF7WFH8NPY0X1RJL9XFJPJ.pcm

SwiftExplicitDependencyGeneratePcm x86_64 /Users/iv/Developer/relux-tunnel/.temp/TASK-260715-15vkvz/DerivedData-rework03-macOS/ModuleCache.noindex/CoreServices-7TC0WJC2WGDR793EMHGNXJP6N.pcm

SwiftExplicitDependencyGeneratePcm arm64 /Users/iv/Developer/relux-tunnel/.temp/TASK-260715-15vkvz/DerivedData-rework03-macOS/ModuleCache.noindex/CoreServices-SVS5REQZG1ANZR4HV41QVFOQ.pcm

SwiftExplicitDependencyGeneratePcm x86_64 /Users/iv/Developer/relux-tunnel/.temp/TASK-260715-15vkvz/DerivedData-rework03-macOS/ModuleCache.noindex/Foundation-EG2DE72ZD2WXU69N6DJM4WARH.pcm

SwiftExplicitDependencyGeneratePcm arm64 /Users/iv/Developer/relux-tunnel/.temp/TASK-260715-15vkvz/DerivedData-rework03-macOS/ModuleCache.noindex/Foundation-C8RNXRBEKPJG53UTYIYQNTTMX.pcm

SwiftExplicitDependencyGeneratePcm x86_64 /Users/iv/Developer/relux-tunnel/.temp/TASK-260715-15vkvz/DerivedData-rework03-macOS/ModuleCache.noindex/LocalAuthentication-BFQ52L3J38HQL2A9RSJIZAMLC.pcm

SwiftExplicitDependencyGeneratePcm arm64 /Users/iv/Developer/relux-tunnel/.temp/TASK-260715-15vkvz/DerivedData-rework03-macOS/ModuleCache.noindex/LocalAuthentication-3J6P8RG98BSP4R127PEQ7A63Q.pcm

SwiftEmitModule normal x86_64 Emitting\ module\ for\ ReluxTunnelCore (in target 'ReluxTunnelCore' from project 'ReluxTunnel')

EmitSwiftModule normal x86_64 (in target 'ReluxTunnelCore' from project 'ReluxTunnel')
    cd /Users/iv/Developer/relux-tunnel/.swiftpm/xcode
    

SwiftCompile normal x86_64 Compiling\ VPNManagerRepository.swift /Users/iv/Developer/relux-tunnel/Sources/ReluxTunnelCore/VPNManagerRepository.swift (in target 'ReluxTunnelCore' from project 'ReluxTunnel')
SwiftCompile normal x86_64 /Users/iv/Developer/relux-tunnel/Sources/ReluxTunnelCore/VPNManagerRepository.swift (in target 'ReluxTunnelCore' from project 'ReluxTunnel')
    cd /Users/iv/Developer/relux-tunnel/.swiftpm/xcode
    

SwiftCompile normal x86_64 Compiling\ TunnelRuntimeCoordinator.swift /Users/iv/Developer/relux-tunnel/Sources/ReluxTunnelCore/TunnelRuntimeCoordinator.swift (in target 'ReluxTunnelCore' from project 'ReluxTunnel')
SwiftCompile normal x86_64 /Users/iv/Developer/relux-tunnel/Sources/ReluxTunnelCore/TunnelRuntimeCoordinator.swift (in target 'ReluxTunnelCore' from project 'ReluxTunnel')
    cd /Users/iv/Developer/relux-tunnel/.swiftpm/xcode
    

SwiftCompile normal x86_64 Compiling\ RuntimeMessageModels.swift /Users/iv/Developer/relux-tunnel/Sources/ReluxTunnelCore/RuntimeMessageModels.swift (in target 'ReluxTunnelCore' from project 'ReluxTunnel')
SwiftCompile normal x86_64 /Users/iv/Developer/relux-tunnel/Sources/ReluxTunnelCore/RuntimeMessageModels.swift (in target 'ReluxTunnelCore' from project 'ReluxTunnel')
    cd /Users/iv/Developer/relux-tunnel/.swiftpm/xcode
    

SwiftCompile normal x86_64 Compiling\ SSHContracts.swift /Users/iv/Developer/relux-tunnel/Sources/ReluxTunnelCore/SSHContracts.swift (in target 'ReluxTunnelCore' from project 'ReluxTunnel')

SwiftCompile normal x86_64 /Users/iv/Developer/relux-tunnel/Sources/ReluxTunnelCore/SSHContracts.swift (in target 'ReluxTunnelCore' from project 'ReluxTunnel')
    cd /Users/iv/Developer/relux-tunnel/.swiftpm/xcode
    

SwiftCompile normal x86_64 Compiling\ RuntimeDiagnostics.swift /Users/iv/Developer/relux-tunnel/Sources/ReluxTunnelCore/RuntimeDiagnostics.swift (in target 'ReluxTunnelCore' from project 'ReluxTunnel')

SwiftCompile normal x86_64 /Users/iv/Developer/relux-tunnel/Sources/ReluxTunnelCore/RuntimeDiagnostics.swift (in target 'ReluxTunnelCore' from project 'ReluxTunnel')
    cd /Users/iv/Developer/relux-tunnel/.swiftpm/xcode
    

SwiftCompile normal x86_64 Compiling\ RelayByteCodec.swift /Users/iv/Developer/relux-tunnel/Sources/ReluxTunnelCore/RelayProtocol/RelayByteCodec.swift (in target 'ReluxTunnelCore' from project 'ReluxTunnel')

SwiftCompile normal x86_64 /Users/iv/Developer/relux-tunnel/Sources/ReluxTunnelCore/RelayProtocol/RelayByteCodec.swift (in target 'ReluxTunnelCore' from project 'ReluxTunnel')
    cd /Users/iv/Developer/relux-tunnel/.swiftpm/xcode
    

SwiftCompile normal x86_64 Compiling\ RelayHandshake.swift /Users/iv/Developer/relux-tunnel/Sources/ReluxTunnelCore/RelayProtocol/RelayHandshake.swift (in target 'ReluxTunnelCore' from project 'ReluxTunnel')

SwiftCompile normal x86_64 /Users/iv/Developer/relux-tunnel/Sources/ReluxTunnelCore/RelayProtocol/RelayHandshake.swift (in target 'ReluxTunnelCore' from project 'ReluxTunnel')
    cd /Users/iv/Developer/relux-tunnel/.swiftpm/xcode
    

SwiftCompile normal x86_64 Compiling\ RelayProtocolV1+Generated.swift /Users/iv/Developer/relux-tunnel/Sources/ReluxTunnelCore/RelayProtocol/Generated/RelayProtocolV1+Generated.swift (in target 'ReluxTunnelCore' from project 'ReluxTunnel')

SwiftCompile normal x86_64 /Users/iv/Developer/relux-tunnel/Sources/ReluxTunnelCore/RelayProtocol/Generated/RelayProtocolV1+Generated.swift (in target 'ReluxTunnelCore' from project 'ReluxTunnel')
    cd /Users/iv/Developer/relux-tunnel/.swiftpm/xcode
    

SwiftCompile normal x86_64 Compiling\ PacketFlowBridgeContracts.swift /Users/iv/Developer/relux-tunnel/Sources/ReluxTunnelCore/PacketFlowBridgeContracts.swift (in target 'ReluxTunnelCore' from project 'ReluxTunnel')

SwiftCompile normal x86_64 /Users/iv/Developer/relux-tunnel/Sources/ReluxTunnelCore/PacketFlowBridgeContracts.swift (in target 'ReluxTunnelCore' from project 'ReluxTunnel')
    cd /Users/iv/Developer/relux-tunnel/.swiftpm/xcode
    

SwiftCompile normal x86_64 Compiling\ ProviderLifecycle.swift /Users/iv/Developer/relux-tunnel/Sources/ReluxTunnelCore/ProviderLifecycle.swift (in target 'ReluxTunnelCore' from project 'ReluxTunnel')

SwiftCompile normal x86_64 /Users/iv/Developer/relux-tunnel/Sources/ReluxTunnelCore/ProviderLifecycle.swift (in target 'ReluxTunnelCore' from project 'ReluxTunnel')
    cd /Users/iv/Developer/relux-tunnel/.swiftpm/xcode
    

SwiftCompile normal x86_64 Compiling\ RuntimeContracts.swift /Users/iv/Developer/relux-tunnel/Sources/ReluxTunnelCore/RuntimeContracts.swift (in target 'ReluxTunnelCore' from project 'ReluxTunnel')

SwiftCompile normal x86_64 /Users/iv/Developer/relux-tunnel/Sources/ReluxTunnelCore/RuntimeContracts.swift (in target 'ReluxTunnelCore' from project 'ReluxTunnel')
    cd /Users/iv/Developer/relux-tunnel/.swiftpm/xcode
    

SwiftCompile normal x86_64 Compiling\ RelayDatagramCodec.swift /Users/iv/Developer/relux-tunnel/Sources/ReluxTunnelCore/RelayProtocol/RelayDatagramCodec.swift (in target 'ReluxTunnelCore' from project 'ReluxTunnel')

SwiftCompile normal x86_64 /Users/iv/Developer/relux-tunnel/Sources/ReluxTunnelCore/RelayProtocol/RelayDatagramCodec.swift (in target 'ReluxTunnelCore' from project 'ReluxTunnel')
    cd /Users/iv/Developer/relux-tunnel/.swiftpm/xcode
    

SwiftCompile normal x86_64 Compiling\ PacketFlowBridge.swift /Users/iv/Developer/relux-tunnel/Sources/ReluxTunnelCore/PacketFlowBridge.swift (in target 'ReluxTunnelCore' from project 'ReluxTunnel')
SwiftCompile normal x86_64 /Users/iv/Developer/relux-tunnel/Sources/ReluxTunnelCore/PacketFlowBridge.swift (in target 'ReluxTunnelCore' from project 'ReluxTunnel')
    cd /Users/iv/Developer/relux-tunnel/.swiftpm/xcode
    

SwiftCompile normal x86_64 Compiling\ RelaySession.swift /Users/iv/Developer/relux-tunnel/Sources/ReluxTunnelCore/RelayProtocol/RelaySession.swift (in target 'ReluxTunnelCore' from project 'ReluxTunnel')

SwiftCompile normal x86_64 /Users/iv/Developer/relux-tunnel/Sources/ReluxTunnelCore/RelayProtocol/RelaySession.swift (in target 'ReluxTunnelCore' from project 'ReluxTunnel')
    cd /Users/iv/Developer/relux-tunnel/.swiftpm/xcode
    

SwiftCompile normal x86_64 Compiling\ ComponentContracts.swift,\ DarwinPacketBridgeIO.swift /Users/iv/Developer/relux-tunnel/Sources/ReluxTunnelCore/ComponentContracts.swift /Users/iv/Developer/relux-tunnel/Sources/ReluxTunnelCore/DarwinPacketBridgeIO.swift (in target 'ReluxTunnelCore' from project 'ReluxTunnel')

SwiftCompile normal x86_64 /Users/iv/Developer/relux-tunnel/Sources/ReluxTunnelCore/ComponentContracts.swift (in target 'ReluxTunnelCore' from project 'ReluxTunnel')
    cd /Users/iv/Developer/relux-tunnel/.swiftpm/xcode
    

SwiftCompile normal x86_64 /Users/iv/Developer/relux-tunnel/Sources/ReluxTunnelCore/DarwinPacketBridgeIO.swift (in target 'ReluxTunnelCore' from project 'ReluxTunnel')
    cd /Users/iv/Developer/relux-tunnel/.swiftpm/xcode
    

SwiftEmitModule normal arm64 Emitting\ module\ for\ ReluxTunnelCore (in target 'ReluxTunnelCore' from project 'ReluxTunnel')

EmitSwiftModule normal arm64 (in target 'ReluxTunnelCore' from project 'ReluxTunnel')
    cd /Users/iv/Developer/relux-tunnel/.swiftpm/xcode
    

SwiftDriverJobDiscovery normal x86_64 Compiling RelayProtocolV1+Generated.swift (in target 'ReluxTunnelCore' from project 'ReluxTunnel')

SwiftCompile normal arm64 Compiling\ VPNManagerRepository.swift /Users/iv/Developer/relux-tunnel/Sources/ReluxTunnelCore/VPNManagerRepository.swift (in target 'ReluxTunnelCore' from project 'ReluxTunnel')

SwiftCompile normal arm64 /Users/iv/Developer/relux-tunnel/Sources/ReluxTunnelCore/VPNManagerRepository.swift (in target 'ReluxTunnelCore' from project 'ReluxTunnel')
    cd /Users/iv/Developer/relux-tunnel/.swiftpm/xcode
    

SwiftCompile normal arm64 Compiling\ SSHContracts.swift /Users/iv/Developer/relux-tunnel/Sources/ReluxTunnelCore/SSHContracts.swift (in target 'ReluxTunnelCore' from project 'ReluxTunnel')
SwiftCompile normal arm64 /Users/iv/Developer/relux-tunnel/Sources/ReluxTunnelCore/SSHContracts.swift (in target 'ReluxTunnelCore' from project 'ReluxTunnel')
    cd /Users/iv/Developer/relux-tunnel/.swiftpm/xcode
    

SwiftDriverJobDiscovery normal arm64 Emitting module for ReluxTunnelCore (in target 'ReluxTunnelCore' from project 'ReluxTunnel')

SwiftDriver\ Compilation\ Requirements ReluxTunnelCore normal arm64 com.apple.xcode.tools.swift.compiler (in target 'ReluxTunnelCore' from project 'ReluxTunnel')
    cd /Users/iv/Developer/relux-tunnel/.swiftpm/xcode
    builtin-Swift-Compilation-Requirements -- /Applications/Xcode_26_5.app/Contents/Developer/Toolchains/XcodeDefault.xctoolchain/usr/bin/swiftc -module-name ReluxTunnelCore -Onone @/Users/iv/Developer/.build/Intermediates.noindex/ReluxTunnel.build/Debug/ReluxTunnelCore.build/Objects-normal/arm64/ReluxTunnelCore.SwiftFileList -DSWIFT_PACKAGE -DDEBUG -DSWIFT_MODULE_RESOURCE_BUNDLE_UNAVAILABLE -DXcode -plugin-path /Applications/Xcode_26_5.app/Contents/Developer/Toolchains/XcodeDefault.xctoolchain/usr/lib/swift/host/plugins/testing -enable-experimental-feature DebugDescriptionMacro -sdk /Applications/Xcode_26_5.app/Contents/Developer/Platforms/MacOSX.platform/Developer/SDKs/MacOSX26.5.sdk -target arm64-apple-macos15.0 -g -module-cache-path /Users/iv/Developer/relux-tunnel/.temp/TASK-260715-15vkvz/DerivedData-rework03-macOS/ModuleCache.noindex -Xfrontend -serialize-debugging-options -enable-testing -index-store-path /Users/iv/Developer/relux-tunnel/.temp/TASK-260715-15vkvz/DerivedData-rework03-macOS/Index.noindex/DataStore -Xcc -D_LIBCPP_HARDENING_MODE\=_LIBCPP_HARDENING_MODE_DEBUG -swift-version 6 -I /Users/iv/Developer/.build/Products/Debug -Isystem /Applications/Xcode_26_5.app/Contents/Developer/Platforms/MacOSX.platform/Developer/usr/lib -F /Users/iv/Developer/.build/Products/Debug -F /Applications/Xcode_26_5.app/Contents/Developer/Platforms/MacOSX.platform/Developer/Library/Frameworks -c -j16 -enable-batch-mode -incremental -Xcc -ivfsstatcache -Xcc /Users/iv/Developer/relux-tunnel/.temp/TASK-260715-15vkvz/DerivedData-rework03-macOS/SDKStatCaches.noindex/macosx26.5-25F70-b64f947cdd770e773f3848253724d71e.sdkstatcache -output-file-map /Users/iv/Developer/.build/Intermediates.noindex/ReluxTunnel.build/Debug/ReluxTunnelCore.build/Objects-normal/arm64/ReluxTunnelCore-OutputFileMap.json -use-frontend-parseable-output -save-temps -no-color-diagnostics -explicit-module-build -module-cache-path /Users/iv/Developer/.build/Intermediates.noindex/SwiftExplicitPrecompiledModules -clang-scanner-module-cache-path /Users/iv/Developer/relux-tunnel/.temp/TASK-260715-15vkvz/DerivedData-rework03-macOS/ModuleCache.noindex -sdk-module-cache-path /Users/iv/Developer/relux-tunnel/.temp/TASK-260715-15vkvz/DerivedData-rework03-macOS/ModuleCache.noindex -serialize-diagnostics -emit-dependencies -emit-module -emit-module-path /Users/iv/Developer/.build/Intermediates.noindex/ReluxTunnel.build/Debug/ReluxTunnelCore.build/Objects-normal/arm64/ReluxTunnelCore.swiftmodule -validate-clang-modules-once -clang-build-session-file /Users/iv/Developer/relux-tunnel/.temp/TASK-260715-15vkvz/DerivedData-rework03-macOS/ModuleCache.noindex/Session.modulevalidation -package-name relux_tunnel -Xcc -I/Users/iv/Developer/.build/Intermediates.noindex/ReluxTunnel.build/Debug/ReluxTunnelCore.build/swift-overrides.hmap -emit-const-values -Xfrontend -const-gather-protocols-file -Xfrontend /Users/iv/Developer/.build/Intermediates.noindex/ReluxTunnel.build/Debug/ReluxTunnelCore.build/Objects-normal/arm64/ReluxTunnelCore_const_extract_protocols.json -Xcc -I/Users/iv/Developer/.build/Products/Debug/include -Xcc -I/Users/iv/Developer/.build/Intermediates.noindex/ReluxTunnel.build/Debug/ReluxTunnelCore.build/DerivedSources-normal/arm64 -Xcc -I/Users/iv/Developer/.build/Intermediates.noindex/ReluxTunnel.build/Debug/ReluxTunnelCore.build/DerivedSources/arm64 -Xcc -I/Users/iv/Developer/.build/Intermediates.noindex/ReluxTunnel.build/Debug/ReluxTunnelCore.build/DerivedSources -Xcc -DSWIFT_PACKAGE -Xcc -DDEBUG\=1 -emit-objc-header -emit-objc-header-path /Users/iv/Developer/.build/Intermediates.noindex/ReluxTunnel.build/Debug/ReluxTunnelCore.build/Objects-normal/arm64/ReluxTunnelCore-Swift.h -working-directory /Users/iv/Developer/relux-tunnel/.swiftpm/xcode -experimental-emit-module-separately -disable-cmo

SwiftDriverJobDiscovery normal x86_64 Compiling ComponentContracts.swift, DarwinPacketBridgeIO.swift (in target 'ReluxTunnelCore' from project 'ReluxTunnel')

SwiftCompile normal arm64 Compiling\ RuntimeContracts.swift /Users/iv/Developer/relux-tunnel/Sources/ReluxTunnelCore/RuntimeContracts.swift (in target 'ReluxTunnelCore' from project 'ReluxTunnel')

SwiftCompile normal arm64 /Users/iv/Developer/relux-tunnel/Sources/ReluxTunnelCore/RuntimeContracts.swift (in target 'ReluxTunnelCore' from project 'ReluxTunnel')
    cd /Users/iv/Developer/relux-tunnel/.swiftpm/xcode
    

SwiftDriverJobDiscovery normal x86_64 Emitting module for ReluxTunnelCore (in target 'ReluxTunnelCore' from project 'ReluxTunnel')

SwiftDriver\ Compilation\ Requirements ReluxTunnelCore normal x86_64 com.apple.xcode.tools.swift.compiler (in target 'ReluxTunnelCore' from project 'ReluxTunnel')
    cd /Users/iv/Developer/relux-tunnel/.swiftpm/xcode
    builtin-Swift-Compilation-Requirements -- /Applications/Xcode_26_5.app/Contents/Developer/Toolchains/XcodeDefault.xctoolchain/usr/bin/swiftc -module-name ReluxTunnelCore -Onone @/Users/iv/Developer/.build/Intermediates.noindex/ReluxTunnel.build/Debug/ReluxTunnelCore.build/Objects-normal/x86_64/ReluxTunnelCore.SwiftFileList -DSWIFT_PACKAGE -DDEBUG -DSWIFT_MODULE_RESOURCE_BUNDLE_UNAVAILABLE -DXcode -plugin-path /Applications/Xcode_26_5.app/Contents/Developer/Toolchains/XcodeDefault.xctoolchain/usr/lib/swift/host/plugins/testing -enable-experimental-feature DebugDescriptionMacro -sdk /Applications/Xcode_26_5.app/Contents/Developer/Platforms/MacOSX.platform/Developer/SDKs/MacOSX26.5.sdk -target x86_64-apple-macos15.0 -g -module-cache-path /Users/iv/Developer/relux-tunnel/.temp/TASK-260715-15vkvz/DerivedData-rework03-macOS/ModuleCache.noindex -Xfrontend -serialize-debugging-options -enable-testing -index-store-path /Users/iv/Developer/relux-tunnel/.temp/TASK-260715-15vkvz/DerivedData-rework03-macOS/Index.noindex/DataStore -Xcc -D_LIBCPP_HARDENING_MODE\=_LIBCPP_HARDENING_MODE_DEBUG -swift-version 6 -I /Users/iv/Developer/.build/Products/Debug -Isystem /Applications/Xcode_26_5.app/Contents/Developer/Platforms/MacOSX.platform/Developer/usr/lib -F /Users/iv/Developer/.build/Products/Debug -F /Applications/Xcode_26_5.app/Contents/Developer/Platforms/MacOSX.platform/Developer/Library/Frameworks -c -j16 -enable-batch-mode -incremental -Xcc -ivfsstatcache -Xcc /Users/iv/Developer/relux-tunnel/.temp/TASK-260715-15vkvz/DerivedData-rework03-macOS/SDKStatCaches.noindex/macosx26.5-25F70-b64f947cdd770e773f3848253724d71e.sdkstatcache -output-file-map /Users/iv/Developer/.build/Intermediates.noindex/ReluxTunnel.build/Debug/ReluxTunnelCore.build/Objects-normal/x86_64/ReluxTunnelCore-OutputFileMap.json -use-frontend-parseable-output -save-temps -no-color-diagnostics -explicit-module-build -module-cache-path /Users/iv/Developer/.build/Intermediates.noindex/SwiftExplicitPrecompiledModules -clang-scanner-module-cache-path /Users/iv/Developer/relux-tunnel/.temp/TASK-260715-15vkvz/DerivedData-rework03-macOS/ModuleCache.noindex -sdk-module-cache-path /Users/iv/Developer/relux-tunnel/.temp/TASK-260715-15vkvz/DerivedData-rework03-macOS/ModuleCache.noindex -serialize-diagnostics -emit-dependencies -emit-module -emit-module-path /Users/iv/Developer/.build/Intermediates.noindex/ReluxTunnel.build/Debug/ReluxTunnelCore.build/Objects-normal/x86_64/ReluxTunnelCore.swiftmodule -validate-clang-modules-once -clang-build-session-file /Users/iv/Developer/relux-tunnel/.temp/TASK-260715-15vkvz/DerivedData-rework03-macOS/ModuleCache.noindex/Session.modulevalidation -package-name relux_tunnel -Xcc -I/Users/iv/Developer/.build/Intermediates.noindex/ReluxTunnel.build/Debug/ReluxTunnelCore.build/swift-overrides.hmap -emit-const-values -Xfrontend -const-gather-protocols-file -Xfrontend /Users/iv/Developer/.build/Intermediates.noindex/ReluxTunnel.build/Debug/ReluxTunnelCore.build/Objects-normal/x86_64/ReluxTunnelCore_const_extract_protocols.json -Xcc -I/Users/iv/Developer/.build/Products/Debug/include -Xcc -I/Users/iv/Developer/.build/Intermediates.noindex/ReluxTunnel.build/Debug/ReluxTunnelCore.build/DerivedSources-normal/x86_64 -Xcc -I/Users/iv/Developer/.build/Intermediates.noindex/ReluxTunnel.build/Debug/ReluxTunnelCore.build/DerivedSources/x86_64 -Xcc -I/Users/iv/Developer/.build/Intermediates.noindex/ReluxTunnel.build/Debug/ReluxTunnelCore.build/DerivedSources -Xcc -DSWIFT_PACKAGE -Xcc -DDEBUG\=1 -emit-objc-header -emit-objc-header-path /Users/iv/Developer/.build/Intermediates.noindex/ReluxTunnel.build/Debug/ReluxTunnelCore.build/Objects-normal/x86_64/ReluxTunnelCore-Swift.h -working-directory /Users/iv/Developer/relux-tunnel/.swiftpm/xcode -experimental-emit-module-separately -disable-cmo

SwiftDriverJobDiscovery normal x86_64 Compiling RelayDatagramCodec.swift (in target 'ReluxTunnelCore' from project 'ReluxTunnel')

Copy /Users/iv/Developer/.build/Products/Debug/ReluxTunnelCore.swiftmodule/arm64-apple-macos.swiftmodule /Users/iv/Developer/.build/Intermediates.noindex/ReluxTunnel.build/Debug/ReluxTunnelCore.build/Objects-normal/arm64/ReluxTunnelCore.swiftmodule (in target 'ReluxTunnelCore' from project 'ReluxTunnel')
    cd /Users/iv/Developer/relux-tunnel
    builtin-copy -exclude .DS_Store -exclude CVS -exclude .svn -exclude .git -exclude .hg -resolve-src-symlinks -rename /Users/iv/Developer/.build/Intermediates.noindex/ReluxTunnel.build/Debug/ReluxTunnelCore.build/Objects-normal/arm64/ReluxTunnelCore.swiftmodule /Users/iv/Developer/.build/Products/Debug/ReluxTunnelCore.swiftmodule/arm64-apple-macos.swiftmodule

Copy /Users/iv/Developer/.build/Products/Debug/ReluxTunnelCore.swiftmodule/x86_64-apple-macos.swiftmodule /Users/iv/Developer/.build/Intermediates.noindex/ReluxTunnel.build/Debug/ReluxTunnelCore.build/Objects-normal/x86_64/ReluxTunnelCore.swiftmodule (in target 'ReluxTunnelCore' from project 'ReluxTunnel')
    cd /Users/iv/Developer/relux-tunnel
    builtin-copy -exclude .DS_Store -exclude CVS -exclude .svn -exclude .git -exclude .hg -resolve-src-symlinks -rename /Users/iv/Developer/.build/Intermediates.noindex/ReluxTunnel.build/Debug/ReluxTunnelCore.build/Objects-normal/x86_64/ReluxTunnelCore.swiftmodule /Users/iv/Developer/.build/Products/Debug/ReluxTunnelCore.swiftmodule/x86_64-apple-macos.swiftmodule

Copy /Users/iv/Developer/.build/Products/Debug/ReluxTunnelCore.swiftmodule/x86_64-apple-macos.abi.json /Users/iv/Developer/.build/Intermediates.noindex/ReluxTunnel.build/Debug/ReluxTunnelCore.build/Objects-normal/x86_64/ReluxTunnelCore.abi.json (in target 'ReluxTunnelCore' from project 'ReluxTunnel')
    cd /Users/iv/Developer/relux-tunnel
    builtin-copy -exclude .DS_Store -exclude CVS -exclude .svn -exclude .git -exclude .hg -resolve-src-symlinks -rename /Users/iv/Developer/.build/Intermediates.noindex/ReluxTunnel.build/Debug/ReluxTunnelCore.build/Objects-normal/x86_64/ReluxTunnelCore.abi.json /Users/iv/Developer/.build/Products/Debug/ReluxTunnelCore.swiftmodule/x86_64-apple-macos.abi.json

SwiftDriverJobDiscovery normal x86_64 Compiling PacketFlowBridgeContracts.swift (in target 'ReluxTunnelCore' from project 'ReluxTunnel')

Copy /Users/iv/Developer/.build/Products/Debug/ReluxTunnelCore.swiftmodule/arm64-apple-macos.abi.json /Users/iv/Developer/.build/Intermediates.noindex/ReluxTunnel.build/Debug/ReluxTunnelCore.build/Objects-normal/arm64/ReluxTunnelCore.abi.json (in target 'ReluxTunnelCore' from project 'ReluxTunnel')
    cd /Users/iv/Developer/relux-tunnel
    builtin-copy -exclude .DS_Store -exclude CVS -exclude .svn -exclude .git -exclude .hg -resolve-src-symlinks -rename /Users/iv/Developer/.build/Intermediates.noindex/ReluxTunnel.build/Debug/ReluxTunnelCore.build/Objects-normal/arm64/ReluxTunnelCore.abi.json /Users/iv/Developer/.build/Products/Debug/ReluxTunnelCore.swiftmodule/arm64-apple-macos.abi.json

SwiftCompile normal arm64 Compiling\ RuntimeDiagnostics.swift /Users/iv/Developer/relux-tunnel/Sources/ReluxTunnelCore/RuntimeDiagnostics.swift (in target 'ReluxTunnelCore' from project 'ReluxTunnel')

SwiftCompile normal arm64 /Users/iv/Developer/relux-tunnel/Sources/ReluxTunnelCore/RuntimeDiagnostics.swift (in target 'ReluxTunnelCore' from project 'ReluxTunnel')
    cd /Users/iv/Developer/relux-tunnel/.swiftpm/xcode
    

SwiftDriverJobDiscovery normal x86_64 Compiling RuntimeContracts.swift (in target 'ReluxTunnelCore' from project 'ReluxTunnel')

SwiftCompile normal arm64 Compiling\ RelayDatagramCodec.swift /Users/iv/Developer/relux-tunnel/Sources/ReluxTunnelCore/RelayProtocol/RelayDatagramCodec.swift (in target 'ReluxTunnelCore' from project 'ReluxTunnel')

SwiftCompile normal arm64 /Users/iv/Developer/relux-tunnel/Sources/ReluxTunnelCore/RelayProtocol/RelayDatagramCodec.swift (in target 'ReluxTunnelCore' from project 'ReluxTunnel')
    cd /Users/iv/Developer/relux-tunnel/.swiftpm/xcode
    

SwiftCompile normal arm64 Compiling\ ComponentContracts.swift,\ DarwinPacketBridgeIO.swift /Users/iv/Developer/relux-tunnel/Sources/ReluxTunnelCore/ComponentContracts.swift /Users/iv/Developer/relux-tunnel/Sources/ReluxTunnelCore/DarwinPacketBridgeIO.swift (in target 'ReluxTunnelCore' from project 'ReluxTunnel')

SwiftCompile normal arm64 /Users/iv/Developer/relux-tunnel/Sources/ReluxTunnelCore/ComponentContracts.swift (in target 'ReluxTunnelCore' from project 'ReluxTunnel')
    cd /Users/iv/Developer/relux-tunnel/.swiftpm/xcode
    

SwiftCompile normal arm64 /Users/iv/Developer/relux-tunnel/Sources/ReluxTunnelCore/DarwinPacketBridgeIO.swift (in target 'ReluxTunnelCore' from project 'ReluxTunnel')
    cd /Users/iv/Developer/relux-tunnel/.swiftpm/xcode
    

SwiftCompile normal arm64 Compiling\ PacketFlowBridge.swift /Users/iv/Developer/relux-tunnel/Sources/ReluxTunnelCore/PacketFlowBridge.swift (in target 'ReluxTunnelCore' from project 'ReluxTunnel')
SwiftCompile normal arm64 /Users/iv/Developer/relux-tunnel/Sources/ReluxTunnelCore/PacketFlowBridge.swift (in target 'ReluxTunnelCore' from project 'ReluxTunnel')
    cd /Users/iv/Developer/relux-tunnel/.swiftpm/xcode
    

SwiftDriverJobDiscovery normal x86_64 Compiling RelaySession.swift (in target 'ReluxTunnelCore' from project 'ReluxTunnel')

SwiftCompile normal arm64 Compiling\ PacketContracts.swift,\ PacketFlowAdapterBoundary.swift /Users/iv/Developer/relux-tunnel/Sources/ReluxTunnelCore/PacketContracts.swift /Users/iv/Developer/relux-tunnel/Sources/ReluxTunnelCore/PacketFlowAdapterBoundary.swift (in target 'ReluxTunnelCore' from project 'ReluxTunnel')

SwiftCompile normal arm64 /Users/iv/Developer/relux-tunnel/Sources/ReluxTunnelCore/PacketContracts.swift (in target 'ReluxTunnelCore' from project 'ReluxTunnel')
    cd /Users/iv/Developer/relux-tunnel/.swiftpm/xcode
    

SwiftCompile normal arm64 /Users/iv/Developer/relux-tunnel/Sources/ReluxTunnelCore/PacketFlowAdapterBoundary.swift (in target 'ReluxTunnelCore' from project 'ReluxTunnel')
    cd /Users/iv/Developer/relux-tunnel/.swiftpm/xcode
    

SwiftDriverJobDiscovery normal x86_64 Compiling RelayByteCodec.swift (in target 'ReluxTunnelCore' from project 'ReluxTunnel')

SwiftCompile normal arm64 Compiling\ RelayByteCodec.swift /Users/iv/Developer/relux-tunnel/Sources/ReluxTunnelCore/RelayProtocol/RelayByteCodec.swift (in target 'ReluxTunnelCore' from project 'ReluxTunnel')

SwiftCompile normal arm64 /Users/iv/Developer/relux-tunnel/Sources/ReluxTunnelCore/RelayProtocol/RelayByteCodec.swift (in target 'ReluxTunnelCore' from project 'ReluxTunnel')
    cd /Users/iv/Developer/relux-tunnel/.swiftpm/xcode
    

SwiftDriverJobDiscovery normal x86_64 Compiling RuntimeDiagnostics.swift (in target 'ReluxTunnelCore' from project 'ReluxTunnel')

SwiftCompile normal arm64 Compiling\ RelayProtocolV1+Generated.swift /Users/iv/Developer/relux-tunnel/Sources/ReluxTunnelCore/RelayProtocol/Generated/RelayProtocolV1+Generated.swift (in target 'ReluxTunnelCore' from project 'ReluxTunnel')

SwiftCompile normal arm64 /Users/iv/Developer/relux-tunnel/Sources/ReluxTunnelCore/RelayProtocol/Generated/RelayProtocolV1+Generated.swift (in target 'ReluxTunnelCore' from project 'ReluxTunnel')
    cd /Users/iv/Developer/relux-tunnel/.swiftpm/xcode
    

SwiftDriverJobDiscovery normal x86_64 Compiling RelayHandshake.swift (in target 'ReluxTunnelCore' from project 'ReluxTunnel')

SwiftDriverJobDiscovery normal x86_64 Compiling VPNManagerRepository.swift (in target 'ReluxTunnelCore' from project 'ReluxTunnel')

SwiftCompile normal arm64 Compiling\ TunnelRuntimeCoordinator.swift /Users/iv/Developer/relux-tunnel/Sources/ReluxTunnelCore/TunnelRuntimeCoordinator.swift (in target 'ReluxTunnelCore' from project 'ReluxTunnel')

SwiftCompile normal arm64 /Users/iv/Developer/relux-tunnel/Sources/ReluxTunnelCore/TunnelRuntimeCoordinator.swift (in target 'ReluxTunnelCore' from project 'ReluxTunnel')
    cd /Users/iv/Developer/relux-tunnel/.swiftpm/xcode
    

SwiftCompile normal arm64 Compiling\ RuntimeMessageModels.swift /Users/iv/Developer/relux-tunnel/Sources/ReluxTunnelCore/RuntimeMessageModels.swift (in target 'ReluxTunnelCore' from project 'ReluxTunnel')

SwiftCompile normal arm64 /Users/iv/Developer/relux-tunnel/Sources/ReluxTunnelCore/RuntimeMessageModels.swift (in target 'ReluxTunnelCore' from project 'ReluxTunnel')
    cd /Users/iv/Developer/relux-tunnel/.swiftpm/xcode
    

SwiftDriverJobDiscovery normal x86_64 Compiling SSHContracts.swift (in target 'ReluxTunnelCore' from project 'ReluxTunnel')

SwiftDriver ReluxTunnelNativeAdapter normal arm64 com.apple.xcode.tools.swift.compiler (in target 'ReluxTunnelNativeAdapter' from project 'ReluxTunnel')
    cd /Users/iv/Developer/relux-tunnel/.swiftpm/xcode
    builtin-SwiftDriver -- /Applications/Xcode_26_5.app/Contents/Developer/Toolchains/XcodeDefault.xctoolchain/usr/bin/swiftc -module-name ReluxTunnelNativeAdapter -Onone @/Users/iv/Developer/.build/Intermediates.noindex/ReluxTunnel.build/Debug/ReluxTunnelNativeAdapter.build/Objects-normal/arm64/ReluxTunnelNativeAdapter.SwiftFileList -DSWIFT_PACKAGE -DDEBUG -DSWIFT_MODULE_RESOURCE_BUNDLE_UNAVAILABLE -DXcode -plugin-path /Applications/Xcode_26_5.app/Contents/Developer/Toolchains/XcodeDefault.xctoolchain/usr/lib/swift/host/plugins/testing -enable-experimental-feature DebugDescriptionMacro -sdk /Applications/Xcode_26_5.app/Contents/Developer/Platforms/MacOSX.platform/Developer/SDKs/MacOSX26.5.sdk -target arm64-apple-macos15.0 -g -module-cache-path /Users/iv/Developer/relux-tunnel/.temp/TASK-260715-15vkvz/DerivedData-rework03-macOS/ModuleCache.noindex -Xfrontend -serialize-debugging-options -enable-testing -index-store-path /Users/iv/Developer/relux-tunnel/.temp/TASK-260715-15vkvz/DerivedData-rework03-macOS/Index.noindex/DataStore -Xcc -D_LIBCPP_HARDENING_MODE\=_LIBCPP_HARDENING_MODE_DEBUG -swift-version 6 -I /Users/iv/Developer/.build/Products/Debug -Isystem /Applications/Xcode_26_5.app/Contents/Developer/Platforms/MacOSX.platform/Developer/usr/lib -F /Users/iv/Developer/.build/Products/Debug/PackageFrameworks -F /Users/iv/Developer/.build/Products/Debug -F /Applications/Xcode_26_5.app/Contents/Developer/Platforms/MacOSX.platform/Developer/Library/Frameworks -c -j16 -enable-batch-mode -incremental -Xcc -ivfsstatcache -Xcc /Users/iv/Developer/relux-tunnel/.temp/TASK-260715-15vkvz/DerivedData-rework03-macOS/SDKStatCaches.noindex/macosx26.5-25F70-b64f947cdd770e773f3848253724d71e.sdkstatcache -output-file-map /Users/iv/Developer/.build/Intermediates.noindex/ReluxTunnel.build/Debug/ReluxTunnelNativeAdapter.build/Objects-normal/arm64/ReluxTunnelNativeAdapter-OutputFileMap.json -use-frontend-parseable-output -save-temps -no-color-diagnostics -explicit-module-build -module-cache-path /Users/iv/Developer/.build/Intermediates.noindex/SwiftExplicitPrecompiledModules -clang-scanner-module-cache-path /Users/iv/Developer/relux-tunnel/.temp/TASK-260715-15vkvz/DerivedData-rework03-macOS/ModuleCache.noindex -sdk-module-cache-path /Users/iv/Developer/relux-tunnel/.temp/TASK-260715-15vkvz/DerivedData-rework03-macOS/ModuleCache.noindex -serialize-diagnostics -emit-dependencies -emit-module -emit-module-path /Users/iv/Developer/.build/Intermediates.noindex/ReluxTunnel.build/Debug/ReluxTunnelNativeAdapter.build/Objects-normal/arm64/ReluxTunnelNativeAdapter.swiftmodule -validate-clang-modules-once -clang-build-session-file /Users/iv/Developer/relux-tunnel/.temp/TASK-260715-15vkvz/DerivedData-rework03-macOS/ModuleCache.noindex/Session.modulevalidation -package-name relux_tunnel -Xcc -I/Users/iv/Developer/.build/Intermediates.noindex/ReluxTunnel.build/Debug/ReluxTunnelNativeAdapter.build/swift-overrides.hmap -emit-const-values -Xfrontend -const-gather-protocols-file -Xfrontend /Users/iv/Developer/.build/Intermediates.noindex/ReluxTunnel.build/Debug/ReluxTunnelNativeAdapter.build/Objects-normal/arm64/ReluxTunnelNativeAdapter_const_extract_protocols.json -Xcc -I/Users/iv/Developer/.build/Products/Debug/include -Xcc -I/Users/iv/Developer/.build/Intermediates.noindex/ReluxTunnel.build/Debug/ReluxTunnelNativeAdapter.build/DerivedSources-normal/arm64 -Xcc -I/Users/iv/Developer/.build/Intermediates.noindex/ReluxTunnel.build/Debug/ReluxTunnelNativeAdapter.build/DerivedSources/arm64 -Xcc -I/Users/iv/Developer/.build/Intermediates.noindex/ReluxTunnel.build/Debug/ReluxTunnelNativeAdapter.build/DerivedSources -Xcc -DSWIFT_PACKAGE -Xcc -DDEBUG\=1 -emit-objc-header -emit-objc-header-path /Users/iv/Developer/.build/Intermediates.noindex/ReluxTunnel.build/Debug/ReluxTunnelNativeAdapter.build/Objects-normal/arm64/ReluxTunnelNativeAdapter-Swift.h -working-directory /Users/iv/Developer/relux-tunnel/.swiftpm/xcode -experimental-emit-module-separately -disable-cmo

SwiftDriverJobDiscovery normal x86_64 Compiling TunnelRuntimeCoordinator.swift (in target 'ReluxTunnelCore' from project 'ReluxTunnel')

SwiftCompile normal x86_64 Compiling\ PacketContracts.swift,\ PacketFlowAdapterBoundary.swift /Users/iv/Developer/relux-tunnel/Sources/ReluxTunnelCore/PacketContracts.swift /Users/iv/Developer/relux-tunnel/Sources/ReluxTunnelCore/PacketFlowAdapterBoundary.swift (in target 'ReluxTunnelCore' from project 'ReluxTunnel')

SwiftCompile normal x86_64 /Users/iv/Developer/relux-tunnel/Sources/ReluxTunnelCore/PacketContracts.swift (in target 'ReluxTunnelCore' from project 'ReluxTunnel')
    cd /Users/iv/Developer/relux-tunnel/.swiftpm/xcode
    

SwiftCompile normal x86_64 /Users/iv/Developer/relux-tunnel/Sources/ReluxTunnelCore/PacketFlowAdapterBoundary.swift (in target 'ReluxTunnelCore' from project 'ReluxTunnel')
    cd /Users/iv/Developer/relux-tunnel/.swiftpm/xcode
    

SwiftDriverJobDiscovery normal arm64 Compiling RelayProtocolV1+Generated.swift (in target 'ReluxTunnelCore' from project 'ReluxTunnel')

SwiftCompile normal arm64 Compiling\ RelaySession.swift /Users/iv/Developer/relux-tunnel/Sources/ReluxTunnelCore/RelayProtocol/RelaySession.swift (in target 'ReluxTunnelCore' from project 'ReluxTunnel')

SwiftCompile normal arm64 /Users/iv/Developer/relux-tunnel/Sources/ReluxTunnelCore/RelayProtocol/RelaySession.swift (in target 'ReluxTunnelCore' from project 'ReluxTunnel')
    cd /Users/iv/Developer/relux-tunnel/.swiftpm/xcode
    

SwiftDriverJobDiscovery normal x86_64 Compiling ProviderLifecycle.swift (in target 'ReluxTunnelCore' from project 'ReluxTunnel')

SwiftCompile normal arm64 Compiling\ ProviderLifecycle.swift /Users/iv/Developer/relux-tunnel/Sources/ReluxTunnelCore/ProviderLifecycle.swift (in target 'ReluxTunnelCore' from project 'ReluxTunnel')

SwiftCompile normal arm64 /Users/iv/Developer/relux-tunnel/Sources/ReluxTunnelCore/ProviderLifecycle.swift (in target 'ReluxTunnelCore' from project 'ReluxTunnel')
    cd /Users/iv/Developer/relux-tunnel/.swiftpm/xcode
    

SwiftDriverJobDiscovery normal x86_64 Compiling RuntimeMessageModels.swift (in target 'ReluxTunnelCore' from project 'ReluxTunnel')

SwiftCompile normal arm64 Compiling\ PacketFlowBridgeContracts.swift /Users/iv/Developer/relux-tunnel/Sources/ReluxTunnelCore/PacketFlowBridgeContracts.swift (in target 'ReluxTunnelCore' from project 'ReluxTunnel')

SwiftCompile normal arm64 /Users/iv/Developer/relux-tunnel/Sources/ReluxTunnelCore/PacketFlowBridgeContracts.swift (in target 'ReluxTunnelCore' from project 'ReluxTunnel')
    cd /Users/iv/Developer/relux-tunnel/.swiftpm/xcode
    

SwiftDriverJobDiscovery normal arm64 Compiling ComponentContracts.swift, DarwinPacketBridgeIO.swift (in target 'ReluxTunnelCore' from project 'ReluxTunnel')

SwiftCompile normal arm64 Compiling\ RelayHandshake.swift /Users/iv/Developer/relux-tunnel/Sources/ReluxTunnelCore/RelayProtocol/RelayHandshake.swift (in target 'ReluxTunnelCore' from project 'ReluxTunnel')

SwiftCompile normal arm64 /Users/iv/Developer/relux-tunnel/Sources/ReluxTunnelCore/RelayProtocol/RelayHandshake.swift (in target 'ReluxTunnelCore' from project 'ReluxTunnel')
    cd /Users/iv/Developer/relux-tunnel/.swiftpm/xcode
    

SwiftDriverJobDiscovery normal arm64 Compiling PacketContracts.swift, PacketFlowAdapterBoundary.swift (in target 'ReluxTunnelCore' from project 'ReluxTunnel')

SwiftDriverJobDiscovery normal arm64 Compiling RuntimeContracts.swift (in target 'ReluxTunnelCore' from project 'ReluxTunnel')

SwiftDriverJobDiscovery normal arm64 Compiling RelayDatagramCodec.swift (in target 'ReluxTunnelCore' from project 'ReluxTunnel')

SwiftDriverJobDiscovery normal arm64 Compiling RuntimeDiagnostics.swift (in target 'ReluxTunnelCore' from project 'ReluxTunnel')

SwiftDriverJobDiscovery normal arm64 Compiling RelayByteCodec.swift (in target 'ReluxTunnelCore' from project 'ReluxTunnel')

SwiftDriverJobDiscovery normal arm64 Compiling PacketFlowBridgeContracts.swift (in target 'ReluxTunnelCore' from project 'ReluxTunnel')

SwiftDriverJobDiscovery normal arm64 Compiling VPNManagerRepository.swift (in target 'ReluxTunnelCore' from project 'ReluxTunnel')

SwiftDriverJobDiscovery normal x86_64 Compiling PacketFlowBridge.swift (in target 'ReluxTunnelCore' from project 'ReluxTunnel')

SwiftDriverJobDiscovery normal x86_64 Compiling PacketContracts.swift, PacketFlowAdapterBoundary.swift (in target 'ReluxTunnelCore' from project 'ReluxTunnel')

SwiftExplicitDependencyGeneratePcm arm64 /Users/iv/Developer/.build/Intermediates.noindex/SwiftExplicitPrecompiledModules/CReluxNativeFixture-AQM9PIM7A06C2JG80JY3RLKZ4.pcm

SwiftExplicitDependencyGeneratePcm arm64 /Users/iv/Developer/.build/Intermediates.noindex/SwiftExplicitPrecompiledModules/HevSocks5Tunnel-7LFR3L62HAQ11RKB5GLXEQ07O.pcm

SwiftDriver\ Compilation ReluxTunnelCore normal x86_64 com.apple.xcode.tools.swift.compiler (in target 'ReluxTunnelCore' from project 'ReluxTunnel')
    cd /Users/iv/Developer/relux-tunnel/.swiftpm/xcode
    builtin-Swift-Compilation -- /Applications/Xcode_26_5.app/Contents/Developer/Toolchains/XcodeDefault.xctoolchain/usr/bin/swiftc -module-name ReluxTunnelCore -Onone @/Users/iv/Developer/.build/Intermediates.noindex/ReluxTunnel.build/Debug/ReluxTunnelCore.build/Objects-normal/x86_64/ReluxTunnelCore.SwiftFileList -DSWIFT_PACKAGE -DDEBUG -DSWIFT_MODULE_RESOURCE_BUNDLE_UNAVAILABLE -DXcode -plugin-path /Applications/Xcode_26_5.app/Contents/Developer/Toolchains/XcodeDefault.xctoolchain/usr/lib/swift/host/plugins/testing -enable-experimental-feature DebugDescriptionMacro -sdk /Applications/Xcode_26_5.app/Contents/Developer/Platforms/MacOSX.platform/Developer/SDKs/MacOSX26.5.sdk -target x86_64-apple-macos15.0 -g -module-cache-path /Users/iv/Developer/relux-tunnel/.temp/TASK-260715-15vkvz/DerivedData-rework03-macOS/ModuleCache.noindex -Xfrontend -serialize-debugging-options -enable-testing -index-store-path /Users/iv/Developer/relux-tunnel/.temp/TASK-260715-15vkvz/DerivedData-rework03-macOS/Index.noindex/DataStore -Xcc -D_LIBCPP_HARDENING_MODE\=_LIBCPP_HARDENING_MODE_DEBUG -swift-version 6 -I /Users/iv/Developer/.build/Products/Debug -Isystem /Applications/Xcode_26_5.app/Contents/Developer/Platforms/MacOSX.platform/Developer/usr/lib -F /Users/iv/Developer/.build/Products/Debug -F /Applications/Xcode_26_5.app/Contents/Developer/Platforms/MacOSX.platform/Developer/Library/Frameworks -c -j16 -enable-batch-mode -incremental -Xcc -ivfsstatcache -Xcc /Users/iv/Developer/relux-tunnel/.temp/TASK-260715-15vkvz/DerivedData-rework03-macOS/SDKStatCaches.noindex/macosx26.5-25F70-b64f947cdd770e773f3848253724d71e.sdkstatcache -output-file-map /Users/iv/Developer/.build/Intermediates.noindex/ReluxTunnel.build/Debug/ReluxTunnelCore.build/Objects-normal/x86_64/ReluxTunnelCore-OutputFileMap.json -use-frontend-parseable-output -save-temps -no-color-diagnostics -explicit-module-build -module-cache-path /Users/iv/Developer/.build/Intermediates.noindex/SwiftExplicitPrecompiledModules -clang-scanner-module-cache-path /Users/iv/Developer/relux-tunnel/.temp/TASK-260715-15vkvz/DerivedData-rework03-macOS/ModuleCache.noindex -sdk-module-cache-path /Users/iv/Developer/relux-tunnel/.temp/TASK-260715-15vkvz/DerivedData-rework03-macOS/ModuleCache.noindex -serialize-diagnostics -emit-dependencies -emit-module -emit-module-path /Users/iv/Developer/.build/Intermediates.noindex/ReluxTunnel.build/Debug/ReluxTunnelCore.build/Objects-normal/x86_64/ReluxTunnelCore.swiftmodule -validate-clang-modules-once -clang-build-session-file /Users/iv/Developer/relux-tunnel/.temp/TASK-260715-15vkvz/DerivedData-rework03-macOS/ModuleCache.noindex/Session.modulevalidation -package-name relux_tunnel -Xcc -I/Users/iv/Developer/.build/Intermediates.noindex/ReluxTunnel.build/Debug/ReluxTunnelCore.build/swift-overrides.hmap -emit-const-values -Xfrontend -const-gather-protocols-file -Xfrontend /Users/iv/Developer/.build/Intermediates.noindex/ReluxTunnel.build/Debug/ReluxTunnelCore.build/Objects-normal/x86_64/ReluxTunnelCore_const_extract_protocols.json -Xcc -I/Users/iv/Developer/.build/Products/Debug/include -Xcc -I/Users/iv/Developer/.build/Intermediates.noindex/ReluxTunnel.build/Debug/ReluxTunnelCore.build/DerivedSources-normal/x86_64 -Xcc -I/Users/iv/Developer/.build/Intermediates.noindex/ReluxTunnel.build/Debug/ReluxTunnelCore.build/DerivedSources/x86_64 -Xcc -I/Users/iv/Developer/.build/Intermediates.noindex/ReluxTunnel.build/Debug/ReluxTunnelCore.build/DerivedSources -Xcc -DSWIFT_PACKAGE -Xcc -DDEBUG\=1 -emit-objc-header -emit-objc-header-path /Users/iv/Developer/.build/Intermediates.noindex/ReluxTunnel.build/Debug/ReluxTunnelCore.build/Objects-normal/x86_64/ReluxTunnelCore-Swift.h -working-directory /Users/iv/Developer/relux-tunnel/.swiftpm/xcode -experimental-emit-module-separately -disable-cmo

Ld /Users/iv/Developer/.build/Intermediates.noindex/ReluxTunnel.build/Debug/ReluxTunnelCore.build/Objects-normal/x86_64/Binary/ReluxTunnelCore.o normal x86_64 (in target 'ReluxTunnelCore' from project 'ReluxTunnel')
    cd /Users/iv/Developer/relux-tunnel
    /Applications/Xcode_26_5.app/Contents/Developer/Toolchains/XcodeDefault.xctoolchain/usr/bin/clang -Xlinker -reproducible -target x86_64-apple-macos15.0 -r -isysroot /Applications/Xcode_26_5.app/Contents/Developer/Platforms/MacOSX.platform/Developer/SDKs/MacOSX26.5.sdk -O0 -F/Users/iv/Developer/.build/Intermediates.noindex/EagerLinkingTBDs/Debug -F/Users/iv/Developer/.build/Products/Debug -iframework /Applications/Xcode_26_5.app/Contents/Developer/Platforms/MacOSX.platform/Developer/Library/Frameworks -filelist /Users/iv/Developer/.build/Intermediates.noindex/ReluxTunnel.build/Debug/ReluxTunnelCore.build/Objects-normal/x86_64/ReluxTunnelCore.LinkFileList -nostdlib -Xlinker -object_path_lto -Xlinker /Users/iv/Developer/.build/Intermediates.noindex/ReluxTunnel.build/Debug/ReluxTunnelCore.build/Objects-normal/x86_64/ReluxTunnelCore_lto.o -Xlinker -no_deduplicate -Xlinker -dependency_info -Xlinker /Users/iv/Developer/.build/Intermediates.noindex/ReluxTunnel.build/Debug/ReluxTunnelCore.build/Objects-normal/x86_64/ReluxTunnelCore_dependency_info.dat -fobjc-link-runtime -L/Applications/Xcode_26_5.app/Contents/Developer/Toolchains/XcodeDefault.xctoolchain/usr/lib/swift/macosx -L/usr/lib/swift -Xlinker -add_ast_path -Xlinker /Users/iv/Developer/.build/Intermediates.noindex/ReluxTunnel.build/Debug/ReluxTunnelCore.build/Objects-normal/x86_64/ReluxTunnelCore.swiftmodule @/Users/iv/Developer/.build/Intermediates.noindex/ReluxTunnel.build/Debug/ReluxTunnelCore.build/Objects-normal/x86_64/ReluxTunnelCore-linker-args.resp -o /Users/iv/Developer/.build/Intermediates.noindex/ReluxTunnel.build/Debug/ReluxTunnelCore.build/Objects-normal/x86_64/Binary/ReluxTunnelCore.o

SwiftDriverJobDiscovery normal arm64 Compiling SSHContracts.swift (in target 'ReluxTunnelCore' from project 'ReluxTunnel')

SwiftEmitModule normal arm64 Emitting\ module\ for\ ReluxTunnelNativeAdapter (in target 'ReluxTunnelNativeAdapter' from project 'ReluxTunnel')

EmitSwiftModule normal arm64 (in target 'ReluxTunnelNativeAdapter' from project 'ReluxTunnel')
    cd /Users/iv/Developer/relux-tunnel/.swiftpm/xcode
    

SwiftCompile normal arm64 Compiling\ NativeDependencyPackaging.swift /Users/iv/Developer/relux-tunnel/Sources/ReluxTunnelNativeAdapter/NativeDependencyPackaging.swift (in target 'ReluxTunnelNativeAdapter' from project 'ReluxTunnel')

SwiftCompile normal arm64 /Users/iv/Developer/relux-tunnel/Sources/ReluxTunnelNativeAdapter/NativeDependencyPackaging.swift (in target 'ReluxTunnelNativeAdapter' from project 'ReluxTunnel')
    cd /Users/iv/Developer/relux-tunnel/.swiftpm/xcode
    

SwiftCompile normal arm64 Compiling\ HEVIntegration.swift /Users/iv/Developer/relux-tunnel/Sources/ReluxTunnelNativeAdapter/HEVIntegration.swift (in target 'ReluxTunnelNativeAdapter' from project 'ReluxTunnel')
SwiftCompile normal arm64 /Users/iv/Developer/relux-tunnel/Sources/ReluxTunnelNativeAdapter/HEVIntegration.swift (in target 'ReluxTunnelNativeAdapter' from project 'ReluxTunnel')
    cd /Users/iv/Developer/relux-tunnel/.swiftpm/xcode
    

SwiftCompile normal arm64 Compiling\ HEVNoticeBundle.swift /Users/iv/Developer/relux-tunnel/Sources/ReluxTunnelNativeAdapter/HEVNoticeBundle.swift (in target 'ReluxTunnelNativeAdapter' from project 'ReluxTunnel')

SwiftCompile normal arm64 /Users/iv/Developer/relux-tunnel/Sources/ReluxTunnelNativeAdapter/HEVNoticeBundle.swift (in target 'ReluxTunnelNativeAdapter' from project 'ReluxTunnel')
    cd /Users/iv/Developer/relux-tunnel/.swiftpm/xcode
    

SwiftCompile normal arm64 Compiling\ HEVSOCKSBoundary.swift /Users/iv/Developer/relux-tunnel/Sources/ReluxTunnelNativeAdapter/HEVSOCKSBoundary.swift (in target 'ReluxTunnelNativeAdapter' from project 'ReluxTunnel')

SwiftCompile normal arm64 /Users/iv/Developer/relux-tunnel/Sources/ReluxTunnelNativeAdapter/HEVSOCKSBoundary.swift (in target 'ReluxTunnelNativeAdapter' from project 'ReluxTunnel')
    cd /Users/iv/Developer/relux-tunnel/.swiftpm/xcode
    

SwiftDriverJobDiscovery normal arm64 Compiling TunnelRuntimeCoordinator.swift (in target 'ReluxTunnelCore' from project 'ReluxTunnel')

SwiftDriverJobDiscovery normal arm64 Compiling HEVNoticeBundle.swift (in target 'ReluxTunnelNativeAdapter' from project 'ReluxTunnel')

SwiftDriverJobDiscovery normal arm64 Compiling RelaySession.swift (in target 'ReluxTunnelCore' from project 'ReluxTunnel')

SwiftDriverJobDiscovery normal arm64 Emitting module for ReluxTunnelNativeAdapter (in target 'ReluxTunnelNativeAdapter' from project 'ReluxTunnel')

SwiftDriver\ Compilation\ Requirements ReluxTunnelNativeAdapter normal arm64 com.apple.xcode.tools.swift.compiler (in target 'ReluxTunnelNativeAdapter' from project 'ReluxTunnel')
    cd /Users/iv/Developer/relux-tunnel/.swiftpm/xcode
    builtin-Swift-Compilation-Requirements -- /Applications/Xcode_26_5.app/Contents/Developer/Toolchains/XcodeDefault.xctoolchain/usr/bin/swiftc -module-name ReluxTunnelNativeAdapter -Onone @/Users/iv/Developer/.build/Intermediates.noindex/ReluxTunnel.build/Debug/ReluxTunnelNativeAdapter.build/Objects-normal/arm64/ReluxTunnelNativeAdapter.SwiftFileList -DSWIFT_PACKAGE -DDEBUG -DSWIFT_MODULE_RESOURCE_BUNDLE_UNAVAILABLE -DXcode -plugin-path /Applications/Xcode_26_5.app/Contents/Developer/Toolchains/XcodeDefault.xctoolchain/usr/lib/swift/host/plugins/testing -enable-experimental-feature DebugDescriptionMacro -sdk /Applications/Xcode_26_5.app/Contents/Developer/Platforms/MacOSX.platform/Developer/SDKs/MacOSX26.5.sdk -target arm64-apple-macos15.0 -g -module-cache-path /Users/iv/Developer/relux-tunnel/.temp/TASK-260715-15vkvz/DerivedData-rework03-macOS/ModuleCache.noindex -Xfrontend -serialize-debugging-options -enable-testing -index-store-path /Users/iv/Developer/relux-tunnel/.temp/TASK-260715-15vkvz/DerivedData-rework03-macOS/Index.noindex/DataStore -Xcc -D_LIBCPP_HARDENING_MODE\=_LIBCPP_HARDENING_MODE_DEBUG -swift-version 6 -I /Users/iv/Developer/.build/Products/Debug -Isystem /Applications/Xcode_26_5.app/Contents/Developer/Platforms/MacOSX.platform/Developer/usr/lib -F /Users/iv/Developer/.build/Products/Debug/PackageFrameworks -F /Users/iv/Developer/.build/Products/Debug -F /Applications/Xcode_26_5.app/Contents/Developer/Platforms/MacOSX.platform/Developer/Library/Frameworks -c -j16 -enable-batch-mode -incremental -Xcc -ivfsstatcache -Xcc /Users/iv/Developer/relux-tunnel/.temp/TASK-260715-15vkvz/DerivedData-rework03-macOS/SDKStatCaches.noindex/macosx26.5-25F70-b64f947cdd770e773f3848253724d71e.sdkstatcache -output-file-map /Users/iv/Developer/.build/Intermediates.noindex/ReluxTunnel.build/Debug/ReluxTunnelNativeAdapter.build/Objects-normal/arm64/ReluxTunnelNativeAdapter-OutputFileMap.json -use-frontend-parseable-output -save-temps -no-color-diagnostics -explicit-module-build -module-cache-path /Users/iv/Developer/.build/Intermediates.noindex/SwiftExplicitPrecompiledModules -clang-scanner-module-cache-path /Users/iv/Developer/relux-tunnel/.temp/TASK-260715-15vkvz/DerivedData-rework03-macOS/ModuleCache.noindex -sdk-module-cache-path /Users/iv/Developer/relux-tunnel/.temp/TASK-260715-15vkvz/DerivedData-rework03-macOS/ModuleCache.noindex -serialize-diagnostics -emit-dependencies -emit-module -emit-module-path /Users/iv/Developer/.build/Intermediates.noindex/ReluxTunnel.build/Debug/ReluxTunnelNativeAdapter.build/Objects-normal/arm64/ReluxTunnelNativeAdapter.swiftmodule -validate-clang-modules-once -clang-build-session-file /Users/iv/Developer/relux-tunnel/.temp/TASK-260715-15vkvz/DerivedData-rework03-macOS/ModuleCache.noindex/Session.modulevalidation -package-name relux_tunnel -Xcc -I/Users/iv/Developer/.build/Intermediates.noindex/ReluxTunnel.build/Debug/ReluxTunnelNativeAdapter.build/swift-overrides.hmap -emit-const-values -Xfrontend -const-gather-protocols-file -Xfrontend /Users/iv/Developer/.build/Intermediates.noindex/ReluxTunnel.build/Debug/ReluxTunnelNativeAdapter.build/Objects-normal/arm64/ReluxTunnelNativeAdapter_const_extract_protocols.json -Xcc -I/Users/iv/Developer/.build/Products/Debug/include -Xcc -I/Users/iv/Developer/.build/Intermediates.noindex/ReluxTunnel.build/Debug/ReluxTunnelNativeAdapter.build/DerivedSources-normal/arm64 -Xcc -I/Users/iv/Developer/.build/Intermediates.noindex/ReluxTunnel.build/Debug/ReluxTunnelNativeAdapter.build/DerivedSources/arm64 -Xcc -I/Users/iv/Developer/.build/Intermediates.noindex/ReluxTunnel.build/Debug/ReluxTunnelNativeAdapter.build/DerivedSources -Xcc -DSWIFT_PACKAGE -Xcc -DDEBUG\=1 -emit-objc-header -emit-objc-header-path /Users/iv/Developer/.build/Intermediates.noindex/ReluxTunnel.build/Debug/ReluxTunnelNativeAdapter.build/Objects-normal/arm64/ReluxTunnelNativeAdapter-Swift.h -working-directory /Users/iv/Developer/relux-tunnel/.swiftpm/xcode -experimental-emit-module-separately -disable-cmo

SwiftDriverJobDiscovery normal arm64 Compiling NativeDependencyPackaging.swift (in target 'ReluxTunnelNativeAdapter' from project 'ReluxTunnel')

SwiftDriver ReluxTunnelNativeAdapter normal x86_64 com.apple.xcode.tools.swift.compiler (in target 'ReluxTunnelNativeAdapter' from project 'ReluxTunnel')
    cd /Users/iv/Developer/relux-tunnel/.swiftpm/xcode
    builtin-SwiftDriver -- /Applications/Xcode_26_5.app/Contents/Developer/Toolchains/XcodeDefault.xctoolchain/usr/bin/swiftc -module-name ReluxTunnelNativeAdapter -Onone @/Users/iv/Developer/.build/Intermediates.noindex/ReluxTunnel.build/Debug/ReluxTunnelNativeAdapter.build/Objects-normal/x86_64/ReluxTunnelNativeAdapter.SwiftFileList -DSWIFT_PACKAGE -DDEBUG -DSWIFT_MODULE_RESOURCE_BUNDLE_UNAVAILABLE -DXcode -plugin-path /Applications/Xcode_26_5.app/Contents/Developer/Toolchains/XcodeDefault.xctoolchain/usr/lib/swift/host/plugins/testing -enable-experimental-feature DebugDescriptionMacro -sdk /Applications/Xcode_26_5.app/Contents/Developer/Platforms/MacOSX.platform/Developer/SDKs/MacOSX26.5.sdk -target x86_64-apple-macos15.0 -g -module-cache-path /Users/iv/Developer/relux-tunnel/.temp/TASK-260715-15vkvz/DerivedData-rework03-macOS/ModuleCache.noindex -Xfrontend -serialize-debugging-options -enable-testing -index-store-path /Users/iv/Developer/relux-tunnel/.temp/TASK-260715-15vkvz/DerivedData-rework03-macOS/Index.noindex/DataStore -Xcc -D_LIBCPP_HARDENING_MODE\=_LIBCPP_HARDENING_MODE_DEBUG -swift-version 6 -I /Users/iv/Developer/.build/Products/Debug -Isystem /Applications/Xcode_26_5.app/Contents/Developer/Platforms/MacOSX.platform/Developer/usr/lib -F /Users/iv/Developer/.build/Products/Debug/PackageFrameworks -F /Users/iv/Developer/.build/Products/Debug -F /Applications/Xcode_26_5.app/Contents/Developer/Platforms/MacOSX.platform/Developer/Library/Frameworks -c -j16 -enable-batch-mode -incremental -Xcc -ivfsstatcache -Xcc /Users/iv/Developer/relux-tunnel/.temp/TASK-260715-15vkvz/DerivedData-rework03-macOS/SDKStatCaches.noindex/macosx26.5-25F70-b64f947cdd770e773f3848253724d71e.sdkstatcache -output-file-map /Users/iv/Developer/.build/Intermediates.noindex/ReluxTunnel.build/Debug/ReluxTunnelNativeAdapter.build/Objects-normal/x86_64/ReluxTunnelNativeAdapter-OutputFileMap.json -use-frontend-parseable-output -save-temps -no-color-diagnostics -explicit-module-build -module-cache-path /Users/iv/Developer/.build/Intermediates.noindex/SwiftExplicitPrecompiledModules -clang-scanner-module-cache-path /Users/iv/Developer/relux-tunnel/.temp/TASK-260715-15vkvz/DerivedData-rework03-macOS/ModuleCache.noindex -sdk-module-cache-path /Users/iv/Developer/relux-tunnel/.temp/TASK-260715-15vkvz/DerivedData-rework03-macOS/ModuleCache.noindex -serialize-diagnostics -emit-dependencies -emit-module -emit-module-path /Users/iv/Developer/.build/Intermediates.noindex/ReluxTunnel.build/Debug/ReluxTunnelNativeAdapter.build/Objects-normal/x86_64/ReluxTunnelNativeAdapter.swiftmodule -validate-clang-modules-once -clang-build-session-file /Users/iv/Developer/relux-tunnel/.temp/TASK-260715-15vkvz/DerivedData-rework03-macOS/ModuleCache.noindex/Session.modulevalidation -package-name relux_tunnel -Xcc -I/Users/iv/Developer/.build/Intermediates.noindex/ReluxTunnel.build/Debug/ReluxTunnelNativeAdapter.build/swift-overrides.hmap -emit-const-values -Xfrontend -const-gather-protocols-file -Xfrontend /Users/iv/Developer/.build/Intermediates.noindex/ReluxTunnel.build/Debug/ReluxTunnelNativeAdapter.build/Objects-normal/x86_64/ReluxTunnelNativeAdapter_const_extract_protocols.json -Xcc -I/Users/iv/Developer/.build/Products/Debug/include -Xcc -I/Users/iv/Developer/.build/Intermediates.noindex/ReluxTunnel.build/Debug/ReluxTunnelNativeAdapter.build/DerivedSources-normal/x86_64 -Xcc -I/Users/iv/Developer/.build/Intermediates.noindex/ReluxTunnel.build/Debug/ReluxTunnelNativeAdapter.build/DerivedSources/x86_64 -Xcc -I/Users/iv/Developer/.build/Intermediates.noindex/ReluxTunnel.build/Debug/ReluxTunnelNativeAdapter.build/DerivedSources -Xcc -DSWIFT_PACKAGE -Xcc -DDEBUG\=1 -emit-objc-header -emit-objc-header-path /Users/iv/Developer/.build/Intermediates.noindex/ReluxTunnel.build/Debug/ReluxTunnelNativeAdapter.build/Objects-normal/x86_64/ReluxTunnelNativeAdapter-Swift.h -working-directory /Users/iv/Developer/relux-tunnel/.swiftpm/xcode -experimental-emit-module-separately -disable-cmo

SwiftDriverJobDiscovery normal arm64 Compiling RelayHandshake.swift (in target 'ReluxTunnelCore' from project 'ReluxTunnel')

SwiftDriverJobDiscovery normal arm64 Compiling ProviderLifecycle.swift (in target 'ReluxTunnelCore' from project 'ReluxTunnel')

SwiftDriverJobDiscovery normal arm64 Compiling RuntimeMessageModels.swift (in target 'ReluxTunnelCore' from project 'ReluxTunnel')

SwiftDriverJobDiscovery normal arm64 Compiling HEVSOCKSBoundary.swift (in target 'ReluxTunnelNativeAdapter' from project 'ReluxTunnel')

SwiftExplicitDependencyGeneratePcm x86_64 /Users/iv/Developer/.build/Intermediates.noindex/SwiftExplicitPrecompiledModules/HevSocks5Tunnel-1PAGPVWCEEHQFM1V3BOSRVDL2.pcm

SwiftExplicitDependencyGeneratePcm x86_64 /Users/iv/Developer/.build/Intermediates.noindex/SwiftExplicitPrecompiledModules/CReluxNativeFixture-F1GEYOCOUVBMIUE58C5I3RH1S.pcm

SwiftEmitModule normal x86_64 Emitting\ module\ for\ ReluxTunnelNativeAdapter (in target 'ReluxTunnelNativeAdapter' from project 'ReluxTunnel')
EmitSwiftModule normal x86_64 (in target 'ReluxTunnelNativeAdapter' from project 'ReluxTunnel')
    cd /Users/iv/Developer/relux-tunnel/.swiftpm/xcode
    

SwiftDriverJobDiscovery normal arm64 Compiling PacketFlowBridge.swift (in target 'ReluxTunnelCore' from project 'ReluxTunnel')

SwiftDriver\ Compilation ReluxTunnelCore normal arm64 com.apple.xcode.tools.swift.compiler (in target 'ReluxTunnelCore' from project 'ReluxTunnel')
    cd /Users/iv/Developer/relux-tunnel/.swiftpm/xcode
    builtin-Swift-Compilation -- /Applications/Xcode_26_5.app/Contents/Developer/Toolchains/XcodeDefault.xctoolchain/usr/bin/swiftc -module-name ReluxTunnelCore -Onone @/Users/iv/Developer/.build/Intermediates.noindex/ReluxTunnel.build/Debug/ReluxTunnelCore.build/Objects-normal/arm64/ReluxTunnelCore.SwiftFileList -DSWIFT_PACKAGE -DDEBUG -DSWIFT_MODULE_RESOURCE_BUNDLE_UNAVAILABLE -DXcode -plugin-path /Applications/Xcode_26_5.app/Contents/Developer/Toolchains/XcodeDefault.xctoolchain/usr/lib/swift/host/plugins/testing -enable-experimental-feature DebugDescriptionMacro -sdk /Applications/Xcode_26_5.app/Contents/Developer/Platforms/MacOSX.platform/Developer/SDKs/MacOSX26.5.sdk -target arm64-apple-macos15.0 -g -module-cache-path /Users/iv/Developer/relux-tunnel/.temp/TASK-260715-15vkvz/DerivedData-rework03-macOS/ModuleCache.noindex -Xfrontend -serialize-debugging-options -enable-testing -index-store-path /Users/iv/Developer/relux-tunnel/.temp/TASK-260715-15vkvz/DerivedData-rework03-macOS/Index.noindex/DataStore -Xcc -D_LIBCPP_HARDENING_MODE\=_LIBCPP_HARDENING_MODE_DEBUG -swift-version 6 -I /Users/iv/Developer/.build/Products/Debug -Isystem /Applications/Xcode_26_5.app/Contents/Developer/Platforms/MacOSX.platform/Developer/usr/lib -F /Users/iv/Developer/.build/Products/Debug -F /Applications/Xcode_26_5.app/Contents/Developer/Platforms/MacOSX.platform/Developer/Library/Frameworks -c -j16 -enable-batch-mode -incremental -Xcc -ivfsstatcache -Xcc /Users/iv/Developer/relux-tunnel/.temp/TASK-260715-15vkvz/DerivedData-rework03-macOS/SDKStatCaches.noindex/macosx26.5-25F70-b64f947cdd770e773f3848253724d71e.sdkstatcache -output-file-map /Users/iv/Developer/.build/Intermediates.noindex/ReluxTunnel.build/Debug/ReluxTunnelCore.build/Objects-normal/arm64/ReluxTunnelCore-OutputFileMap.json -use-frontend-parseable-output -save-temps -no-color-diagnostics -explicit-module-build -module-cache-path /Users/iv/Developer/.build/Intermediates.noindex/SwiftExplicitPrecompiledModules -clang-scanner-module-cache-path /Users/iv/Developer/relux-tunnel/.temp/TASK-260715-15vkvz/DerivedData-rework03-macOS/ModuleCache.noindex -sdk-module-cache-path /Users/iv/Developer/relux-tunnel/.temp/TASK-260715-15vkvz/DerivedData-rework03-macOS/ModuleCache.noindex -serialize-diagnostics -emit-dependencies -emit-module -emit-module-path /Users/iv/Developer/.build/Intermediates.noindex/ReluxTunnel.build/Debug/ReluxTunnelCore.build/Objects-normal/arm64/ReluxTunnelCore.swiftmodule -validate-clang-modules-once -clang-build-session-file /Users/iv/Developer/relux-tunnel/.temp/TASK-260715-15vkvz/DerivedData-rework03-macOS/ModuleCache.noindex/Session.modulevalidation -package-name relux_tunnel -Xcc -I/Users/iv/Developer/.build/Intermediates.noindex/ReluxTunnel.build/Debug/ReluxTunnelCore.build/swift-overrides.hmap -emit-const-values -Xfrontend -const-gather-protocols-file -Xfrontend /Users/iv/Developer/.build/Intermediates.noindex/ReluxTunnel.build/Debug/ReluxTunnelCore.build/Objects-normal/arm64/ReluxTunnelCore_const_extract_protocols.json -Xcc -I/Users/iv/Developer/.build/Products/Debug/include -Xcc -I/Users/iv/Developer/.build/Intermediates.noindex/ReluxTunnel.build/Debug/ReluxTunnelCore.build/DerivedSources-normal/arm64 -Xcc -I/Users/iv/Developer/.build/Intermediates.noindex/ReluxTunnel.build/Debug/ReluxTunnelCore.build/DerivedSources/arm64 -Xcc -I/Users/iv/Developer/.build/Intermediates.noindex/ReluxTunnel.build/Debug/ReluxTunnelCore.build/DerivedSources -Xcc -DSWIFT_PACKAGE -Xcc -DDEBUG\=1 -emit-objc-header -emit-objc-header-path /Users/iv/Developer/.build/Intermediates.noindex/ReluxTunnel.build/Debug/ReluxTunnelCore.build/Objects-normal/arm64/ReluxTunnelCore-Swift.h -working-directory /Users/iv/Developer/relux-tunnel/.swiftpm/xcode -experimental-emit-module-separately -disable-cmo

SwiftDriverJobDiscovery normal arm64 Compiling HEVIntegration.swift (in target 'ReluxTunnelNativeAdapter' from project 'ReluxTunnel')

SwiftDriver\ Compilation ReluxTunnelNativeAdapter normal arm64 com.apple.xcode.tools.swift.compiler (in target 'ReluxTunnelNativeAdapter' from project 'ReluxTunnel')
    cd /Users/iv/Developer/relux-tunnel/.swiftpm/xcode
    builtin-Swift-Compilation -- /Applications/Xcode_26_5.app/Contents/Developer/Toolchains/XcodeDefault.xctoolchain/usr/bin/swiftc -module-name ReluxTunnelNativeAdapter -Onone @/Users/iv/Developer/.build/Intermediates.noindex/ReluxTunnel.build/Debug/ReluxTunnelNativeAdapter.build/Objects-normal/arm64/ReluxTunnelNativeAdapter.SwiftFileList -DSWIFT_PACKAGE -DDEBUG -DSWIFT_MODULE_RESOURCE_BUNDLE_UNAVAILABLE -DXcode -plugin-path /Applications/Xcode_26_5.app/Contents/Developer/Toolchains/XcodeDefault.xctoolchain/usr/lib/swift/host/plugins/testing -enable-experimental-feature DebugDescriptionMacro -sdk /Applications/Xcode_26_5.app/Contents/Developer/Platforms/MacOSX.platform/Developer/SDKs/MacOSX26.5.sdk -target arm64-apple-macos15.0 -g -module-cache-path /Users/iv/Developer/relux-tunnel/.temp/TASK-260715-15vkvz/DerivedData-rework03-macOS/ModuleCache.noindex -Xfrontend -serialize-debugging-options -enable-testing -index-store-path /Users/iv/Developer/relux-tunnel/.temp/TASK-260715-15vkvz/DerivedData-rework03-macOS/Index.noindex/DataStore -Xcc -D_LIBCPP_HARDENING_MODE\=_LIBCPP_HARDENING_MODE_DEBUG -swift-version 6 -I /Users/iv/Developer/.build/Products/Debug -Isystem /Applications/Xcode_26_5.app/Contents/Developer/Platforms/MacOSX.platform/Developer/usr/lib -F /Users/iv/Developer/.build/Products/Debug/PackageFrameworks -F /Users/iv/Developer/.build/Products/Debug -F /Applications/Xcode_26_5.app/Contents/Developer/Platforms/MacOSX.platform/Developer/Library/Frameworks -c -j16 -enable-batch-mode -incremental -Xcc -ivfsstatcache -Xcc /Users/iv/Developer/relux-tunnel/.temp/TASK-260715-15vkvz/DerivedData-rework03-macOS/SDKStatCaches.noindex/macosx26.5-25F70-b64f947cdd770e773f3848253724d71e.sdkstatcache -output-file-map /Users/iv/Developer/.build/Intermediates.noindex/ReluxTunnel.build/Debug/ReluxTunnelNativeAdapter.build/Objects-normal/arm64/ReluxTunnelNativeAdapter-OutputFileMap.json -use-frontend-parseable-output -save-temps -no-color-diagnostics -explicit-module-build -module-cache-path /Users/iv/Developer/.build/Intermediates.noindex/SwiftExplicitPrecompiledModules -clang-scanner-module-cache-path /Users/iv/Developer/relux-tunnel/.temp/TASK-260715-15vkvz/DerivedData-rework03-macOS/ModuleCache.noindex -sdk-module-cache-path /Users/iv/Developer/relux-tunnel/.temp/TASK-260715-15vkvz/DerivedData-rework03-macOS/ModuleCache.noindex -serialize-diagnostics -emit-dependencies -emit-module -emit-module-path /Users/iv/Developer/.build/Intermediates.noindex/ReluxTunnel.build/Debug/ReluxTunnelNativeAdapter.build/Objects-normal/arm64/ReluxTunnelNativeAdapter.swiftmodule -validate-clang-modules-once -clang-build-session-file /Users/iv/Developer/relux-tunnel/.temp/TASK-260715-15vkvz/DerivedData-rework03-macOS/ModuleCache.noindex/Session.modulevalidation -package-name relux_tunnel -Xcc -I/Users/iv/Developer/.build/Intermediates.noindex/ReluxTunnel.build/Debug/ReluxTunnelNativeAdapter.build/swift-overrides.hmap -emit-const-values -Xfrontend -const-gather-protocols-file -Xfrontend /Users/iv/Developer/.build/Intermediates.noindex/ReluxTunnel.build/Debug/ReluxTunnelNativeAdapter.build/Objects-normal/arm64/ReluxTunnelNativeAdapter_const_extract_protocols.json -Xcc -I/Users/iv/Developer/.build/Products/Debug/include -Xcc -I/Users/iv/Developer/.build/Intermediates.noindex/ReluxTunnel.build/Debug/ReluxTunnelNativeAdapter.build/DerivedSources-normal/arm64 -Xcc -I/Users/iv/Developer/.build/Intermediates.noindex/ReluxTunnel.build/Debug/ReluxTunnelNativeAdapter.build/DerivedSources/arm64 -Xcc -I/Users/iv/Developer/.build/Intermediates.noindex/ReluxTunnel.build/Debug/ReluxTunnelNativeAdapter.build/DerivedSources -Xcc -DSWIFT_PACKAGE -Xcc -DDEBUG\=1 -emit-objc-header -emit-objc-header-path /Users/iv/Developer/.build/Intermediates.noindex/ReluxTunnel.build/Debug/ReluxTunnelNativeAdapter.build/Objects-normal/arm64/ReluxTunnelNativeAdapter-Swift.h -working-directory /Users/iv/Developer/relux-tunnel/.swiftpm/xcode -experimental-emit-module-separately -disable-cmo

Ld /Users/iv/Developer/.build/Intermediates.noindex/ReluxTunnel.build/Debug/ReluxTunnelCore.build/Objects-normal/arm64/Binary/ReluxTunnelCore.o normal arm64 (in target 'ReluxTunnelCore' from project 'ReluxTunnel')
    cd /Users/iv/Developer/relux-tunnel
    /Applications/Xcode_26_5.app/Contents/Developer/Toolchains/XcodeDefault.xctoolchain/usr/bin/clang -Xlinker -reproducible -target arm64-apple-macos15.0 -r -isysroot /Applications/Xcode_26_5.app/Contents/Developer/Platforms/MacOSX.platform/Developer/SDKs/MacOSX26.5.sdk -O0 -F/Users/iv/Developer/.build/Intermediates.noindex/EagerLinkingTBDs/Debug -F/Users/iv/Developer/.build/Products/Debug -iframework /Applications/Xcode_26_5.app/Contents/Developer/Platforms/MacOSX.platform/Developer/Library/Frameworks -filelist /Users/iv/Developer/.build/Intermediates.noindex/ReluxTunnel.build/Debug/ReluxTunnelCore.build/Objects-normal/arm64/ReluxTunnelCore.LinkFileList -nostdlib -Xlinker -object_path_lto -Xlinker /Users/iv/Developer/.build/Intermediates.noindex/ReluxTunnel.build/Debug/ReluxTunnelCore.build/Objects-normal/arm64/ReluxTunnelCore_lto.o -Xlinker -no_deduplicate -Xlinker -dependency_info -Xlinker /Users/iv/Developer/.build/Intermediates.noindex/ReluxTunnel.build/Debug/ReluxTunnelCore.build/Objects-normal/arm64/ReluxTunnelCore_dependency_info.dat -fobjc-link-runtime -L/Applications/Xcode_26_5.app/Contents/Developer/Toolchains/XcodeDefault.xctoolchain/usr/lib/swift/macosx -L/usr/lib/swift -Xlinker -add_ast_path -Xlinker /Users/iv/Developer/.build/Intermediates.noindex/ReluxTunnel.build/Debug/ReluxTunnelCore.build/Objects-normal/arm64/ReluxTunnelCore.swiftmodule @/Users/iv/Developer/.build/Intermediates.noindex/ReluxTunnel.build/Debug/ReluxTunnelCore.build/Objects-normal/arm64/ReluxTunnelCore-linker-args.resp -o /Users/iv/Developer/.build/Intermediates.noindex/ReluxTunnel.build/Debug/ReluxTunnelCore.build/Objects-normal/arm64/Binary/ReluxTunnelCore.o

CreateUniversalBinary /Users/iv/Developer/.build/Products/Debug/ReluxTunnelCore.o normal arm64\ x86_64 (in target 'ReluxTunnelCore' from project 'ReluxTunnel')
    cd /Users/iv/Developer/relux-tunnel
    /Applications/Xcode_26_5.app/Contents/Developer/Toolchains/XcodeDefault.xctoolchain/usr/bin/lipo -create /Users/iv/Developer/.build/Intermediates.noindex/ReluxTunnel.build/Debug/ReluxTunnelCore.build/Objects-normal/arm64/Binary/ReluxTunnelCore.o /Users/iv/Developer/.build/Intermediates.noindex/ReluxTunnel.build/Debug/ReluxTunnelCore.build/Objects-normal/x86_64/Binary/ReluxTunnelCore.o -output /Users/iv/Developer/.build/Products/Debug/ReluxTunnelCore.o

ExtractAppIntentsMetadata (in target 'ReluxTunnelCore' from project 'ReluxTunnel')
    cd /Users/iv/Developer/relux-tunnel
    /Applications/Xcode_26_5.app/Contents/Developer/Toolchains/XcodeDefault.xctoolchain/usr/bin/appintentsmetadataprocessor --toolchain-dir /Applications/Xcode_26_5.app/Contents/Developer/Toolchains/XcodeDefault.xctoolchain --module-name ReluxTunnelCore --sdk-root /Applications/Xcode_26_5.app/Contents/Developer/Platforms/MacOSX.platform/Developer/SDKs/MacOSX26.5.sdk --xcode-version 17F42 --platform-family macOS --deployment-target 15.0 --bundle-identifier relux-tunnel.ReluxTunnelCore --output /Users/iv/Developer/.build/Products/Debug/ReluxTunnelCore.appintents --target-triple arm64-apple-macos15.0 --target-triple x86_64-apple-macos15.0 --binary-file /Users/iv/Developer/.build/Products/Debug/ReluxTunnelCore.o --dependency-file /Users/iv/Developer/.build/Intermediates.noindex/ReluxTunnel.build/Debug/ReluxTunnelCore.build/Objects-normal/arm64/ReluxTunnelCore_dependency_info.dat --dependency-file /Users/iv/Developer/.build/Intermediates.noindex/ReluxTunnel.build/Debug/ReluxTunnelCore.build/Objects-normal/x86_64/ReluxTunnelCore_dependency_info.dat --stringsdata-file /Users/iv/Developer/.build/Intermediates.noindex/ReluxTunnel.build/Debug/ReluxTunnelCore.build/Objects-normal/arm64/ExtractedAppShortcutsMetadata.stringsdata --stringsdata-file /Users/iv/Developer/.build/Intermediates.noindex/ReluxTunnel.build/Debug/ReluxTunnelCore.build/Objects-normal/x86_64/ExtractedAppShortcutsMetadata.stringsdata --source-file-list /Users/iv/Developer/.build/Intermediates.noindex/ReluxTunnel.build/Debug/ReluxTunnelCore.build/Objects-normal/arm64/ReluxTunnelCore.SwiftFileList --source-file-list /Users/iv/Developer/.build/Intermediates.noindex/ReluxTunnel.build/Debug/ReluxTunnelCore.build/Objects-normal/x86_64/ReluxTunnelCore.SwiftFileList --metadata-file-list /Users/iv/Developer/.build/Intermediates.noindex/ReluxTunnel.build/Debug/ReluxTunnelCore.build/ReluxTunnelCore.DependencyMetadataFileList --static-metadata-file-list /Users/iv/Developer/.build/Intermediates.noindex/ReluxTunnel.build/Debug/ReluxTunnelCore.build/ReluxTunnelCore.DependencyStaticMetadataFileList --swift-const-vals-list /Users/iv/Developer/.build/Intermediates.noindex/ReluxTunnel.build/Debug/ReluxTunnelCore.build/Objects-normal/arm64/ReluxTunnelCore.SwiftConstValuesFileList --swift-const-vals-list /Users/iv/Developer/.build/Intermediates.noindex/ReluxTunnel.build/Debug/ReluxTunnelCore.build/Objects-normal/x86_64/ReluxTunnelCore.SwiftConstValuesFileList --force --compile-time-extraction --deployment-aware-processing --validate-assistant-intents --no-app-shortcuts-localization
2026-07-21 04:38:33.691 appintentsmetadataprocessor[49370:98076012] Starting appintentsmetadataprocessor export
2026-07-21 04:38:33.700 appintentsmetadataprocessor[49370:98076012] Extracted no relevant App Intents symbols, skipping writing output

SwiftDriverJobDiscovery normal x86_64 Emitting module for ReluxTunnelNativeAdapter (in target 'ReluxTunnelNativeAdapter' from project 'ReluxTunnel')

SwiftDriver\ Compilation\ Requirements ReluxTunnelNativeAdapter normal x86_64 com.apple.xcode.tools.swift.compiler (in target 'ReluxTunnelNativeAdapter' from project 'ReluxTunnel')
    cd /Users/iv/Developer/relux-tunnel/.swiftpm/xcode
    builtin-Swift-Compilation-Requirements -- /Applications/Xcode_26_5.app/Contents/Developer/Toolchains/XcodeDefault.xctoolchain/usr/bin/swiftc -module-name ReluxTunnelNativeAdapter -Onone @/Users/iv/Developer/.build/Intermediates.noindex/ReluxTunnel.build/Debug/ReluxTunnelNativeAdapter.build/Objects-normal/x86_64/ReluxTunnelNativeAdapter.SwiftFileList -DSWIFT_PACKAGE -DDEBUG -DSWIFT_MODULE_RESOURCE_BUNDLE_UNAVAILABLE -DXcode -plugin-path /Applications/Xcode_26_5.app/Contents/Developer/Toolchains/XcodeDefault.xctoolchain/usr/lib/swift/host/plugins/testing -enable-experimental-feature DebugDescriptionMacro -sdk /Applications/Xcode_26_5.app/Contents/Developer/Platforms/MacOSX.platform/Developer/SDKs/MacOSX26.5.sdk -target x86_64-apple-macos15.0 -g -module-cache-path /Users/iv/Developer/relux-tunnel/.temp/TASK-260715-15vkvz/DerivedData-rework03-macOS/ModuleCache.noindex -Xfrontend -serialize-debugging-options -enable-testing -index-store-path /Users/iv/Developer/relux-tunnel/.temp/TASK-260715-15vkvz/DerivedData-rework03-macOS/Index.noindex/DataStore -Xcc -D_LIBCPP_HARDENING_MODE\=_LIBCPP_HARDENING_MODE_DEBUG -swift-version 6 -I /Users/iv/Developer/.build/Products/Debug -Isystem /Applications/Xcode_26_5.app/Contents/Developer/Platforms/MacOSX.platform/Developer/usr/lib -F /Users/iv/Developer/.build/Products/Debug/PackageFrameworks -F /Users/iv/Developer/.build/Products/Debug -F /Applications/Xcode_26_5.app/Contents/Developer/Platforms/MacOSX.platform/Developer/Library/Frameworks -c -j16 -enable-batch-mode -incremental -Xcc -ivfsstatcache -Xcc /Users/iv/Developer/relux-tunnel/.temp/TASK-260715-15vkvz/DerivedData-rework03-macOS/SDKStatCaches.noindex/macosx26.5-25F70-b64f947cdd770e773f3848253724d71e.sdkstatcache -output-file-map /Users/iv/Developer/.build/Intermediates.noindex/ReluxTunnel.build/Debug/ReluxTunnelNativeAdapter.build/Objects-normal/x86_64/ReluxTunnelNativeAdapter-OutputFileMap.json -use-frontend-parseable-output -save-temps -no-color-diagnostics -explicit-module-build -module-cache-path /Users/iv/Developer/.build/Intermediates.noindex/SwiftExplicitPrecompiledModules -clang-scanner-module-cache-path /Users/iv/Developer/relux-tunnel/.temp/TASK-260715-15vkvz/DerivedData-rework03-macOS/ModuleCache.noindex -sdk-module-cache-path /Users/iv/Developer/relux-tunnel/.temp/TASK-260715-15vkvz/DerivedData-rework03-macOS/ModuleCache.noindex -serialize-diagnostics -emit-dependencies -emit-module -emit-module-path /Users/iv/Developer/.build/Intermediates.noindex/ReluxTunnel.build/Debug/ReluxTunnelNativeAdapter.build/Objects-normal/x86_64/ReluxTunnelNativeAdapter.swiftmodule -validate-clang-modules-once -clang-build-session-file /Users/iv/Developer/relux-tunnel/.temp/TASK-260715-15vkvz/DerivedData-rework03-macOS/ModuleCache.noindex/Session.modulevalidation -package-name relux_tunnel -Xcc -I/Users/iv/Developer/.build/Intermediates.noindex/ReluxTunnel.build/Debug/ReluxTunnelNativeAdapter.build/swift-overrides.hmap -emit-const-values -Xfrontend -const-gather-protocols-file -Xfrontend /Users/iv/Developer/.build/Intermediates.noindex/ReluxTunnel.build/Debug/ReluxTunnelNativeAdapter.build/Objects-normal/x86_64/ReluxTunnelNativeAdapter_const_extract_protocols.json -Xcc -I/Users/iv/Developer/.build/Products/Debug/include -Xcc -I/Users/iv/Developer/.build/Intermediates.noindex/ReluxTunnel.build/Debug/ReluxTunnelNativeAdapter.build/DerivedSources-normal/x86_64 -Xcc -I/Users/iv/Developer/.build/Intermediates.noindex/ReluxTunnel.build/Debug/ReluxTunnelNativeAdapter.build/DerivedSources/x86_64 -Xcc -I/Users/iv/Developer/.build/Intermediates.noindex/ReluxTunnel.build/Debug/ReluxTunnelNativeAdapter.build/DerivedSources -Xcc -DSWIFT_PACKAGE -Xcc -DDEBUG\=1 -emit-objc-header -emit-objc-header-path /Users/iv/Developer/.build/Intermediates.noindex/ReluxTunnel.build/Debug/ReluxTunnelNativeAdapter.build/Objects-normal/x86_64/ReluxTunnelNativeAdapter-Swift.h -working-directory /Users/iv/Developer/relux-tunnel/.swiftpm/xcode -experimental-emit-module-separately -disable-cmo

Copy /Users/iv/Developer/.build/Products/Debug/ReluxTunnelNativeAdapter.swiftmodule/arm64-apple-macos.abi.json /Users/iv/Developer/.build/Intermediates.noindex/ReluxTunnel.build/Debug/ReluxTunnelNativeAdapter.build/Objects-normal/arm64/ReluxTunnelNativeAdapter.abi.json (in target 'ReluxTunnelNativeAdapter' from project 'ReluxTunnel')
    cd /Users/iv/Developer/relux-tunnel
    builtin-copy -exclude .DS_Store -exclude CVS -exclude .svn -exclude .git -exclude .hg -resolve-src-symlinks -rename /Users/iv/Developer/.build/Intermediates.noindex/ReluxTunnel.build/Debug/ReluxTunnelNativeAdapter.build/Objects-normal/arm64/ReluxTunnelNativeAdapter.abi.json /Users/iv/Developer/.build/Products/Debug/ReluxTunnelNativeAdapter.swiftmodule/arm64-apple-macos.abi.json

Copy /Users/iv/Developer/.build/Products/Debug/ReluxTunnelNativeAdapter.swiftmodule/arm64-apple-macos.swiftmodule /Users/iv/Developer/.build/Intermediates.noindex/ReluxTunnel.build/Debug/ReluxTunnelNativeAdapter.build/Objects-normal/arm64/ReluxTunnelNativeAdapter.swiftmodule (in target 'ReluxTunnelNativeAdapter' from project 'ReluxTunnel')
    cd /Users/iv/Developer/relux-tunnel
    builtin-copy -exclude .DS_Store -exclude CVS -exclude .svn -exclude .git -exclude .hg -resolve-src-symlinks -rename /Users/iv/Developer/.build/Intermediates.noindex/ReluxTunnel.build/Debug/ReluxTunnelNativeAdapter.build/Objects-normal/arm64/ReluxTunnelNativeAdapter.swiftmodule /Users/iv/Developer/.build/Products/Debug/ReluxTunnelNativeAdapter.swiftmodule/arm64-apple-macos.swiftmodule

Copy /Users/iv/Developer/.build/Products/Debug/ReluxTunnelNativeAdapter.swiftmodule/x86_64-apple-macos.swiftmodule /Users/iv/Developer/.build/Intermediates.noindex/ReluxTunnel.build/Debug/ReluxTunnelNativeAdapter.build/Objects-normal/x86_64/ReluxTunnelNativeAdapter.swiftmodule (in target 'ReluxTunnelNativeAdapter' from project 'ReluxTunnel')
    cd /Users/iv/Developer/relux-tunnel
    builtin-copy -exclude .DS_Store -exclude CVS -exclude .svn -exclude .git -exclude .hg -resolve-src-symlinks -rename /Users/iv/Developer/.build/Intermediates.noindex/ReluxTunnel.build/Debug/ReluxTunnelNativeAdapter.build/Objects-normal/x86_64/ReluxTunnelNativeAdapter.swiftmodule /Users/iv/Developer/.build/Products/Debug/ReluxTunnelNativeAdapter.swiftmodule/x86_64-apple-macos.swiftmodule

Copy /Users/iv/Developer/.build/Products/Debug/ReluxTunnelNativeAdapter.swiftmodule/x86_64-apple-macos.abi.json /Users/iv/Developer/.build/Intermediates.noindex/ReluxTunnel.build/Debug/ReluxTunnelNativeAdapter.build/Objects-normal/x86_64/ReluxTunnelNativeAdapter.abi.json (in target 'ReluxTunnelNativeAdapter' from project 'ReluxTunnel')
    cd /Users/iv/Developer/relux-tunnel
    builtin-copy -exclude .DS_Store -exclude CVS -exclude .svn -exclude .git -exclude .hg -resolve-src-symlinks -rename /Users/iv/Developer/.build/Intermediates.noindex/ReluxTunnel.build/Debug/ReluxTunnelNativeAdapter.build/Objects-normal/x86_64/ReluxTunnelNativeAdapter.abi.json /Users/iv/Developer/.build/Products/Debug/ReluxTunnelNativeAdapter.swiftmodule/x86_64-apple-macos.abi.json

SwiftDriver ReluxTunnelMacOSAdapter normal arm64 com.apple.xcode.tools.swift.compiler (in target 'ReluxTunnelMacOSAdapter' from project 'ReluxTunnel')
    cd /Users/iv/Developer/relux-tunnel/.swiftpm/xcode
    builtin-SwiftDriver -- /Applications/Xcode_26_5.app/Contents/Developer/Toolchains/XcodeDefault.xctoolchain/usr/bin/swiftc -module-name ReluxTunnelMacOSAdapter -Onone @/Users/iv/Developer/.build/Intermediates.noindex/ReluxTunnel.build/Debug/ReluxTunnelMacOSAdapter.build/Objects-normal/arm64/ReluxTunnelMacOSAdapter.SwiftFileList -DSWIFT_PACKAGE -DDEBUG -DSWIFT_MODULE_RESOURCE_BUNDLE_UNAVAILABLE -DXcode -plugin-path /Applications/Xcode_26_5.app/Contents/Developer/Toolchains/XcodeDefault.xctoolchain/usr/lib/swift/host/plugins/testing -enable-experimental-feature DebugDescriptionMacro -sdk /Applications/Xcode_26_5.app/Contents/Developer/Platforms/MacOSX.platform/Developer/SDKs/MacOSX26.5.sdk -target arm64-apple-macos15.0 -g -module-cache-path /Users/iv/Developer/relux-tunnel/.temp/TASK-260715-15vkvz/DerivedData-rework03-macOS/ModuleCache.noindex -Xfrontend -serialize-debugging-options -enable-testing -index-store-path /Users/iv/Developer/relux-tunnel/.temp/TASK-260715-15vkvz/DerivedData-rework03-macOS/Index.noindex/DataStore -Xcc -D_LIBCPP_HARDENING_MODE\=_LIBCPP_HARDENING_MODE_DEBUG -swift-version 6 -I /Users/iv/Developer/.build/Products/Debug -Isystem /Applications/Xcode_26_5.app/Contents/Developer/Platforms/MacOSX.platform/Developer/usr/lib -F /Users/iv/Developer/.build/Products/Debug/PackageFrameworks -F /Users/iv/Developer/.build/Products/Debug/PackageFrameworks -F /Users/iv/Developer/.build/Products/Debug -F /Applications/Xcode_26_5.app/Contents/Developer/Platforms/MacOSX.platform/Developer/Library/Frameworks -c -j16 -enable-batch-mode -incremental -Xcc -ivfsstatcache -Xcc /Users/iv/Developer/relux-tunnel/.temp/TASK-260715-15vkvz/DerivedData-rework03-macOS/SDKStatCaches.noindex/macosx26.5-25F70-b64f947cdd770e773f3848253724d71e.sdkstatcache -output-file-map /Users/iv/Developer/.build/Intermediates.noindex/ReluxTunnel.build/Debug/ReluxTunnelMacOSAdapter.build/Objects-normal/arm64/ReluxTunnelMacOSAdapter-OutputFileMap.json -use-frontend-parseable-output -save-temps -no-color-diagnostics -explicit-module-build -module-cache-path /Users/iv/Developer/.build/Intermediates.noindex/SwiftExplicitPrecompiledModules -clang-scanner-module-cache-path /Users/iv/Developer/relux-tunnel/.temp/TASK-260715-15vkvz/DerivedData-rework03-macOS/ModuleCache.noindex -sdk-module-cache-path /Users/iv/Developer/relux-tunnel/.temp/TASK-260715-15vkvz/DerivedData-rework03-macOS/ModuleCache.noindex -serialize-diagnostics -emit-dependencies -emit-module -emit-module-path /Users/iv/Developer/.build/Intermediates.noindex/ReluxTunnel.build/Debug/ReluxTunnelMacOSAdapter.build/Objects-normal/arm64/ReluxTunnelMacOSAdapter.swiftmodule -validate-clang-modules-once -clang-build-session-file /Users/iv/Developer/relux-tunnel/.temp/TASK-260715-15vkvz/DerivedData-rework03-macOS/ModuleCache.noindex/Session.modulevalidation -package-name relux_tunnel -Xcc -I/Users/iv/Developer/.build/Intermediates.noindex/ReluxTunnel.build/Debug/ReluxTunnelMacOSAdapter.build/swift-overrides.hmap -emit-const-values -Xfrontend -const-gather-protocols-file -Xfrontend /Users/iv/Developer/.build/Intermediates.noindex/ReluxTunnel.build/Debug/ReluxTunnelMacOSAdapter.build/Objects-normal/arm64/ReluxTunnelMacOSAdapter_const_extract_protocols.json -Xcc -I/Users/iv/Developer/.build/Products/Debug/include -Xcc -I/Users/iv/Developer/.build/Intermediates.noindex/ReluxTunnel.build/Debug/ReluxTunnelMacOSAdapter.build/DerivedSources-normal/arm64 -Xcc -I/Users/iv/Developer/.build/Intermediates.noindex/ReluxTunnel.build/Debug/ReluxTunnelMacOSAdapter.build/DerivedSources/arm64 -Xcc -I/Users/iv/Developer/.build/Intermediates.noindex/ReluxTunnel.build/Debug/ReluxTunnelMacOSAdapter.build/DerivedSources -Xcc -DSWIFT_PACKAGE -Xcc -DDEBUG\=1 -emit-objc-header -emit-objc-header-path /Users/iv/Developer/.build/Intermediates.noindex/ReluxTunnel.build/Debug/ReluxTunnelMacOSAdapter.build/Objects-normal/arm64/ReluxTunnelMacOSAdapter-Swift.h -working-directory /Users/iv/Developer/relux-tunnel/.swiftpm/xcode -experimental-emit-module-separately -disable-cmo

SwiftDriver ReluxTunnelMacOSAdapter normal x86_64 com.apple.xcode.tools.swift.compiler (in target 'ReluxTunnelMacOSAdapter' from project 'ReluxTunnel')
    cd /Users/iv/Developer/relux-tunnel/.swiftpm/xcode
    builtin-SwiftDriver -- /Applications/Xcode_26_5.app/Contents/Developer/Toolchains/XcodeDefault.xctoolchain/usr/bin/swiftc -module-name ReluxTunnelMacOSAdapter -Onone @/Users/iv/Developer/.build/Intermediates.noindex/ReluxTunnel.build/Debug/ReluxTunnelMacOSAdapter.build/Objects-normal/x86_64/ReluxTunnelMacOSAdapter.SwiftFileList -DSWIFT_PACKAGE -DDEBUG -DSWIFT_MODULE_RESOURCE_BUNDLE_UNAVAILABLE -DXcode -plugin-path /Applications/Xcode_26_5.app/Contents/Developer/Toolchains/XcodeDefault.xctoolchain/usr/lib/swift/host/plugins/testing -enable-experimental-feature DebugDescriptionMacro -sdk /Applications/Xcode_26_5.app/Contents/Developer/Platforms/MacOSX.platform/Developer/SDKs/MacOSX26.5.sdk -target x86_64-apple-macos15.0 -g -module-cache-path /Users/iv/Developer/relux-tunnel/.temp/TASK-260715-15vkvz/DerivedData-rework03-macOS/ModuleCache.noindex -Xfrontend -serialize-debugging-options -enable-testing -index-store-path /Users/iv/Developer/relux-tunnel/.temp/TASK-260715-15vkvz/DerivedData-rework03-macOS/Index.noindex/DataStore -Xcc -D_LIBCPP_HARDENING_MODE\=_LIBCPP_HARDENING_MODE_DEBUG -swift-version 6 -I /Users/iv/Developer/.build/Products/Debug -Isystem /Applications/Xcode_26_5.app/Contents/Developer/Platforms/MacOSX.platform/Developer/usr/lib -F /Users/iv/Developer/.build/Products/Debug/PackageFrameworks -F /Users/iv/Developer/.build/Products/Debug/PackageFrameworks -F /Users/iv/Developer/.build/Products/Debug -F /Applications/Xcode_26_5.app/Contents/Developer/Platforms/MacOSX.platform/Developer/Library/Frameworks -c -j16 -enable-batch-mode -incremental -Xcc -ivfsstatcache -Xcc /Users/iv/Developer/relux-tunnel/.temp/TASK-260715-15vkvz/DerivedData-rework03-macOS/SDKStatCaches.noindex/macosx26.5-25F70-b64f947cdd770e773f3848253724d71e.sdkstatcache -output-file-map /Users/iv/Developer/.build/Intermediates.noindex/ReluxTunnel.build/Debug/ReluxTunnelMacOSAdapter.build/Objects-normal/x86_64/ReluxTunnelMacOSAdapter-OutputFileMap.json -use-frontend-parseable-output -save-temps -no-color-diagnostics -explicit-module-build -module-cache-path /Users/iv/Developer/.build/Intermediates.noindex/SwiftExplicitPrecompiledModules -clang-scanner-module-cache-path /Users/iv/Developer/relux-tunnel/.temp/TASK-260715-15vkvz/DerivedData-rework03-macOS/ModuleCache.noindex -sdk-module-cache-path /Users/iv/Developer/relux-tunnel/.temp/TASK-260715-15vkvz/DerivedData-rework03-macOS/ModuleCache.noindex -serialize-diagnostics -emit-dependencies -emit-module -emit-module-path /Users/iv/Developer/.build/Intermediates.noindex/ReluxTunnel.build/Debug/ReluxTunnelMacOSAdapter.build/Objects-normal/x86_64/ReluxTunnelMacOSAdapter.swiftmodule -validate-clang-modules-once -clang-build-session-file /Users/iv/Developer/relux-tunnel/.temp/TASK-260715-15vkvz/DerivedData-rework03-macOS/ModuleCache.noindex/Session.modulevalidation -package-name relux_tunnel -Xcc -I/Users/iv/Developer/.build/Intermediates.noindex/ReluxTunnel.build/Debug/ReluxTunnelMacOSAdapter.build/swift-overrides.hmap -emit-const-values -Xfrontend -const-gather-protocols-file -Xfrontend /Users/iv/Developer/.build/Intermediates.noindex/ReluxTunnel.build/Debug/ReluxTunnelMacOSAdapter.build/Objects-normal/x86_64/ReluxTunnelMacOSAdapter_const_extract_protocols.json -Xcc -I/Users/iv/Developer/.build/Products/Debug/include -Xcc -I/Users/iv/Developer/.build/Intermediates.noindex/ReluxTunnel.build/Debug/ReluxTunnelMacOSAdapter.build/DerivedSources-normal/x86_64 -Xcc -I/Users/iv/Developer/.build/Intermediates.noindex/ReluxTunnel.build/Debug/ReluxTunnelMacOSAdapter.build/DerivedSources/x86_64 -Xcc -I/Users/iv/Developer/.build/Intermediates.noindex/ReluxTunnel.build/Debug/ReluxTunnelMacOSAdapter.build/DerivedSources -Xcc -DSWIFT_PACKAGE -Xcc -DDEBUG\=1 -emit-objc-header -emit-objc-header-path /Users/iv/Developer/.build/Intermediates.noindex/ReluxTunnel.build/Debug/ReluxTunnelMacOSAdapter.build/Objects-normal/x86_64/ReluxTunnelMacOSAdapter-Swift.h -working-directory /Users/iv/Developer/relux-tunnel/.swiftpm/xcode -experimental-emit-module-separately -disable-cmo

RegisterExecutionPolicyException /Users/iv/Developer/.build/Products/Debug/ReluxTunnelCore.o (in target 'ReluxTunnelCore' from project 'ReluxTunnel')
    cd /Users/iv/Developer/relux-tunnel
    builtin-RegisterExecutionPolicyException /Users/iv/Developer/.build/Products/Debug/ReluxTunnelCore.o

Ld /Users/iv/Developer/.build/Intermediates.noindex/ReluxTunnel.build/Debug/ReluxTunnelNativeAdapter.build/Objects-normal/arm64/Binary/ReluxTunnelNativeAdapter.o normal arm64 (in target 'ReluxTunnelNativeAdapter' from project 'ReluxTunnel')
    cd /Users/iv/Developer/relux-tunnel
    /Applications/Xcode_26_5.app/Contents/Developer/Toolchains/XcodeDefault.xctoolchain/usr/bin/clang -Xlinker -reproducible -target arm64-apple-macos15.0 -r -isysroot /Applications/Xcode_26_5.app/Contents/Developer/Platforms/MacOSX.platform/Developer/SDKs/MacOSX26.5.sdk -O0 -F/Users/iv/Developer/.build/Intermediates.noindex/EagerLinkingTBDs/Debug -F/Users/iv/Developer/.build/Products/Debug/PackageFrameworks -F/Users/iv/Developer/.build/Products/Debug -iframework /Applications/Xcode_26_5.app/Contents/Developer/Platforms/MacOSX.platform/Developer/Library/Frameworks -filelist /Users/iv/Developer/.build/Intermediates.noindex/ReluxTunnel.build/Debug/ReluxTunnelNativeAdapter.build/Objects-normal/arm64/ReluxTunnelNativeAdapter.LinkFileList -nostdlib -Xlinker -object_path_lto -Xlinker /Users/iv/Developer/.build/Intermediates.noindex/ReluxTunnel.build/Debug/ReluxTunnelNativeAdapter.build/Objects-normal/arm64/ReluxTunnelNativeAdapter_lto.o -Xlinker -no_deduplicate -Xlinker -dependency_info -Xlinker /Users/iv/Developer/.build/Intermediates.noindex/ReluxTunnel.build/Debug/ReluxTunnelNativeAdapter.build/Objects-normal/arm64/ReluxTunnelNativeAdapter_dependency_info.dat -fobjc-link-runtime -L/Applications/Xcode_26_5.app/Contents/Developer/Toolchains/XcodeDefault.xctoolchain/usr/lib/swift/macosx -L/usr/lib/swift -Xlinker -add_ast_path -Xlinker /Users/iv/Developer/.build/Intermediates.noindex/ReluxTunnel.build/Debug/ReluxTunnelNativeAdapter.build/Objects-normal/arm64/ReluxTunnelNativeAdapter.swiftmodule @/Users/iv/Developer/.build/Intermediates.noindex/ReluxTunnel.build/Debug/ReluxTunnelNativeAdapter.build/Objects-normal/arm64/ReluxTunnelNativeAdapter-linker-args.resp -o /Users/iv/Developer/.build/Intermediates.noindex/ReluxTunnel.build/Debug/ReluxTunnelNativeAdapter.build/Objects-normal/arm64/Binary/ReluxTunnelNativeAdapter.o

SwiftCompile normal x86_64 Compiling\ NativeDependencyPackaging.swift /Users/iv/Developer/relux-tunnel/Sources/ReluxTunnelNativeAdapter/NativeDependencyPackaging.swift (in target 'ReluxTunnelNativeAdapter' from project 'ReluxTunnel')

SwiftCompile normal x86_64 /Users/iv/Developer/relux-tunnel/Sources/ReluxTunnelNativeAdapter/NativeDependencyPackaging.swift (in target 'ReluxTunnelNativeAdapter' from project 'ReluxTunnel')
    cd /Users/iv/Developer/relux-tunnel/.swiftpm/xcode
    

SwiftCompile normal x86_64 Compiling\ HEVNoticeBundle.swift /Users/iv/Developer/relux-tunnel/Sources/ReluxTunnelNativeAdapter/HEVNoticeBundle.swift (in target 'ReluxTunnelNativeAdapter' from project 'ReluxTunnel')

SwiftCompile normal x86_64 /Users/iv/Developer/relux-tunnel/Sources/ReluxTunnelNativeAdapter/HEVNoticeBundle.swift (in target 'ReluxTunnelNativeAdapter' from project 'ReluxTunnel')
    cd /Users/iv/Developer/relux-tunnel/.swiftpm/xcode
    

SwiftCompile normal x86_64 Compiling\ HEVSOCKSBoundary.swift /Users/iv/Developer/relux-tunnel/Sources/ReluxTunnelNativeAdapter/HEVSOCKSBoundary.swift (in target 'ReluxTunnelNativeAdapter' from project 'ReluxTunnel')
SwiftCompile normal x86_64 /Users/iv/Developer/relux-tunnel/Sources/ReluxTunnelNativeAdapter/HEVSOCKSBoundary.swift (in target 'ReluxTunnelNativeAdapter' from project 'ReluxTunnel')
    cd /Users/iv/Developer/relux-tunnel/.swiftpm/xcode
    

SwiftCompile normal x86_64 Compiling\ HEVIntegration.swift /Users/iv/Developer/relux-tunnel/Sources/ReluxTunnelNativeAdapter/HEVIntegration.swift (in target 'ReluxTunnelNativeAdapter' from project 'ReluxTunnel')
SwiftCompile normal x86_64 /Users/iv/Developer/relux-tunnel/Sources/ReluxTunnelNativeAdapter/HEVIntegration.swift (in target 'ReluxTunnelNativeAdapter' from project 'ReluxTunnel')
    cd /Users/iv/Developer/relux-tunnel/.swiftpm/xcode
    

SwiftDriverJobDiscovery normal x86_64 Compiling HEVNoticeBundle.swift (in target 'ReluxTunnelNativeAdapter' from project 'ReluxTunnel')

SwiftDriverJobDiscovery normal x86_64 Compiling NativeDependencyPackaging.swift (in target 'ReluxTunnelNativeAdapter' from project 'ReluxTunnel')

SwiftExplicitDependencyGeneratePcm x86_64 /Users/iv/Developer/relux-tunnel/.temp/TASK-260715-15vkvz/DerivedData-rework03-macOS/ModuleCache.noindex/_Builtin_stdatomic-76I0XT5YH2S2OVUZBC110RGOW.pcm

SwiftExplicitDependencyGeneratePcm x86_64 /Users/iv/Developer/relux-tunnel/.temp/TASK-260715-15vkvz/DerivedData-rework03-macOS/ModuleCache.noindex/dnssd-2EO063KIDN0MVE4UED9QVXZQB.pcm

SwiftExplicitDependencyGeneratePcm x86_64 /Users/iv/Developer/relux-tunnel/.temp/TASK-260715-15vkvz/DerivedData-rework03-macOS/ModuleCache.noindex/ExtensionFoundation-169U00G2IVETO5FDI8YWJJV3T.pcm

SwiftDriverJobDiscovery normal x86_64 Compiling HEVSOCKSBoundary.swift (in target 'ReluxTunnelNativeAdapter' from project 'ReluxTunnel')

SwiftExplicitDependencyGeneratePcm arm64 /Users/iv/Developer/relux-tunnel/.temp/TASK-260715-15vkvz/DerivedData-rework03-macOS/ModuleCache.noindex/ExtensionFoundation-7HX9F7ER7JIJS4JTK6910YQQ7.pcm

SwiftExplicitDependencyGeneratePcm arm64 /Users/iv/Developer/relux-tunnel/.temp/TASK-260715-15vkvz/DerivedData-rework03-macOS/ModuleCache.noindex/dnssd-8543000E5WO847VBXT50B2EGD.pcm

SwiftExplicitDependencyGeneratePcm arm64 /Users/iv/Developer/relux-tunnel/.temp/TASK-260715-15vkvz/DerivedData-rework03-macOS/ModuleCache.noindex/_Builtin_stdatomic-DCP4M2YNU2IFSJSW26X4ZOE5N.pcm

SwiftExplicitDependencyGeneratePcm x86_64 /Users/iv/Developer/relux-tunnel/.temp/TASK-260715-15vkvz/DerivedData-rework03-macOS/ModuleCache.noindex/os-1QEIFWYLL3O8TUV9GUYLZX2VG.pcm

SwiftExplicitDependencyGeneratePcm arm64 /Users/iv/Developer/relux-tunnel/.temp/TASK-260715-15vkvz/DerivedData-rework03-macOS/ModuleCache.noindex/os-60DGOHSC7OM11KOTZXI6O8IPV.pcm

SwiftExplicitDependencyGeneratePcm x86_64 /Users/iv/Developer/relux-tunnel/.temp/TASK-260715-15vkvz/DerivedData-rework03-macOS/ModuleCache.noindex/Network-DVVU5JNKY3C7J52UTSOP2II5Q.pcm

SwiftExplicitDependencyGeneratePcm arm64 /Users/iv/Developer/relux-tunnel/.temp/TASK-260715-15vkvz/DerivedData-rework03-macOS/ModuleCache.noindex/Network-2XYON8L82Y2CMAA0D4OAYKMZV.pcm

SwiftExplicitDependencyGeneratePcm x86_64 /Users/iv/Developer/relux-tunnel/.temp/TASK-260715-15vkvz/DerivedData-rework03-macOS/ModuleCache.noindex/OSLog-6CKKNG77KVU7BHO9S31F2SR2B.pcm

SwiftExplicitDependencyGeneratePcm arm64 /Users/iv/Developer/relux-tunnel/.temp/TASK-260715-15vkvz/DerivedData-rework03-macOS/ModuleCache.noindex/OSLog-DXOIW43C7NKI86QGGJ8NYLI01.pcm

SwiftExplicitDependencyGeneratePcm x86_64 /Users/iv/Developer/relux-tunnel/.temp/TASK-260715-15vkvz/DerivedData-rework03-macOS/ModuleCache.noindex/NetworkExtension-A8DJY2X55DTSSM5BUGRG5BWWU.pcm

SwiftExplicitDependencyGeneratePcm arm64 /Users/iv/Developer/relux-tunnel/.temp/TASK-260715-15vkvz/DerivedData-rework03-macOS/ModuleCache.noindex/NetworkExtension-192K35SX1EQ5S4APET5BXBASD.pcm

SwiftDriverJobDiscovery normal x86_64 Compiling HEVIntegration.swift (in target 'ReluxTunnelNativeAdapter' from project 'ReluxTunnel')

SwiftDriver\ Compilation ReluxTunnelNativeAdapter normal x86_64 com.apple.xcode.tools.swift.compiler (in target 'ReluxTunnelNativeAdapter' from project 'ReluxTunnel')
    cd /Users/iv/Developer/relux-tunnel/.swiftpm/xcode
    builtin-Swift-Compilation -- /Applications/Xcode_26_5.app/Contents/Developer/Toolchains/XcodeDefault.xctoolchain/usr/bin/swiftc -module-name ReluxTunnelNativeAdapter -Onone @/Users/iv/Developer/.build/Intermediates.noindex/ReluxTunnel.build/Debug/ReluxTunnelNativeAdapter.build/Objects-normal/x86_64/ReluxTunnelNativeAdapter.SwiftFileList -DSWIFT_PACKAGE -DDEBUG -DSWIFT_MODULE_RESOURCE_BUNDLE_UNAVAILABLE -DXcode -plugin-path /Applications/Xcode_26_5.app/Contents/Developer/Toolchains/XcodeDefault.xctoolchain/usr/lib/swift/host/plugins/testing -enable-experimental-feature DebugDescriptionMacro -sdk /Applications/Xcode_26_5.app/Contents/Developer/Platforms/MacOSX.platform/Developer/SDKs/MacOSX26.5.sdk -target x86_64-apple-macos15.0 -g -module-cache-path /Users/iv/Developer/relux-tunnel/.temp/TASK-260715-15vkvz/DerivedData-rework03-macOS/ModuleCache.noindex -Xfrontend -serialize-debugging-options -enable-testing -index-store-path /Users/iv/Developer/relux-tunnel/.temp/TASK-260715-15vkvz/DerivedData-rework03-macOS/Index.noindex/DataStore -Xcc -D_LIBCPP_HARDENING_MODE\=_LIBCPP_HARDENING_MODE_DEBUG -swift-version 6 -I /Users/iv/Developer/.build/Products/Debug -Isystem /Applications/Xcode_26_5.app/Contents/Developer/Platforms/MacOSX.platform/Developer/usr/lib -F /Users/iv/Developer/.build/Products/Debug/PackageFrameworks -F /Users/iv/Developer/.build/Products/Debug -F /Applications/Xcode_26_5.app/Contents/Developer/Platforms/MacOSX.platform/Developer/Library/Frameworks -c -j16 -enable-batch-mode -incremental -Xcc -ivfsstatcache -Xcc /Users/iv/Developer/relux-tunnel/.temp/TASK-260715-15vkvz/DerivedData-rework03-macOS/SDKStatCaches.noindex/macosx26.5-25F70-b64f947cdd770e773f3848253724d71e.sdkstatcache -output-file-map /Users/iv/Developer/.build/Intermediates.noindex/ReluxTunnel.build/Debug/ReluxTunnelNativeAdapter.build/Objects-normal/x86_64/ReluxTunnelNativeAdapter-OutputFileMap.json -use-frontend-parseable-output -save-temps -no-color-diagnostics -explicit-module-build -module-cache-path /Users/iv/Developer/.build/Intermediates.noindex/SwiftExplicitPrecompiledModules -clang-scanner-module-cache-path /Users/iv/Developer/relux-tunnel/.temp/TASK-260715-15vkvz/DerivedData-rework03-macOS/ModuleCache.noindex -sdk-module-cache-path /Users/iv/Developer/relux-tunnel/.temp/TASK-260715-15vkvz/DerivedData-rework03-macOS/ModuleCache.noindex -serialize-diagnostics -emit-dependencies -emit-module -emit-module-path /Users/iv/Developer/.build/Intermediates.noindex/ReluxTunnel.build/Debug/ReluxTunnelNativeAdapter.build/Objects-normal/x86_64/ReluxTunnelNativeAdapter.swiftmodule -validate-clang-modules-once -clang-build-session-file /Users/iv/Developer/relux-tunnel/.temp/TASK-260715-15vkvz/DerivedData-rework03-macOS/ModuleCache.noindex/Session.modulevalidation -package-name relux_tunnel -Xcc -I/Users/iv/Developer/.build/Intermediates.noindex/ReluxTunnel.build/Debug/ReluxTunnelNativeAdapter.build/swift-overrides.hmap -emit-const-values -Xfrontend -const-gather-protocols-file -Xfrontend /Users/iv/Developer/.build/Intermediates.noindex/ReluxTunnel.build/Debug/ReluxTunnelNativeAdapter.build/Objects-normal/x86_64/ReluxTunnelNativeAdapter_const_extract_protocols.json -Xcc -I/Users/iv/Developer/.build/Products/Debug/include -Xcc -I/Users/iv/Developer/.build/Intermediates.noindex/ReluxTunnel.build/Debug/ReluxTunnelNativeAdapter.build/DerivedSources-normal/x86_64 -Xcc -I/Users/iv/Developer/.build/Intermediates.noindex/ReluxTunnel.build/Debug/ReluxTunnelNativeAdapter.build/DerivedSources/x86_64 -Xcc -I/Users/iv/Developer/.build/Intermediates.noindex/ReluxTunnel.build/Debug/ReluxTunnelNativeAdapter.build/DerivedSources -Xcc -DSWIFT_PACKAGE -Xcc -DDEBUG\=1 -emit-objc-header -emit-objc-header-path /Users/iv/Developer/.build/Intermediates.noindex/ReluxTunnel.build/Debug/ReluxTunnelNativeAdapter.build/Objects-normal/x86_64/ReluxTunnelNativeAdapter-Swift.h -working-directory /Users/iv/Developer/relux-tunnel/.swiftpm/xcode -experimental-emit-module-separately -disable-cmo

Ld /Users/iv/Developer/.build/Intermediates.noindex/ReluxTunnel.build/Debug/ReluxTunnelNativeAdapter.build/Objects-normal/x86_64/Binary/ReluxTunnelNativeAdapter.o normal x86_64 (in target 'ReluxTunnelNativeAdapter' from project 'ReluxTunnel')
    cd /Users/iv/Developer/relux-tunnel
    /Applications/Xcode_26_5.app/Contents/Developer/Toolchains/XcodeDefault.xctoolchain/usr/bin/clang -Xlinker -reproducible -target x86_64-apple-macos15.0 -r -isysroot /Applications/Xcode_26_5.app/Contents/Developer/Platforms/MacOSX.platform/Developer/SDKs/MacOSX26.5.sdk -O0 -F/Users/iv/Developer/.build/Intermediates.noindex/EagerLinkingTBDs/Debug -F/Users/iv/Developer/.build/Products/Debug/PackageFrameworks -F/Users/iv/Developer/.build/Products/Debug -iframework /Applications/Xcode_26_5.app/Contents/Developer/Platforms/MacOSX.platform/Developer/Library/Frameworks -filelist /Users/iv/Developer/.build/Intermediates.noindex/ReluxTunnel.build/Debug/ReluxTunnelNativeAdapter.build/Objects-normal/x86_64/ReluxTunnelNativeAdapter.LinkFileList -nostdlib -Xlinker -object_path_lto -Xlinker /Users/iv/Developer/.build/Intermediates.noindex/ReluxTunnel.build/Debug/ReluxTunnelNativeAdapter.build/Objects-normal/x86_64/ReluxTunnelNativeAdapter_lto.o -Xlinker -no_deduplicate -Xlinker -dependency_info -Xlinker /Users/iv/Developer/.build/Intermediates.noindex/ReluxTunnel.build/Debug/ReluxTunnelNativeAdapter.build/Objects-normal/x86_64/ReluxTunnelNativeAdapter_dependency_info.dat -fobjc-link-runtime -L/Applications/Xcode_26_5.app/Contents/Developer/Toolchains/XcodeDefault.xctoolchain/usr/lib/swift/macosx -L/usr/lib/swift -Xlinker -add_ast_path -Xlinker /Users/iv/Developer/.build/Intermediates.noindex/ReluxTunnel.build/Debug/ReluxTunnelNativeAdapter.build/Objects-normal/x86_64/ReluxTunnelNativeAdapter.swiftmodule @/Users/iv/Developer/.build/Intermediates.noindex/ReluxTunnel.build/Debug/ReluxTunnelNativeAdapter.build/Objects-normal/x86_64/ReluxTunnelNativeAdapter-linker-args.resp -o /Users/iv/Developer/.build/Intermediates.noindex/ReluxTunnel.build/Debug/ReluxTunnelNativeAdapter.build/Objects-normal/x86_64/Binary/ReluxTunnelNativeAdapter.o

CreateUniversalBinary /Users/iv/Developer/.build/Products/Debug/ReluxTunnelNativeAdapter.o normal arm64\ x86_64 (in target 'ReluxTunnelNativeAdapter' from project 'ReluxTunnel')
    cd /Users/iv/Developer/relux-tunnel
    /Applications/Xcode_26_5.app/Contents/Developer/Toolchains/XcodeDefault.xctoolchain/usr/bin/lipo -create /Users/iv/Developer/.build/Intermediates.noindex/ReluxTunnel.build/Debug/ReluxTunnelNativeAdapter.build/Objects-normal/arm64/Binary/ReluxTunnelNativeAdapter.o /Users/iv/Developer/.build/Intermediates.noindex/ReluxTunnel.build/Debug/ReluxTunnelNativeAdapter.build/Objects-normal/x86_64/Binary/ReluxTunnelNativeAdapter.o -output /Users/iv/Developer/.build/Products/Debug/ReluxTunnelNativeAdapter.o

ExtractAppIntentsMetadata (in target 'ReluxTunnelNativeAdapter' from project 'ReluxTunnel')
    cd /Users/iv/Developer/relux-tunnel
    /Applications/Xcode_26_5.app/Contents/Developer/Toolchains/XcodeDefault.xctoolchain/usr/bin/appintentsmetadataprocessor --toolchain-dir /Applications/Xcode_26_5.app/Contents/Developer/Toolchains/XcodeDefault.xctoolchain --module-name ReluxTunnelNativeAdapter --sdk-root /Applications/Xcode_26_5.app/Contents/Developer/Platforms/MacOSX.platform/Developer/SDKs/MacOSX26.5.sdk --xcode-version 17F42 --platform-family macOS --deployment-target 15.0 --bundle-identifier relux-tunnel.ReluxTunnelNativeAdapter --output /Users/iv/Developer/.build/Products/Debug/ReluxTunnelNativeAdapter.appintents --target-triple arm64-apple-macos15.0 --target-triple x86_64-apple-macos15.0 --binary-file /Users/iv/Developer/.build/Products/Debug/ReluxTunnelNativeAdapter.o --dependency-file /Users/iv/Developer/.build/Intermediates.noindex/ReluxTunnel.build/Debug/ReluxTunnelNativeAdapter.build/Objects-normal/arm64/ReluxTunnelNativeAdapter_dependency_info.dat --dependency-file /Users/iv/Developer/.build/Intermediates.noindex/ReluxTunnel.build/Debug/ReluxTunnelNativeAdapter.build/Objects-normal/x86_64/ReluxTunnelNativeAdapter_dependency_info.dat --stringsdata-file /Users/iv/Developer/.build/Intermediates.noindex/ReluxTunnel.build/Debug/ReluxTunnelNativeAdapter.build/Objects-normal/arm64/ExtractedAppShortcutsMetadata.stringsdata --stringsdata-file /Users/iv/Developer/.build/Intermediates.noindex/ReluxTunnel.build/Debug/ReluxTunnelNativeAdapter.build/Objects-normal/x86_64/ExtractedAppShortcutsMetadata.stringsdata --source-file-list /Users/iv/Developer/.build/Intermediates.noindex/ReluxTunnel.build/Debug/ReluxTunnelNativeAdapter.build/Objects-normal/arm64/ReluxTunnelNativeAdapter.SwiftFileList --source-file-list /Users/iv/Developer/.build/Intermediates.noindex/ReluxTunnel.build/Debug/ReluxTunnelNativeAdapter.build/Objects-normal/x86_64/ReluxTunnelNativeAdapter.SwiftFileList --metadata-file-list /Users/iv/Developer/.build/Intermediates.noindex/ReluxTunnel.build/Debug/ReluxTunnelNativeAdapter.build/ReluxTunnelNativeAdapter.DependencyMetadataFileList --static-metadata-file-list /Users/iv/Developer/.build/Intermediates.noindex/ReluxTunnel.build/Debug/ReluxTunnelNativeAdapter.build/ReluxTunnelNativeAdapter.DependencyStaticMetadataFileList --swift-const-vals-list /Users/iv/Developer/.build/Intermediates.noindex/ReluxTunnel.build/Debug/ReluxTunnelNativeAdapter.build/Objects-normal/arm64/ReluxTunnelNativeAdapter.SwiftConstValuesFileList --swift-const-vals-list /Users/iv/Developer/.build/Intermediates.noindex/ReluxTunnel.build/Debug/ReluxTunnelNativeAdapter.build/Objects-normal/x86_64/ReluxTunnelNativeAdapter.SwiftConstValuesFileList --force --compile-time-extraction --deployment-aware-processing --validate-assistant-intents --no-app-shortcuts-localization
2026-07-21 04:38:34.339 appintentsmetadataprocessor[49396:98076227] Starting appintentsmetadataprocessor export
2026-07-21 04:38:34.347 appintentsmetadataprocessor[49396:98076227] Extracted no relevant App Intents symbols, skipping writing output

RegisterExecutionPolicyException /Users/iv/Developer/.build/Products/Debug/ReluxTunnelNativeAdapter.o (in target 'ReluxTunnelNativeAdapter' from project 'ReluxTunnel')
    cd /Users/iv/Developer/relux-tunnel
    builtin-RegisterExecutionPolicyException /Users/iv/Developer/.build/Products/Debug/ReluxTunnelNativeAdapter.o

SwiftEmitModule normal x86_64 Emitting\ module\ for\ ReluxTunnelMacOSAdapter (in target 'ReluxTunnelMacOSAdapter' from project 'ReluxTunnel')

EmitSwiftModule normal x86_64 (in target 'ReluxTunnelMacOSAdapter' from project 'ReluxTunnel')
    cd /Users/iv/Developer/relux-tunnel/.swiftpm/xcode
    

SwiftCompile normal x86_64 Compiling\ MacOSProviderCompositionRoot.swift /Users/iv/Developer/relux-tunnel/Sources/ReluxTunnelMacOSAdapter/MacOSProviderCompositionRoot.swift (in target 'ReluxTunnelMacOSAdapter' from project 'ReluxTunnel')
SwiftCompile normal x86_64 /Users/iv/Developer/relux-tunnel/Sources/ReluxTunnelMacOSAdapter/MacOSProviderCompositionRoot.swift (in target 'ReluxTunnelMacOSAdapter' from project 'ReluxTunnel')
    cd /Users/iv/Developer/relux-tunnel/.swiftpm/xcode
    

SwiftCompile normal x86_64 Compiling\ NativePackagingAnchor.swift /Users/iv/Developer/relux-tunnel/Sources/ReluxTunnelMacOSAdapter/NativePackagingAnchor.swift (in target 'ReluxTunnelMacOSAdapter' from project 'ReluxTunnel')

SwiftCompile normal x86_64 /Users/iv/Developer/relux-tunnel/Sources/ReluxTunnelMacOSAdapter/NativePackagingAnchor.swift (in target 'ReluxTunnelMacOSAdapter' from project 'ReluxTunnel')
    cd /Users/iv/Developer/relux-tunnel/.swiftpm/xcode
    

SwiftCompile normal x86_64 Compiling\ MacOSVPNManagerPreferences.swift /Users/iv/Developer/relux-tunnel/Sources/ReluxTunnelMacOSAdapter/MacOSVPNManagerPreferences.swift (in target 'ReluxTunnelMacOSAdapter' from project 'ReluxTunnel')
SwiftCompile normal x86_64 /Users/iv/Developer/relux-tunnel/Sources/ReluxTunnelMacOSAdapter/MacOSVPNManagerPreferences.swift (in target 'ReluxTunnelMacOSAdapter' from project 'ReluxTunnel')
    cd /Users/iv/Developer/relux-tunnel/.swiftpm/xcode
    

SwiftEmitModule normal arm64 Emitting\ module\ for\ ReluxTunnelMacOSAdapter (in target 'ReluxTunnelMacOSAdapter' from project 'ReluxTunnel')

EmitSwiftModule normal arm64 (in target 'ReluxTunnelMacOSAdapter' from project 'ReluxTunnel')
    cd /Users/iv/Developer/relux-tunnel/.swiftpm/xcode
    

SwiftCompile normal arm64 Compiling\ NativePackagingAnchor.swift /Users/iv/Developer/relux-tunnel/Sources/ReluxTunnelMacOSAdapter/NativePackagingAnchor.swift (in target 'ReluxTunnelMacOSAdapter' from project 'ReluxTunnel')

SwiftCompile normal arm64 /Users/iv/Developer/relux-tunnel/Sources/ReluxTunnelMacOSAdapter/NativePackagingAnchor.swift (in target 'ReluxTunnelMacOSAdapter' from project 'ReluxTunnel')
    cd /Users/iv/Developer/relux-tunnel/.swiftpm/xcode
    

SwiftCompile normal arm64 Compiling\ MacOSVPNManagerPreferences.swift /Users/iv/Developer/relux-tunnel/Sources/ReluxTunnelMacOSAdapter/MacOSVPNManagerPreferences.swift (in target 'ReluxTunnelMacOSAdapter' from project 'ReluxTunnel')

SwiftCompile normal arm64 /Users/iv/Developer/relux-tunnel/Sources/ReluxTunnelMacOSAdapter/MacOSVPNManagerPreferences.swift (in target 'ReluxTunnelMacOSAdapter' from project 'ReluxTunnel')
    cd /Users/iv/Developer/relux-tunnel/.swiftpm/xcode
    

SwiftCompile normal arm64 Compiling\ MacOSProviderCompositionRoot.swift /Users/iv/Developer/relux-tunnel/Sources/ReluxTunnelMacOSAdapter/MacOSProviderCompositionRoot.swift (in target 'ReluxTunnelMacOSAdapter' from project 'ReluxTunnel')

SwiftCompile normal arm64 /Users/iv/Developer/relux-tunnel/Sources/ReluxTunnelMacOSAdapter/MacOSProviderCompositionRoot.swift (in target 'ReluxTunnelMacOSAdapter' from project 'ReluxTunnel')
    cd /Users/iv/Developer/relux-tunnel/.swiftpm/xcode
    

SwiftDriverJobDiscovery normal x86_64 Compiling NativePackagingAnchor.swift (in target 'ReluxTunnelMacOSAdapter' from project 'ReluxTunnel')

SwiftDriverJobDiscovery normal arm64 Compiling NativePackagingAnchor.swift (in target 'ReluxTunnelMacOSAdapter' from project 'ReluxTunnel')

SwiftDriverJobDiscovery normal arm64 Emitting module for ReluxTunnelMacOSAdapter (in target 'ReluxTunnelMacOSAdapter' from project 'ReluxTunnel')

SwiftDriver\ Compilation\ Requirements ReluxTunnelMacOSAdapter normal arm64 com.apple.xcode.tools.swift.compiler (in target 'ReluxTunnelMacOSAdapter' from project 'ReluxTunnel')
    cd /Users/iv/Developer/relux-tunnel/.swiftpm/xcode
    builtin-Swift-Compilation-Requirements -- /Applications/Xcode_26_5.app/Contents/Developer/Toolchains/XcodeDefault.xctoolchain/usr/bin/swiftc -module-name ReluxTunnelMacOSAdapter -Onone @/Users/iv/Developer/.build/Intermediates.noindex/ReluxTunnel.build/Debug/ReluxTunnelMacOSAdapter.build/Objects-normal/arm64/ReluxTunnelMacOSAdapter.SwiftFileList -DSWIFT_PACKAGE -DDEBUG -DSWIFT_MODULE_RESOURCE_BUNDLE_UNAVAILABLE -DXcode -plugin-path /Applications/Xcode_26_5.app/Contents/Developer/Toolchains/XcodeDefault.xctoolchain/usr/lib/swift/host/plugins/testing -enable-experimental-feature DebugDescriptionMacro -sdk /Applications/Xcode_26_5.app/Contents/Developer/Platforms/MacOSX.platform/Developer/SDKs/MacOSX26.5.sdk -target arm64-apple-macos15.0 -g -module-cache-path /Users/iv/Developer/relux-tunnel/.temp/TASK-260715-15vkvz/DerivedData-rework03-macOS/ModuleCache.noindex -Xfrontend -serialize-debugging-options -enable-testing -index-store-path /Users/iv/Developer/relux-tunnel/.temp/TASK-260715-15vkvz/DerivedData-rework03-macOS/Index.noindex/DataStore -Xcc -D_LIBCPP_HARDENING_MODE\=_LIBCPP_HARDENING_MODE_DEBUG -swift-version 6 -I /Users/iv/Developer/.build/Products/Debug -Isystem /Applications/Xcode_26_5.app/Contents/Developer/Platforms/MacOSX.platform/Developer/usr/lib -F /Users/iv/Developer/.build/Products/Debug/PackageFrameworks -F /Users/iv/Developer/.build/Products/Debug/PackageFrameworks -F /Users/iv/Developer/.build/Products/Debug -F /Applications/Xcode_26_5.app/Contents/Developer/Platforms/MacOSX.platform/Developer/Library/Frameworks -c -j16 -enable-batch-mode -incremental -Xcc -ivfsstatcache -Xcc /Users/iv/Developer/relux-tunnel/.temp/TASK-260715-15vkvz/DerivedData-rework03-macOS/SDKStatCaches.noindex/macosx26.5-25F70-b64f947cdd770e773f3848253724d71e.sdkstatcache -output-file-map /Users/iv/Developer/.build/Intermediates.noindex/ReluxTunnel.build/Debug/ReluxTunnelMacOSAdapter.build/Objects-normal/arm64/ReluxTunnelMacOSAdapter-OutputFileMap.json -use-frontend-parseable-output -save-temps -no-color-diagnostics -explicit-module-build -module-cache-path /Users/iv/Developer/.build/Intermediates.noindex/SwiftExplicitPrecompiledModules -clang-scanner-module-cache-path /Users/iv/Developer/relux-tunnel/.temp/TASK-260715-15vkvz/DerivedData-rework03-macOS/ModuleCache.noindex -sdk-module-cache-path /Users/iv/Developer/relux-tunnel/.temp/TASK-260715-15vkvz/DerivedData-rework03-macOS/ModuleCache.noindex -serialize-diagnostics -emit-dependencies -emit-module -emit-module-path /Users/iv/Developer/.build/Intermediates.noindex/ReluxTunnel.build/Debug/ReluxTunnelMacOSAdapter.build/Objects-normal/arm64/ReluxTunnelMacOSAdapter.swiftmodule -validate-clang-modules-once -clang-build-session-file /Users/iv/Developer/relux-tunnel/.temp/TASK-260715-15vkvz/DerivedData-rework03-macOS/ModuleCache.noindex/Session.modulevalidation -package-name relux_tunnel -Xcc -I/Users/iv/Developer/.build/Intermediates.noindex/ReluxTunnel.build/Debug/ReluxTunnelMacOSAdapter.build/swift-overrides.hmap -emit-const-values -Xfrontend -const-gather-protocols-file -Xfrontend /Users/iv/Developer/.build/Intermediates.noindex/ReluxTunnel.build/Debug/ReluxTunnelMacOSAdapter.build/Objects-normal/arm64/ReluxTunnelMacOSAdapter_const_extract_protocols.json -Xcc -I/Users/iv/Developer/.build/Products/Debug/include -Xcc -I/Users/iv/Developer/.build/Intermediates.noindex/ReluxTunnel.build/Debug/ReluxTunnelMacOSAdapter.build/DerivedSources-normal/arm64 -Xcc -I/Users/iv/Developer/.build/Intermediates.noindex/ReluxTunnel.build/Debug/ReluxTunnelMacOSAdapter.build/DerivedSources/arm64 -Xcc -I/Users/iv/Developer/.build/Intermediates.noindex/ReluxTunnel.build/Debug/ReluxTunnelMacOSAdapter.build/DerivedSources -Xcc -DSWIFT_PACKAGE -Xcc -DDEBUG\=1 -emit-objc-header -emit-objc-header-path /Users/iv/Developer/.build/Intermediates.noindex/ReluxTunnel.build/Debug/ReluxTunnelMacOSAdapter.build/Objects-normal/arm64/ReluxTunnelMacOSAdapter-Swift.h -working-directory /Users/iv/Developer/relux-tunnel/.swiftpm/xcode -experimental-emit-module-separately -disable-cmo

SwiftDriverJobDiscovery normal x86_64 Emitting module for ReluxTunnelMacOSAdapter (in target 'ReluxTunnelMacOSAdapter' from project 'ReluxTunnel')

Copy /Users/iv/Developer/.build/Products/Debug/ReluxTunnelMacOSAdapter.swiftmodule/Project/arm64-apple-macos.swiftsourceinfo /Users/iv/Developer/.build/Intermediates.noindex/ReluxTunnel.build/Debug/ReluxTunnelMacOSAdapter.build/Objects-normal/arm64/ReluxTunnelMacOSAdapter.swiftsourceinfo (in target 'ReluxTunnelMacOSAdapter' from project 'ReluxTunnel')
    cd /Users/iv/Developer/relux-tunnel
    builtin-copy -exclude .DS_Store -exclude CVS -exclude .svn -exclude .git -exclude .hg -resolve-src-symlinks -rename /Users/iv/Developer/.build/Intermediates.noindex/ReluxTunnel.build/Debug/ReluxTunnelMacOSAdapter.build/Objects-normal/arm64/ReluxTunnelMacOSAdapter.swiftsourceinfo /Users/iv/Developer/.build/Products/Debug/ReluxTunnelMacOSAdapter.swiftmodule/Project/arm64-apple-macos.swiftsourceinfo

SwiftDriver\ Compilation\ Requirements ReluxTunnelMacOSAdapter normal x86_64 com.apple.xcode.tools.swift.compiler (in target 'ReluxTunnelMacOSAdapter' from project 'ReluxTunnel')
    cd /Users/iv/Developer/relux-tunnel/.swiftpm/xcode
    builtin-Swift-Compilation-Requirements -- /Applications/Xcode_26_5.app/Contents/Developer/Toolchains/XcodeDefault.xctoolchain/usr/bin/swiftc -module-name ReluxTunnelMacOSAdapter -Onone @/Users/iv/Developer/.build/Intermediates.noindex/ReluxTunnel.build/Debug/ReluxTunnelMacOSAdapter.build/Objects-normal/x86_64/ReluxTunnelMacOSAdapter.SwiftFileList -DSWIFT_PACKAGE -DDEBUG -DSWIFT_MODULE_RESOURCE_BUNDLE_UNAVAILABLE -DXcode -plugin-path /Applications/Xcode_26_5.app/Contents/Developer/Toolchains/XcodeDefault.xctoolchain/usr/lib/swift/host/plugins/testing -enable-experimental-feature DebugDescriptionMacro -sdk /Applications/Xcode_26_5.app/Contents/Developer/Platforms/MacOSX.platform/Developer/SDKs/MacOSX26.5.sdk -target x86_64-apple-macos15.0 -g -module-cache-path /Users/iv/Developer/relux-tunnel/.temp/TASK-260715-15vkvz/DerivedData-rework03-macOS/ModuleCache.noindex -Xfrontend -serialize-debugging-options -enable-testing -index-store-path /Users/iv/Developer/relux-tunnel/.temp/TASK-260715-15vkvz/DerivedData-rework03-macOS/Index.noindex/DataStore -Xcc -D_LIBCPP_HARDENING_MODE\=_LIBCPP_HARDENING_MODE_DEBUG -swift-version 6 -I /Users/iv/Developer/.build/Products/Debug -Isystem /Applications/Xcode_26_5.app/Contents/Developer/Platforms/MacOSX.platform/Developer/usr/lib -F /Users/iv/Developer/.build/Products/Debug/PackageFrameworks -F /Users/iv/Developer/.build/Products/Debug/PackageFrameworks -F /Users/iv/Developer/.build/Products/Debug -F /Applications/Xcode_26_5.app/Contents/Developer/Platforms/MacOSX.platform/Developer/Library/Frameworks -c -j16 -enable-batch-mode -incremental -Xcc -ivfsstatcache -Xcc /Users/iv/Developer/relux-tunnel/.temp/TASK-260715-15vkvz/DerivedData-rework03-macOS/SDKStatCaches.noindex/macosx26.5-25F70-b64f947cdd770e773f3848253724d71e.sdkstatcache -output-file-map /Users/iv/Developer/.build/Intermediates.noindex/ReluxTunnel.build/Debug/ReluxTunnelMacOSAdapter.build/Objects-normal/x86_64/ReluxTunnelMacOSAdapter-OutputFileMap.json -use-frontend-parseable-output -save-temps -no-color-diagnostics -explicit-module-build -module-cache-path /Users/iv/Developer/.build/Intermediates.noindex/SwiftExplicitPrecompiledModules -clang-scanner-module-cache-path /Users/iv/Developer/relux-tunnel/.temp/TASK-260715-15vkvz/DerivedData-rework03-macOS/ModuleCache.noindex -sdk-module-cache-path /Users/iv/Developer/relux-tunnel/.temp/TASK-260715-15vkvz/DerivedData-rework03-macOS/ModuleCache.noindex -serialize-diagnostics -emit-dependencies -emit-module -emit-module-path /Users/iv/Developer/.build/Intermediates.noindex/ReluxTunnel.build/Debug/ReluxTunnelMacOSAdapter.build/Objects-normal/x86_64/ReluxTunnelMacOSAdapter.swiftmodule -validate-clang-modules-once -clang-build-session-file /Users/iv/Developer/relux-tunnel/.temp/TASK-260715-15vkvz/DerivedData-rework03-macOS/ModuleCache.noindex/Session.modulevalidation -package-name relux_tunnel -Xcc -I/Users/iv/Developer/.build/Intermediates.noindex/ReluxTunnel.build/Debug/ReluxTunnelMacOSAdapter.build/swift-overrides.hmap -emit-const-values -Xfrontend -const-gather-protocols-file -Xfrontend /Users/iv/Developer/.build/Intermediates.noindex/ReluxTunnel.build/Debug/ReluxTunnelMacOSAdapter.build/Objects-normal/x86_64/ReluxTunnelMacOSAdapter_const_extract_protocols.json -Xcc -I/Users/iv/Developer/.build/Products/Debug/include -Xcc -I/Users/iv/Developer/.build/Intermediates.noindex/ReluxTunnel.build/Debug/ReluxTunnelMacOSAdapter.build/DerivedSources-normal/x86_64 -Xcc -I/Users/iv/Developer/.build/Intermediates.noindex/ReluxTunnel.build/Debug/ReluxTunnelMacOSAdapter.build/DerivedSources/x86_64 -Xcc -I/Users/iv/Developer/.build/Intermediates.noindex/ReluxTunnel.build/Debug/ReluxTunnelMacOSAdapter.build/DerivedSources -Xcc -DSWIFT_PACKAGE -Xcc -DDEBUG\=1 -emit-objc-header -emit-objc-header-path /Users/iv/Developer/.build/Intermediates.noindex/ReluxTunnel.build/Debug/ReluxTunnelMacOSAdapter.build/Objects-normal/x86_64/ReluxTunnelMacOSAdapter-Swift.h -working-directory /Users/iv/Developer/relux-tunnel/.swiftpm/xcode -experimental-emit-module-separately -disable-cmo

Copy /Users/iv/Developer/.build/Products/Debug/ReluxTunnelMacOSAdapter.swiftmodule/x86_64-apple-macos.swiftmodule /Users/iv/Developer/.build/Intermediates.noindex/ReluxTunnel.build/Debug/ReluxTunnelMacOSAdapter.build/Objects-normal/x86_64/ReluxTunnelMacOSAdapter.swiftmodule (in target 'ReluxTunnelMacOSAdapter' from project 'ReluxTunnel')
    cd /Users/iv/Developer/relux-tunnel
    builtin-copy -exclude .DS_Store -exclude CVS -exclude .svn -exclude .git -exclude .hg -resolve-src-symlinks -rename /Users/iv/Developer/.build/Intermediates.noindex/ReluxTunnel.build/Debug/ReluxTunnelMacOSAdapter.build/Objects-normal/x86_64/ReluxTunnelMacOSAdapter.swiftmodule /Users/iv/Developer/.build/Products/Debug/ReluxTunnelMacOSAdapter.swiftmodule/x86_64-apple-macos.swiftmodule

Copy /Users/iv/Developer/.build/Products/Debug/ReluxTunnelMacOSAdapter.swiftmodule/arm64-apple-macos.abi.json /Users/iv/Developer/.build/Intermediates.noindex/ReluxTunnel.build/Debug/ReluxTunnelMacOSAdapter.build/Objects-normal/arm64/ReluxTunnelMacOSAdapter.abi.json (in target 'ReluxTunnelMacOSAdapter' from project 'ReluxTunnel')
    cd /Users/iv/Developer/relux-tunnel
    builtin-copy -exclude .DS_Store -exclude CVS -exclude .svn -exclude .git -exclude .hg -resolve-src-symlinks -rename /Users/iv/Developer/.build/Intermediates.noindex/ReluxTunnel.build/Debug/ReluxTunnelMacOSAdapter.build/Objects-normal/arm64/ReluxTunnelMacOSAdapter.abi.json /Users/iv/Developer/.build/Products/Debug/ReluxTunnelMacOSAdapter.swiftmodule/arm64-apple-macos.abi.json

Copy /Users/iv/Developer/.build/Products/Debug/ReluxTunnelMacOSAdapter.swiftmodule/x86_64-apple-macos.abi.json /Users/iv/Developer/.build/Intermediates.noindex/ReluxTunnel.build/Debug/ReluxTunnelMacOSAdapter.build/Objects-normal/x86_64/ReluxTunnelMacOSAdapter.abi.json (in target 'ReluxTunnelMacOSAdapter' from project 'ReluxTunnel')
    cd /Users/iv/Developer/relux-tunnel
    builtin-copy -exclude .DS_Store -exclude CVS -exclude .svn -exclude .git -exclude .hg -resolve-src-symlinks -rename /Users/iv/Developer/.build/Intermediates.noindex/ReluxTunnel.build/Debug/ReluxTunnelMacOSAdapter.build/Objects-normal/x86_64/ReluxTunnelMacOSAdapter.abi.json /Users/iv/Developer/.build/Products/Debug/ReluxTunnelMacOSAdapter.swiftmodule/x86_64-apple-macos.abi.json

Copy /Users/iv/Developer/.build/Products/Debug/ReluxTunnelMacOSAdapter.swiftmodule/arm64-apple-macos.swiftmodule /Users/iv/Developer/.build/Intermediates.noindex/ReluxTunnel.build/Debug/ReluxTunnelMacOSAdapter.build/Objects-normal/arm64/ReluxTunnelMacOSAdapter.swiftmodule (in target 'ReluxTunnelMacOSAdapter' from project 'ReluxTunnel')
    cd /Users/iv/Developer/relux-tunnel
    builtin-copy -exclude .DS_Store -exclude CVS -exclude .svn -exclude .git -exclude .hg -resolve-src-symlinks -rename /Users/iv/Developer/.build/Intermediates.noindex/ReluxTunnel.build/Debug/ReluxTunnelMacOSAdapter.build/Objects-normal/arm64/ReluxTunnelMacOSAdapter.swiftmodule /Users/iv/Developer/.build/Products/Debug/ReluxTunnelMacOSAdapter.swiftmodule/arm64-apple-macos.swiftmodule

Copy /Users/iv/Developer/.build/Products/Debug/ReluxTunnelMacOSAdapter.swiftmodule/Project/x86_64-apple-macos.swiftsourceinfo /Users/iv/Developer/.build/Intermediates.noindex/ReluxTunnel.build/Debug/ReluxTunnelMacOSAdapter.build/Objects-normal/x86_64/ReluxTunnelMacOSAdapter.swiftsourceinfo (in target 'ReluxTunnelMacOSAdapter' from project 'ReluxTunnel')
    cd /Users/iv/Developer/relux-tunnel
    builtin-copy -exclude .DS_Store -exclude CVS -exclude .svn -exclude .git -exclude .hg -resolve-src-symlinks -rename /Users/iv/Developer/.build/Intermediates.noindex/ReluxTunnel.build/Debug/ReluxTunnelMacOSAdapter.build/Objects-normal/x86_64/ReluxTunnelMacOSAdapter.swiftsourceinfo /Users/iv/Developer/.build/Products/Debug/ReluxTunnelMacOSAdapter.swiftmodule/Project/x86_64-apple-macos.swiftsourceinfo

SwiftDriverJobDiscovery normal arm64 Compiling MacOSProviderCompositionRoot.swift (in target 'ReluxTunnelMacOSAdapter' from project 'ReluxTunnel')

SwiftDriverJobDiscovery normal x86_64 Compiling MacOSProviderCompositionRoot.swift (in target 'ReluxTunnelMacOSAdapter' from project 'ReluxTunnel')

SwiftDriverJobDiscovery normal arm64 Compiling MacOSVPNManagerPreferences.swift (in target 'ReluxTunnelMacOSAdapter' from project 'ReluxTunnel')

SwiftDriver\ Compilation ReluxTunnelMacOSAdapter normal arm64 com.apple.xcode.tools.swift.compiler (in target 'ReluxTunnelMacOSAdapter' from project 'ReluxTunnel')
    cd /Users/iv/Developer/relux-tunnel/.swiftpm/xcode
    builtin-Swift-Compilation -- /Applications/Xcode_26_5.app/Contents/Developer/Toolchains/XcodeDefault.xctoolchain/usr/bin/swiftc -module-name ReluxTunnelMacOSAdapter -Onone @/Users/iv/Developer/.build/Intermediates.noindex/ReluxTunnel.build/Debug/ReluxTunnelMacOSAdapter.build/Objects-normal/arm64/ReluxTunnelMacOSAdapter.SwiftFileList -DSWIFT_PACKAGE -DDEBUG -DSWIFT_MODULE_RESOURCE_BUNDLE_UNAVAILABLE -DXcode -plugin-path /Applications/Xcode_26_5.app/Contents/Developer/Toolchains/XcodeDefault.xctoolchain/usr/lib/swift/host/plugins/testing -enable-experimental-feature DebugDescriptionMacro -sdk /Applications/Xcode_26_5.app/Contents/Developer/Platforms/MacOSX.platform/Developer/SDKs/MacOSX26.5.sdk -target arm64-apple-macos15.0 -g -module-cache-path /Users/iv/Developer/relux-tunnel/.temp/TASK-260715-15vkvz/DerivedData-rework03-macOS/ModuleCache.noindex -Xfrontend -serialize-debugging-options -enable-testing -index-store-path /Users/iv/Developer/relux-tunnel/.temp/TASK-260715-15vkvz/DerivedData-rework03-macOS/Index.noindex/DataStore -Xcc -D_LIBCPP_HARDENING_MODE\=_LIBCPP_HARDENING_MODE_DEBUG -swift-version 6 -I /Users/iv/Developer/.build/Products/Debug -Isystem /Applications/Xcode_26_5.app/Contents/Developer/Platforms/MacOSX.platform/Developer/usr/lib -F /Users/iv/Developer/.build/Products/Debug/PackageFrameworks -F /Users/iv/Developer/.build/Products/Debug/PackageFrameworks -F /Users/iv/Developer/.build/Products/Debug -F /Applications/Xcode_26_5.app/Contents/Developer/Platforms/MacOSX.platform/Developer/Library/Frameworks -c -j16 -enable-batch-mode -incremental -Xcc -ivfsstatcache -Xcc /Users/iv/Developer/relux-tunnel/.temp/TASK-260715-15vkvz/DerivedData-rework03-macOS/SDKStatCaches.noindex/macosx26.5-25F70-b64f947cdd770e773f3848253724d71e.sdkstatcache -output-file-map /Users/iv/Developer/.build/Intermediates.noindex/ReluxTunnel.build/Debug/ReluxTunnelMacOSAdapter.build/Objects-normal/arm64/ReluxTunnelMacOSAdapter-OutputFileMap.json -use-frontend-parseable-output -save-temps -no-color-diagnostics -explicit-module-build -module-cache-path /Users/iv/Developer/.build/Intermediates.noindex/SwiftExplicitPrecompiledModules -clang-scanner-module-cache-path /Users/iv/Developer/relux-tunnel/.temp/TASK-260715-15vkvz/DerivedData-rework03-macOS/ModuleCache.noindex -sdk-module-cache-path /Users/iv/Developer/relux-tunnel/.temp/TASK-260715-15vkvz/DerivedData-rework03-macOS/ModuleCache.noindex -serialize-diagnostics -emit-dependencies -emit-module -emit-module-path /Users/iv/Developer/.build/Intermediates.noindex/ReluxTunnel.build/Debug/ReluxTunnelMacOSAdapter.build/Objects-normal/arm64/ReluxTunnelMacOSAdapter.swiftmodule -validate-clang-modules-once -clang-build-session-file /Users/iv/Developer/relux-tunnel/.temp/TASK-260715-15vkvz/DerivedData-rework03-macOS/ModuleCache.noindex/Session.modulevalidation -package-name relux_tunnel -Xcc -I/Users/iv/Developer/.build/Intermediates.noindex/ReluxTunnel.build/Debug/ReluxTunnelMacOSAdapter.build/swift-overrides.hmap -emit-const-values -Xfrontend -const-gather-protocols-file -Xfrontend /Users/iv/Developer/.build/Intermediates.noindex/ReluxTunnel.build/Debug/ReluxTunnelMacOSAdapter.build/Objects-normal/arm64/ReluxTunnelMacOSAdapter_const_extract_protocols.json -Xcc -I/Users/iv/Developer/.build/Products/Debug/include -Xcc -I/Users/iv/Developer/.build/Intermediates.noindex/ReluxTunnel.build/Debug/ReluxTunnelMacOSAdapter.build/DerivedSources-normal/arm64 -Xcc -I/Users/iv/Developer/.build/Intermediates.noindex/ReluxTunnel.build/Debug/ReluxTunnelMacOSAdapter.build/DerivedSources/arm64 -Xcc -I/Users/iv/Developer/.build/Intermediates.noindex/ReluxTunnel.build/Debug/ReluxTunnelMacOSAdapter.build/DerivedSources -Xcc -DSWIFT_PACKAGE -Xcc -DDEBUG\=1 -emit-objc-header -emit-objc-header-path /Users/iv/Developer/.build/Intermediates.noindex/ReluxTunnel.build/Debug/ReluxTunnelMacOSAdapter.build/Objects-normal/arm64/ReluxTunnelMacOSAdapter-Swift.h -working-directory /Users/iv/Developer/relux-tunnel/.swiftpm/xcode -experimental-emit-module-separately -disable-cmo

SwiftDriverJobDiscovery normal x86_64 Compiling MacOSVPNManagerPreferences.swift (in target 'ReluxTunnelMacOSAdapter' from project 'ReluxTunnel')

SwiftDriver\ Compilation ReluxTunnelMacOSAdapter normal x86_64 com.apple.xcode.tools.swift.compiler (in target 'ReluxTunnelMacOSAdapter' from project 'ReluxTunnel')
    cd /Users/iv/Developer/relux-tunnel/.swiftpm/xcode
    builtin-Swift-Compilation -- /Applications/Xcode_26_5.app/Contents/Developer/Toolchains/XcodeDefault.xctoolchain/usr/bin/swiftc -module-name ReluxTunnelMacOSAdapter -Onone @/Users/iv/Developer/.build/Intermediates.noindex/ReluxTunnel.build/Debug/ReluxTunnelMacOSAdapter.build/Objects-normal/x86_64/ReluxTunnelMacOSAdapter.SwiftFileList -DSWIFT_PACKAGE -DDEBUG -DSWIFT_MODULE_RESOURCE_BUNDLE_UNAVAILABLE -DXcode -plugin-path /Applications/Xcode_26_5.app/Contents/Developer/Toolchains/XcodeDefault.xctoolchain/usr/lib/swift/host/plugins/testing -enable-experimental-feature DebugDescriptionMacro -sdk /Applications/Xcode_26_5.app/Contents/Developer/Platforms/MacOSX.platform/Developer/SDKs/MacOSX26.5.sdk -target x86_64-apple-macos15.0 -g -module-cache-path /Users/iv/Developer/relux-tunnel/.temp/TASK-260715-15vkvz/DerivedData-rework03-macOS/ModuleCache.noindex -Xfrontend -serialize-debugging-options -enable-testing -index-store-path /Users/iv/Developer/relux-tunnel/.temp/TASK-260715-15vkvz/DerivedData-rework03-macOS/Index.noindex/DataStore -Xcc -D_LIBCPP_HARDENING_MODE\=_LIBCPP_HARDENING_MODE_DEBUG -swift-version 6 -I /Users/iv/Developer/.build/Products/Debug -Isystem /Applications/Xcode_26_5.app/Contents/Developer/Platforms/MacOSX.platform/Developer/usr/lib -F /Users/iv/Developer/.build/Products/Debug/PackageFrameworks -F /Users/iv/Developer/.build/Products/Debug/PackageFrameworks -F /Users/iv/Developer/.build/Products/Debug -F /Applications/Xcode_26_5.app/Contents/Developer/Platforms/MacOSX.platform/Developer/Library/Frameworks -c -j16 -enable-batch-mode -incremental -Xcc -ivfsstatcache -Xcc /Users/iv/Developer/relux-tunnel/.temp/TASK-260715-15vkvz/DerivedData-rework03-macOS/SDKStatCaches.noindex/macosx26.5-25F70-b64f947cdd770e773f3848253724d71e.sdkstatcache -output-file-map /Users/iv/Developer/.build/Intermediates.noindex/ReluxTunnel.build/Debug/ReluxTunnelMacOSAdapter.build/Objects-normal/x86_64/ReluxTunnelMacOSAdapter-OutputFileMap.json -use-frontend-parseable-output -save-temps -no-color-diagnostics -explicit-module-build -module-cache-path /Users/iv/Developer/.build/Intermediates.noindex/SwiftExplicitPrecompiledModules -clang-scanner-module-cache-path /Users/iv/Developer/relux-tunnel/.temp/TASK-260715-15vkvz/DerivedData-rework03-macOS/ModuleCache.noindex -sdk-module-cache-path /Users/iv/Developer/relux-tunnel/.temp/TASK-260715-15vkvz/DerivedData-rework03-macOS/ModuleCache.noindex -serialize-diagnostics -emit-dependencies -emit-module -emit-module-path /Users/iv/Developer/.build/Intermediates.noindex/ReluxTunnel.build/Debug/ReluxTunnelMacOSAdapter.build/Objects-normal/x86_64/ReluxTunnelMacOSAdapter.swiftmodule -validate-clang-modules-once -clang-build-session-file /Users/iv/Developer/relux-tunnel/.temp/TASK-260715-15vkvz/DerivedData-rework03-macOS/ModuleCache.noindex/Session.modulevalidation -package-name relux_tunnel -Xcc -I/Users/iv/Developer/.build/Intermediates.noindex/ReluxTunnel.build/Debug/ReluxTunnelMacOSAdapter.build/swift-overrides.hmap -emit-const-values -Xfrontend -const-gather-protocols-file -Xfrontend /Users/iv/Developer/.build/Intermediates.noindex/ReluxTunnel.build/Debug/ReluxTunnelMacOSAdapter.build/Objects-normal/x86_64/ReluxTunnelMacOSAdapter_const_extract_protocols.json -Xcc -I/Users/iv/Developer/.build/Products/Debug/include -Xcc -I/Users/iv/Developer/.build/Intermediates.noindex/ReluxTunnel.build/Debug/ReluxTunnelMacOSAdapter.build/DerivedSources-normal/x86_64 -Xcc -I/Users/iv/Developer/.build/Intermediates.noindex/ReluxTunnel.build/Debug/ReluxTunnelMacOSAdapter.build/DerivedSources/x86_64 -Xcc -I/Users/iv/Developer/.build/Intermediates.noindex/ReluxTunnel.build/Debug/ReluxTunnelMacOSAdapter.build/DerivedSources -Xcc -DSWIFT_PACKAGE -Xcc -DDEBUG\=1 -emit-objc-header -emit-objc-header-path /Users/iv/Developer/.build/Intermediates.noindex/ReluxTunnel.build/Debug/ReluxTunnelMacOSAdapter.build/Objects-normal/x86_64/ReluxTunnelMacOSAdapter-Swift.h -working-directory /Users/iv/Developer/relux-tunnel/.swiftpm/xcode -experimental-emit-module-separately -disable-cmo

Ld /Users/iv/Developer/.build/Intermediates.noindex/ReluxTunnel.build/Debug/ReluxTunnelMacOSAdapter.build/Objects-normal/arm64/Binary/ReluxTunnelMacOSAdapter.o normal arm64 (in target 'ReluxTunnelMacOSAdapter' from project 'ReluxTunnel')
    cd /Users/iv/Developer/relux-tunnel
    /Applications/Xcode_26_5.app/Contents/Developer/Toolchains/XcodeDefault.xctoolchain/usr/bin/clang -Xlinker -reproducible -target arm64-apple-macos15.0 -r -isysroot /Applications/Xcode_26_5.app/Contents/Developer/Platforms/MacOSX.platform/Developer/SDKs/MacOSX26.5.sdk -O0 -F/Users/iv/Developer/.build/Intermediates.noindex/EagerLinkingTBDs/Debug -F/Users/iv/Developer/.build/Products/Debug/PackageFrameworks -F/Users/iv/Developer/.build/Products/Debug/PackageFrameworks -F/Users/iv/Developer/.build/Products/Debug -iframework /Applications/Xcode_26_5.app/Contents/Developer/Platforms/MacOSX.platform/Developer/Library/Frameworks -filelist /Users/iv/Developer/.build/Intermediates.noindex/ReluxTunnel.build/Debug/ReluxTunnelMacOSAdapter.build/Objects-normal/arm64/ReluxTunnelMacOSAdapter.LinkFileList -nostdlib -Xlinker -object_path_lto -Xlinker /Users/iv/Developer/.build/Intermediates.noindex/ReluxTunnel.build/Debug/ReluxTunnelMacOSAdapter.build/Objects-normal/arm64/ReluxTunnelMacOSAdapter_lto.o -Xlinker -no_deduplicate -Xlinker -dependency_info -Xlinker /Users/iv/Developer/.build/Intermediates.noindex/ReluxTunnel.build/Debug/ReluxTunnelMacOSAdapter.build/Objects-normal/arm64/ReluxTunnelMacOSAdapter_dependency_info.dat -fobjc-link-runtime -L/Applications/Xcode_26_5.app/Contents/Developer/Toolchains/XcodeDefault.xctoolchain/usr/lib/swift/macosx -L/usr/lib/swift -Xlinker -add_ast_path -Xlinker /Users/iv/Developer/.build/Intermediates.noindex/ReluxTunnel.build/Debug/ReluxTunnelMacOSAdapter.build/Objects-normal/arm64/ReluxTunnelMacOSAdapter.swiftmodule @/Users/iv/Developer/.build/Intermediates.noindex/ReluxTunnel.build/Debug/ReluxTunnelMacOSAdapter.build/Objects-normal/arm64/ReluxTunnelMacOSAdapter-linker-args.resp -o /Users/iv/Developer/.build/Intermediates.noindex/ReluxTunnel.build/Debug/ReluxTunnelMacOSAdapter.build/Objects-normal/arm64/Binary/ReluxTunnelMacOSAdapter.o

Ld /Users/iv/Developer/.build/Intermediates.noindex/ReluxTunnel.build/Debug/ReluxTunnelMacOSAdapter.build/Objects-normal/x86_64/Binary/ReluxTunnelMacOSAdapter.o normal x86_64 (in target 'ReluxTunnelMacOSAdapter' from project 'ReluxTunnel')
    cd /Users/iv/Developer/relux-tunnel
    /Applications/Xcode_26_5.app/Contents/Developer/Toolchains/XcodeDefault.xctoolchain/usr/bin/clang -Xlinker -reproducible -target x86_64-apple-macos15.0 -r -isysroot /Applications/Xcode_26_5.app/Contents/Developer/Platforms/MacOSX.platform/Developer/SDKs/MacOSX26.5.sdk -O0 -F/Users/iv/Developer/.build/Intermediates.noindex/EagerLinkingTBDs/Debug -F/Users/iv/Developer/.build/Products/Debug/PackageFrameworks -F/Users/iv/Developer/.build/Products/Debug/PackageFrameworks -F/Users/iv/Developer/.build/Products/Debug -iframework /Applications/Xcode_26_5.app/Contents/Developer/Platforms/MacOSX.platform/Developer/Library/Frameworks -filelist /Users/iv/Developer/.build/Intermediates.noindex/ReluxTunnel.build/Debug/ReluxTunnelMacOSAdapter.build/Objects-normal/x86_64/ReluxTunnelMacOSAdapter.LinkFileList -nostdlib -Xlinker -object_path_lto -Xlinker /Users/iv/Developer/.build/Intermediates.noindex/ReluxTunnel.build/Debug/ReluxTunnelMacOSAdapter.build/Objects-normal/x86_64/ReluxTunnelMacOSAdapter_lto.o -Xlinker -no_deduplicate -Xlinker -dependency_info -Xlinker /Users/iv/Developer/.build/Intermediates.noindex/ReluxTunnel.build/Debug/ReluxTunnelMacOSAdapter.build/Objects-normal/x86_64/ReluxTunnelMacOSAdapter_dependency_info.dat -fobjc-link-runtime -L/Applications/Xcode_26_5.app/Contents/Developer/Toolchains/XcodeDefault.xctoolchain/usr/lib/swift/macosx -L/usr/lib/swift -Xlinker -add_ast_path -Xlinker /Users/iv/Developer/.build/Intermediates.noindex/ReluxTunnel.build/Debug/ReluxTunnelMacOSAdapter.build/Objects-normal/x86_64/ReluxTunnelMacOSAdapter.swiftmodule @/Users/iv/Developer/.build/Intermediates.noindex/ReluxTunnel.build/Debug/ReluxTunnelMacOSAdapter.build/Objects-normal/x86_64/ReluxTunnelMacOSAdapter-linker-args.resp -o /Users/iv/Developer/.build/Intermediates.noindex/ReluxTunnel.build/Debug/ReluxTunnelMacOSAdapter.build/Objects-normal/x86_64/Binary/ReluxTunnelMacOSAdapter.o

CreateUniversalBinary /Users/iv/Developer/.build/Products/Debug/ReluxTunnelMacOSAdapter.o normal arm64\ x86_64 (in target 'ReluxTunnelMacOSAdapter' from project 'ReluxTunnel')
    cd /Users/iv/Developer/relux-tunnel
    /Applications/Xcode_26_5.app/Contents/Developer/Toolchains/XcodeDefault.xctoolchain/usr/bin/lipo -create /Users/iv/Developer/.build/Intermediates.noindex/ReluxTunnel.build/Debug/ReluxTunnelMacOSAdapter.build/Objects-normal/arm64/Binary/ReluxTunnelMacOSAdapter.o /Users/iv/Developer/.build/Intermediates.noindex/ReluxTunnel.build/Debug/ReluxTunnelMacOSAdapter.build/Objects-normal/x86_64/Binary/ReluxTunnelMacOSAdapter.o -output /Users/iv/Developer/.build/Products/Debug/ReluxTunnelMacOSAdapter.o

ExtractAppIntentsMetadata (in target 'ReluxTunnelMacOSAdapter' from project 'ReluxTunnel')
    cd /Users/iv/Developer/relux-tunnel
    /Applications/Xcode_26_5.app/Contents/Developer/Toolchains/XcodeDefault.xctoolchain/usr/bin/appintentsmetadataprocessor --toolchain-dir /Applications/Xcode_26_5.app/Contents/Developer/Toolchains/XcodeDefault.xctoolchain --module-name ReluxTunnelMacOSAdapter --sdk-root /Applications/Xcode_26_5.app/Contents/Developer/Platforms/MacOSX.platform/Developer/SDKs/MacOSX26.5.sdk --xcode-version 17F42 --platform-family macOS --deployment-target 15.0 --bundle-identifier relux-tunnel.ReluxTunnelMacOSAdapter --output /Users/iv/Developer/.build/Products/Debug/ReluxTunnelMacOSAdapter.appintents --target-triple arm64-apple-macos15.0 --target-triple x86_64-apple-macos15.0 --binary-file /Users/iv/Developer/.build/Products/Debug/ReluxTunnelMacOSAdapter.o --dependency-file /Users/iv/Developer/.build/Intermediates.noindex/ReluxTunnel.build/Debug/ReluxTunnelMacOSAdapter.build/Objects-normal/arm64/ReluxTunnelMacOSAdapter_dependency_info.dat --dependency-file /Users/iv/Developer/.build/Intermediates.noindex/ReluxTunnel.build/Debug/ReluxTunnelMacOSAdapter.build/Objects-normal/x86_64/ReluxTunnelMacOSAdapter_dependency_info.dat --stringsdata-file /Users/iv/Developer/.build/Intermediates.noindex/ReluxTunnel.build/Debug/ReluxTunnelMacOSAdapter.build/Objects-normal/arm64/ExtractedAppShortcutsMetadata.stringsdata --stringsdata-file /Users/iv/Developer/.build/Intermediates.noindex/ReluxTunnel.build/Debug/ReluxTunnelMacOSAdapter.build/Objects-normal/x86_64/ExtractedAppShortcutsMetadata.stringsdata --source-file-list /Users/iv/Developer/.build/Intermediates.noindex/ReluxTunnel.build/Debug/ReluxTunnelMacOSAdapter.build/Objects-normal/arm64/ReluxTunnelMacOSAdapter.SwiftFileList --source-file-list /Users/iv/Developer/.build/Intermediates.noindex/ReluxTunnel.build/Debug/ReluxTunnelMacOSAdapter.build/Objects-normal/x86_64/ReluxTunnelMacOSAdapter.SwiftFileList --metadata-file-list /Users/iv/Developer/.build/Intermediates.noindex/ReluxTunnel.build/Debug/ReluxTunnelMacOSAdapter.build/ReluxTunnelMacOSAdapter.DependencyMetadataFileList --static-metadata-file-list /Users/iv/Developer/.build/Intermediates.noindex/ReluxTunnel.build/Debug/ReluxTunnelMacOSAdapter.build/ReluxTunnelMacOSAdapter.DependencyStaticMetadataFileList --swift-const-vals-list /Users/iv/Developer/.build/Intermediates.noindex/ReluxTunnel.build/Debug/ReluxTunnelMacOSAdapter.build/Objects-normal/arm64/ReluxTunnelMacOSAdapter.SwiftConstValuesFileList --swift-const-vals-list /Users/iv/Developer/.build/Intermediates.noindex/ReluxTunnel.build/Debug/ReluxTunnelMacOSAdapter.build/Objects-normal/x86_64/ReluxTunnelMacOSAdapter.SwiftConstValuesFileList --force --compile-time-extraction --deployment-aware-processing --validate-assistant-intents --no-app-shortcuts-localization
2026-07-21 04:38:34.804 appintentsmetadataprocessor[49414:98076318] Starting appintentsmetadataprocessor export
2026-07-21 04:38:34.812 appintentsmetadataprocessor[49414:98076318] Extracted no relevant App Intents symbols, skipping writing output

RegisterExecutionPolicyException /Users/iv/Developer/.build/Products/Debug/ReluxTunnelMacOSAdapter.o (in target 'ReluxTunnelMacOSAdapter' from project 'ReluxTunnel')
    cd /Users/iv/Developer/relux-tunnel
    builtin-RegisterExecutionPolicyException /Users/iv/Developer/.build/Products/Debug/ReluxTunnelMacOSAdapter.o

** BUILD SUCCEEDED ** [9.303 sec]

