Command line invocation:
    /Applications/Xcode_26_5.app/Contents/Developer/usr/bin/xcodebuild -scheme ReluxTunnelIOSAdapter -destination "generic/platform=iOS Simulator" -derivedDataPath .temp/TASK-260715-15vkvz/DerivedData-iOS CODE_SIGNING_ALLOWED=NO build

Build settings from command line:
    CODE_SIGNING_ALLOWED = NO

Resolve Package Graph


Resolved source packages:
  ReluxTunnel: /Users/iv/Developer/relux-tunnel

ComputePackagePrebuildTargetDependencyGraph

Prepare packages

CreateBuildRequest

SendProjectDescription

CreateBuildOperation

ComputeTargetDependencyGraph
note: Building targets in dependency order
note: Target dependency graph (4 targets)
    Target 'ReluxTunnelIOSAdapter' in project 'ReluxTunnel'
        ➜ Explicit dependency on target 'ReluxTunnelIOSAdapter' in project 'ReluxTunnel'
        ➜ Explicit dependency on target 'ReluxTunnelCore' in project 'ReluxTunnel'
        ➜ Explicit dependency on target 'ReluxTunnelNativeAdapter' in project 'ReluxTunnel'
    Target 'ReluxTunnelIOSAdapter' in project 'ReluxTunnel'
        ➜ Explicit dependency on target 'ReluxTunnelCore' in project 'ReluxTunnel'
        ➜ Explicit dependency on target 'ReluxTunnelNativeAdapter' in project 'ReluxTunnel'
    Target 'ReluxTunnelNativeAdapter' in project 'ReluxTunnel'
        ➜ Explicit dependency on target 'ReluxTunnelCore' in project 'ReluxTunnel'
    Target 'ReluxTunnelCore' in project 'ReluxTunnel' (no dependencies)

GatherProvisioningInputs

CreateBuildDescription

ExecuteExternalTool /Applications/Xcode_26_5.app/Contents/Developer/Toolchains/XcodeDefault.xctoolchain/usr/bin/clang -v -E -dM -isysroot /Applications/Xcode_26_5.app/Contents/Developer/Platforms/iPhoneSimulator.platform/Developer/SDKs/iPhoneSimulator26.5.sdk -x c -c /dev/null

ExecuteExternalTool /Applications/Xcode_26_5.app/Contents/Developer/Toolchains/XcodeDefault.xctoolchain/usr/bin/swiftc --version

ExecuteExternalTool /Applications/Xcode_26_5.app/Contents/Developer/Toolchains/XcodeDefault.xctoolchain/usr/bin/ld -version_details

ReadFileContents /Applications/Xcode_26_5.app/Contents/Developer/Toolchains/XcodeDefault.xctoolchain/usr/share/docc/features.json

Build description signature: 5b9fe35281b4eb313c3ce29f70099ebf
Build description path: /Users/iv/Developer/.build/Intermediates.noindex/XCBuildData/5b9fe35281b4eb313c3ce29f70099ebf.xcbuilddata
ClangStatCache /Applications/Xcode_26_5.app/Contents/Developer/Toolchains/XcodeDefault.xctoolchain/usr/bin/clang-stat-cache /Applications/Xcode_26_5.app/Contents/Developer/Platforms/iPhoneSimulator.platform/Developer/SDKs/iPhoneSimulator26.5.sdk /Users/iv/Developer/relux-tunnel/.temp/TASK-260715-15vkvz/DerivedData-iOS/SDKStatCaches.noindex/iphonesimulator26.5-23F73-9976ff0a46533d0d3305099c8405181f.sdkstatcache
    cd /Users/iv/Developer/relux-tunnel/.swiftpm/xcode
    /Applications/Xcode_26_5.app/Contents/Developer/Toolchains/XcodeDefault.xctoolchain/usr/bin/clang-stat-cache /Applications/Xcode_26_5.app/Contents/Developer/Platforms/iPhoneSimulator.platform/Developer/SDKs/iPhoneSimulator26.5.sdk -o /Users/iv/Developer/relux-tunnel/.temp/TASK-260715-15vkvz/DerivedData-iOS/SDKStatCaches.noindex/iphonesimulator26.5-23F73-9976ff0a46533d0d3305099c8405181f.sdkstatcache

CreateBuildDirectory /Users/iv/Developer/.build/Products/Debug-iphonesimulator
    cd /Users/iv/Developer/relux-tunnel/.swiftpm/xcode
    builtin-create-build-directory /Users/iv/Developer/.build/Products/Debug-iphonesimulator

CreateBuildDirectory /Users/iv/Developer/.build/Intermediates.noindex/EagerLinkingTBDs/Debug-iphonesimulator
    cd /Users/iv/Developer/relux-tunnel/.swiftpm/xcode
    builtin-create-build-directory /Users/iv/Developer/.build/Intermediates.noindex/EagerLinkingTBDs/Debug-iphonesimulator

CreateBuildDirectory /Users/iv/Developer/.build/Products/Debug-iphonesimulator/PackageFrameworks
    cd /Users/iv/Developer/relux-tunnel/.swiftpm/xcode
    builtin-create-build-directory /Users/iv/Developer/.build/Products/Debug-iphonesimulator/PackageFrameworks

ProcessXCFramework /Users/iv/Developer/relux-tunnel/NativeDependencies/Artifacts/ReluxNativeFixture.xcframework /Users/iv/Developer/.build/Products/Debug-iphonesimulator/libCReluxNativeFixture.a ios simulator
    cd /Users/iv/Developer/relux-tunnel/.swiftpm/xcode
    builtin-process-xcframework --xcframework /Users/iv/Developer/relux-tunnel/NativeDependencies/Artifacts/ReluxNativeFixture.xcframework --platform ios --environment simulator --target-path /Users/iv/Developer/.build/Products/Debug-iphonesimulator

WriteAuxiliaryFile /Users/iv/Developer/.build/Intermediates.noindex/ReluxTunnel.build/Debug-iphonesimulator/ReluxTunnelCore.build/ReluxTunnelCore.DependencyMetadataFileList (in target 'ReluxTunnelCore' from project 'ReluxTunnel')
    cd /Users/iv/Developer/relux-tunnel
    write-file /Users/iv/Developer/.build/Intermediates.noindex/ReluxTunnel.build/Debug-iphonesimulator/ReluxTunnelCore.build/ReluxTunnelCore.DependencyMetadataFileList

WriteAuxiliaryFile /Users/iv/Developer/.build/Intermediates.noindex/ReluxTunnel.build/Debug-iphonesimulator/ReluxTunnelCore.build/ReluxTunnelCore.DependencyStaticMetadataFileList (in target 'ReluxTunnelCore' from project 'ReluxTunnel')
    cd /Users/iv/Developer/relux-tunnel
    write-file /Users/iv/Developer/.build/Intermediates.noindex/ReluxTunnel.build/Debug-iphonesimulator/ReluxTunnelCore.build/ReluxTunnelCore.DependencyStaticMetadataFileList

WriteAuxiliaryFile /Users/iv/Developer/.build/Intermediates.noindex/ReluxTunnel.build/Debug-iphonesimulator/ReluxTunnelCore.build/ReluxTunnelCore.modulemap (in target 'ReluxTunnelCore' from project 'ReluxTunnel')
    cd /Users/iv/Developer/relux-tunnel
    write-file /Users/iv/Developer/.build/Intermediates.noindex/ReluxTunnel.build/Debug-iphonesimulator/ReluxTunnelCore.build/ReluxTunnelCore.modulemap

WriteAuxiliaryFile /Users/iv/Developer/.build/Intermediates.noindex/ReluxTunnel.build/Debug-iphonesimulator/ReluxTunnelCore.build/Objects-normal/x86_64/ReluxTunnelCore-OutputFileMap.json (in target 'ReluxTunnelCore' from project 'ReluxTunnel')
    cd /Users/iv/Developer/relux-tunnel
    write-file /Users/iv/Developer/.build/Intermediates.noindex/ReluxTunnel.build/Debug-iphonesimulator/ReluxTunnelCore.build/Objects-normal/x86_64/ReluxTunnelCore-OutputFileMap.json

WriteAuxiliaryFile /Users/iv/Developer/.build/Intermediates.noindex/ReluxTunnel.build/Debug-iphonesimulator/ReluxTunnelCore.build/Objects-normal/x86_64/ReluxTunnelCore_const_extract_protocols.json (in target 'ReluxTunnelCore' from project 'ReluxTunnel')
    cd /Users/iv/Developer/relux-tunnel
    write-file /Users/iv/Developer/.build/Intermediates.noindex/ReluxTunnel.build/Debug-iphonesimulator/ReluxTunnelCore.build/Objects-normal/x86_64/ReluxTunnelCore_const_extract_protocols.json

WriteAuxiliaryFile /Users/iv/Developer/.build/Intermediates.noindex/ReluxTunnel.build/Debug-iphonesimulator/ReluxTunnelCore.build/Objects-normal/x86_64/ReluxTunnelCore.SwiftConstValuesFileList (in target 'ReluxTunnelCore' from project 'ReluxTunnel')
    cd /Users/iv/Developer/relux-tunnel
    write-file /Users/iv/Developer/.build/Intermediates.noindex/ReluxTunnel.build/Debug-iphonesimulator/ReluxTunnelCore.build/Objects-normal/x86_64/ReluxTunnelCore.SwiftConstValuesFileList

WriteAuxiliaryFile /Users/iv/Developer/.build/Intermediates.noindex/ReluxTunnel.build/Debug-iphonesimulator/ReluxTunnelCore.build/Objects-normal/arm64/ReluxTunnelCore.SwiftConstValuesFileList (in target 'ReluxTunnelCore' from project 'ReluxTunnel')
    cd /Users/iv/Developer/relux-tunnel
    write-file /Users/iv/Developer/.build/Intermediates.noindex/ReluxTunnel.build/Debug-iphonesimulator/ReluxTunnelCore.build/Objects-normal/arm64/ReluxTunnelCore.SwiftConstValuesFileList

WriteAuxiliaryFile /Users/iv/Developer/.build/Intermediates.noindex/ReluxTunnel.build/Debug-iphonesimulator/ReluxTunnelCore.build/Objects-normal/x86_64/ReluxTunnelCore.LinkFileList (in target 'ReluxTunnelCore' from project 'ReluxTunnel')
    cd /Users/iv/Developer/relux-tunnel
    write-file /Users/iv/Developer/.build/Intermediates.noindex/ReluxTunnel.build/Debug-iphonesimulator/ReluxTunnelCore.build/Objects-normal/x86_64/ReluxTunnelCore.LinkFileList

WriteAuxiliaryFile /Users/iv/Developer/.build/Intermediates.noindex/ReluxTunnel.build/Debug-iphonesimulator/ReluxTunnelCore.build/Objects-normal/arm64/ReluxTunnelCore.LinkFileList (in target 'ReluxTunnelCore' from project 'ReluxTunnel')
    cd /Users/iv/Developer/relux-tunnel
    write-file /Users/iv/Developer/.build/Intermediates.noindex/ReluxTunnel.build/Debug-iphonesimulator/ReluxTunnelCore.build/Objects-normal/arm64/ReluxTunnelCore.LinkFileList

WriteAuxiliaryFile /Users/iv/Developer/.build/Intermediates.noindex/ReluxTunnel.build/Debug-iphonesimulator/ReluxTunnelCore.build/Objects-normal/arm64/ReluxTunnelCore.SwiftFileList (in target 'ReluxTunnelCore' from project 'ReluxTunnel')
    cd /Users/iv/Developer/relux-tunnel
    write-file /Users/iv/Developer/.build/Intermediates.noindex/ReluxTunnel.build/Debug-iphonesimulator/ReluxTunnelCore.build/Objects-normal/arm64/ReluxTunnelCore.SwiftFileList

WriteAuxiliaryFile /Users/iv/Developer/.build/Intermediates.noindex/ReluxTunnel.build/Debug-iphonesimulator/ReluxTunnelCore.build/Objects-normal/x86_64/ReluxTunnelCore.SwiftFileList (in target 'ReluxTunnelCore' from project 'ReluxTunnel')
    cd /Users/iv/Developer/relux-tunnel
    write-file /Users/iv/Developer/.build/Intermediates.noindex/ReluxTunnel.build/Debug-iphonesimulator/ReluxTunnelCore.build/Objects-normal/x86_64/ReluxTunnelCore.SwiftFileList

WriteAuxiliaryFile /Users/iv/Developer/.build/Intermediates.noindex/ReluxTunnel.build/Debug-iphonesimulator/ReluxTunnelCore.build/Objects-normal/arm64/ReluxTunnelCore_const_extract_protocols.json (in target 'ReluxTunnelCore' from project 'ReluxTunnel')
    cd /Users/iv/Developer/relux-tunnel
    write-file /Users/iv/Developer/.build/Intermediates.noindex/ReluxTunnel.build/Debug-iphonesimulator/ReluxTunnelCore.build/Objects-normal/arm64/ReluxTunnelCore_const_extract_protocols.json

WriteAuxiliaryFile /Users/iv/Developer/.build/Intermediates.noindex/ReluxTunnel.build/Debug-iphonesimulator/ReluxTunnelCore.build/Objects-normal/arm64/ReluxTunnelCore-OutputFileMap.json (in target 'ReluxTunnelCore' from project 'ReluxTunnel')
    cd /Users/iv/Developer/relux-tunnel
    write-file /Users/iv/Developer/.build/Intermediates.noindex/ReluxTunnel.build/Debug-iphonesimulator/ReluxTunnelCore.build/Objects-normal/arm64/ReluxTunnelCore-OutputFileMap.json

ProcessXCFramework /Users/iv/Developer/relux-tunnel/NativeDependencies/Artifacts/HevSocks5Tunnel.xcframework /Users/iv/Developer/.build/Products/Debug-iphonesimulator/libhev-socks5-tunnel.a ios simulator
    cd /Users/iv/Developer/relux-tunnel/.swiftpm/xcode
    builtin-process-xcframework --xcframework /Users/iv/Developer/relux-tunnel/NativeDependencies/Artifacts/HevSocks5Tunnel.xcframework --platform ios --environment simulator --target-path /Users/iv/Developer/.build/Products/Debug-iphonesimulator

Copy /Users/iv/Developer/.build/Intermediates.noindex/GeneratedModuleMaps-iphonesimulator/ReluxTunnelCore.modulemap /Users/iv/Developer/.build/Intermediates.noindex/ReluxTunnel.build/Debug-iphonesimulator/ReluxTunnelCore.build/ReluxTunnelCore.modulemap (in target 'ReluxTunnelCore' from project 'ReluxTunnel')
    cd /Users/iv/Developer/relux-tunnel
    builtin-copy -exclude .DS_Store -exclude CVS -exclude .svn -exclude .git -exclude .hg -resolve-src-symlinks /Users/iv/Developer/.build/Intermediates.noindex/ReluxTunnel.build/Debug-iphonesimulator/ReluxTunnelCore.build/ReluxTunnelCore.modulemap /Users/iv/Developer/.build/Intermediates.noindex/GeneratedModuleMaps-iphonesimulator

WriteAuxiliaryFile /Users/iv/Developer/.build/Intermediates.noindex/ReluxTunnel.build/Debug-iphonesimulator/ReluxTunnelNativeAdapter.build/ReluxTunnelNativeAdapter.modulemap (in target 'ReluxTunnelNativeAdapter' from project 'ReluxTunnel')
    cd /Users/iv/Developer/relux-tunnel
    write-file /Users/iv/Developer/.build/Intermediates.noindex/ReluxTunnel.build/Debug-iphonesimulator/ReluxTunnelNativeAdapter.build/ReluxTunnelNativeAdapter.modulemap

WriteAuxiliaryFile /Users/iv/Developer/.build/Intermediates.noindex/ReluxTunnel.build/Debug-iphonesimulator/ReluxTunnelIOSAdapter.build/ReluxTunnelIOSAdapter.modulemap (in target 'ReluxTunnelIOSAdapter' from project 'ReluxTunnel')
    cd /Users/iv/Developer/relux-tunnel
    write-file /Users/iv/Developer/.build/Intermediates.noindex/ReluxTunnel.build/Debug-iphonesimulator/ReluxTunnelIOSAdapter.build/ReluxTunnelIOSAdapter.modulemap

WriteAuxiliaryFile /Users/iv/Developer/.build/Intermediates.noindex/ReluxTunnel.build/Debug-iphonesimulator/ReluxTunnelNativeAdapter.build/ReluxTunnelNativeAdapter.DependencyStaticMetadataFileList (in target 'ReluxTunnelNativeAdapter' from project 'ReluxTunnel')
    cd /Users/iv/Developer/relux-tunnel
    write-file /Users/iv/Developer/.build/Intermediates.noindex/ReluxTunnel.build/Debug-iphonesimulator/ReluxTunnelNativeAdapter.build/ReluxTunnelNativeAdapter.DependencyStaticMetadataFileList

WriteAuxiliaryFile /Users/iv/Developer/.build/Intermediates.noindex/ReluxTunnel.build/Debug-iphonesimulator/ReluxTunnelNativeAdapter.build/ReluxTunnelNativeAdapter.DependencyMetadataFileList (in target 'ReluxTunnelNativeAdapter' from project 'ReluxTunnel')
    cd /Users/iv/Developer/relux-tunnel
    write-file /Users/iv/Developer/.build/Intermediates.noindex/ReluxTunnel.build/Debug-iphonesimulator/ReluxTunnelNativeAdapter.build/ReluxTunnelNativeAdapter.DependencyMetadataFileList

WriteAuxiliaryFile /Users/iv/Developer/.build/Intermediates.noindex/ReluxTunnel.build/Debug-iphonesimulator/ReluxTunnelIOSAdapter.build/Objects-normal/arm64/ReluxTunnelIOSAdapter.LinkFileList (in target 'ReluxTunnelIOSAdapter' from project 'ReluxTunnel')
    cd /Users/iv/Developer/relux-tunnel
    write-file /Users/iv/Developer/.build/Intermediates.noindex/ReluxTunnel.build/Debug-iphonesimulator/ReluxTunnelIOSAdapter.build/Objects-normal/arm64/ReluxTunnelIOSAdapter.LinkFileList

WriteAuxiliaryFile /Users/iv/Developer/.build/Intermediates.noindex/ReluxTunnel.build/Debug-iphonesimulator/ReluxTunnelIOSAdapter.build/Objects-normal/x86_64/ReluxTunnelIOSAdapter_const_extract_protocols.json (in target 'ReluxTunnelIOSAdapter' from project 'ReluxTunnel')
    cd /Users/iv/Developer/relux-tunnel
    write-file /Users/iv/Developer/.build/Intermediates.noindex/ReluxTunnel.build/Debug-iphonesimulator/ReluxTunnelIOSAdapter.build/Objects-normal/x86_64/ReluxTunnelIOSAdapter_const_extract_protocols.json

WriteAuxiliaryFile /Users/iv/Developer/.build/Intermediates.noindex/ReluxTunnel.build/Debug-iphonesimulator/ReluxTunnelIOSAdapter.build/Objects-normal/arm64/ReluxTunnelIOSAdapter_const_extract_protocols.json (in target 'ReluxTunnelIOSAdapter' from project 'ReluxTunnel')
    cd /Users/iv/Developer/relux-tunnel
    write-file /Users/iv/Developer/.build/Intermediates.noindex/ReluxTunnel.build/Debug-iphonesimulator/ReluxTunnelIOSAdapter.build/Objects-normal/arm64/ReluxTunnelIOSAdapter_const_extract_protocols.json

WriteAuxiliaryFile /Users/iv/Developer/.build/Intermediates.noindex/ReluxTunnel.build/Debug-iphonesimulator/ReluxTunnelIOSAdapter.build/Objects-normal/x86_64/ReluxTunnelIOSAdapter.LinkFileList (in target 'ReluxTunnelIOSAdapter' from project 'ReluxTunnel')
    cd /Users/iv/Developer/relux-tunnel
    write-file /Users/iv/Developer/.build/Intermediates.noindex/ReluxTunnel.build/Debug-iphonesimulator/ReluxTunnelIOSAdapter.build/Objects-normal/x86_64/ReluxTunnelIOSAdapter.LinkFileList

WriteAuxiliaryFile /Users/iv/Developer/.build/Intermediates.noindex/ReluxTunnel.build/Debug-iphonesimulator/ReluxTunnelIOSAdapter.build/Objects-normal/x86_64/ReluxTunnelIOSAdapter-OutputFileMap.json (in target 'ReluxTunnelIOSAdapter' from project 'ReluxTunnel')
    cd /Users/iv/Developer/relux-tunnel
    write-file /Users/iv/Developer/.build/Intermediates.noindex/ReluxTunnel.build/Debug-iphonesimulator/ReluxTunnelIOSAdapter.build/Objects-normal/x86_64/ReluxTunnelIOSAdapter-OutputFileMap.json

WriteAuxiliaryFile /Users/iv/Developer/.build/Intermediates.noindex/ReluxTunnel.build/Debug-iphonesimulator/ReluxTunnelNativeAdapter.build/Objects-normal/x86_64/ReluxTunnelNativeAdapter.SwiftConstValuesFileList (in target 'ReluxTunnelNativeAdapter' from project 'ReluxTunnel')
    cd /Users/iv/Developer/relux-tunnel
    write-file /Users/iv/Developer/.build/Intermediates.noindex/ReluxTunnel.build/Debug-iphonesimulator/ReluxTunnelNativeAdapter.build/Objects-normal/x86_64/ReluxTunnelNativeAdapter.SwiftConstValuesFileList

WriteAuxiliaryFile /Users/iv/Developer/.build/Intermediates.noindex/ReluxTunnel.build/Debug-iphonesimulator/ReluxTunnelNativeAdapter.build/Objects-normal/x86_64/ReluxTunnelNativeAdapter-OutputFileMap.json (in target 'ReluxTunnelNativeAdapter' from project 'ReluxTunnel')
    cd /Users/iv/Developer/relux-tunnel
    write-file /Users/iv/Developer/.build/Intermediates.noindex/ReluxTunnel.build/Debug-iphonesimulator/ReluxTunnelNativeAdapter.build/Objects-normal/x86_64/ReluxTunnelNativeAdapter-OutputFileMap.json

WriteAuxiliaryFile /Users/iv/Developer/.build/Intermediates.noindex/ReluxTunnel.build/Debug-iphonesimulator/ReluxTunnelNativeAdapter.build/Objects-normal/x86_64/ReluxTunnelNativeAdapter.LinkFileList (in target 'ReluxTunnelNativeAdapter' from project 'ReluxTunnel')
    cd /Users/iv/Developer/relux-tunnel
    write-file /Users/iv/Developer/.build/Intermediates.noindex/ReluxTunnel.build/Debug-iphonesimulator/ReluxTunnelNativeAdapter.build/Objects-normal/x86_64/ReluxTunnelNativeAdapter.LinkFileList

WriteAuxiliaryFile /Users/iv/Developer/.build/Intermediates.noindex/ReluxTunnel.build/Debug-iphonesimulator/ReluxTunnelNativeAdapter.build/Objects-normal/x86_64/ReluxTunnelNativeAdapter_const_extract_protocols.json (in target 'ReluxTunnelNativeAdapter' from project 'ReluxTunnel')
    cd /Users/iv/Developer/relux-tunnel
    write-file /Users/iv/Developer/.build/Intermediates.noindex/ReluxTunnel.build/Debug-iphonesimulator/ReluxTunnelNativeAdapter.build/Objects-normal/x86_64/ReluxTunnelNativeAdapter_const_extract_protocols.json

WriteAuxiliaryFile /Users/iv/Developer/.build/Intermediates.noindex/ReluxTunnel.build/Debug-iphonesimulator/ReluxTunnelIOSAdapter.build/Objects-normal/arm64/ReluxTunnelIOSAdapter-OutputFileMap.json (in target 'ReluxTunnelIOSAdapter' from project 'ReluxTunnel')
    cd /Users/iv/Developer/relux-tunnel
    write-file /Users/iv/Developer/.build/Intermediates.noindex/ReluxTunnel.build/Debug-iphonesimulator/ReluxTunnelIOSAdapter.build/Objects-normal/arm64/ReluxTunnelIOSAdapter-OutputFileMap.json

WriteAuxiliaryFile /Users/iv/Developer/.build/Intermediates.noindex/ReluxTunnel.build/Debug-iphonesimulator/ReluxTunnelNativeAdapter.build/Objects-normal/x86_64/ReluxTunnelNativeAdapter.SwiftFileList (in target 'ReluxTunnelNativeAdapter' from project 'ReluxTunnel')
    cd /Users/iv/Developer/relux-tunnel
    write-file /Users/iv/Developer/.build/Intermediates.noindex/ReluxTunnel.build/Debug-iphonesimulator/ReluxTunnelNativeAdapter.build/Objects-normal/x86_64/ReluxTunnelNativeAdapter.SwiftFileList

WriteAuxiliaryFile /Users/iv/Developer/.build/Intermediates.noindex/ReluxTunnel.build/Debug-iphonesimulator/ReluxTunnelIOSAdapter.build/ReluxTunnelIOSAdapter.DependencyStaticMetadataFileList (in target 'ReluxTunnelIOSAdapter' from project 'ReluxTunnel')
    cd /Users/iv/Developer/relux-tunnel
    write-file /Users/iv/Developer/.build/Intermediates.noindex/ReluxTunnel.build/Debug-iphonesimulator/ReluxTunnelIOSAdapter.build/ReluxTunnelIOSAdapter.DependencyStaticMetadataFileList

WriteAuxiliaryFile /Users/iv/Developer/.build/Intermediates.noindex/ReluxTunnel.build/Debug-iphonesimulator/ReluxTunnelNativeAdapter.build/Objects-normal/arm64/ReluxTunnelNativeAdapter.LinkFileList (in target 'ReluxTunnelNativeAdapter' from project 'ReluxTunnel')
    cd /Users/iv/Developer/relux-tunnel
    write-file /Users/iv/Developer/.build/Intermediates.noindex/ReluxTunnel.build/Debug-iphonesimulator/ReluxTunnelNativeAdapter.build/Objects-normal/arm64/ReluxTunnelNativeAdapter.LinkFileList

WriteAuxiliaryFile /Users/iv/Developer/.build/Intermediates.noindex/ReluxTunnel.build/Debug-iphonesimulator/ReluxTunnelNativeAdapter.build/Objects-normal/arm64/ReluxTunnelNativeAdapter.SwiftFileList (in target 'ReluxTunnelNativeAdapter' from project 'ReluxTunnel')
    cd /Users/iv/Developer/relux-tunnel
    write-file /Users/iv/Developer/.build/Intermediates.noindex/ReluxTunnel.build/Debug-iphonesimulator/ReluxTunnelNativeAdapter.build/Objects-normal/arm64/ReluxTunnelNativeAdapter.SwiftFileList

WriteAuxiliaryFile /Users/iv/Developer/.build/Intermediates.noindex/ReluxTunnel.build/Debug-iphonesimulator/ReluxTunnelNativeAdapter.build/Objects-normal/arm64/ReluxTunnelNativeAdapter-OutputFileMap.json (in target 'ReluxTunnelNativeAdapter' from project 'ReluxTunnel')
    cd /Users/iv/Developer/relux-tunnel
    write-file /Users/iv/Developer/.build/Intermediates.noindex/ReluxTunnel.build/Debug-iphonesimulator/ReluxTunnelNativeAdapter.build/Objects-normal/arm64/ReluxTunnelNativeAdapter-OutputFileMap.json

WriteAuxiliaryFile /Users/iv/Developer/.build/Intermediates.noindex/ReluxTunnel.build/Debug-iphonesimulator/ReluxTunnelNativeAdapter.build/Objects-normal/arm64/ReluxTunnelNativeAdapter.SwiftConstValuesFileList (in target 'ReluxTunnelNativeAdapter' from project 'ReluxTunnel')
    cd /Users/iv/Developer/relux-tunnel
    write-file /Users/iv/Developer/.build/Intermediates.noindex/ReluxTunnel.build/Debug-iphonesimulator/ReluxTunnelNativeAdapter.build/Objects-normal/arm64/ReluxTunnelNativeAdapter.SwiftConstValuesFileList

WriteAuxiliaryFile /Users/iv/Developer/.build/Intermediates.noindex/ReluxTunnel.build/Debug-iphonesimulator/ReluxTunnelNativeAdapter.build/Objects-normal/arm64/ReluxTunnelNativeAdapter_const_extract_protocols.json (in target 'ReluxTunnelNativeAdapter' from project 'ReluxTunnel')
    cd /Users/iv/Developer/relux-tunnel
    write-file /Users/iv/Developer/.build/Intermediates.noindex/ReluxTunnel.build/Debug-iphonesimulator/ReluxTunnelNativeAdapter.build/Objects-normal/arm64/ReluxTunnelNativeAdapter_const_extract_protocols.json

WriteAuxiliaryFile /Users/iv/Developer/.build/Intermediates.noindex/ReluxTunnel.build/Debug-iphonesimulator/ReluxTunnelIOSAdapter.build/ReluxTunnelIOSAdapter.DependencyMetadataFileList (in target 'ReluxTunnelIOSAdapter' from project 'ReluxTunnel')
    cd /Users/iv/Developer/relux-tunnel
    write-file /Users/iv/Developer/.build/Intermediates.noindex/ReluxTunnel.build/Debug-iphonesimulator/ReluxTunnelIOSAdapter.build/ReluxTunnelIOSAdapter.DependencyMetadataFileList

WriteAuxiliaryFile /Users/iv/Developer/.build/Intermediates.noindex/ReluxTunnel.build/Debug-iphonesimulator/ReluxTunnelIOSAdapter.build/Objects-normal/x86_64/ReluxTunnelIOSAdapter.SwiftFileList (in target 'ReluxTunnelIOSAdapter' from project 'ReluxTunnel')
    cd /Users/iv/Developer/relux-tunnel
    write-file /Users/iv/Developer/.build/Intermediates.noindex/ReluxTunnel.build/Debug-iphonesimulator/ReluxTunnelIOSAdapter.build/Objects-normal/x86_64/ReluxTunnelIOSAdapter.SwiftFileList

WriteAuxiliaryFile /Users/iv/Developer/.build/Intermediates.noindex/ReluxTunnel.build/Debug-iphonesimulator/ReluxTunnelIOSAdapter.build/Objects-normal/x86_64/ReluxTunnelIOSAdapter.SwiftConstValuesFileList (in target 'ReluxTunnelIOSAdapter' from project 'ReluxTunnel')
    cd /Users/iv/Developer/relux-tunnel
    write-file /Users/iv/Developer/.build/Intermediates.noindex/ReluxTunnel.build/Debug-iphonesimulator/ReluxTunnelIOSAdapter.build/Objects-normal/x86_64/ReluxTunnelIOSAdapter.SwiftConstValuesFileList

WriteAuxiliaryFile /Users/iv/Developer/.build/Intermediates.noindex/ReluxTunnel.build/Debug-iphonesimulator/ReluxTunnelIOSAdapter.build/Objects-normal/arm64/ReluxTunnelIOSAdapter.SwiftFileList (in target 'ReluxTunnelIOSAdapter' from project 'ReluxTunnel')
    cd /Users/iv/Developer/relux-tunnel
    write-file /Users/iv/Developer/.build/Intermediates.noindex/ReluxTunnel.build/Debug-iphonesimulator/ReluxTunnelIOSAdapter.build/Objects-normal/arm64/ReluxTunnelIOSAdapter.SwiftFileList

Copy /Users/iv/Developer/.build/Intermediates.noindex/GeneratedModuleMaps-iphonesimulator/ReluxTunnelNativeAdapter.modulemap /Users/iv/Developer/.build/Intermediates.noindex/ReluxTunnel.build/Debug-iphonesimulator/ReluxTunnelNativeAdapter.build/ReluxTunnelNativeAdapter.modulemap (in target 'ReluxTunnelNativeAdapter' from project 'ReluxTunnel')
    cd /Users/iv/Developer/relux-tunnel
    builtin-copy -exclude .DS_Store -exclude CVS -exclude .svn -exclude .git -exclude .hg -resolve-src-symlinks /Users/iv/Developer/.build/Intermediates.noindex/ReluxTunnel.build/Debug-iphonesimulator/ReluxTunnelNativeAdapter.build/ReluxTunnelNativeAdapter.modulemap /Users/iv/Developer/.build/Intermediates.noindex/GeneratedModuleMaps-iphonesimulator

WriteAuxiliaryFile /Users/iv/Developer/.build/Intermediates.noindex/ReluxTunnel.build/Debug-iphonesimulator/ReluxTunnelIOSAdapter.build/Objects-normal/arm64/ReluxTunnelIOSAdapter.SwiftConstValuesFileList (in target 'ReluxTunnelIOSAdapter' from project 'ReluxTunnel')
    cd /Users/iv/Developer/relux-tunnel
    write-file /Users/iv/Developer/.build/Intermediates.noindex/ReluxTunnel.build/Debug-iphonesimulator/ReluxTunnelIOSAdapter.build/Objects-normal/arm64/ReluxTunnelIOSAdapter.SwiftConstValuesFileList

Copy /Users/iv/Developer/.build/Intermediates.noindex/GeneratedModuleMaps-iphonesimulator/ReluxTunnelIOSAdapter.modulemap /Users/iv/Developer/.build/Intermediates.noindex/ReluxTunnel.build/Debug-iphonesimulator/ReluxTunnelIOSAdapter.build/ReluxTunnelIOSAdapter.modulemap (in target 'ReluxTunnelIOSAdapter' from project 'ReluxTunnel')
    cd /Users/iv/Developer/relux-tunnel
    builtin-copy -exclude .DS_Store -exclude CVS -exclude .svn -exclude .git -exclude .hg -resolve-src-symlinks /Users/iv/Developer/.build/Intermediates.noindex/ReluxTunnel.build/Debug-iphonesimulator/ReluxTunnelIOSAdapter.build/ReluxTunnelIOSAdapter.modulemap /Users/iv/Developer/.build/Intermediates.noindex/GeneratedModuleMaps-iphonesimulator

SwiftDriver ReluxTunnelCore normal x86_64 com.apple.xcode.tools.swift.compiler (in target 'ReluxTunnelCore' from project 'ReluxTunnel')
    cd /Users/iv/Developer/relux-tunnel/.swiftpm/xcode
    builtin-SwiftDriver -- /Applications/Xcode_26_5.app/Contents/Developer/Toolchains/XcodeDefault.xctoolchain/usr/bin/swiftc -module-name ReluxTunnelCore -Onone @/Users/iv/Developer/.build/Intermediates.noindex/ReluxTunnel.build/Debug-iphonesimulator/ReluxTunnelCore.build/Objects-normal/x86_64/ReluxTunnelCore.SwiftFileList -DSWIFT_PACKAGE -DDEBUG -DSWIFT_MODULE_RESOURCE_BUNDLE_UNAVAILABLE -DXcode -plugin-path /Applications/Xcode_26_5.app/Contents/Developer/Toolchains/XcodeDefault.xctoolchain/usr/lib/swift/host/plugins/testing -enable-experimental-feature DebugDescriptionMacro -sdk /Applications/Xcode_26_5.app/Contents/Developer/Platforms/iPhoneSimulator.platform/Developer/SDKs/iPhoneSimulator26.5.sdk -target x86_64-apple-ios18.0-simulator -g -module-cache-path /Users/iv/Developer/relux-tunnel/.temp/TASK-260715-15vkvz/DerivedData-iOS/ModuleCache.noindex -Xfrontend -serialize-debugging-options -enable-testing -index-store-path /Users/iv/Developer/relux-tunnel/.temp/TASK-260715-15vkvz/DerivedData-iOS/Index.noindex/DataStore -Xcc -D_LIBCPP_HARDENING_MODE\=_LIBCPP_HARDENING_MODE_DEBUG -swift-version 6 -I /Users/iv/Developer/.build/Products/Debug-iphonesimulator -Isystem /Applications/Xcode_26_5.app/Contents/Developer/Platforms/iPhoneSimulator.platform/Developer/usr/lib -F /Users/iv/Developer/.build/Products/Debug-iphonesimulator -F /Applications/Xcode_26_5.app/Contents/Developer/Platforms/iPhoneSimulator.platform/Developer/Library/Frameworks -F /Applications/Xcode_26_5.app/Contents/Developer/Platforms/iPhoneSimulator.platform/Developer/SDKs/iPhoneSimulator26.5.sdk/Developer/Library/Frameworks -c -j16 -enable-batch-mode -incremental -Xcc -ivfsstatcache -Xcc /Users/iv/Developer/relux-tunnel/.temp/TASK-260715-15vkvz/DerivedData-iOS/SDKStatCaches.noindex/iphonesimulator26.5-23F73-9976ff0a46533d0d3305099c8405181f.sdkstatcache -output-file-map /Users/iv/Developer/.build/Intermediates.noindex/ReluxTunnel.build/Debug-iphonesimulator/ReluxTunnelCore.build/Objects-normal/x86_64/ReluxTunnelCore-OutputFileMap.json -use-frontend-parseable-output -save-temps -no-color-diagnostics -explicit-module-build -module-cache-path /Users/iv/Developer/.build/Intermediates.noindex/SwiftExplicitPrecompiledModules -clang-scanner-module-cache-path /Users/iv/Developer/relux-tunnel/.temp/TASK-260715-15vkvz/DerivedData-iOS/ModuleCache.noindex -sdk-module-cache-path /Users/iv/Developer/relux-tunnel/.temp/TASK-260715-15vkvz/DerivedData-iOS/ModuleCache.noindex -serialize-diagnostics -emit-dependencies -emit-module -emit-module-path /Users/iv/Developer/.build/Intermediates.noindex/ReluxTunnel.build/Debug-iphonesimulator/ReluxTunnelCore.build/Objects-normal/x86_64/ReluxTunnelCore.swiftmodule -validate-clang-modules-once -clang-build-session-file /Users/iv/Developer/relux-tunnel/.temp/TASK-260715-15vkvz/DerivedData-iOS/ModuleCache.noindex/Session.modulevalidation -package-name relux_tunnel -Xcc -I/Users/iv/Developer/.build/Intermediates.noindex/ReluxTunnel.build/Debug-iphonesimulator/ReluxTunnelCore.build/swift-overrides.hmap -emit-const-values -Xfrontend -const-gather-protocols-file -Xfrontend /Users/iv/Developer/.build/Intermediates.noindex/ReluxTunnel.build/Debug-iphonesimulator/ReluxTunnelCore.build/Objects-normal/x86_64/ReluxTunnelCore_const_extract_protocols.json -Xcc -I/Users/iv/Developer/.build/Products/Debug-iphonesimulator/include -Xcc -I/Users/iv/Developer/.build/Intermediates.noindex/ReluxTunnel.build/Debug-iphonesimulator/ReluxTunnelCore.build/DerivedSources-normal/x86_64 -Xcc -I/Users/iv/Developer/.build/Intermediates.noindex/ReluxTunnel.build/Debug-iphonesimulator/ReluxTunnelCore.build/DerivedSources/x86_64 -Xcc -I/Users/iv/Developer/.build/Intermediates.noindex/ReluxTunnel.build/Debug-iphonesimulator/ReluxTunnelCore.build/DerivedSources -Xcc -DSWIFT_PACKAGE -Xcc -DDEBUG\=1 -emit-objc-header -emit-objc-header-path /Users/iv/Developer/.build/Intermediates.noindex/ReluxTunnel.build/Debug-iphonesimulator/ReluxTunnelCore.build/Objects-normal/x86_64/ReluxTunnelCore-Swift.h -working-directory /Users/iv/Developer/relux-tunnel/.swiftpm/xcode -experimental-emit-module-separately -disable-cmo

SwiftDriver ReluxTunnelCore normal arm64 com.apple.xcode.tools.swift.compiler (in target 'ReluxTunnelCore' from project 'ReluxTunnel')
    cd /Users/iv/Developer/relux-tunnel/.swiftpm/xcode
    builtin-SwiftDriver -- /Applications/Xcode_26_5.app/Contents/Developer/Toolchains/XcodeDefault.xctoolchain/usr/bin/swiftc -module-name ReluxTunnelCore -Onone @/Users/iv/Developer/.build/Intermediates.noindex/ReluxTunnel.build/Debug-iphonesimulator/ReluxTunnelCore.build/Objects-normal/arm64/ReluxTunnelCore.SwiftFileList -DSWIFT_PACKAGE -DDEBUG -DSWIFT_MODULE_RESOURCE_BUNDLE_UNAVAILABLE -DXcode -plugin-path /Applications/Xcode_26_5.app/Contents/Developer/Toolchains/XcodeDefault.xctoolchain/usr/lib/swift/host/plugins/testing -enable-experimental-feature DebugDescriptionMacro -sdk /Applications/Xcode_26_5.app/Contents/Developer/Platforms/iPhoneSimulator.platform/Developer/SDKs/iPhoneSimulator26.5.sdk -target arm64-apple-ios18.0-simulator -g -module-cache-path /Users/iv/Developer/relux-tunnel/.temp/TASK-260715-15vkvz/DerivedData-iOS/ModuleCache.noindex -Xfrontend -serialize-debugging-options -enable-testing -index-store-path /Users/iv/Developer/relux-tunnel/.temp/TASK-260715-15vkvz/DerivedData-iOS/Index.noindex/DataStore -Xcc -D_LIBCPP_HARDENING_MODE\=_LIBCPP_HARDENING_MODE_DEBUG -swift-version 6 -I /Users/iv/Developer/.build/Products/Debug-iphonesimulator -Isystem /Applications/Xcode_26_5.app/Contents/Developer/Platforms/iPhoneSimulator.platform/Developer/usr/lib -F /Users/iv/Developer/.build/Products/Debug-iphonesimulator -F /Applications/Xcode_26_5.app/Contents/Developer/Platforms/iPhoneSimulator.platform/Developer/Library/Frameworks -F /Applications/Xcode_26_5.app/Contents/Developer/Platforms/iPhoneSimulator.platform/Developer/SDKs/iPhoneSimulator26.5.sdk/Developer/Library/Frameworks -c -j16 -enable-batch-mode -incremental -Xcc -ivfsstatcache -Xcc /Users/iv/Developer/relux-tunnel/.temp/TASK-260715-15vkvz/DerivedData-iOS/SDKStatCaches.noindex/iphonesimulator26.5-23F73-9976ff0a46533d0d3305099c8405181f.sdkstatcache -output-file-map /Users/iv/Developer/.build/Intermediates.noindex/ReluxTunnel.build/Debug-iphonesimulator/ReluxTunnelCore.build/Objects-normal/arm64/ReluxTunnelCore-OutputFileMap.json -use-frontend-parseable-output -save-temps -no-color-diagnostics -explicit-module-build -module-cache-path /Users/iv/Developer/.build/Intermediates.noindex/SwiftExplicitPrecompiledModules -clang-scanner-module-cache-path /Users/iv/Developer/relux-tunnel/.temp/TASK-260715-15vkvz/DerivedData-iOS/ModuleCache.noindex -sdk-module-cache-path /Users/iv/Developer/relux-tunnel/.temp/TASK-260715-15vkvz/DerivedData-iOS/ModuleCache.noindex -serialize-diagnostics -emit-dependencies -emit-module -emit-module-path /Users/iv/Developer/.build/Intermediates.noindex/ReluxTunnel.build/Debug-iphonesimulator/ReluxTunnelCore.build/Objects-normal/arm64/ReluxTunnelCore.swiftmodule -validate-clang-modules-once -clang-build-session-file /Users/iv/Developer/relux-tunnel/.temp/TASK-260715-15vkvz/DerivedData-iOS/ModuleCache.noindex/Session.modulevalidation -package-name relux_tunnel -Xcc -I/Users/iv/Developer/.build/Intermediates.noindex/ReluxTunnel.build/Debug-iphonesimulator/ReluxTunnelCore.build/swift-overrides.hmap -emit-const-values -Xfrontend -const-gather-protocols-file -Xfrontend /Users/iv/Developer/.build/Intermediates.noindex/ReluxTunnel.build/Debug-iphonesimulator/ReluxTunnelCore.build/Objects-normal/arm64/ReluxTunnelCore_const_extract_protocols.json -Xcc -I/Users/iv/Developer/.build/Products/Debug-iphonesimulator/include -Xcc -I/Users/iv/Developer/.build/Intermediates.noindex/ReluxTunnel.build/Debug-iphonesimulator/ReluxTunnelCore.build/DerivedSources-normal/arm64 -Xcc -I/Users/iv/Developer/.build/Intermediates.noindex/ReluxTunnel.build/Debug-iphonesimulator/ReluxTunnelCore.build/DerivedSources/arm64 -Xcc -I/Users/iv/Developer/.build/Intermediates.noindex/ReluxTunnel.build/Debug-iphonesimulator/ReluxTunnelCore.build/DerivedSources -Xcc -DSWIFT_PACKAGE -Xcc -DDEBUG\=1 -emit-objc-header -emit-objc-header-path /Users/iv/Developer/.build/Intermediates.noindex/ReluxTunnel.build/Debug-iphonesimulator/ReluxTunnelCore.build/Objects-normal/arm64/ReluxTunnelCore-Swift.h -working-directory /Users/iv/Developer/relux-tunnel/.swiftpm/xcode -experimental-emit-module-separately -disable-cmo

SwiftExplicitDependencyGeneratePcm x86_64 /Users/iv/Developer/relux-tunnel/.temp/TASK-260715-15vkvz/DerivedData-iOS/ModuleCache.noindex/SwiftShims-9M7CGSXWKAYQRC5D37MFV4O6G.pcm

SwiftExplicitDependencyGeneratePcm x86_64 /Users/iv/Developer/relux-tunnel/.temp/TASK-260715-15vkvz/DerivedData-iOS/ModuleCache.noindex/_Builtin_stddef-6EIR1L7MLZXXK1JUNHV7069JH.pcm

SwiftExplicitDependencyGeneratePcm x86_64 /Users/iv/Developer/relux-tunnel/.temp/TASK-260715-15vkvz/DerivedData-iOS/ModuleCache.noindex/_AvailabilityInternal-AC887AM6P89SNNQFPLVW3FAR9.pcm

SwiftExplicitDependencyGeneratePcm x86_64 /Users/iv/Developer/relux-tunnel/.temp/TASK-260715-15vkvz/DerivedData-iOS/ModuleCache.noindex/ptrauth-1FWV6BHD3RPU3PSPSV9P288EN.pcm

SwiftExplicitDependencyGeneratePcm x86_64 /Users/iv/Developer/relux-tunnel/.temp/TASK-260715-15vkvz/DerivedData-iOS/ModuleCache.noindex/_Builtin_stdarg-7LUFNHEC3Y0ETHGXKCX18O29Y.pcm

SwiftExplicitDependencyGeneratePcm x86_64 /Users/iv/Developer/relux-tunnel/.temp/TASK-260715-15vkvz/DerivedData-iOS/ModuleCache.noindex/_Builtin_stdbool-7ZEQ428ITL1A2RQL1ZHE3YE5.pcm

SwiftExplicitDependencyGeneratePcm x86_64 /Users/iv/Developer/relux-tunnel/.temp/TASK-260715-15vkvz/DerivedData-iOS/ModuleCache.noindex/ptrcheck-F0HV840K401DV5CW6417H2MG8.pcm

SwiftExplicitDependencyGeneratePcm x86_64 /Users/iv/Developer/relux-tunnel/.temp/TASK-260715-15vkvz/DerivedData-iOS/ModuleCache.noindex/_Builtin_float-2UVLOQBNHP3SWQ3Q5VRXRFJZ6.pcm

SwiftExplicitDependencyGeneratePcm x86_64 /Users/iv/Developer/relux-tunnel/.temp/TASK-260715-15vkvz/DerivedData-iOS/ModuleCache.noindex/_SwiftConcurrencyShims-9QBZEW6K0MICSZ0BDND46FBC9.pcm

SwiftExplicitDependencyGeneratePcm arm64 /Users/iv/Developer/relux-tunnel/.temp/TASK-260715-15vkvz/DerivedData-iOS/ModuleCache.noindex/ptrauth-D7NOT1K518P30PZMI61AP9TH5.pcm

SwiftExplicitDependencyGeneratePcm arm64 /Users/iv/Developer/relux-tunnel/.temp/TASK-260715-15vkvz/DerivedData-iOS/ModuleCache.noindex/_Builtin_stdbool-2O4ENT5GLYA05VUIV6H6B5J5E.pcm

SwiftExplicitDependencyGeneratePcm arm64 /Users/iv/Developer/relux-tunnel/.temp/TASK-260715-15vkvz/DerivedData-iOS/ModuleCache.noindex/_AvailabilityInternal-73O4VBMCFBCQ6WS9THWBF3IZR.pcm

SwiftExplicitDependencyGeneratePcm arm64 /Users/iv/Developer/relux-tunnel/.temp/TASK-260715-15vkvz/DerivedData-iOS/ModuleCache.noindex/ptrcheck-D6YV7VCOZ97O7K1W2N7RGED28.pcm

SwiftExplicitDependencyGeneratePcm arm64 /Users/iv/Developer/relux-tunnel/.temp/TASK-260715-15vkvz/DerivedData-iOS/ModuleCache.noindex/_Builtin_stdarg-G491DRTLOS0BXBRWS7JKPBZ6.pcm

SwiftExplicitDependencyGeneratePcm arm64 /Users/iv/Developer/relux-tunnel/.temp/TASK-260715-15vkvz/DerivedData-iOS/ModuleCache.noindex/_Builtin_stddef-277447MAJRP5FLS161DTW75EK.pcm

SwiftExplicitDependencyGeneratePcm arm64 /Users/iv/Developer/relux-tunnel/.temp/TASK-260715-15vkvz/DerivedData-iOS/ModuleCache.noindex/_Builtin_float-6CMJZTWL37T2MU2ABF46TNNU3.pcm

SwiftExplicitDependencyGeneratePcm arm64 /Users/iv/Developer/relux-tunnel/.temp/TASK-260715-15vkvz/DerivedData-iOS/ModuleCache.noindex/_SwiftConcurrencyShims-25NX4SR5QKSD3MHFUAKAQA6ZN.pcm

SwiftExplicitDependencyGeneratePcm arm64 /Users/iv/Developer/relux-tunnel/.temp/TASK-260715-15vkvz/DerivedData-iOS/ModuleCache.noindex/SwiftShims-D52ZEFA1M3S4VCNJRBQL30CRB.pcm

SwiftExplicitDependencyGeneratePcm x86_64 /Users/iv/Developer/relux-tunnel/.temp/TASK-260715-15vkvz/DerivedData-iOS/ModuleCache.noindex/_DarwinFoundation1-6U6LW6W2K66JESTRO6PPDAZUA.pcm

SwiftExplicitDependencyGeneratePcm arm64 /Users/iv/Developer/relux-tunnel/.temp/TASK-260715-15vkvz/DerivedData-iOS/ModuleCache.noindex/_DarwinFoundation1-BLOPKNP9PWLCMMQNHG03NR6LX.pcm

SwiftExplicitDependencyGeneratePcm x86_64 /Users/iv/Developer/relux-tunnel/.temp/TASK-260715-15vkvz/DerivedData-iOS/ModuleCache.noindex/_DarwinFoundation2-DVTC1VZ0XYT5KXZSDHYBANE2H.pcm

SwiftExplicitDependencyGeneratePcm x86_64 /Users/iv/Developer/relux-tunnel/.temp/TASK-260715-15vkvz/DerivedData-iOS/ModuleCache.noindex/_Builtin_limits-AZ2CJUZL52XNJ68UHB9DNDK7Q.pcm

SwiftExplicitDependencyGeneratePcm arm64 /Users/iv/Developer/relux-tunnel/.temp/TASK-260715-15vkvz/DerivedData-iOS/ModuleCache.noindex/_DarwinFoundation2-950QF380NISAUNIRRMZVH75ZT.pcm

SwiftExplicitDependencyGeneratePcm arm64 /Users/iv/Developer/relux-tunnel/.temp/TASK-260715-15vkvz/DerivedData-iOS/ModuleCache.noindex/_Builtin_limits-6G9S4SD4KI2WWO2PKEAOGP1QN.pcm

SwiftExplicitDependencyGeneratePcm x86_64 /Users/iv/Developer/relux-tunnel/.temp/TASK-260715-15vkvz/DerivedData-iOS/ModuleCache.noindex/sys_types-CJ2F4WQY4HD1YXZQ3TZKATGKX.pcm

SwiftExplicitDependencyGeneratePcm x86_64 /Users/iv/Developer/relux-tunnel/.temp/TASK-260715-15vkvz/DerivedData-iOS/ModuleCache.noindex/_Builtin_stdint-E6LRD7FE9EJWGZYRL8497CMG4.pcm

SwiftExplicitDependencyGeneratePcm arm64 /Users/iv/Developer/relux-tunnel/.temp/TASK-260715-15vkvz/DerivedData-iOS/ModuleCache.noindex/sys_types-F56JLO3E377D2WW781VPHOSCA.pcm

SwiftExplicitDependencyGeneratePcm arm64 /Users/iv/Developer/relux-tunnel/.temp/TASK-260715-15vkvz/DerivedData-iOS/ModuleCache.noindex/_Builtin_stdint-ATJHC46QVXCWNMHFR481AJ6UG.pcm

SwiftExplicitDependencyGeneratePcm x86_64 /Users/iv/Developer/relux-tunnel/.temp/TASK-260715-15vkvz/DerivedData-iOS/ModuleCache.noindex/_DarwinFoundation3-1EM3TVKRVUUPTCZHR3XQIVD1X.pcm

SwiftExplicitDependencyGeneratePcm arm64 /Users/iv/Developer/relux-tunnel/.temp/TASK-260715-15vkvz/DerivedData-iOS/ModuleCache.noindex/_DarwinFoundation3-EMJGRGX3JLP07BUIT91HYDXF9.pcm

SwiftExplicitDependencyGeneratePcm x86_64 /Users/iv/Developer/relux-tunnel/.temp/TASK-260715-15vkvz/DerivedData-iOS/ModuleCache.noindex/_Builtin_inttypes-75YXF6OJ7HK2JUTAF7DUU0NMT.pcm

SwiftExplicitDependencyGeneratePcm arm64 /Users/iv/Developer/relux-tunnel/.temp/TASK-260715-15vkvz/DerivedData-iOS/ModuleCache.noindex/_Builtin_inttypes-4N0EVD95NFHQFHDFG9KJLX6MZ.pcm

SwiftExplicitDependencyGeneratePcm x86_64 /Users/iv/Developer/relux-tunnel/.temp/TASK-260715-15vkvz/DerivedData-iOS/ModuleCache.noindex/Darwin-230V3J4W2AJX2W4TX6LVRSK74.pcm

SwiftExplicitDependencyGeneratePcm arm64 /Users/iv/Developer/relux-tunnel/.temp/TASK-260715-15vkvz/DerivedData-iOS/ModuleCache.noindex/Darwin-587MAFMQRVSRA7BIAQIOAE2C8.pcm

SwiftExplicitDependencyGeneratePcm x86_64 /Users/iv/Developer/relux-tunnel/.temp/TASK-260715-15vkvz/DerivedData-iOS/ModuleCache.noindex/ObjectiveC-18N8K4PVS3DKCED2U35EI0N31.pcm

SwiftExplicitDependencyGeneratePcm arm64 /Users/iv/Developer/relux-tunnel/.temp/TASK-260715-15vkvz/DerivedData-iOS/ModuleCache.noindex/ObjectiveC-5BY4BOX7UH7QVVS7DARRXFT6C.pcm

SwiftExplicitDependencyGeneratePcm x86_64 /Users/iv/Developer/relux-tunnel/.temp/TASK-260715-15vkvz/DerivedData-iOS/ModuleCache.noindex/os_object-3H8IJK0IUYXLVUKMBD6X0XMEJ.pcm

SwiftExplicitDependencyGeneratePcm arm64 /Users/iv/Developer/relux-tunnel/.temp/TASK-260715-15vkvz/DerivedData-iOS/ModuleCache.noindex/os_object-EWVD6KIA1L9I234UTF1DYJI8Z.pcm

SwiftExplicitDependencyGeneratePcm x86_64 /Users/iv/Developer/relux-tunnel/.temp/TASK-260715-15vkvz/DerivedData-iOS/ModuleCache.noindex/os_workgroup-4QSHM0MJBHMT6ANVDFB7NHRSV.pcm

SwiftExplicitDependencyGeneratePcm arm64 /Users/iv/Developer/relux-tunnel/.temp/TASK-260715-15vkvz/DerivedData-iOS/ModuleCache.noindex/os_workgroup-BBTUDZL4TKJYPWZ9101KO0TA2.pcm

SwiftExplicitDependencyGeneratePcm x86_64 /Users/iv/Developer/relux-tunnel/.temp/TASK-260715-15vkvz/DerivedData-iOS/ModuleCache.noindex/Dispatch-EYBSYCX5WTZXISWXYG86QMKRY.pcm

SwiftExplicitDependencyGeneratePcm arm64 /Users/iv/Developer/relux-tunnel/.temp/TASK-260715-15vkvz/DerivedData-iOS/ModuleCache.noindex/Dispatch-EXJ73SDU22DB28J4SCEEON1Y5.pcm

SwiftExplicitDependencyGeneratePcm x86_64 /Users/iv/Developer/relux-tunnel/.temp/TASK-260715-15vkvz/DerivedData-iOS/ModuleCache.noindex/XPC-36TQNA57UOZEN34AE8QGIY21Q.pcm

SwiftExplicitDependencyGeneratePcm x86_64 /Users/iv/Developer/relux-tunnel/.temp/TASK-260715-15vkvz/DerivedData-iOS/ModuleCache.noindex/CoreFoundation-BCHRUQM55S3TLJ1IGMLFIUJVO.pcm

SwiftExplicitDependencyGeneratePcm arm64 /Users/iv/Developer/relux-tunnel/.temp/TASK-260715-15vkvz/DerivedData-iOS/ModuleCache.noindex/XPC-A50YG49X4QJNLV15KNPHB936R.pcm

SwiftExplicitDependencyGeneratePcm arm64 /Users/iv/Developer/relux-tunnel/.temp/TASK-260715-15vkvz/DerivedData-iOS/ModuleCache.noindex/CoreFoundation-B7M1E5EUYHGO3GLHFX1TURWJ.pcm

SwiftExplicitDependencyGeneratePcm x86_64 /Users/iv/Developer/relux-tunnel/.temp/TASK-260715-15vkvz/DerivedData-iOS/ModuleCache.noindex/Security-CMDWUTL9MK5PT2OQBPEX6JPLP.pcm

SwiftExplicitDependencyGeneratePcm x86_64 /Users/iv/Developer/relux-tunnel/.temp/TASK-260715-15vkvz/DerivedData-iOS/ModuleCache.noindex/CFNetwork-5YYLUT02Y82GDPINHZEY62C8Y.pcm

SwiftExplicitDependencyGeneratePcm arm64 /Users/iv/Developer/relux-tunnel/.temp/TASK-260715-15vkvz/DerivedData-iOS/ModuleCache.noindex/Security-D0WR3SIRQLU3JI01A52TVXVV6.pcm

SwiftExplicitDependencyGeneratePcm arm64 /Users/iv/Developer/relux-tunnel/.temp/TASK-260715-15vkvz/DerivedData-iOS/ModuleCache.noindex/CFNetwork-8J0BDDAJETYC87RX9RGD8CPGC.pcm

SwiftExplicitDependencyGeneratePcm x86_64 /Users/iv/Developer/relux-tunnel/.temp/TASK-260715-15vkvz/DerivedData-iOS/ModuleCache.noindex/Foundation-15V6CI53MTZ67HO8NQ038RB9C.pcm

SwiftExplicitDependencyGeneratePcm arm64 /Users/iv/Developer/relux-tunnel/.temp/TASK-260715-15vkvz/DerivedData-iOS/ModuleCache.noindex/Foundation-3KY7AIW5G1AN9YQ3LZ9MN2RJJ.pcm

SwiftExplicitDependencyGeneratePcm x86_64 /Users/iv/Developer/relux-tunnel/.temp/TASK-260715-15vkvz/DerivedData-iOS/ModuleCache.noindex/LocalAuthentication-326KYC70INXKWJ50LHLQAQHH4.pcm

SwiftExplicitDependencyGeneratePcm arm64 /Users/iv/Developer/relux-tunnel/.temp/TASK-260715-15vkvz/DerivedData-iOS/ModuleCache.noindex/LocalAuthentication-10Q19E0FE9PLHLYCZ0P6PUN7M.pcm

SwiftCompile normal x86_64 Compiling\ TunnelRuntimeCoordinator.swift /Users/iv/Developer/relux-tunnel/Sources/ReluxTunnelCore/TunnelRuntimeCoordinator.swift (in target 'ReluxTunnelCore' from project 'ReluxTunnel')
SwiftCompile normal x86_64 /Users/iv/Developer/relux-tunnel/Sources/ReluxTunnelCore/TunnelRuntimeCoordinator.swift (in target 'ReluxTunnelCore' from project 'ReluxTunnel')
    cd /Users/iv/Developer/relux-tunnel/.swiftpm/xcode
    

SwiftCompile normal x86_64 Compiling\ SSHContracts.swift /Users/iv/Developer/relux-tunnel/Sources/ReluxTunnelCore/SSHContracts.swift (in target 'ReluxTunnelCore' from project 'ReluxTunnel')

SwiftCompile normal x86_64 /Users/iv/Developer/relux-tunnel/Sources/ReluxTunnelCore/SSHContracts.swift (in target 'ReluxTunnelCore' from project 'ReluxTunnel')
    cd /Users/iv/Developer/relux-tunnel/.swiftpm/xcode
    

SwiftCompile normal x86_64 Compiling\ RuntimeMessageModels.swift /Users/iv/Developer/relux-tunnel/Sources/ReluxTunnelCore/RuntimeMessageModels.swift (in target 'ReluxTunnelCore' from project 'ReluxTunnel')

SwiftCompile normal x86_64 /Users/iv/Developer/relux-tunnel/Sources/ReluxTunnelCore/RuntimeMessageModels.swift (in target 'ReluxTunnelCore' from project 'ReluxTunnel')
    cd /Users/iv/Developer/relux-tunnel/.swiftpm/xcode
    

SwiftCompile normal x86_64 Compiling\ RuntimeContracts.swift /Users/iv/Developer/relux-tunnel/Sources/ReluxTunnelCore/RuntimeContracts.swift (in target 'ReluxTunnelCore' from project 'ReluxTunnel')

SwiftCompile normal x86_64 /Users/iv/Developer/relux-tunnel/Sources/ReluxTunnelCore/RuntimeContracts.swift (in target 'ReluxTunnelCore' from project 'ReluxTunnel')
    cd /Users/iv/Developer/relux-tunnel/.swiftpm/xcode
    

SwiftCompile normal x86_64 Compiling\ VPNManagerRepository.swift /Users/iv/Developer/relux-tunnel/Sources/ReluxTunnelCore/VPNManagerRepository.swift (in target 'ReluxTunnelCore' from project 'ReluxTunnel')

SwiftCompile normal x86_64 /Users/iv/Developer/relux-tunnel/Sources/ReluxTunnelCore/VPNManagerRepository.swift (in target 'ReluxTunnelCore' from project 'ReluxTunnel')
    cd /Users/iv/Developer/relux-tunnel/.swiftpm/xcode
    

SwiftCompile normal x86_64 Compiling\ RelaySession.swift /Users/iv/Developer/relux-tunnel/Sources/ReluxTunnelCore/RelayProtocol/RelaySession.swift (in target 'ReluxTunnelCore' from project 'ReluxTunnel')

SwiftCompile normal x86_64 /Users/iv/Developer/relux-tunnel/Sources/ReluxTunnelCore/RelayProtocol/RelaySession.swift (in target 'ReluxTunnelCore' from project 'ReluxTunnel')
    cd /Users/iv/Developer/relux-tunnel/.swiftpm/xcode
    

SwiftCompile normal x86_64 Compiling\ RelayHandshake.swift /Users/iv/Developer/relux-tunnel/Sources/ReluxTunnelCore/RelayProtocol/RelayHandshake.swift (in target 'ReluxTunnelCore' from project 'ReluxTunnel')

SwiftCompile normal x86_64 /Users/iv/Developer/relux-tunnel/Sources/ReluxTunnelCore/RelayProtocol/RelayHandshake.swift (in target 'ReluxTunnelCore' from project 'ReluxTunnel')
    cd /Users/iv/Developer/relux-tunnel/.swiftpm/xcode
    

SwiftCompile normal x86_64 Compiling\ RelayByteCodec.swift /Users/iv/Developer/relux-tunnel/Sources/ReluxTunnelCore/RelayProtocol/RelayByteCodec.swift (in target 'ReluxTunnelCore' from project 'ReluxTunnel')

SwiftCompile normal x86_64 /Users/iv/Developer/relux-tunnel/Sources/ReluxTunnelCore/RelayProtocol/RelayByteCodec.swift (in target 'ReluxTunnelCore' from project 'ReluxTunnel')
    cd /Users/iv/Developer/relux-tunnel/.swiftpm/xcode
    

SwiftCompile normal x86_64 Compiling\ PacketFlowBridge.swift /Users/iv/Developer/relux-tunnel/Sources/ReluxTunnelCore/PacketFlowBridge.swift (in target 'ReluxTunnelCore' from project 'ReluxTunnel')
SwiftCompile normal x86_64 /Users/iv/Developer/relux-tunnel/Sources/ReluxTunnelCore/PacketFlowBridge.swift (in target 'ReluxTunnelCore' from project 'ReluxTunnel')
    cd /Users/iv/Developer/relux-tunnel/.swiftpm/xcode
    

SwiftCompile normal x86_64 Compiling\ PacketFlowBridgeContracts.swift /Users/iv/Developer/relux-tunnel/Sources/ReluxTunnelCore/PacketFlowBridgeContracts.swift (in target 'ReluxTunnelCore' from project 'ReluxTunnel')

SwiftCompile normal x86_64 /Users/iv/Developer/relux-tunnel/Sources/ReluxTunnelCore/PacketFlowBridgeContracts.swift (in target 'ReluxTunnelCore' from project 'ReluxTunnel')
    cd /Users/iv/Developer/relux-tunnel/.swiftpm/xcode
    

SwiftCompile normal x86_64 Compiling\ RelayDatagramCodec.swift /Users/iv/Developer/relux-tunnel/Sources/ReluxTunnelCore/RelayProtocol/RelayDatagramCodec.swift (in target 'ReluxTunnelCore' from project 'ReluxTunnel')

SwiftCompile normal x86_64 /Users/iv/Developer/relux-tunnel/Sources/ReluxTunnelCore/RelayProtocol/RelayDatagramCodec.swift (in target 'ReluxTunnelCore' from project 'ReluxTunnel')
    cd /Users/iv/Developer/relux-tunnel/.swiftpm/xcode
    

SwiftCompile normal x86_64 Compiling\ RelayProtocolV1+Generated.swift /Users/iv/Developer/relux-tunnel/Sources/ReluxTunnelCore/RelayProtocol/Generated/RelayProtocolV1+Generated.swift (in target 'ReluxTunnelCore' from project 'ReluxTunnel')

SwiftCompile normal x86_64 /Users/iv/Developer/relux-tunnel/Sources/ReluxTunnelCore/RelayProtocol/Generated/RelayProtocolV1+Generated.swift (in target 'ReluxTunnelCore' from project 'ReluxTunnel')
    cd /Users/iv/Developer/relux-tunnel/.swiftpm/xcode
    

SwiftCompile normal x86_64 Compiling\ ProviderLifecycle.swift /Users/iv/Developer/relux-tunnel/Sources/ReluxTunnelCore/ProviderLifecycle.swift (in target 'ReluxTunnelCore' from project 'ReluxTunnel')

SwiftCompile normal x86_64 /Users/iv/Developer/relux-tunnel/Sources/ReluxTunnelCore/ProviderLifecycle.swift (in target 'ReluxTunnelCore' from project 'ReluxTunnel')
    cd /Users/iv/Developer/relux-tunnel/.swiftpm/xcode
    

SwiftCompile normal x86_64 Compiling\ PacketContracts.swift,\ PacketFlowAdapterBoundary.swift /Users/iv/Developer/relux-tunnel/Sources/ReluxTunnelCore/PacketContracts.swift /Users/iv/Developer/relux-tunnel/Sources/ReluxTunnelCore/PacketFlowAdapterBoundary.swift (in target 'ReluxTunnelCore' from project 'ReluxTunnel')

SwiftCompile normal x86_64 /Users/iv/Developer/relux-tunnel/Sources/ReluxTunnelCore/PacketContracts.swift (in target 'ReluxTunnelCore' from project 'ReluxTunnel')
    cd /Users/iv/Developer/relux-tunnel/.swiftpm/xcode
    

SwiftCompile normal x86_64 /Users/iv/Developer/relux-tunnel/Sources/ReluxTunnelCore/PacketFlowAdapterBoundary.swift (in target 'ReluxTunnelCore' from project 'ReluxTunnel')
    cd /Users/iv/Developer/relux-tunnel/.swiftpm/xcode
    

SwiftEmitModule normal x86_64 Emitting\ module\ for\ ReluxTunnelCore (in target 'ReluxTunnelCore' from project 'ReluxTunnel')

EmitSwiftModule normal x86_64 (in target 'ReluxTunnelCore' from project 'ReluxTunnel')
    cd /Users/iv/Developer/relux-tunnel/.swiftpm/xcode
    

SwiftCompile normal x86_64 Compiling\ ComponentContracts.swift,\ DarwinPacketBridgeIO.swift /Users/iv/Developer/relux-tunnel/Sources/ReluxTunnelCore/ComponentContracts.swift /Users/iv/Developer/relux-tunnel/Sources/ReluxTunnelCore/DarwinPacketBridgeIO.swift (in target 'ReluxTunnelCore' from project 'ReluxTunnel')

SwiftCompile normal x86_64 /Users/iv/Developer/relux-tunnel/Sources/ReluxTunnelCore/ComponentContracts.swift (in target 'ReluxTunnelCore' from project 'ReluxTunnel')
    cd /Users/iv/Developer/relux-tunnel/.swiftpm/xcode
    

SwiftCompile normal x86_64 /Users/iv/Developer/relux-tunnel/Sources/ReluxTunnelCore/DarwinPacketBridgeIO.swift (in target 'ReluxTunnelCore' from project 'ReluxTunnel')
    cd /Users/iv/Developer/relux-tunnel/.swiftpm/xcode
    

SwiftEmitModule normal arm64 Emitting\ module\ for\ ReluxTunnelCore (in target 'ReluxTunnelCore' from project 'ReluxTunnel')

EmitSwiftModule normal arm64 (in target 'ReluxTunnelCore' from project 'ReluxTunnel')
    cd /Users/iv/Developer/relux-tunnel/.swiftpm/xcode
    

SwiftDriverJobDiscovery normal x86_64 Compiling RelayProtocolV1+Generated.swift (in target 'ReluxTunnelCore' from project 'ReluxTunnel')

SwiftCompile normal arm64 Compiling\ ComponentContracts.swift,\ DarwinPacketBridgeIO.swift /Users/iv/Developer/relux-tunnel/Sources/ReluxTunnelCore/ComponentContracts.swift /Users/iv/Developer/relux-tunnel/Sources/ReluxTunnelCore/DarwinPacketBridgeIO.swift (in target 'ReluxTunnelCore' from project 'ReluxTunnel')

SwiftCompile normal arm64 /Users/iv/Developer/relux-tunnel/Sources/ReluxTunnelCore/ComponentContracts.swift (in target 'ReluxTunnelCore' from project 'ReluxTunnel')
    cd /Users/iv/Developer/relux-tunnel/.swiftpm/xcode
    

SwiftCompile normal arm64 /Users/iv/Developer/relux-tunnel/Sources/ReluxTunnelCore/DarwinPacketBridgeIO.swift (in target 'ReluxTunnelCore' from project 'ReluxTunnel')
    cd /Users/iv/Developer/relux-tunnel/.swiftpm/xcode
    

SwiftDriverJobDiscovery normal x86_64 Emitting module for ReluxTunnelCore (in target 'ReluxTunnelCore' from project 'ReluxTunnel')

SwiftCompile normal arm64 Compiling\ RelaySession.swift /Users/iv/Developer/relux-tunnel/Sources/ReluxTunnelCore/RelayProtocol/RelaySession.swift (in target 'ReluxTunnelCore' from project 'ReluxTunnel')
SwiftCompile normal arm64 /Users/iv/Developer/relux-tunnel/Sources/ReluxTunnelCore/RelayProtocol/RelaySession.swift (in target 'ReluxTunnelCore' from project 'ReluxTunnel')
    cd /Users/iv/Developer/relux-tunnel/.swiftpm/xcode
    

SwiftDriver\ Compilation\ Requirements ReluxTunnelCore normal x86_64 com.apple.xcode.tools.swift.compiler (in target 'ReluxTunnelCore' from project 'ReluxTunnel')
    cd /Users/iv/Developer/relux-tunnel/.swiftpm/xcode
    builtin-Swift-Compilation-Requirements -- /Applications/Xcode_26_5.app/Contents/Developer/Toolchains/XcodeDefault.xctoolchain/usr/bin/swiftc -module-name ReluxTunnelCore -Onone @/Users/iv/Developer/.build/Intermediates.noindex/ReluxTunnel.build/Debug-iphonesimulator/ReluxTunnelCore.build/Objects-normal/x86_64/ReluxTunnelCore.SwiftFileList -DSWIFT_PACKAGE -DDEBUG -DSWIFT_MODULE_RESOURCE_BUNDLE_UNAVAILABLE -DXcode -plugin-path /Applications/Xcode_26_5.app/Contents/Developer/Toolchains/XcodeDefault.xctoolchain/usr/lib/swift/host/plugins/testing -enable-experimental-feature DebugDescriptionMacro -sdk /Applications/Xcode_26_5.app/Contents/Developer/Platforms/iPhoneSimulator.platform/Developer/SDKs/iPhoneSimulator26.5.sdk -target x86_64-apple-ios18.0-simulator -g -module-cache-path /Users/iv/Developer/relux-tunnel/.temp/TASK-260715-15vkvz/DerivedData-iOS/ModuleCache.noindex -Xfrontend -serialize-debugging-options -enable-testing -index-store-path /Users/iv/Developer/relux-tunnel/.temp/TASK-260715-15vkvz/DerivedData-iOS/Index.noindex/DataStore -Xcc -D_LIBCPP_HARDENING_MODE\=_LIBCPP_HARDENING_MODE_DEBUG -swift-version 6 -I /Users/iv/Developer/.build/Products/Debug-iphonesimulator -Isystem /Applications/Xcode_26_5.app/Contents/Developer/Platforms/iPhoneSimulator.platform/Developer/usr/lib -F /Users/iv/Developer/.build/Products/Debug-iphonesimulator -F /Applications/Xcode_26_5.app/Contents/Developer/Platforms/iPhoneSimulator.platform/Developer/Library/Frameworks -F /Applications/Xcode_26_5.app/Contents/Developer/Platforms/iPhoneSimulator.platform/Developer/SDKs/iPhoneSimulator26.5.sdk/Developer/Library/Frameworks -c -j16 -enable-batch-mode -incremental -Xcc -ivfsstatcache -Xcc /Users/iv/Developer/relux-tunnel/.temp/TASK-260715-15vkvz/DerivedData-iOS/SDKStatCaches.noindex/iphonesimulator26.5-23F73-9976ff0a46533d0d3305099c8405181f.sdkstatcache -output-file-map /Users/iv/Developer/.build/Intermediates.noindex/ReluxTunnel.build/Debug-iphonesimulator/ReluxTunnelCore.build/Objects-normal/x86_64/ReluxTunnelCore-OutputFileMap.json -use-frontend-parseable-output -save-temps -no-color-diagnostics -explicit-module-build -module-cache-path /Users/iv/Developer/.build/Intermediates.noindex/SwiftExplicitPrecompiledModules -clang-scanner-module-cache-path /Users/iv/Developer/relux-tunnel/.temp/TASK-260715-15vkvz/DerivedData-iOS/ModuleCache.noindex -sdk-module-cache-path /Users/iv/Developer/relux-tunnel/.temp/TASK-260715-15vkvz/DerivedData-iOS/ModuleCache.noindex -serialize-diagnostics -emit-dependencies -emit-module -emit-module-path /Users/iv/Developer/.build/Intermediates.noindex/ReluxTunnel.build/Debug-iphonesimulator/ReluxTunnelCore.build/Objects-normal/x86_64/ReluxTunnelCore.swiftmodule -validate-clang-modules-once -clang-build-session-file /Users/iv/Developer/relux-tunnel/.temp/TASK-260715-15vkvz/DerivedData-iOS/ModuleCache.noindex/Session.modulevalidation -package-name relux_tunnel -Xcc -I/Users/iv/Developer/.build/Intermediates.noindex/ReluxTunnel.build/Debug-iphonesimulator/ReluxTunnelCore.build/swift-overrides.hmap -emit-const-values -Xfrontend -const-gather-protocols-file -Xfrontend /Users/iv/Developer/.build/Intermediates.noindex/ReluxTunnel.build/Debug-iphonesimulator/ReluxTunnelCore.build/Objects-normal/x86_64/ReluxTunnelCore_const_extract_protocols.json -Xcc -I/Users/iv/Developer/.build/Products/Debug-iphonesimulator/include -Xcc -I/Users/iv/Developer/.build/Intermediates.noindex/ReluxTunnel.build/Debug-iphonesimulator/ReluxTunnelCore.build/DerivedSources-normal/x86_64 -Xcc -I/Users/iv/Developer/.build/Intermediates.noindex/ReluxTunnel.build/Debug-iphonesimulator/ReluxTunnelCore.build/DerivedSources/x86_64 -Xcc -I/Users/iv/Developer/.build/Intermediates.noindex/ReluxTunnel.build/Debug-iphonesimulator/ReluxTunnelCore.build/DerivedSources -Xcc -DSWIFT_PACKAGE -Xcc -DDEBUG\=1 -emit-objc-header -emit-objc-header-path /Users/iv/Developer/.build/Intermediates.noindex/ReluxTunnel.build/Debug-iphonesimulator/ReluxTunnelCore.build/Objects-normal/x86_64/ReluxTunnelCore-Swift.h -working-directory /Users/iv/Developer/relux-tunnel/.swiftpm/xcode -experimental-emit-module-separately -disable-cmo

SwiftDriverJobDiscovery normal x86_64 Compiling ComponentContracts.swift, DarwinPacketBridgeIO.swift (in target 'ReluxTunnelCore' from project 'ReluxTunnel')

SwiftCompile normal arm64 Compiling\ PacketFlowBridgeContracts.swift /Users/iv/Developer/relux-tunnel/Sources/ReluxTunnelCore/PacketFlowBridgeContracts.swift (in target 'ReluxTunnelCore' from project 'ReluxTunnel')

SwiftCompile normal arm64 /Users/iv/Developer/relux-tunnel/Sources/ReluxTunnelCore/PacketFlowBridgeContracts.swift (in target 'ReluxTunnelCore' from project 'ReluxTunnel')
    cd /Users/iv/Developer/relux-tunnel/.swiftpm/xcode
    

SwiftDriverJobDiscovery normal x86_64 Compiling PacketContracts.swift, PacketFlowAdapterBoundary.swift (in target 'ReluxTunnelCore' from project 'ReluxTunnel')

Copy /Users/iv/Developer/.build/Products/Debug-iphonesimulator/ReluxTunnelCore.swiftmodule/x86_64-apple-ios-simulator.swiftmodule /Users/iv/Developer/.build/Intermediates.noindex/ReluxTunnel.build/Debug-iphonesimulator/ReluxTunnelCore.build/Objects-normal/x86_64/ReluxTunnelCore.swiftmodule (in target 'ReluxTunnelCore' from project 'ReluxTunnel')
    cd /Users/iv/Developer/relux-tunnel
    builtin-copy -exclude .DS_Store -exclude CVS -exclude .svn -exclude .git -exclude .hg -resolve-src-symlinks -rename /Users/iv/Developer/.build/Intermediates.noindex/ReluxTunnel.build/Debug-iphonesimulator/ReluxTunnelCore.build/Objects-normal/x86_64/ReluxTunnelCore.swiftmodule /Users/iv/Developer/.build/Products/Debug-iphonesimulator/ReluxTunnelCore.swiftmodule/x86_64-apple-ios-simulator.swiftmodule

SwiftDriverJobDiscovery normal x86_64 Compiling RelayDatagramCodec.swift (in target 'ReluxTunnelCore' from project 'ReluxTunnel')

Copy /Users/iv/Developer/.build/Products/Debug-iphonesimulator/ReluxTunnelCore.swiftmodule/x86_64-apple-ios-simulator.swiftdoc /Users/iv/Developer/.build/Intermediates.noindex/ReluxTunnel.build/Debug-iphonesimulator/ReluxTunnelCore.build/Objects-normal/x86_64/ReluxTunnelCore.swiftdoc (in target 'ReluxTunnelCore' from project 'ReluxTunnel')
    cd /Users/iv/Developer/relux-tunnel
    builtin-copy -exclude .DS_Store -exclude CVS -exclude .svn -exclude .git -exclude .hg -resolve-src-symlinks -rename /Users/iv/Developer/.build/Intermediates.noindex/ReluxTunnel.build/Debug-iphonesimulator/ReluxTunnelCore.build/Objects-normal/x86_64/ReluxTunnelCore.swiftdoc /Users/iv/Developer/.build/Products/Debug-iphonesimulator/ReluxTunnelCore.swiftmodule/x86_64-apple-ios-simulator.swiftdoc

SwiftDriverJobDiscovery normal arm64 Emitting module for ReluxTunnelCore (in target 'ReluxTunnelCore' from project 'ReluxTunnel')

SwiftDriver\ Compilation\ Requirements ReluxTunnelCore normal arm64 com.apple.xcode.tools.swift.compiler (in target 'ReluxTunnelCore' from project 'ReluxTunnel')
    cd /Users/iv/Developer/relux-tunnel/.swiftpm/xcode
    builtin-Swift-Compilation-Requirements -- /Applications/Xcode_26_5.app/Contents/Developer/Toolchains/XcodeDefault.xctoolchain/usr/bin/swiftc -module-name ReluxTunnelCore -Onone @/Users/iv/Developer/.build/Intermediates.noindex/ReluxTunnel.build/Debug-iphonesimulator/ReluxTunnelCore.build/Objects-normal/arm64/ReluxTunnelCore.SwiftFileList -DSWIFT_PACKAGE -DDEBUG -DSWIFT_MODULE_RESOURCE_BUNDLE_UNAVAILABLE -DXcode -plugin-path /Applications/Xcode_26_5.app/Contents/Developer/Toolchains/XcodeDefault.xctoolchain/usr/lib/swift/host/plugins/testing -enable-experimental-feature DebugDescriptionMacro -sdk /Applications/Xcode_26_5.app/Contents/Developer/Platforms/iPhoneSimulator.platform/Developer/SDKs/iPhoneSimulator26.5.sdk -target arm64-apple-ios18.0-simulator -g -module-cache-path /Users/iv/Developer/relux-tunnel/.temp/TASK-260715-15vkvz/DerivedData-iOS/ModuleCache.noindex -Xfrontend -serialize-debugging-options -enable-testing -index-store-path /Users/iv/Developer/relux-tunnel/.temp/TASK-260715-15vkvz/DerivedData-iOS/Index.noindex/DataStore -Xcc -D_LIBCPP_HARDENING_MODE\=_LIBCPP_HARDENING_MODE_DEBUG -swift-version 6 -I /Users/iv/Developer/.build/Products/Debug-iphonesimulator -Isystem /Applications/Xcode_26_5.app/Contents/Developer/Platforms/iPhoneSimulator.platform/Developer/usr/lib -F /Users/iv/Developer/.build/Products/Debug-iphonesimulator -F /Applications/Xcode_26_5.app/Contents/Developer/Platforms/iPhoneSimulator.platform/Developer/Library/Frameworks -F /Applications/Xcode_26_5.app/Contents/Developer/Platforms/iPhoneSimulator.platform/Developer/SDKs/iPhoneSimulator26.5.sdk/Developer/Library/Frameworks -c -j16 -enable-batch-mode -incremental -Xcc -ivfsstatcache -Xcc /Users/iv/Developer/relux-tunnel/.temp/TASK-260715-15vkvz/DerivedData-iOS/SDKStatCaches.noindex/iphonesimulator26.5-23F73-9976ff0a46533d0d3305099c8405181f.sdkstatcache -output-file-map /Users/iv/Developer/.build/Intermediates.noindex/ReluxTunnel.build/Debug-iphonesimulator/ReluxTunnelCore.build/Objects-normal/arm64/ReluxTunnelCore-OutputFileMap.json -use-frontend-parseable-output -save-temps -no-color-diagnostics -explicit-module-build -module-cache-path /Users/iv/Developer/.build/Intermediates.noindex/SwiftExplicitPrecompiledModules -clang-scanner-module-cache-path /Users/iv/Developer/relux-tunnel/.temp/TASK-260715-15vkvz/DerivedData-iOS/ModuleCache.noindex -sdk-module-cache-path /Users/iv/Developer/relux-tunnel/.temp/TASK-260715-15vkvz/DerivedData-iOS/ModuleCache.noindex -serialize-diagnostics -emit-dependencies -emit-module -emit-module-path /Users/iv/Developer/.build/Intermediates.noindex/ReluxTunnel.build/Debug-iphonesimulator/ReluxTunnelCore.build/Objects-normal/arm64/ReluxTunnelCore.swiftmodule -validate-clang-modules-once -clang-build-session-file /Users/iv/Developer/relux-tunnel/.temp/TASK-260715-15vkvz/DerivedData-iOS/ModuleCache.noindex/Session.modulevalidation -package-name relux_tunnel -Xcc -I/Users/iv/Developer/.build/Intermediates.noindex/ReluxTunnel.build/Debug-iphonesimulator/ReluxTunnelCore.build/swift-overrides.hmap -emit-const-values -Xfrontend -const-gather-protocols-file -Xfrontend /Users/iv/Developer/.build/Intermediates.noindex/ReluxTunnel.build/Debug-iphonesimulator/ReluxTunnelCore.build/Objects-normal/arm64/ReluxTunnelCore_const_extract_protocols.json -Xcc -I/Users/iv/Developer/.build/Products/Debug-iphonesimulator/include -Xcc -I/Users/iv/Developer/.build/Intermediates.noindex/ReluxTunnel.build/Debug-iphonesimulator/ReluxTunnelCore.build/DerivedSources-normal/arm64 -Xcc -I/Users/iv/Developer/.build/Intermediates.noindex/ReluxTunnel.build/Debug-iphonesimulator/ReluxTunnelCore.build/DerivedSources/arm64 -Xcc -I/Users/iv/Developer/.build/Intermediates.noindex/ReluxTunnel.build/Debug-iphonesimulator/ReluxTunnelCore.build/DerivedSources -Xcc -DSWIFT_PACKAGE -Xcc -DDEBUG\=1 -emit-objc-header -emit-objc-header-path /Users/iv/Developer/.build/Intermediates.noindex/ReluxTunnel.build/Debug-iphonesimulator/ReluxTunnelCore.build/Objects-normal/arm64/ReluxTunnelCore-Swift.h -working-directory /Users/iv/Developer/relux-tunnel/.swiftpm/xcode -experimental-emit-module-separately -disable-cmo

Copy /Users/iv/Developer/.build/Products/Debug-iphonesimulator/ReluxTunnelCore.swiftmodule/x86_64-apple-ios-simulator.abi.json /Users/iv/Developer/.build/Intermediates.noindex/ReluxTunnel.build/Debug-iphonesimulator/ReluxTunnelCore.build/Objects-normal/x86_64/ReluxTunnelCore.abi.json (in target 'ReluxTunnelCore' from project 'ReluxTunnel')
    cd /Users/iv/Developer/relux-tunnel
    builtin-copy -exclude .DS_Store -exclude CVS -exclude .svn -exclude .git -exclude .hg -resolve-src-symlinks -rename /Users/iv/Developer/.build/Intermediates.noindex/ReluxTunnel.build/Debug-iphonesimulator/ReluxTunnelCore.build/Objects-normal/x86_64/ReluxTunnelCore.abi.json /Users/iv/Developer/.build/Products/Debug-iphonesimulator/ReluxTunnelCore.swiftmodule/x86_64-apple-ios-simulator.abi.json

Copy /Users/iv/Developer/.build/Products/Debug-iphonesimulator/ReluxTunnelCore.swiftmodule/Project/x86_64-apple-ios-simulator.swiftsourceinfo /Users/iv/Developer/.build/Intermediates.noindex/ReluxTunnel.build/Debug-iphonesimulator/ReluxTunnelCore.build/Objects-normal/x86_64/ReluxTunnelCore.swiftsourceinfo (in target 'ReluxTunnelCore' from project 'ReluxTunnel')
    cd /Users/iv/Developer/relux-tunnel
    builtin-copy -exclude .DS_Store -exclude CVS -exclude .svn -exclude .git -exclude .hg -resolve-src-symlinks -rename /Users/iv/Developer/.build/Intermediates.noindex/ReluxTunnel.build/Debug-iphonesimulator/ReluxTunnelCore.build/Objects-normal/x86_64/ReluxTunnelCore.swiftsourceinfo /Users/iv/Developer/.build/Products/Debug-iphonesimulator/ReluxTunnelCore.swiftmodule/Project/x86_64-apple-ios-simulator.swiftsourceinfo

SwiftDriverJobDiscovery normal x86_64 Compiling RelayByteCodec.swift (in target 'ReluxTunnelCore' from project 'ReluxTunnel')

SwiftCompile normal arm64 Compiling\ RelayDatagramCodec.swift /Users/iv/Developer/relux-tunnel/Sources/ReluxTunnelCore/RelayProtocol/RelayDatagramCodec.swift (in target 'ReluxTunnelCore' from project 'ReluxTunnel')

SwiftCompile normal arm64 /Users/iv/Developer/relux-tunnel/Sources/ReluxTunnelCore/RelayProtocol/RelayDatagramCodec.swift (in target 'ReluxTunnelCore' from project 'ReluxTunnel')
    cd /Users/iv/Developer/relux-tunnel/.swiftpm/xcode
    

SwiftCompile normal arm64 Compiling\ RelayHandshake.swift /Users/iv/Developer/relux-tunnel/Sources/ReluxTunnelCore/RelayProtocol/RelayHandshake.swift (in target 'ReluxTunnelCore' from project 'ReluxTunnel')

SwiftCompile normal arm64 /Users/iv/Developer/relux-tunnel/Sources/ReluxTunnelCore/RelayProtocol/RelayHandshake.swift (in target 'ReluxTunnelCore' from project 'ReluxTunnel')
    cd /Users/iv/Developer/relux-tunnel/.swiftpm/xcode
    

SwiftCompile normal arm64 Compiling\ TunnelRuntimeCoordinator.swift /Users/iv/Developer/relux-tunnel/Sources/ReluxTunnelCore/TunnelRuntimeCoordinator.swift (in target 'ReluxTunnelCore' from project 'ReluxTunnel')
SwiftCompile normal arm64 /Users/iv/Developer/relux-tunnel/Sources/ReluxTunnelCore/TunnelRuntimeCoordinator.swift (in target 'ReluxTunnelCore' from project 'ReluxTunnel')
    cd /Users/iv/Developer/relux-tunnel/.swiftpm/xcode
    

SwiftDriverJobDiscovery normal x86_64 Compiling RuntimeContracts.swift (in target 'ReluxTunnelCore' from project 'ReluxTunnel')

SwiftCompile normal arm64 Compiling\ ProviderLifecycle.swift /Users/iv/Developer/relux-tunnel/Sources/ReluxTunnelCore/ProviderLifecycle.swift (in target 'ReluxTunnelCore' from project 'ReluxTunnel')
SwiftCompile normal arm64 /Users/iv/Developer/relux-tunnel/Sources/ReluxTunnelCore/ProviderLifecycle.swift (in target 'ReluxTunnelCore' from project 'ReluxTunnel')
    cd /Users/iv/Developer/relux-tunnel/.swiftpm/xcode
    

SwiftMergeGeneratedHeaders /Users/iv/Developer/.build/Intermediates.noindex/GeneratedModuleMaps-iphonesimulator/ReluxTunnelCore-Swift.h /Users/iv/Developer/.build/Intermediates.noindex/ReluxTunnel.build/Debug-iphonesimulator/ReluxTunnelCore.build/Objects-normal/arm64/ReluxTunnelCore-Swift.h /Users/iv/Developer/.build/Intermediates.noindex/ReluxTunnel.build/Debug-iphonesimulator/ReluxTunnelCore.build/Objects-normal/x86_64/ReluxTunnelCore-Swift.h (in target 'ReluxTunnelCore' from project 'ReluxTunnel')
    cd /Users/iv/Developer/relux-tunnel
    builtin-swiftHeaderTool -arch arm64 /Users/iv/Developer/.build/Intermediates.noindex/ReluxTunnel.build/Debug-iphonesimulator/ReluxTunnelCore.build/Objects-normal/arm64/ReluxTunnelCore-Swift.h -arch x86_64 /Users/iv/Developer/.build/Intermediates.noindex/ReluxTunnel.build/Debug-iphonesimulator/ReluxTunnelCore.build/Objects-normal/x86_64/ReluxTunnelCore-Swift.h -o /Users/iv/Developer/.build/Intermediates.noindex/GeneratedModuleMaps-iphonesimulator/ReluxTunnelCore-Swift.h

SwiftDriverJobDiscovery normal x86_64 Compiling PacketFlowBridgeContracts.swift (in target 'ReluxTunnelCore' from project 'ReluxTunnel')

Copy /Users/iv/Developer/.build/Products/Debug-iphonesimulator/ReluxTunnelCore.swiftmodule/arm64-apple-ios-simulator.swiftmodule /Users/iv/Developer/.build/Intermediates.noindex/ReluxTunnel.build/Debug-iphonesimulator/ReluxTunnelCore.build/Objects-normal/arm64/ReluxTunnelCore.swiftmodule (in target 'ReluxTunnelCore' from project 'ReluxTunnel')
    cd /Users/iv/Developer/relux-tunnel
    builtin-copy -exclude .DS_Store -exclude CVS -exclude .svn -exclude .git -exclude .hg -resolve-src-symlinks -rename /Users/iv/Developer/.build/Intermediates.noindex/ReluxTunnel.build/Debug-iphonesimulator/ReluxTunnelCore.build/Objects-normal/arm64/ReluxTunnelCore.swiftmodule /Users/iv/Developer/.build/Products/Debug-iphonesimulator/ReluxTunnelCore.swiftmodule/arm64-apple-ios-simulator.swiftmodule

Copy /Users/iv/Developer/.build/Products/Debug-iphonesimulator/ReluxTunnelCore.swiftmodule/arm64-apple-ios-simulator.swiftdoc /Users/iv/Developer/.build/Intermediates.noindex/ReluxTunnel.build/Debug-iphonesimulator/ReluxTunnelCore.build/Objects-normal/arm64/ReluxTunnelCore.swiftdoc (in target 'ReluxTunnelCore' from project 'ReluxTunnel')
    cd /Users/iv/Developer/relux-tunnel
    builtin-copy -exclude .DS_Store -exclude CVS -exclude .svn -exclude .git -exclude .hg -resolve-src-symlinks -rename /Users/iv/Developer/.build/Intermediates.noindex/ReluxTunnel.build/Debug-iphonesimulator/ReluxTunnelCore.build/Objects-normal/arm64/ReluxTunnelCore.swiftdoc /Users/iv/Developer/.build/Products/Debug-iphonesimulator/ReluxTunnelCore.swiftmodule/arm64-apple-ios-simulator.swiftdoc

Copy /Users/iv/Developer/.build/Products/Debug-iphonesimulator/ReluxTunnelCore.swiftmodule/arm64-apple-ios-simulator.abi.json /Users/iv/Developer/.build/Intermediates.noindex/ReluxTunnel.build/Debug-iphonesimulator/ReluxTunnelCore.build/Objects-normal/arm64/ReluxTunnelCore.abi.json (in target 'ReluxTunnelCore' from project 'ReluxTunnel')
    cd /Users/iv/Developer/relux-tunnel
    builtin-copy -exclude .DS_Store -exclude CVS -exclude .svn -exclude .git -exclude .hg -resolve-src-symlinks -rename /Users/iv/Developer/.build/Intermediates.noindex/ReluxTunnel.build/Debug-iphonesimulator/ReluxTunnelCore.build/Objects-normal/arm64/ReluxTunnelCore.abi.json /Users/iv/Developer/.build/Products/Debug-iphonesimulator/ReluxTunnelCore.swiftmodule/arm64-apple-ios-simulator.abi.json

Copy /Users/iv/Developer/.build/Products/Debug-iphonesimulator/ReluxTunnelCore.swiftmodule/Project/arm64-apple-ios-simulator.swiftsourceinfo /Users/iv/Developer/.build/Intermediates.noindex/ReluxTunnel.build/Debug-iphonesimulator/ReluxTunnelCore.build/Objects-normal/arm64/ReluxTunnelCore.swiftsourceinfo (in target 'ReluxTunnelCore' from project 'ReluxTunnel')
    cd /Users/iv/Developer/relux-tunnel
    builtin-copy -exclude .DS_Store -exclude CVS -exclude .svn -exclude .git -exclude .hg -resolve-src-symlinks -rename /Users/iv/Developer/.build/Intermediates.noindex/ReluxTunnel.build/Debug-iphonesimulator/ReluxTunnelCore.build/Objects-normal/arm64/ReluxTunnelCore.swiftsourceinfo /Users/iv/Developer/.build/Products/Debug-iphonesimulator/ReluxTunnelCore.swiftmodule/Project/arm64-apple-ios-simulator.swiftsourceinfo

SwiftCompile normal arm64 Compiling\ PacketFlowBridge.swift /Users/iv/Developer/relux-tunnel/Sources/ReluxTunnelCore/PacketFlowBridge.swift (in target 'ReluxTunnelCore' from project 'ReluxTunnel')
SwiftCompile normal arm64 /Users/iv/Developer/relux-tunnel/Sources/ReluxTunnelCore/PacketFlowBridge.swift (in target 'ReluxTunnelCore' from project 'ReluxTunnel')
    cd /Users/iv/Developer/relux-tunnel/.swiftpm/xcode
    

SwiftDriverJobDiscovery normal x86_64 Compiling RelaySession.swift (in target 'ReluxTunnelCore' from project 'ReluxTunnel')

SwiftCompile normal arm64 Compiling\ RelayProtocolV1+Generated.swift /Users/iv/Developer/relux-tunnel/Sources/ReluxTunnelCore/RelayProtocol/Generated/RelayProtocolV1+Generated.swift (in target 'ReluxTunnelCore' from project 'ReluxTunnel')

SwiftCompile normal arm64 /Users/iv/Developer/relux-tunnel/Sources/ReluxTunnelCore/RelayProtocol/Generated/RelayProtocolV1+Generated.swift (in target 'ReluxTunnelCore' from project 'ReluxTunnel')
    cd /Users/iv/Developer/relux-tunnel/.swiftpm/xcode
    

SwiftDriverJobDiscovery normal x86_64 Compiling VPNManagerRepository.swift (in target 'ReluxTunnelCore' from project 'ReluxTunnel')

SwiftCompile normal arm64 Compiling\ VPNManagerRepository.swift /Users/iv/Developer/relux-tunnel/Sources/ReluxTunnelCore/VPNManagerRepository.swift (in target 'ReluxTunnelCore' from project 'ReluxTunnel')

SwiftCompile normal arm64 /Users/iv/Developer/relux-tunnel/Sources/ReluxTunnelCore/VPNManagerRepository.swift (in target 'ReluxTunnelCore' from project 'ReluxTunnel')
    cd /Users/iv/Developer/relux-tunnel/.swiftpm/xcode
    

SwiftDriverJobDiscovery normal x86_64 Compiling RuntimeMessageModels.swift (in target 'ReluxTunnelCore' from project 'ReluxTunnel')

SwiftCompile normal arm64 Compiling\ SSHContracts.swift /Users/iv/Developer/relux-tunnel/Sources/ReluxTunnelCore/SSHContracts.swift (in target 'ReluxTunnelCore' from project 'ReluxTunnel')

SwiftCompile normal arm64 /Users/iv/Developer/relux-tunnel/Sources/ReluxTunnelCore/SSHContracts.swift (in target 'ReluxTunnelCore' from project 'ReluxTunnel')
    cd /Users/iv/Developer/relux-tunnel/.swiftpm/xcode
    

SwiftCompile normal arm64 Compiling\ RuntimeContracts.swift /Users/iv/Developer/relux-tunnel/Sources/ReluxTunnelCore/RuntimeContracts.swift (in target 'ReluxTunnelCore' from project 'ReluxTunnel')

SwiftCompile normal arm64 /Users/iv/Developer/relux-tunnel/Sources/ReluxTunnelCore/RuntimeContracts.swift (in target 'ReluxTunnelCore' from project 'ReluxTunnel')
    cd /Users/iv/Developer/relux-tunnel/.swiftpm/xcode
    

SwiftDriverJobDiscovery normal x86_64 Compiling RelayHandshake.swift (in target 'ReluxTunnelCore' from project 'ReluxTunnel')

SwiftCompile normal arm64 Compiling\ RelayByteCodec.swift /Users/iv/Developer/relux-tunnel/Sources/ReluxTunnelCore/RelayProtocol/RelayByteCodec.swift (in target 'ReluxTunnelCore' from project 'ReluxTunnel')

SwiftCompile normal arm64 /Users/iv/Developer/relux-tunnel/Sources/ReluxTunnelCore/RelayProtocol/RelayByteCodec.swift (in target 'ReluxTunnelCore' from project 'ReluxTunnel')
    cd /Users/iv/Developer/relux-tunnel/.swiftpm/xcode
    

SwiftDriverJobDiscovery normal arm64 Compiling RelayProtocolV1+Generated.swift (in target 'ReluxTunnelCore' from project 'ReluxTunnel')

SwiftCompile normal x86_64 Compiling\ RuntimeDiagnostics.swift /Users/iv/Developer/relux-tunnel/Sources/ReluxTunnelCore/RuntimeDiagnostics.swift (in target 'ReluxTunnelCore' from project 'ReluxTunnel')

SwiftCompile normal x86_64 /Users/iv/Developer/relux-tunnel/Sources/ReluxTunnelCore/RuntimeDiagnostics.swift (in target 'ReluxTunnelCore' from project 'ReluxTunnel')
    cd /Users/iv/Developer/relux-tunnel/.swiftpm/xcode
    

SwiftDriverJobDiscovery normal x86_64 Compiling ProviderLifecycle.swift (in target 'ReluxTunnelCore' from project 'ReluxTunnel')

SwiftCompile normal arm64 Compiling\ PacketContracts.swift,\ PacketFlowAdapterBoundary.swift /Users/iv/Developer/relux-tunnel/Sources/ReluxTunnelCore/PacketContracts.swift /Users/iv/Developer/relux-tunnel/Sources/ReluxTunnelCore/PacketFlowAdapterBoundary.swift (in target 'ReluxTunnelCore' from project 'ReluxTunnel')

SwiftCompile normal arm64 /Users/iv/Developer/relux-tunnel/Sources/ReluxTunnelCore/PacketContracts.swift (in target 'ReluxTunnelCore' from project 'ReluxTunnel')
    cd /Users/iv/Developer/relux-tunnel/.swiftpm/xcode
    

SwiftCompile normal arm64 /Users/iv/Developer/relux-tunnel/Sources/ReluxTunnelCore/PacketFlowAdapterBoundary.swift (in target 'ReluxTunnelCore' from project 'ReluxTunnel')
    cd /Users/iv/Developer/relux-tunnel/.swiftpm/xcode
    

SwiftDriverJobDiscovery normal x86_64 Compiling SSHContracts.swift (in target 'ReluxTunnelCore' from project 'ReluxTunnel')

SwiftCompile normal arm64 Compiling\ RuntimeDiagnostics.swift /Users/iv/Developer/relux-tunnel/Sources/ReluxTunnelCore/RuntimeDiagnostics.swift (in target 'ReluxTunnelCore' from project 'ReluxTunnel')

SwiftCompile normal arm64 /Users/iv/Developer/relux-tunnel/Sources/ReluxTunnelCore/RuntimeDiagnostics.swift (in target 'ReluxTunnelCore' from project 'ReluxTunnel')
    cd /Users/iv/Developer/relux-tunnel/.swiftpm/xcode
    

SwiftDriverJobDiscovery normal x86_64 Compiling TunnelRuntimeCoordinator.swift (in target 'ReluxTunnelCore' from project 'ReluxTunnel')

SwiftCompile normal arm64 Compiling\ RuntimeMessageModels.swift /Users/iv/Developer/relux-tunnel/Sources/ReluxTunnelCore/RuntimeMessageModels.swift (in target 'ReluxTunnelCore' from project 'ReluxTunnel')
SwiftCompile normal arm64 /Users/iv/Developer/relux-tunnel/Sources/ReluxTunnelCore/RuntimeMessageModels.swift (in target 'ReluxTunnelCore' from project 'ReluxTunnel')
    cd /Users/iv/Developer/relux-tunnel/.swiftpm/xcode
    

SwiftDriverJobDiscovery normal arm64 Compiling PacketContracts.swift, PacketFlowAdapterBoundary.swift (in target 'ReluxTunnelCore' from project 'ReluxTunnel')

SwiftDriverJobDiscovery normal arm64 Compiling ComponentContracts.swift, DarwinPacketBridgeIO.swift (in target 'ReluxTunnelCore' from project 'ReluxTunnel')

SwiftDriver ReluxTunnelNativeAdapter normal x86_64 com.apple.xcode.tools.swift.compiler (in target 'ReluxTunnelNativeAdapter' from project 'ReluxTunnel')
    cd /Users/iv/Developer/relux-tunnel/.swiftpm/xcode
    builtin-SwiftDriver -- /Applications/Xcode_26_5.app/Contents/Developer/Toolchains/XcodeDefault.xctoolchain/usr/bin/swiftc -module-name ReluxTunnelNativeAdapter -Onone @/Users/iv/Developer/.build/Intermediates.noindex/ReluxTunnel.build/Debug-iphonesimulator/ReluxTunnelNativeAdapter.build/Objects-normal/x86_64/ReluxTunnelNativeAdapter.SwiftFileList -DSWIFT_PACKAGE -DDEBUG -DSWIFT_MODULE_RESOURCE_BUNDLE_UNAVAILABLE -DXcode -plugin-path /Applications/Xcode_26_5.app/Contents/Developer/Toolchains/XcodeDefault.xctoolchain/usr/lib/swift/host/plugins/testing -enable-experimental-feature DebugDescriptionMacro -sdk /Applications/Xcode_26_5.app/Contents/Developer/Platforms/iPhoneSimulator.platform/Developer/SDKs/iPhoneSimulator26.5.sdk -target x86_64-apple-ios18.0-simulator -g -module-cache-path /Users/iv/Developer/relux-tunnel/.temp/TASK-260715-15vkvz/DerivedData-iOS/ModuleCache.noindex -Xfrontend -serialize-debugging-options -enable-testing -index-store-path /Users/iv/Developer/relux-tunnel/.temp/TASK-260715-15vkvz/DerivedData-iOS/Index.noindex/DataStore -Xcc -D_LIBCPP_HARDENING_MODE\=_LIBCPP_HARDENING_MODE_DEBUG -swift-version 6 -I /Users/iv/Developer/.build/Products/Debug-iphonesimulator -Isystem /Applications/Xcode_26_5.app/Contents/Developer/Platforms/iPhoneSimulator.platform/Developer/usr/lib -F /Users/iv/Developer/.build/Products/Debug-iphonesimulator/PackageFrameworks -F /Users/iv/Developer/.build/Products/Debug-iphonesimulator -F /Applications/Xcode_26_5.app/Contents/Developer/Platforms/iPhoneSimulator.platform/Developer/Library/Frameworks -F /Applications/Xcode_26_5.app/Contents/Developer/Platforms/iPhoneSimulator.platform/Developer/SDKs/iPhoneSimulator26.5.sdk/Developer/Library/Frameworks -c -j16 -enable-batch-mode -incremental -Xcc -ivfsstatcache -Xcc /Users/iv/Developer/relux-tunnel/.temp/TASK-260715-15vkvz/DerivedData-iOS/SDKStatCaches.noindex/iphonesimulator26.5-23F73-9976ff0a46533d0d3305099c8405181f.sdkstatcache -output-file-map /Users/iv/Developer/.build/Intermediates.noindex/ReluxTunnel.build/Debug-iphonesimulator/ReluxTunnelNativeAdapter.build/Objects-normal/x86_64/ReluxTunnelNativeAdapter-OutputFileMap.json -use-frontend-parseable-output -save-temps -no-color-diagnostics -explicit-module-build -module-cache-path /Users/iv/Developer/.build/Intermediates.noindex/SwiftExplicitPrecompiledModules -clang-scanner-module-cache-path /Users/iv/Developer/relux-tunnel/.temp/TASK-260715-15vkvz/DerivedData-iOS/ModuleCache.noindex -sdk-module-cache-path /Users/iv/Developer/relux-tunnel/.temp/TASK-260715-15vkvz/DerivedData-iOS/ModuleCache.noindex -serialize-diagnostics -emit-dependencies -emit-module -emit-module-path /Users/iv/Developer/.build/Intermediates.noindex/ReluxTunnel.build/Debug-iphonesimulator/ReluxTunnelNativeAdapter.build/Objects-normal/x86_64/ReluxTunnelNativeAdapter.swiftmodule -validate-clang-modules-once -clang-build-session-file /Users/iv/Developer/relux-tunnel/.temp/TASK-260715-15vkvz/DerivedData-iOS/ModuleCache.noindex/Session.modulevalidation -package-name relux_tunnel -Xcc -I/Users/iv/Developer/.build/Intermediates.noindex/ReluxTunnel.build/Debug-iphonesimulator/ReluxTunnelNativeAdapter.build/swift-overrides.hmap -emit-const-values -Xfrontend -const-gather-protocols-file -Xfrontend /Users/iv/Developer/.build/Intermediates.noindex/ReluxTunnel.build/Debug-iphonesimulator/ReluxTunnelNativeAdapter.build/Objects-normal/x86_64/ReluxTunnelNativeAdapter_const_extract_protocols.json -Xcc -I/Users/iv/Developer/.build/Products/Debug-iphonesimulator/include -Xcc -I/Users/iv/Developer/.build/Intermediates.noindex/ReluxTunnel.build/Debug-iphonesimulator/ReluxTunnelNativeAdapter.build/DerivedSources-normal/x86_64 -Xcc -I/Users/iv/Developer/.build/Intermediates.noindex/ReluxTunnel.build/Debug-iphonesimulator/ReluxTunnelNativeAdapter.build/DerivedSources/x86_64 -Xcc -I/Users/iv/Developer/.build/Intermediates.noindex/ReluxTunnel.build/Debug-iphonesimulator/ReluxTunnelNativeAdapter.build/DerivedSources -Xcc -DSWIFT_PACKAGE -Xcc -DDEBUG\=1 -emit-objc-header -emit-objc-header-path /Users/iv/Developer/.build/Intermediates.noindex/ReluxTunnel.build/Debug-iphonesimulator/ReluxTunnelNativeAdapter.build/Objects-normal/x86_64/ReluxTunnelNativeAdapter-Swift.h -working-directory /Users/iv/Developer/relux-tunnel/.swiftpm/xcode -experimental-emit-module-separately -disable-cmo

SwiftDriver ReluxTunnelNativeAdapter normal arm64 com.apple.xcode.tools.swift.compiler (in target 'ReluxTunnelNativeAdapter' from project 'ReluxTunnel')
    cd /Users/iv/Developer/relux-tunnel/.swiftpm/xcode
    builtin-SwiftDriver -- /Applications/Xcode_26_5.app/Contents/Developer/Toolchains/XcodeDefault.xctoolchain/usr/bin/swiftc -module-name ReluxTunnelNativeAdapter -Onone @/Users/iv/Developer/.build/Intermediates.noindex/ReluxTunnel.build/Debug-iphonesimulator/ReluxTunnelNativeAdapter.build/Objects-normal/arm64/ReluxTunnelNativeAdapter.SwiftFileList -DSWIFT_PACKAGE -DDEBUG -DSWIFT_MODULE_RESOURCE_BUNDLE_UNAVAILABLE -DXcode -plugin-path /Applications/Xcode_26_5.app/Contents/Developer/Toolchains/XcodeDefault.xctoolchain/usr/lib/swift/host/plugins/testing -enable-experimental-feature DebugDescriptionMacro -sdk /Applications/Xcode_26_5.app/Contents/Developer/Platforms/iPhoneSimulator.platform/Developer/SDKs/iPhoneSimulator26.5.sdk -target arm64-apple-ios18.0-simulator -g -module-cache-path /Users/iv/Developer/relux-tunnel/.temp/TASK-260715-15vkvz/DerivedData-iOS/ModuleCache.noindex -Xfrontend -serialize-debugging-options -enable-testing -index-store-path /Users/iv/Developer/relux-tunnel/.temp/TASK-260715-15vkvz/DerivedData-iOS/Index.noindex/DataStore -Xcc -D_LIBCPP_HARDENING_MODE\=_LIBCPP_HARDENING_MODE_DEBUG -swift-version 6 -I /Users/iv/Developer/.build/Products/Debug-iphonesimulator -Isystem /Applications/Xcode_26_5.app/Contents/Developer/Platforms/iPhoneSimulator.platform/Developer/usr/lib -F /Users/iv/Developer/.build/Products/Debug-iphonesimulator/PackageFrameworks -F /Users/iv/Developer/.build/Products/Debug-iphonesimulator -F /Applications/Xcode_26_5.app/Contents/Developer/Platforms/iPhoneSimulator.platform/Developer/Library/Frameworks -F /Applications/Xcode_26_5.app/Contents/Developer/Platforms/iPhoneSimulator.platform/Developer/SDKs/iPhoneSimulator26.5.sdk/Developer/Library/Frameworks -c -j16 -enable-batch-mode -incremental -Xcc -ivfsstatcache -Xcc /Users/iv/Developer/relux-tunnel/.temp/TASK-260715-15vkvz/DerivedData-iOS/SDKStatCaches.noindex/iphonesimulator26.5-23F73-9976ff0a46533d0d3305099c8405181f.sdkstatcache -output-file-map /Users/iv/Developer/.build/Intermediates.noindex/ReluxTunnel.build/Debug-iphonesimulator/ReluxTunnelNativeAdapter.build/Objects-normal/arm64/ReluxTunnelNativeAdapter-OutputFileMap.json -use-frontend-parseable-output -save-temps -no-color-diagnostics -explicit-module-build -module-cache-path /Users/iv/Developer/.build/Intermediates.noindex/SwiftExplicitPrecompiledModules -clang-scanner-module-cache-path /Users/iv/Developer/relux-tunnel/.temp/TASK-260715-15vkvz/DerivedData-iOS/ModuleCache.noindex -sdk-module-cache-path /Users/iv/Developer/relux-tunnel/.temp/TASK-260715-15vkvz/DerivedData-iOS/ModuleCache.noindex -serialize-diagnostics -emit-dependencies -emit-module -emit-module-path /Users/iv/Developer/.build/Intermediates.noindex/ReluxTunnel.build/Debug-iphonesimulator/ReluxTunnelNativeAdapter.build/Objects-normal/arm64/ReluxTunnelNativeAdapter.swiftmodule -validate-clang-modules-once -clang-build-session-file /Users/iv/Developer/relux-tunnel/.temp/TASK-260715-15vkvz/DerivedData-iOS/ModuleCache.noindex/Session.modulevalidation -package-name relux_tunnel -Xcc -I/Users/iv/Developer/.build/Intermediates.noindex/ReluxTunnel.build/Debug-iphonesimulator/ReluxTunnelNativeAdapter.build/swift-overrides.hmap -emit-const-values -Xfrontend -const-gather-protocols-file -Xfrontend /Users/iv/Developer/.build/Intermediates.noindex/ReluxTunnel.build/Debug-iphonesimulator/ReluxTunnelNativeAdapter.build/Objects-normal/arm64/ReluxTunnelNativeAdapter_const_extract_protocols.json -Xcc -I/Users/iv/Developer/.build/Products/Debug-iphonesimulator/include -Xcc -I/Users/iv/Developer/.build/Intermediates.noindex/ReluxTunnel.build/Debug-iphonesimulator/ReluxTunnelNativeAdapter.build/DerivedSources-normal/arm64 -Xcc -I/Users/iv/Developer/.build/Intermediates.noindex/ReluxTunnel.build/Debug-iphonesimulator/ReluxTunnelNativeAdapter.build/DerivedSources/arm64 -Xcc -I/Users/iv/Developer/.build/Intermediates.noindex/ReluxTunnel.build/Debug-iphonesimulator/ReluxTunnelNativeAdapter.build/DerivedSources -Xcc -DSWIFT_PACKAGE -Xcc -DDEBUG\=1 -emit-objc-header -emit-objc-header-path /Users/iv/Developer/.build/Intermediates.noindex/ReluxTunnel.build/Debug-iphonesimulator/ReluxTunnelNativeAdapter.build/Objects-normal/arm64/ReluxTunnelNativeAdapter-Swift.h -working-directory /Users/iv/Developer/relux-tunnel/.swiftpm/xcode -experimental-emit-module-separately -disable-cmo

SwiftDriverJobDiscovery normal x86_64 Compiling PacketFlowBridge.swift (in target 'ReluxTunnelCore' from project 'ReluxTunnel')

SwiftDriverJobDiscovery normal arm64 Compiling RelayDatagramCodec.swift (in target 'ReluxTunnelCore' from project 'ReluxTunnel')

SwiftDriverJobDiscovery normal arm64 Compiling PacketFlowBridgeContracts.swift (in target 'ReluxTunnelCore' from project 'ReluxTunnel')

SwiftDriverJobDiscovery normal arm64 Compiling RuntimeContracts.swift (in target 'ReluxTunnelCore' from project 'ReluxTunnel')

SwiftDriverJobDiscovery normal x86_64 Compiling RuntimeDiagnostics.swift (in target 'ReluxTunnelCore' from project 'ReluxTunnel')

SwiftDriver\ Compilation ReluxTunnelCore normal x86_64 com.apple.xcode.tools.swift.compiler (in target 'ReluxTunnelCore' from project 'ReluxTunnel')
    cd /Users/iv/Developer/relux-tunnel/.swiftpm/xcode
    builtin-Swift-Compilation -- /Applications/Xcode_26_5.app/Contents/Developer/Toolchains/XcodeDefault.xctoolchain/usr/bin/swiftc -module-name ReluxTunnelCore -Onone @/Users/iv/Developer/.build/Intermediates.noindex/ReluxTunnel.build/Debug-iphonesimulator/ReluxTunnelCore.build/Objects-normal/x86_64/ReluxTunnelCore.SwiftFileList -DSWIFT_PACKAGE -DDEBUG -DSWIFT_MODULE_RESOURCE_BUNDLE_UNAVAILABLE -DXcode -plugin-path /Applications/Xcode_26_5.app/Contents/Developer/Toolchains/XcodeDefault.xctoolchain/usr/lib/swift/host/plugins/testing -enable-experimental-feature DebugDescriptionMacro -sdk /Applications/Xcode_26_5.app/Contents/Developer/Platforms/iPhoneSimulator.platform/Developer/SDKs/iPhoneSimulator26.5.sdk -target x86_64-apple-ios18.0-simulator -g -module-cache-path /Users/iv/Developer/relux-tunnel/.temp/TASK-260715-15vkvz/DerivedData-iOS/ModuleCache.noindex -Xfrontend -serialize-debugging-options -enable-testing -index-store-path /Users/iv/Developer/relux-tunnel/.temp/TASK-260715-15vkvz/DerivedData-iOS/Index.noindex/DataStore -Xcc -D_LIBCPP_HARDENING_MODE\=_LIBCPP_HARDENING_MODE_DEBUG -swift-version 6 -I /Users/iv/Developer/.build/Products/Debug-iphonesimulator -Isystem /Applications/Xcode_26_5.app/Contents/Developer/Platforms/iPhoneSimulator.platform/Developer/usr/lib -F /Users/iv/Developer/.build/Products/Debug-iphonesimulator -F /Applications/Xcode_26_5.app/Contents/Developer/Platforms/iPhoneSimulator.platform/Developer/Library/Frameworks -F /Applications/Xcode_26_5.app/Contents/Developer/Platforms/iPhoneSimulator.platform/Developer/SDKs/iPhoneSimulator26.5.sdk/Developer/Library/Frameworks -c -j16 -enable-batch-mode -incremental -Xcc -ivfsstatcache -Xcc /Users/iv/Developer/relux-tunnel/.temp/TASK-260715-15vkvz/DerivedData-iOS/SDKStatCaches.noindex/iphonesimulator26.5-23F73-9976ff0a46533d0d3305099c8405181f.sdkstatcache -output-file-map /Users/iv/Developer/.build/Intermediates.noindex/ReluxTunnel.build/Debug-iphonesimulator/ReluxTunnelCore.build/Objects-normal/x86_64/ReluxTunnelCore-OutputFileMap.json -use-frontend-parseable-output -save-temps -no-color-diagnostics -explicit-module-build -module-cache-path /Users/iv/Developer/.build/Intermediates.noindex/SwiftExplicitPrecompiledModules -clang-scanner-module-cache-path /Users/iv/Developer/relux-tunnel/.temp/TASK-260715-15vkvz/DerivedData-iOS/ModuleCache.noindex -sdk-module-cache-path /Users/iv/Developer/relux-tunnel/.temp/TASK-260715-15vkvz/DerivedData-iOS/ModuleCache.noindex -serialize-diagnostics -emit-dependencies -emit-module -emit-module-path /Users/iv/Developer/.build/Intermediates.noindex/ReluxTunnel.build/Debug-iphonesimulator/ReluxTunnelCore.build/Objects-normal/x86_64/ReluxTunnelCore.swiftmodule -validate-clang-modules-once -clang-build-session-file /Users/iv/Developer/relux-tunnel/.temp/TASK-260715-15vkvz/DerivedData-iOS/ModuleCache.noindex/Session.modulevalidation -package-name relux_tunnel -Xcc -I/Users/iv/Developer/.build/Intermediates.noindex/ReluxTunnel.build/Debug-iphonesimulator/ReluxTunnelCore.build/swift-overrides.hmap -emit-const-values -Xfrontend -const-gather-protocols-file -Xfrontend /Users/iv/Developer/.build/Intermediates.noindex/ReluxTunnel.build/Debug-iphonesimulator/ReluxTunnelCore.build/Objects-normal/x86_64/ReluxTunnelCore_const_extract_protocols.json -Xcc -I/Users/iv/Developer/.build/Products/Debug-iphonesimulator/include -Xcc -I/Users/iv/Developer/.build/Intermediates.noindex/ReluxTunnel.build/Debug-iphonesimulator/ReluxTunnelCore.build/DerivedSources-normal/x86_64 -Xcc -I/Users/iv/Developer/.build/Intermediates.noindex/ReluxTunnel.build/Debug-iphonesimulator/ReluxTunnelCore.build/DerivedSources/x86_64 -Xcc -I/Users/iv/Developer/.build/Intermediates.noindex/ReluxTunnel.build/Debug-iphonesimulator/ReluxTunnelCore.build/DerivedSources -Xcc -DSWIFT_PACKAGE -Xcc -DDEBUG\=1 -emit-objc-header -emit-objc-header-path /Users/iv/Developer/.build/Intermediates.noindex/ReluxTunnel.build/Debug-iphonesimulator/ReluxTunnelCore.build/Objects-normal/x86_64/ReluxTunnelCore-Swift.h -working-directory /Users/iv/Developer/relux-tunnel/.swiftpm/xcode -experimental-emit-module-separately -disable-cmo

Ld /Users/iv/Developer/.build/Intermediates.noindex/ReluxTunnel.build/Debug-iphonesimulator/ReluxTunnelCore.build/Objects-normal/x86_64/Binary/ReluxTunnelCore.o normal x86_64 (in target 'ReluxTunnelCore' from project 'ReluxTunnel')
    cd /Users/iv/Developer/relux-tunnel
    /Applications/Xcode_26_5.app/Contents/Developer/Toolchains/XcodeDefault.xctoolchain/usr/bin/clang -Xlinker -reproducible -target x86_64-apple-ios18.0-simulator -r -isysroot /Applications/Xcode_26_5.app/Contents/Developer/Platforms/iPhoneSimulator.platform/Developer/SDKs/iPhoneSimulator26.5.sdk -O0 -F/Users/iv/Developer/.build/Intermediates.noindex/EagerLinkingTBDs/Debug-iphonesimulator -F/Users/iv/Developer/.build/Products/Debug-iphonesimulator -iframework /Applications/Xcode_26_5.app/Contents/Developer/Platforms/iPhoneSimulator.platform/Developer/Library/Frameworks -iframework /Applications/Xcode_26_5.app/Contents/Developer/Platforms/iPhoneSimulator.platform/Developer/SDKs/iPhoneSimulator26.5.sdk/Developer/Library/Frameworks -filelist /Users/iv/Developer/.build/Intermediates.noindex/ReluxTunnel.build/Debug-iphonesimulator/ReluxTunnelCore.build/Objects-normal/x86_64/ReluxTunnelCore.LinkFileList -nostdlib -Xlinker -object_path_lto -Xlinker /Users/iv/Developer/.build/Intermediates.noindex/ReluxTunnel.build/Debug-iphonesimulator/ReluxTunnelCore.build/Objects-normal/x86_64/ReluxTunnelCore_lto.o -Xlinker -no_deduplicate -Xlinker -objc_abi_version -Xlinker 2 -Xlinker -dependency_info -Xlinker /Users/iv/Developer/.build/Intermediates.noindex/ReluxTunnel.build/Debug-iphonesimulator/ReluxTunnelCore.build/Objects-normal/x86_64/ReluxTunnelCore_dependency_info.dat -fobjc-link-runtime -L/Applications/Xcode_26_5.app/Contents/Developer/Toolchains/XcodeDefault.xctoolchain/usr/lib/swift/iphonesimulator -L/usr/lib/swift -Xlinker -add_ast_path -Xlinker /Users/iv/Developer/.build/Intermediates.noindex/ReluxTunnel.build/Debug-iphonesimulator/ReluxTunnelCore.build/Objects-normal/x86_64/ReluxTunnelCore.swiftmodule @/Users/iv/Developer/.build/Intermediates.noindex/ReluxTunnel.build/Debug-iphonesimulator/ReluxTunnelCore.build/Objects-normal/x86_64/ReluxTunnelCore-linker-args.resp -o /Users/iv/Developer/.build/Intermediates.noindex/ReluxTunnel.build/Debug-iphonesimulator/ReluxTunnelCore.build/Objects-normal/x86_64/Binary/ReluxTunnelCore.o

SwiftDriverJobDiscovery normal arm64 Compiling RuntimeDiagnostics.swift (in target 'ReluxTunnelCore' from project 'ReluxTunnel')

SwiftDriverJobDiscovery normal arm64 Compiling RelayHandshake.swift (in target 'ReluxTunnelCore' from project 'ReluxTunnel')

SwiftDriverJobDiscovery normal arm64 Compiling RelaySession.swift (in target 'ReluxTunnelCore' from project 'ReluxTunnel')

SwiftDriverJobDiscovery normal arm64 Compiling RelayByteCodec.swift (in target 'ReluxTunnelCore' from project 'ReluxTunnel')

SwiftExplicitDependencyGeneratePcm x86_64 /Users/iv/Developer/.build/Intermediates.noindex/SwiftExplicitPrecompiledModules/CReluxNativeFixture-9CTVNPK2RODIFOODNVZAFMZM4.pcm

SwiftExplicitDependencyGeneratePcm x86_64 /Users/iv/Developer/.build/Intermediates.noindex/SwiftExplicitPrecompiledModules/HevSocks5Tunnel-LJZNEDKE18N8JS7VOBM5LW01.pcm

SwiftExplicitDependencyGeneratePcm arm64 /Users/iv/Developer/.build/Intermediates.noindex/SwiftExplicitPrecompiledModules/HevSocks5Tunnel-48329BJBE0HXH1EAML3WKN4V6.pcm

SwiftExplicitDependencyGeneratePcm arm64 /Users/iv/Developer/.build/Intermediates.noindex/SwiftExplicitPrecompiledModules/CReluxNativeFixture-CCR5VU41HZ4SP3J9YGZ9LRFSQ.pcm

SwiftDriverJobDiscovery normal arm64 Compiling VPNManagerRepository.swift (in target 'ReluxTunnelCore' from project 'ReluxTunnel')

SwiftDriverJobDiscovery normal arm64 Compiling TunnelRuntimeCoordinator.swift (in target 'ReluxTunnelCore' from project 'ReluxTunnel')

SwiftEmitModule normal x86_64 Emitting\ module\ for\ ReluxTunnelNativeAdapter (in target 'ReluxTunnelNativeAdapter' from project 'ReluxTunnel')

EmitSwiftModule normal x86_64 (in target 'ReluxTunnelNativeAdapter' from project 'ReluxTunnel')
    cd /Users/iv/Developer/relux-tunnel/.swiftpm/xcode
    

SwiftCompile normal x86_64 Compiling\ HEVNoticeBundle.swift /Users/iv/Developer/relux-tunnel/Sources/ReluxTunnelNativeAdapter/HEVNoticeBundle.swift (in target 'ReluxTunnelNativeAdapter' from project 'ReluxTunnel')

SwiftCompile normal x86_64 /Users/iv/Developer/relux-tunnel/Sources/ReluxTunnelNativeAdapter/HEVNoticeBundle.swift (in target 'ReluxTunnelNativeAdapter' from project 'ReluxTunnel')
    cd /Users/iv/Developer/relux-tunnel/.swiftpm/xcode
    

SwiftCompile normal x86_64 Compiling\ HEVIntegration.swift /Users/iv/Developer/relux-tunnel/Sources/ReluxTunnelNativeAdapter/HEVIntegration.swift (in target 'ReluxTunnelNativeAdapter' from project 'ReluxTunnel')

SwiftCompile normal x86_64 /Users/iv/Developer/relux-tunnel/Sources/ReluxTunnelNativeAdapter/HEVIntegration.swift (in target 'ReluxTunnelNativeAdapter' from project 'ReluxTunnel')
    cd /Users/iv/Developer/relux-tunnel/.swiftpm/xcode
    

SwiftCompile normal x86_64 Compiling\ HEVSOCKSBoundary.swift /Users/iv/Developer/relux-tunnel/Sources/ReluxTunnelNativeAdapter/HEVSOCKSBoundary.swift (in target 'ReluxTunnelNativeAdapter' from project 'ReluxTunnel')

SwiftCompile normal x86_64 /Users/iv/Developer/relux-tunnel/Sources/ReluxTunnelNativeAdapter/HEVSOCKSBoundary.swift (in target 'ReluxTunnelNativeAdapter' from project 'ReluxTunnel')
    cd /Users/iv/Developer/relux-tunnel/.swiftpm/xcode
    

SwiftCompile normal x86_64 Compiling\ NativeDependencyPackaging.swift /Users/iv/Developer/relux-tunnel/Sources/ReluxTunnelNativeAdapter/NativeDependencyPackaging.swift (in target 'ReluxTunnelNativeAdapter' from project 'ReluxTunnel')

SwiftCompile normal x86_64 /Users/iv/Developer/relux-tunnel/Sources/ReluxTunnelNativeAdapter/NativeDependencyPackaging.swift (in target 'ReluxTunnelNativeAdapter' from project 'ReluxTunnel')
    cd /Users/iv/Developer/relux-tunnel/.swiftpm/xcode
    

SwiftEmitModule normal arm64 Emitting\ module\ for\ ReluxTunnelNativeAdapter (in target 'ReluxTunnelNativeAdapter' from project 'ReluxTunnel')

EmitSwiftModule normal arm64 (in target 'ReluxTunnelNativeAdapter' from project 'ReluxTunnel')
    cd /Users/iv/Developer/relux-tunnel/.swiftpm/xcode
    

SwiftCompile normal arm64 Compiling\ HEVNoticeBundle.swift /Users/iv/Developer/relux-tunnel/Sources/ReluxTunnelNativeAdapter/HEVNoticeBundle.swift (in target 'ReluxTunnelNativeAdapter' from project 'ReluxTunnel')

SwiftCompile normal arm64 /Users/iv/Developer/relux-tunnel/Sources/ReluxTunnelNativeAdapter/HEVNoticeBundle.swift (in target 'ReluxTunnelNativeAdapter' from project 'ReluxTunnel')
    cd /Users/iv/Developer/relux-tunnel/.swiftpm/xcode
    

SwiftCompile normal arm64 Compiling\ HEVIntegration.swift /Users/iv/Developer/relux-tunnel/Sources/ReluxTunnelNativeAdapter/HEVIntegration.swift (in target 'ReluxTunnelNativeAdapter' from project 'ReluxTunnel')
SwiftCompile normal arm64 /Users/iv/Developer/relux-tunnel/Sources/ReluxTunnelNativeAdapter/HEVIntegration.swift (in target 'ReluxTunnelNativeAdapter' from project 'ReluxTunnel')
    cd /Users/iv/Developer/relux-tunnel/.swiftpm/xcode
    

SwiftCompile normal arm64 Compiling\ NativeDependencyPackaging.swift /Users/iv/Developer/relux-tunnel/Sources/ReluxTunnelNativeAdapter/NativeDependencyPackaging.swift (in target 'ReluxTunnelNativeAdapter' from project 'ReluxTunnel')

SwiftCompile normal arm64 /Users/iv/Developer/relux-tunnel/Sources/ReluxTunnelNativeAdapter/NativeDependencyPackaging.swift (in target 'ReluxTunnelNativeAdapter' from project 'ReluxTunnel')
    cd /Users/iv/Developer/relux-tunnel/.swiftpm/xcode
    

SwiftCompile normal arm64 Compiling\ HEVSOCKSBoundary.swift /Users/iv/Developer/relux-tunnel/Sources/ReluxTunnelNativeAdapter/HEVSOCKSBoundary.swift (in target 'ReluxTunnelNativeAdapter' from project 'ReluxTunnel')

SwiftCompile normal arm64 /Users/iv/Developer/relux-tunnel/Sources/ReluxTunnelNativeAdapter/HEVSOCKSBoundary.swift (in target 'ReluxTunnelNativeAdapter' from project 'ReluxTunnel')
    cd /Users/iv/Developer/relux-tunnel/.swiftpm/xcode
    

SwiftDriverJobDiscovery normal arm64 Compiling ProviderLifecycle.swift (in target 'ReluxTunnelCore' from project 'ReluxTunnel')

SwiftDriverJobDiscovery normal x86_64 Compiling HEVNoticeBundle.swift (in target 'ReluxTunnelNativeAdapter' from project 'ReluxTunnel')

SwiftDriverJobDiscovery normal x86_64 Compiling NativeDependencyPackaging.swift (in target 'ReluxTunnelNativeAdapter' from project 'ReluxTunnel')

SwiftDriverJobDiscovery normal arm64 Compiling HEVNoticeBundle.swift (in target 'ReluxTunnelNativeAdapter' from project 'ReluxTunnel')

SwiftDriverJobDiscovery normal x86_64 Emitting module for ReluxTunnelNativeAdapter (in target 'ReluxTunnelNativeAdapter' from project 'ReluxTunnel')

SwiftDriverJobDiscovery normal arm64 Emitting module for ReluxTunnelNativeAdapter (in target 'ReluxTunnelNativeAdapter' from project 'ReluxTunnel')

SwiftDriver\ Compilation\ Requirements ReluxTunnelNativeAdapter normal x86_64 com.apple.xcode.tools.swift.compiler (in target 'ReluxTunnelNativeAdapter' from project 'ReluxTunnel')
    cd /Users/iv/Developer/relux-tunnel/.swiftpm/xcode
    builtin-Swift-Compilation-Requirements -- /Applications/Xcode_26_5.app/Contents/Developer/Toolchains/XcodeDefault.xctoolchain/usr/bin/swiftc -module-name ReluxTunnelNativeAdapter -Onone @/Users/iv/Developer/.build/Intermediates.noindex/ReluxTunnel.build/Debug-iphonesimulator/ReluxTunnelNativeAdapter.build/Objects-normal/x86_64/ReluxTunnelNativeAdapter.SwiftFileList -DSWIFT_PACKAGE -DDEBUG -DSWIFT_MODULE_RESOURCE_BUNDLE_UNAVAILABLE -DXcode -plugin-path /Applications/Xcode_26_5.app/Contents/Developer/Toolchains/XcodeDefault.xctoolchain/usr/lib/swift/host/plugins/testing -enable-experimental-feature DebugDescriptionMacro -sdk /Applications/Xcode_26_5.app/Contents/Developer/Platforms/iPhoneSimulator.platform/Developer/SDKs/iPhoneSimulator26.5.sdk -target x86_64-apple-ios18.0-simulator -g -module-cache-path /Users/iv/Developer/relux-tunnel/.temp/TASK-260715-15vkvz/DerivedData-iOS/ModuleCache.noindex -Xfrontend -serialize-debugging-options -enable-testing -index-store-path /Users/iv/Developer/relux-tunnel/.temp/TASK-260715-15vkvz/DerivedData-iOS/Index.noindex/DataStore -Xcc -D_LIBCPP_HARDENING_MODE\=_LIBCPP_HARDENING_MODE_DEBUG -swift-version 6 -I /Users/iv/Developer/.build/Products/Debug-iphonesimulator -Isystem /Applications/Xcode_26_5.app/Contents/Developer/Platforms/iPhoneSimulator.platform/Developer/usr/lib -F /Users/iv/Developer/.build/Products/Debug-iphonesimulator/PackageFrameworks -F /Users/iv/Developer/.build/Products/Debug-iphonesimulator -F /Applications/Xcode_26_5.app/Contents/Developer/Platforms/iPhoneSimulator.platform/Developer/Library/Frameworks -F /Applications/Xcode_26_5.app/Contents/Developer/Platforms/iPhoneSimulator.platform/Developer/SDKs/iPhoneSimulator26.5.sdk/Developer/Library/Frameworks -c -j16 -enable-batch-mode -incremental -Xcc -ivfsstatcache -Xcc /Users/iv/Developer/relux-tunnel/.temp/TASK-260715-15vkvz/DerivedData-iOS/SDKStatCaches.noindex/iphonesimulator26.5-23F73-9976ff0a46533d0d3305099c8405181f.sdkstatcache -output-file-map /Users/iv/Developer/.build/Intermediates.noindex/ReluxTunnel.build/Debug-iphonesimulator/ReluxTunnelNativeAdapter.build/Objects-normal/x86_64/ReluxTunnelNativeAdapter-OutputFileMap.json -use-frontend-parseable-output -save-temps -no-color-diagnostics -explicit-module-build -module-cache-path /Users/iv/Developer/.build/Intermediates.noindex/SwiftExplicitPrecompiledModules -clang-scanner-module-cache-path /Users/iv/Developer/relux-tunnel/.temp/TASK-260715-15vkvz/DerivedData-iOS/ModuleCache.noindex -sdk-module-cache-path /Users/iv/Developer/relux-tunnel/.temp/TASK-260715-15vkvz/DerivedData-iOS/ModuleCache.noindex -serialize-diagnostics -emit-dependencies -emit-module -emit-module-path /Users/iv/Developer/.build/Intermediates.noindex/ReluxTunnel.build/Debug-iphonesimulator/ReluxTunnelNativeAdapter.build/Objects-normal/x86_64/ReluxTunnelNativeAdapter.swiftmodule -validate-clang-modules-once -clang-build-session-file /Users/iv/Developer/relux-tunnel/.temp/TASK-260715-15vkvz/DerivedData-iOS/ModuleCache.noindex/Session.modulevalidation -package-name relux_tunnel -Xcc -I/Users/iv/Developer/.build/Intermediates.noindex/ReluxTunnel.build/Debug-iphonesimulator/ReluxTunnelNativeAdapter.build/swift-overrides.hmap -emit-const-values -Xfrontend -const-gather-protocols-file -Xfrontend /Users/iv/Developer/.build/Intermediates.noindex/ReluxTunnel.build/Debug-iphonesimulator/ReluxTunnelNativeAdapter.build/Objects-normal/x86_64/ReluxTunnelNativeAdapter_const_extract_protocols.json -Xcc -I/Users/iv/Developer/.build/Products/Debug-iphonesimulator/include -Xcc -I/Users/iv/Developer/.build/Intermediates.noindex/ReluxTunnel.build/Debug-iphonesimulator/ReluxTunnelNativeAdapter.build/DerivedSources-normal/x86_64 -Xcc -I/Users/iv/Developer/.build/Intermediates.noindex/ReluxTunnel.build/Debug-iphonesimulator/ReluxTunnelNativeAdapter.build/DerivedSources/x86_64 -Xcc -I/Users/iv/Developer/.build/Intermediates.noindex/ReluxTunnel.build/Debug-iphonesimulator/ReluxTunnelNativeAdapter.build/DerivedSources -Xcc -DSWIFT_PACKAGE -Xcc -DDEBUG\=1 -emit-objc-header -emit-objc-header-path /Users/iv/Developer/.build/Intermediates.noindex/ReluxTunnel.build/Debug-iphonesimulator/ReluxTunnelNativeAdapter.build/Objects-normal/x86_64/ReluxTunnelNativeAdapter-Swift.h -working-directory /Users/iv/Developer/relux-tunnel/.swiftpm/xcode -experimental-emit-module-separately -disable-cmo

SwiftDriver\ Compilation\ Requirements ReluxTunnelNativeAdapter normal arm64 com.apple.xcode.tools.swift.compiler (in target 'ReluxTunnelNativeAdapter' from project 'ReluxTunnel')
    cd /Users/iv/Developer/relux-tunnel/.swiftpm/xcode
    builtin-Swift-Compilation-Requirements -- /Applications/Xcode_26_5.app/Contents/Developer/Toolchains/XcodeDefault.xctoolchain/usr/bin/swiftc -module-name ReluxTunnelNativeAdapter -Onone @/Users/iv/Developer/.build/Intermediates.noindex/ReluxTunnel.build/Debug-iphonesimulator/ReluxTunnelNativeAdapter.build/Objects-normal/arm64/ReluxTunnelNativeAdapter.SwiftFileList -DSWIFT_PACKAGE -DDEBUG -DSWIFT_MODULE_RESOURCE_BUNDLE_UNAVAILABLE -DXcode -plugin-path /Applications/Xcode_26_5.app/Contents/Developer/Toolchains/XcodeDefault.xctoolchain/usr/lib/swift/host/plugins/testing -enable-experimental-feature DebugDescriptionMacro -sdk /Applications/Xcode_26_5.app/Contents/Developer/Platforms/iPhoneSimulator.platform/Developer/SDKs/iPhoneSimulator26.5.sdk -target arm64-apple-ios18.0-simulator -g -module-cache-path /Users/iv/Developer/relux-tunnel/.temp/TASK-260715-15vkvz/DerivedData-iOS/ModuleCache.noindex -Xfrontend -serialize-debugging-options -enable-testing -index-store-path /Users/iv/Developer/relux-tunnel/.temp/TASK-260715-15vkvz/DerivedData-iOS/Index.noindex/DataStore -Xcc -D_LIBCPP_HARDENING_MODE\=_LIBCPP_HARDENING_MODE_DEBUG -swift-version 6 -I /Users/iv/Developer/.build/Products/Debug-iphonesimulator -Isystem /Applications/Xcode_26_5.app/Contents/Developer/Platforms/iPhoneSimulator.platform/Developer/usr/lib -F /Users/iv/Developer/.build/Products/Debug-iphonesimulator/PackageFrameworks -F /Users/iv/Developer/.build/Products/Debug-iphonesimulator -F /Applications/Xcode_26_5.app/Contents/Developer/Platforms/iPhoneSimulator.platform/Developer/Library/Frameworks -F /Applications/Xcode_26_5.app/Contents/Developer/Platforms/iPhoneSimulator.platform/Developer/SDKs/iPhoneSimulator26.5.sdk/Developer/Library/Frameworks -c -j16 -enable-batch-mode -incremental -Xcc -ivfsstatcache -Xcc /Users/iv/Developer/relux-tunnel/.temp/TASK-260715-15vkvz/DerivedData-iOS/SDKStatCaches.noindex/iphonesimulator26.5-23F73-9976ff0a46533d0d3305099c8405181f.sdkstatcache -output-file-map /Users/iv/Developer/.build/Intermediates.noindex/ReluxTunnel.build/Debug-iphonesimulator/ReluxTunnelNativeAdapter.build/Objects-normal/arm64/ReluxTunnelNativeAdapter-OutputFileMap.json -use-frontend-parseable-output -save-temps -no-color-diagnostics -explicit-module-build -module-cache-path /Users/iv/Developer/.build/Intermediates.noindex/SwiftExplicitPrecompiledModules -clang-scanner-module-cache-path /Users/iv/Developer/relux-tunnel/.temp/TASK-260715-15vkvz/DerivedData-iOS/ModuleCache.noindex -sdk-module-cache-path /Users/iv/Developer/relux-tunnel/.temp/TASK-260715-15vkvz/DerivedData-iOS/ModuleCache.noindex -serialize-diagnostics -emit-dependencies -emit-module -emit-module-path /Users/iv/Developer/.build/Intermediates.noindex/ReluxTunnel.build/Debug-iphonesimulator/ReluxTunnelNativeAdapter.build/Objects-normal/arm64/ReluxTunnelNativeAdapter.swiftmodule -validate-clang-modules-once -clang-build-session-file /Users/iv/Developer/relux-tunnel/.temp/TASK-260715-15vkvz/DerivedData-iOS/ModuleCache.noindex/Session.modulevalidation -package-name relux_tunnel -Xcc -I/Users/iv/Developer/.build/Intermediates.noindex/ReluxTunnel.build/Debug-iphonesimulator/ReluxTunnelNativeAdapter.build/swift-overrides.hmap -emit-const-values -Xfrontend -const-gather-protocols-file -Xfrontend /Users/iv/Developer/.build/Intermediates.noindex/ReluxTunnel.build/Debug-iphonesimulator/ReluxTunnelNativeAdapter.build/Objects-normal/arm64/ReluxTunnelNativeAdapter_const_extract_protocols.json -Xcc -I/Users/iv/Developer/.build/Products/Debug-iphonesimulator/include -Xcc -I/Users/iv/Developer/.build/Intermediates.noindex/ReluxTunnel.build/Debug-iphonesimulator/ReluxTunnelNativeAdapter.build/DerivedSources-normal/arm64 -Xcc -I/Users/iv/Developer/.build/Intermediates.noindex/ReluxTunnel.build/Debug-iphonesimulator/ReluxTunnelNativeAdapter.build/DerivedSources/arm64 -Xcc -I/Users/iv/Developer/.build/Intermediates.noindex/ReluxTunnel.build/Debug-iphonesimulator/ReluxTunnelNativeAdapter.build/DerivedSources -Xcc -DSWIFT_PACKAGE -Xcc -DDEBUG\=1 -emit-objc-header -emit-objc-header-path /Users/iv/Developer/.build/Intermediates.noindex/ReluxTunnel.build/Debug-iphonesimulator/ReluxTunnelNativeAdapter.build/Objects-normal/arm64/ReluxTunnelNativeAdapter-Swift.h -working-directory /Users/iv/Developer/relux-tunnel/.swiftpm/xcode -experimental-emit-module-separately -disable-cmo

Copy /Users/iv/Developer/.build/Products/Debug-iphonesimulator/ReluxTunnelNativeAdapter.swiftmodule/x86_64-apple-ios-simulator.swiftmodule /Users/iv/Developer/.build/Intermediates.noindex/ReluxTunnel.build/Debug-iphonesimulator/ReluxTunnelNativeAdapter.build/Objects-normal/x86_64/ReluxTunnelNativeAdapter.swiftmodule (in target 'ReluxTunnelNativeAdapter' from project 'ReluxTunnel')
    cd /Users/iv/Developer/relux-tunnel
    builtin-copy -exclude .DS_Store -exclude CVS -exclude .svn -exclude .git -exclude .hg -resolve-src-symlinks -rename /Users/iv/Developer/.build/Intermediates.noindex/ReluxTunnel.build/Debug-iphonesimulator/ReluxTunnelNativeAdapter.build/Objects-normal/x86_64/ReluxTunnelNativeAdapter.swiftmodule /Users/iv/Developer/.build/Products/Debug-iphonesimulator/ReluxTunnelNativeAdapter.swiftmodule/x86_64-apple-ios-simulator.swiftmodule

Copy /Users/iv/Developer/.build/Products/Debug-iphonesimulator/ReluxTunnelNativeAdapter.swiftmodule/x86_64-apple-ios-simulator.swiftdoc /Users/iv/Developer/.build/Intermediates.noindex/ReluxTunnel.build/Debug-iphonesimulator/ReluxTunnelNativeAdapter.build/Objects-normal/x86_64/ReluxTunnelNativeAdapter.swiftdoc (in target 'ReluxTunnelNativeAdapter' from project 'ReluxTunnel')
    cd /Users/iv/Developer/relux-tunnel
    builtin-copy -exclude .DS_Store -exclude CVS -exclude .svn -exclude .git -exclude .hg -resolve-src-symlinks -rename /Users/iv/Developer/.build/Intermediates.noindex/ReluxTunnel.build/Debug-iphonesimulator/ReluxTunnelNativeAdapter.build/Objects-normal/x86_64/ReluxTunnelNativeAdapter.swiftdoc /Users/iv/Developer/.build/Products/Debug-iphonesimulator/ReluxTunnelNativeAdapter.swiftmodule/x86_64-apple-ios-simulator.swiftdoc

Copy /Users/iv/Developer/.build/Products/Debug-iphonesimulator/ReluxTunnelNativeAdapter.swiftmodule/x86_64-apple-ios-simulator.abi.json /Users/iv/Developer/.build/Intermediates.noindex/ReluxTunnel.build/Debug-iphonesimulator/ReluxTunnelNativeAdapter.build/Objects-normal/x86_64/ReluxTunnelNativeAdapter.abi.json (in target 'ReluxTunnelNativeAdapter' from project 'ReluxTunnel')
    cd /Users/iv/Developer/relux-tunnel
    builtin-copy -exclude .DS_Store -exclude CVS -exclude .svn -exclude .git -exclude .hg -resolve-src-symlinks -rename /Users/iv/Developer/.build/Intermediates.noindex/ReluxTunnel.build/Debug-iphonesimulator/ReluxTunnelNativeAdapter.build/Objects-normal/x86_64/ReluxTunnelNativeAdapter.abi.json /Users/iv/Developer/.build/Products/Debug-iphonesimulator/ReluxTunnelNativeAdapter.swiftmodule/x86_64-apple-ios-simulator.abi.json

Copy /Users/iv/Developer/.build/Products/Debug-iphonesimulator/ReluxTunnelNativeAdapter.swiftmodule/Project/x86_64-apple-ios-simulator.swiftsourceinfo /Users/iv/Developer/.build/Intermediates.noindex/ReluxTunnel.build/Debug-iphonesimulator/ReluxTunnelNativeAdapter.build/Objects-normal/x86_64/ReluxTunnelNativeAdapter.swiftsourceinfo (in target 'ReluxTunnelNativeAdapter' from project 'ReluxTunnel')
    cd /Users/iv/Developer/relux-tunnel
    builtin-copy -exclude .DS_Store -exclude CVS -exclude .svn -exclude .git -exclude .hg -resolve-src-symlinks -rename /Users/iv/Developer/.build/Intermediates.noindex/ReluxTunnel.build/Debug-iphonesimulator/ReluxTunnelNativeAdapter.build/Objects-normal/x86_64/ReluxTunnelNativeAdapter.swiftsourceinfo /Users/iv/Developer/.build/Products/Debug-iphonesimulator/ReluxTunnelNativeAdapter.swiftmodule/Project/x86_64-apple-ios-simulator.swiftsourceinfo

SwiftMergeGeneratedHeaders /Users/iv/Developer/.build/Intermediates.noindex/GeneratedModuleMaps-iphonesimulator/ReluxTunnelNativeAdapter-Swift.h /Users/iv/Developer/.build/Intermediates.noindex/ReluxTunnel.build/Debug-iphonesimulator/ReluxTunnelNativeAdapter.build/Objects-normal/arm64/ReluxTunnelNativeAdapter-Swift.h /Users/iv/Developer/.build/Intermediates.noindex/ReluxTunnel.build/Debug-iphonesimulator/ReluxTunnelNativeAdapter.build/Objects-normal/x86_64/ReluxTunnelNativeAdapter-Swift.h (in target 'ReluxTunnelNativeAdapter' from project 'ReluxTunnel')
    cd /Users/iv/Developer/relux-tunnel
    builtin-swiftHeaderTool -arch arm64 /Users/iv/Developer/.build/Intermediates.noindex/ReluxTunnel.build/Debug-iphonesimulator/ReluxTunnelNativeAdapter.build/Objects-normal/arm64/ReluxTunnelNativeAdapter-Swift.h -arch x86_64 /Users/iv/Developer/.build/Intermediates.noindex/ReluxTunnel.build/Debug-iphonesimulator/ReluxTunnelNativeAdapter.build/Objects-normal/x86_64/ReluxTunnelNativeAdapter-Swift.h -o /Users/iv/Developer/.build/Intermediates.noindex/GeneratedModuleMaps-iphonesimulator/ReluxTunnelNativeAdapter-Swift.h

Copy /Users/iv/Developer/.build/Products/Debug-iphonesimulator/ReluxTunnelNativeAdapter.swiftmodule/arm64-apple-ios-simulator.swiftmodule /Users/iv/Developer/.build/Intermediates.noindex/ReluxTunnel.build/Debug-iphonesimulator/ReluxTunnelNativeAdapter.build/Objects-normal/arm64/ReluxTunnelNativeAdapter.swiftmodule (in target 'ReluxTunnelNativeAdapter' from project 'ReluxTunnel')
    cd /Users/iv/Developer/relux-tunnel
    builtin-copy -exclude .DS_Store -exclude CVS -exclude .svn -exclude .git -exclude .hg -resolve-src-symlinks -rename /Users/iv/Developer/.build/Intermediates.noindex/ReluxTunnel.build/Debug-iphonesimulator/ReluxTunnelNativeAdapter.build/Objects-normal/arm64/ReluxTunnelNativeAdapter.swiftmodule /Users/iv/Developer/.build/Products/Debug-iphonesimulator/ReluxTunnelNativeAdapter.swiftmodule/arm64-apple-ios-simulator.swiftmodule

Copy /Users/iv/Developer/.build/Products/Debug-iphonesimulator/ReluxTunnelNativeAdapter.swiftmodule/arm64-apple-ios-simulator.abi.json /Users/iv/Developer/.build/Intermediates.noindex/ReluxTunnel.build/Debug-iphonesimulator/ReluxTunnelNativeAdapter.build/Objects-normal/arm64/ReluxTunnelNativeAdapter.abi.json (in target 'ReluxTunnelNativeAdapter' from project 'ReluxTunnel')
    cd /Users/iv/Developer/relux-tunnel
    builtin-copy -exclude .DS_Store -exclude CVS -exclude .svn -exclude .git -exclude .hg -resolve-src-symlinks -rename /Users/iv/Developer/.build/Intermediates.noindex/ReluxTunnel.build/Debug-iphonesimulator/ReluxTunnelNativeAdapter.build/Objects-normal/arm64/ReluxTunnelNativeAdapter.abi.json /Users/iv/Developer/.build/Products/Debug-iphonesimulator/ReluxTunnelNativeAdapter.swiftmodule/arm64-apple-ios-simulator.abi.json

Copy /Users/iv/Developer/.build/Products/Debug-iphonesimulator/ReluxTunnelNativeAdapter.swiftmodule/arm64-apple-ios-simulator.swiftdoc /Users/iv/Developer/.build/Intermediates.noindex/ReluxTunnel.build/Debug-iphonesimulator/ReluxTunnelNativeAdapter.build/Objects-normal/arm64/ReluxTunnelNativeAdapter.swiftdoc (in target 'ReluxTunnelNativeAdapter' from project 'ReluxTunnel')
    cd /Users/iv/Developer/relux-tunnel
    builtin-copy -exclude .DS_Store -exclude CVS -exclude .svn -exclude .git -exclude .hg -resolve-src-symlinks -rename /Users/iv/Developer/.build/Intermediates.noindex/ReluxTunnel.build/Debug-iphonesimulator/ReluxTunnelNativeAdapter.build/Objects-normal/arm64/ReluxTunnelNativeAdapter.swiftdoc /Users/iv/Developer/.build/Products/Debug-iphonesimulator/ReluxTunnelNativeAdapter.swiftmodule/arm64-apple-ios-simulator.swiftdoc

Copy /Users/iv/Developer/.build/Products/Debug-iphonesimulator/ReluxTunnelNativeAdapter.swiftmodule/Project/arm64-apple-ios-simulator.swiftsourceinfo /Users/iv/Developer/.build/Intermediates.noindex/ReluxTunnel.build/Debug-iphonesimulator/ReluxTunnelNativeAdapter.build/Objects-normal/arm64/ReluxTunnelNativeAdapter.swiftsourceinfo (in target 'ReluxTunnelNativeAdapter' from project 'ReluxTunnel')
    cd /Users/iv/Developer/relux-tunnel
    builtin-copy -exclude .DS_Store -exclude CVS -exclude .svn -exclude .git -exclude .hg -resolve-src-symlinks -rename /Users/iv/Developer/.build/Intermediates.noindex/ReluxTunnel.build/Debug-iphonesimulator/ReluxTunnelNativeAdapter.build/Objects-normal/arm64/ReluxTunnelNativeAdapter.swiftsourceinfo /Users/iv/Developer/.build/Products/Debug-iphonesimulator/ReluxTunnelNativeAdapter.swiftmodule/Project/arm64-apple-ios-simulator.swiftsourceinfo

SwiftDriver ReluxTunnelIOSAdapter normal arm64 com.apple.xcode.tools.swift.compiler (in target 'ReluxTunnelIOSAdapter' from project 'ReluxTunnel')
    cd /Users/iv/Developer/relux-tunnel/.swiftpm/xcode
    builtin-SwiftDriver -- /Applications/Xcode_26_5.app/Contents/Developer/Toolchains/XcodeDefault.xctoolchain/usr/bin/swiftc -module-name ReluxTunnelIOSAdapter -Onone @/Users/iv/Developer/.build/Intermediates.noindex/ReluxTunnel.build/Debug-iphonesimulator/ReluxTunnelIOSAdapter.build/Objects-normal/arm64/ReluxTunnelIOSAdapter.SwiftFileList -DSWIFT_PACKAGE -DDEBUG -DSWIFT_MODULE_RESOURCE_BUNDLE_UNAVAILABLE -DXcode -plugin-path /Applications/Xcode_26_5.app/Contents/Developer/Toolchains/XcodeDefault.xctoolchain/usr/lib/swift/host/plugins/testing -enable-experimental-feature DebugDescriptionMacro -sdk /Applications/Xcode_26_5.app/Contents/Developer/Platforms/iPhoneSimulator.platform/Developer/SDKs/iPhoneSimulator26.5.sdk -target arm64-apple-ios18.0-simulator -g -module-cache-path /Users/iv/Developer/relux-tunnel/.temp/TASK-260715-15vkvz/DerivedData-iOS/ModuleCache.noindex -Xfrontend -serialize-debugging-options -enable-testing -index-store-path /Users/iv/Developer/relux-tunnel/.temp/TASK-260715-15vkvz/DerivedData-iOS/Index.noindex/DataStore -Xcc -D_LIBCPP_HARDENING_MODE\=_LIBCPP_HARDENING_MODE_DEBUG -swift-version 6 -I /Users/iv/Developer/.build/Products/Debug-iphonesimulator -Isystem /Applications/Xcode_26_5.app/Contents/Developer/Platforms/iPhoneSimulator.platform/Developer/usr/lib -F /Users/iv/Developer/.build/Products/Debug-iphonesimulator/PackageFrameworks -F /Users/iv/Developer/.build/Products/Debug-iphonesimulator/PackageFrameworks -F /Users/iv/Developer/.build/Products/Debug-iphonesimulator -F /Applications/Xcode_26_5.app/Contents/Developer/Platforms/iPhoneSimulator.platform/Developer/Library/Frameworks -F /Applications/Xcode_26_5.app/Contents/Developer/Platforms/iPhoneSimulator.platform/Developer/SDKs/iPhoneSimulator26.5.sdk/Developer/Library/Frameworks -c -j16 -enable-batch-mode -incremental -Xcc -ivfsstatcache -Xcc /Users/iv/Developer/relux-tunnel/.temp/TASK-260715-15vkvz/DerivedData-iOS/SDKStatCaches.noindex/iphonesimulator26.5-23F73-9976ff0a46533d0d3305099c8405181f.sdkstatcache -output-file-map /Users/iv/Developer/.build/Intermediates.noindex/ReluxTunnel.build/Debug-iphonesimulator/ReluxTunnelIOSAdapter.build/Objects-normal/arm64/ReluxTunnelIOSAdapter-OutputFileMap.json -use-frontend-parseable-output -save-temps -no-color-diagnostics -explicit-module-build -module-cache-path /Users/iv/Developer/.build/Intermediates.noindex/SwiftExplicitPrecompiledModules -clang-scanner-module-cache-path /Users/iv/Developer/relux-tunnel/.temp/TASK-260715-15vkvz/DerivedData-iOS/ModuleCache.noindex -sdk-module-cache-path /Users/iv/Developer/relux-tunnel/.temp/TASK-260715-15vkvz/DerivedData-iOS/ModuleCache.noindex -serialize-diagnostics -emit-dependencies -emit-module -emit-module-path /Users/iv/Developer/.build/Intermediates.noindex/ReluxTunnel.build/Debug-iphonesimulator/ReluxTunnelIOSAdapter.build/Objects-normal/arm64/ReluxTunnelIOSAdapter.swiftmodule -validate-clang-modules-once -clang-build-session-file /Users/iv/Developer/relux-tunnel/.temp/TASK-260715-15vkvz/DerivedData-iOS/ModuleCache.noindex/Session.modulevalidation -package-name relux_tunnel -Xcc -I/Users/iv/Developer/.build/Intermediates.noindex/ReluxTunnel.build/Debug-iphonesimulator/ReluxTunnelIOSAdapter.build/swift-overrides.hmap -emit-const-values -Xfrontend -const-gather-protocols-file -Xfrontend /Users/iv/Developer/.build/Intermediates.noindex/ReluxTunnel.build/Debug-iphonesimulator/ReluxTunnelIOSAdapter.build/Objects-normal/arm64/ReluxTunnelIOSAdapter_const_extract_protocols.json -Xcc -I/Users/iv/Developer/.build/Products/Debug-iphonesimulator/include -Xcc -I/Users/iv/Developer/.build/Intermediates.noindex/ReluxTunnel.build/Debug-iphonesimulator/ReluxTunnelIOSAdapter.build/DerivedSources-normal/arm64 -Xcc -I/Users/iv/Developer/.build/Intermediates.noindex/ReluxTunnel.build/Debug-iphonesimulator/ReluxTunnelIOSAdapter.build/DerivedSources/arm64 -Xcc -I/Users/iv/Developer/.build/Intermediates.noindex/ReluxTunnel.build/Debug-iphonesimulator/ReluxTunnelIOSAdapter.build/DerivedSources -Xcc -DSWIFT_PACKAGE -Xcc -DDEBUG\=1 -emit-objc-header -emit-objc-header-path /Users/iv/Developer/.build/Intermediates.noindex/ReluxTunnel.build/Debug-iphonesimulator/ReluxTunnelIOSAdapter.build/Objects-normal/arm64/ReluxTunnelIOSAdapter-Swift.h -working-directory /Users/iv/Developer/relux-tunnel/.swiftpm/xcode -experimental-emit-module-separately -disable-cmo

SwiftDriver ReluxTunnelIOSAdapter normal x86_64 com.apple.xcode.tools.swift.compiler (in target 'ReluxTunnelIOSAdapter' from project 'ReluxTunnel')
    cd /Users/iv/Developer/relux-tunnel/.swiftpm/xcode
    builtin-SwiftDriver -- /Applications/Xcode_26_5.app/Contents/Developer/Toolchains/XcodeDefault.xctoolchain/usr/bin/swiftc -module-name ReluxTunnelIOSAdapter -Onone @/Users/iv/Developer/.build/Intermediates.noindex/ReluxTunnel.build/Debug-iphonesimulator/ReluxTunnelIOSAdapter.build/Objects-normal/x86_64/ReluxTunnelIOSAdapter.SwiftFileList -DSWIFT_PACKAGE -DDEBUG -DSWIFT_MODULE_RESOURCE_BUNDLE_UNAVAILABLE -DXcode -plugin-path /Applications/Xcode_26_5.app/Contents/Developer/Toolchains/XcodeDefault.xctoolchain/usr/lib/swift/host/plugins/testing -enable-experimental-feature DebugDescriptionMacro -sdk /Applications/Xcode_26_5.app/Contents/Developer/Platforms/iPhoneSimulator.platform/Developer/SDKs/iPhoneSimulator26.5.sdk -target x86_64-apple-ios18.0-simulator -g -module-cache-path /Users/iv/Developer/relux-tunnel/.temp/TASK-260715-15vkvz/DerivedData-iOS/ModuleCache.noindex -Xfrontend -serialize-debugging-options -enable-testing -index-store-path /Users/iv/Developer/relux-tunnel/.temp/TASK-260715-15vkvz/DerivedData-iOS/Index.noindex/DataStore -Xcc -D_LIBCPP_HARDENING_MODE\=_LIBCPP_HARDENING_MODE_DEBUG -swift-version 6 -I /Users/iv/Developer/.build/Products/Debug-iphonesimulator -Isystem /Applications/Xcode_26_5.app/Contents/Developer/Platforms/iPhoneSimulator.platform/Developer/usr/lib -F /Users/iv/Developer/.build/Products/Debug-iphonesimulator/PackageFrameworks -F /Users/iv/Developer/.build/Products/Debug-iphonesimulator/PackageFrameworks -F /Users/iv/Developer/.build/Products/Debug-iphonesimulator -F /Applications/Xcode_26_5.app/Contents/Developer/Platforms/iPhoneSimulator.platform/Developer/Library/Frameworks -F /Applications/Xcode_26_5.app/Contents/Developer/Platforms/iPhoneSimulator.platform/Developer/SDKs/iPhoneSimulator26.5.sdk/Developer/Library/Frameworks -c -j16 -enable-batch-mode -incremental -Xcc -ivfsstatcache -Xcc /Users/iv/Developer/relux-tunnel/.temp/TASK-260715-15vkvz/DerivedData-iOS/SDKStatCaches.noindex/iphonesimulator26.5-23F73-9976ff0a46533d0d3305099c8405181f.sdkstatcache -output-file-map /Users/iv/Developer/.build/Intermediates.noindex/ReluxTunnel.build/Debug-iphonesimulator/ReluxTunnelIOSAdapter.build/Objects-normal/x86_64/ReluxTunnelIOSAdapter-OutputFileMap.json -use-frontend-parseable-output -save-temps -no-color-diagnostics -explicit-module-build -module-cache-path /Users/iv/Developer/.build/Intermediates.noindex/SwiftExplicitPrecompiledModules -clang-scanner-module-cache-path /Users/iv/Developer/relux-tunnel/.temp/TASK-260715-15vkvz/DerivedData-iOS/ModuleCache.noindex -sdk-module-cache-path /Users/iv/Developer/relux-tunnel/.temp/TASK-260715-15vkvz/DerivedData-iOS/ModuleCache.noindex -serialize-diagnostics -emit-dependencies -emit-module -emit-module-path /Users/iv/Developer/.build/Intermediates.noindex/ReluxTunnel.build/Debug-iphonesimulator/ReluxTunnelIOSAdapter.build/Objects-normal/x86_64/ReluxTunnelIOSAdapter.swiftmodule -validate-clang-modules-once -clang-build-session-file /Users/iv/Developer/relux-tunnel/.temp/TASK-260715-15vkvz/DerivedData-iOS/ModuleCache.noindex/Session.modulevalidation -package-name relux_tunnel -Xcc -I/Users/iv/Developer/.build/Intermediates.noindex/ReluxTunnel.build/Debug-iphonesimulator/ReluxTunnelIOSAdapter.build/swift-overrides.hmap -emit-const-values -Xfrontend -const-gather-protocols-file -Xfrontend /Users/iv/Developer/.build/Intermediates.noindex/ReluxTunnel.build/Debug-iphonesimulator/ReluxTunnelIOSAdapter.build/Objects-normal/x86_64/ReluxTunnelIOSAdapter_const_extract_protocols.json -Xcc -I/Users/iv/Developer/.build/Products/Debug-iphonesimulator/include -Xcc -I/Users/iv/Developer/.build/Intermediates.noindex/ReluxTunnel.build/Debug-iphonesimulator/ReluxTunnelIOSAdapter.build/DerivedSources-normal/x86_64 -Xcc -I/Users/iv/Developer/.build/Intermediates.noindex/ReluxTunnel.build/Debug-iphonesimulator/ReluxTunnelIOSAdapter.build/DerivedSources/x86_64 -Xcc -I/Users/iv/Developer/.build/Intermediates.noindex/ReluxTunnel.build/Debug-iphonesimulator/ReluxTunnelIOSAdapter.build/DerivedSources -Xcc -DSWIFT_PACKAGE -Xcc -DDEBUG\=1 -emit-objc-header -emit-objc-header-path /Users/iv/Developer/.build/Intermediates.noindex/ReluxTunnel.build/Debug-iphonesimulator/ReluxTunnelIOSAdapter.build/Objects-normal/x86_64/ReluxTunnelIOSAdapter-Swift.h -working-directory /Users/iv/Developer/relux-tunnel/.swiftpm/xcode -experimental-emit-module-separately -disable-cmo

SwiftDriverJobDiscovery normal arm64 Compiling NativeDependencyPackaging.swift (in target 'ReluxTunnelNativeAdapter' from project 'ReluxTunnel')

SwiftDriverJobDiscovery normal arm64 Compiling SSHContracts.swift (in target 'ReluxTunnelCore' from project 'ReluxTunnel')

SwiftDriverJobDiscovery normal arm64 Compiling PacketFlowBridge.swift (in target 'ReluxTunnelCore' from project 'ReluxTunnel')

SwiftExplicitDependencyGeneratePcm x86_64 /Users/iv/Developer/relux-tunnel/.temp/TASK-260715-15vkvz/DerivedData-iOS/ModuleCache.noindex/dnssd-4L9AUQ6R9Y68UB5QCEOYCXD46.pcm

SwiftExplicitDependencyGeneratePcm x86_64 /Users/iv/Developer/relux-tunnel/.temp/TASK-260715-15vkvz/DerivedData-iOS/ModuleCache.noindex/ExtensionFoundation-1OEC215CKLUUGYC8QZF61PYBP.pcm

SwiftExplicitDependencyGeneratePcm x86_64 /Users/iv/Developer/relux-tunnel/.temp/TASK-260715-15vkvz/DerivedData-iOS/ModuleCache.noindex/_Builtin_stdatomic-SO1IC3SGKJWTWWC2BCSWWV3V.pcm

SwiftExplicitDependencyGeneratePcm x86_64 /Users/iv/Developer/relux-tunnel/.temp/TASK-260715-15vkvz/DerivedData-iOS/ModuleCache.noindex/MachO-E0RHLJ0THN7U37I89UXKIFV7L.pcm

SwiftExplicitDependencyGeneratePcm arm64 /Users/iv/Developer/relux-tunnel/.temp/TASK-260715-15vkvz/DerivedData-iOS/ModuleCache.noindex/_Builtin_stdatomic-2HF95R4TBN1DEV37EZWDHVYL1.pcm

SwiftExplicitDependencyGeneratePcm arm64 /Users/iv/Developer/relux-tunnel/.temp/TASK-260715-15vkvz/DerivedData-iOS/ModuleCache.noindex/ExtensionFoundation-6DBKY2NHY7VUN03DCE20DAZMR.pcm

SwiftExplicitDependencyGeneratePcm arm64 /Users/iv/Developer/relux-tunnel/.temp/TASK-260715-15vkvz/DerivedData-iOS/ModuleCache.noindex/dnssd-EDNVJ62WXKQANQ1UIBTBDRGRH.pcm

SwiftExplicitDependencyGeneratePcm arm64 /Users/iv/Developer/relux-tunnel/.temp/TASK-260715-15vkvz/DerivedData-iOS/ModuleCache.noindex/MachO-A1BGBYPTCKK83L14517KLM5RU.pcm

SwiftDriverJobDiscovery normal x86_64 Compiling HEVSOCKSBoundary.swift (in target 'ReluxTunnelNativeAdapter' from project 'ReluxTunnel')

SwiftDriverJobDiscovery normal arm64 Compiling HEVSOCKSBoundary.swift (in target 'ReluxTunnelNativeAdapter' from project 'ReluxTunnel')

SwiftExplicitDependencyGeneratePcm x86_64 /Users/iv/Developer/relux-tunnel/.temp/TASK-260715-15vkvz/DerivedData-iOS/ModuleCache.noindex/Network-F4NWA78S2HJBU94J9TOIGPJYD.pcm

SwiftExplicitDependencyGeneratePcm arm64 /Users/iv/Developer/relux-tunnel/.temp/TASK-260715-15vkvz/DerivedData-iOS/ModuleCache.noindex/Network-3YEZVBQOYTZZ67GG1PZHZEBDE.pcm

SwiftExplicitDependencyGeneratePcm x86_64 /Users/iv/Developer/relux-tunnel/.temp/TASK-260715-15vkvz/DerivedData-iOS/ModuleCache.noindex/os-846U2OBVBXAPX1XHM711LD4GT.pcm

SwiftExplicitDependencyGeneratePcm arm64 /Users/iv/Developer/relux-tunnel/.temp/TASK-260715-15vkvz/DerivedData-iOS/ModuleCache.noindex/os-E1EX06MMZP5QEDIP2SJJYNVXQ.pcm

SwiftExplicitDependencyGeneratePcm x86_64 /Users/iv/Developer/relux-tunnel/.temp/TASK-260715-15vkvz/DerivedData-iOS/ModuleCache.noindex/OSLog-5CAAWK6R8ZTZ64CKMBR5J9HGJ.pcm

SwiftExplicitDependencyGeneratePcm x86_64 /Users/iv/Developer/relux-tunnel/.temp/TASK-260715-15vkvz/DerivedData-iOS/ModuleCache.noindex/NetworkExtension-712806VQBC4JPNNYSPWSFSBA4.pcm

SwiftDriverJobDiscovery normal x86_64 Compiling HEVIntegration.swift (in target 'ReluxTunnelNativeAdapter' from project 'ReluxTunnel')

SwiftExplicitDependencyGeneratePcm arm64 /Users/iv/Developer/relux-tunnel/.temp/TASK-260715-15vkvz/DerivedData-iOS/ModuleCache.noindex/OSLog-2ISMKEGSYJA47DCLH7OUT9E6Y.pcm

SwiftDriver\ Compilation ReluxTunnelNativeAdapter normal x86_64 com.apple.xcode.tools.swift.compiler (in target 'ReluxTunnelNativeAdapter' from project 'ReluxTunnel')
    cd /Users/iv/Developer/relux-tunnel/.swiftpm/xcode
    builtin-Swift-Compilation -- /Applications/Xcode_26_5.app/Contents/Developer/Toolchains/XcodeDefault.xctoolchain/usr/bin/swiftc -module-name ReluxTunnelNativeAdapter -Onone @/Users/iv/Developer/.build/Intermediates.noindex/ReluxTunnel.build/Debug-iphonesimulator/ReluxTunnelNativeAdapter.build/Objects-normal/x86_64/ReluxTunnelNativeAdapter.SwiftFileList -DSWIFT_PACKAGE -DDEBUG -DSWIFT_MODULE_RESOURCE_BUNDLE_UNAVAILABLE -DXcode -plugin-path /Applications/Xcode_26_5.app/Contents/Developer/Toolchains/XcodeDefault.xctoolchain/usr/lib/swift/host/plugins/testing -enable-experimental-feature DebugDescriptionMacro -sdk /Applications/Xcode_26_5.app/Contents/Developer/Platforms/iPhoneSimulator.platform/Developer/SDKs/iPhoneSimulator26.5.sdk -target x86_64-apple-ios18.0-simulator -g -module-cache-path /Users/iv/Developer/relux-tunnel/.temp/TASK-260715-15vkvz/DerivedData-iOS/ModuleCache.noindex -Xfrontend -serialize-debugging-options -enable-testing -index-store-path /Users/iv/Developer/relux-tunnel/.temp/TASK-260715-15vkvz/DerivedData-iOS/Index.noindex/DataStore -Xcc -D_LIBCPP_HARDENING_MODE\=_LIBCPP_HARDENING_MODE_DEBUG -swift-version 6 -I /Users/iv/Developer/.build/Products/Debug-iphonesimulator -Isystem /Applications/Xcode_26_5.app/Contents/Developer/Platforms/iPhoneSimulator.platform/Developer/usr/lib -F /Users/iv/Developer/.build/Products/Debug-iphonesimulator/PackageFrameworks -F /Users/iv/Developer/.build/Products/Debug-iphonesimulator -F /Applications/Xcode_26_5.app/Contents/Developer/Platforms/iPhoneSimulator.platform/Developer/Library/Frameworks -F /Applications/Xcode_26_5.app/Contents/Developer/Platforms/iPhoneSimulator.platform/Developer/SDKs/iPhoneSimulator26.5.sdk/Developer/Library/Frameworks -c -j16 -enable-batch-mode -incremental -Xcc -ivfsstatcache -Xcc /Users/iv/Developer/relux-tunnel/.temp/TASK-260715-15vkvz/DerivedData-iOS/SDKStatCaches.noindex/iphonesimulator26.5-23F73-9976ff0a46533d0d3305099c8405181f.sdkstatcache -output-file-map /Users/iv/Developer/.build/Intermediates.noindex/ReluxTunnel.build/Debug-iphonesimulator/ReluxTunnelNativeAdapter.build/Objects-normal/x86_64/ReluxTunnelNativeAdapter-OutputFileMap.json -use-frontend-parseable-output -save-temps -no-color-diagnostics -explicit-module-build -module-cache-path /Users/iv/Developer/.build/Intermediates.noindex/SwiftExplicitPrecompiledModules -clang-scanner-module-cache-path /Users/iv/Developer/relux-tunnel/.temp/TASK-260715-15vkvz/DerivedData-iOS/ModuleCache.noindex -sdk-module-cache-path /Users/iv/Developer/relux-tunnel/.temp/TASK-260715-15vkvz/DerivedData-iOS/ModuleCache.noindex -serialize-diagnostics -emit-dependencies -emit-module -emit-module-path /Users/iv/Developer/.build/Intermediates.noindex/ReluxTunnel.build/Debug-iphonesimulator/ReluxTunnelNativeAdapter.build/Objects-normal/x86_64/ReluxTunnelNativeAdapter.swiftmodule -validate-clang-modules-once -clang-build-session-file /Users/iv/Developer/relux-tunnel/.temp/TASK-260715-15vkvz/DerivedData-iOS/ModuleCache.noindex/Session.modulevalidation -package-name relux_tunnel -Xcc -I/Users/iv/Developer/.build/Intermediates.noindex/ReluxTunnel.build/Debug-iphonesimulator/ReluxTunnelNativeAdapter.build/swift-overrides.hmap -emit-const-values -Xfrontend -const-gather-protocols-file -Xfrontend /Users/iv/Developer/.build/Intermediates.noindex/ReluxTunnel.build/Debug-iphonesimulator/ReluxTunnelNativeAdapter.build/Objects-normal/x86_64/ReluxTunnelNativeAdapter_const_extract_protocols.json -Xcc -I/Users/iv/Developer/.build/Products/Debug-iphonesimulator/include -Xcc -I/Users/iv/Developer/.build/Intermediates.noindex/ReluxTunnel.build/Debug-iphonesimulator/ReluxTunnelNativeAdapter.build/DerivedSources-normal/x86_64 -Xcc -I/Users/iv/Developer/.build/Intermediates.noindex/ReluxTunnel.build/Debug-iphonesimulator/ReluxTunnelNativeAdapter.build/DerivedSources/x86_64 -Xcc -I/Users/iv/Developer/.build/Intermediates.noindex/ReluxTunnel.build/Debug-iphonesimulator/ReluxTunnelNativeAdapter.build/DerivedSources -Xcc -DSWIFT_PACKAGE -Xcc -DDEBUG\=1 -emit-objc-header -emit-objc-header-path /Users/iv/Developer/.build/Intermediates.noindex/ReluxTunnel.build/Debug-iphonesimulator/ReluxTunnelNativeAdapter.build/Objects-normal/x86_64/ReluxTunnelNativeAdapter-Swift.h -working-directory /Users/iv/Developer/relux-tunnel/.swiftpm/xcode -experimental-emit-module-separately -disable-cmo

SwiftExplicitDependencyGeneratePcm arm64 /Users/iv/Developer/relux-tunnel/.temp/TASK-260715-15vkvz/DerivedData-iOS/ModuleCache.noindex/NetworkExtension-3C4VOPY2HTKUDS27USIYDUMV4.pcm

SwiftDriverJobDiscovery normal arm64 Compiling RuntimeMessageModels.swift (in target 'ReluxTunnelCore' from project 'ReluxTunnel')

SwiftDriver\ Compilation ReluxTunnelCore normal arm64 com.apple.xcode.tools.swift.compiler (in target 'ReluxTunnelCore' from project 'ReluxTunnel')
    cd /Users/iv/Developer/relux-tunnel/.swiftpm/xcode
    builtin-Swift-Compilation -- /Applications/Xcode_26_5.app/Contents/Developer/Toolchains/XcodeDefault.xctoolchain/usr/bin/swiftc -module-name ReluxTunnelCore -Onone @/Users/iv/Developer/.build/Intermediates.noindex/ReluxTunnel.build/Debug-iphonesimulator/ReluxTunnelCore.build/Objects-normal/arm64/ReluxTunnelCore.SwiftFileList -DSWIFT_PACKAGE -DDEBUG -DSWIFT_MODULE_RESOURCE_BUNDLE_UNAVAILABLE -DXcode -plugin-path /Applications/Xcode_26_5.app/Contents/Developer/Toolchains/XcodeDefault.xctoolchain/usr/lib/swift/host/plugins/testing -enable-experimental-feature DebugDescriptionMacro -sdk /Applications/Xcode_26_5.app/Contents/Developer/Platforms/iPhoneSimulator.platform/Developer/SDKs/iPhoneSimulator26.5.sdk -target arm64-apple-ios18.0-simulator -g -module-cache-path /Users/iv/Developer/relux-tunnel/.temp/TASK-260715-15vkvz/DerivedData-iOS/ModuleCache.noindex -Xfrontend -serialize-debugging-options -enable-testing -index-store-path /Users/iv/Developer/relux-tunnel/.temp/TASK-260715-15vkvz/DerivedData-iOS/Index.noindex/DataStore -Xcc -D_LIBCPP_HARDENING_MODE\=_LIBCPP_HARDENING_MODE_DEBUG -swift-version 6 -I /Users/iv/Developer/.build/Products/Debug-iphonesimulator -Isystem /Applications/Xcode_26_5.app/Contents/Developer/Platforms/iPhoneSimulator.platform/Developer/usr/lib -F /Users/iv/Developer/.build/Products/Debug-iphonesimulator -F /Applications/Xcode_26_5.app/Contents/Developer/Platforms/iPhoneSimulator.platform/Developer/Library/Frameworks -F /Applications/Xcode_26_5.app/Contents/Developer/Platforms/iPhoneSimulator.platform/Developer/SDKs/iPhoneSimulator26.5.sdk/Developer/Library/Frameworks -c -j16 -enable-batch-mode -incremental -Xcc -ivfsstatcache -Xcc /Users/iv/Developer/relux-tunnel/.temp/TASK-260715-15vkvz/DerivedData-iOS/SDKStatCaches.noindex/iphonesimulator26.5-23F73-9976ff0a46533d0d3305099c8405181f.sdkstatcache -output-file-map /Users/iv/Developer/.build/Intermediates.noindex/ReluxTunnel.build/Debug-iphonesimulator/ReluxTunnelCore.build/Objects-normal/arm64/ReluxTunnelCore-OutputFileMap.json -use-frontend-parseable-output -save-temps -no-color-diagnostics -explicit-module-build -module-cache-path /Users/iv/Developer/.build/Intermediates.noindex/SwiftExplicitPrecompiledModules -clang-scanner-module-cache-path /Users/iv/Developer/relux-tunnel/.temp/TASK-260715-15vkvz/DerivedData-iOS/ModuleCache.noindex -sdk-module-cache-path /Users/iv/Developer/relux-tunnel/.temp/TASK-260715-15vkvz/DerivedData-iOS/ModuleCache.noindex -serialize-diagnostics -emit-dependencies -emit-module -emit-module-path /Users/iv/Developer/.build/Intermediates.noindex/ReluxTunnel.build/Debug-iphonesimulator/ReluxTunnelCore.build/Objects-normal/arm64/ReluxTunnelCore.swiftmodule -validate-clang-modules-once -clang-build-session-file /Users/iv/Developer/relux-tunnel/.temp/TASK-260715-15vkvz/DerivedData-iOS/ModuleCache.noindex/Session.modulevalidation -package-name relux_tunnel -Xcc -I/Users/iv/Developer/.build/Intermediates.noindex/ReluxTunnel.build/Debug-iphonesimulator/ReluxTunnelCore.build/swift-overrides.hmap -emit-const-values -Xfrontend -const-gather-protocols-file -Xfrontend /Users/iv/Developer/.build/Intermediates.noindex/ReluxTunnel.build/Debug-iphonesimulator/ReluxTunnelCore.build/Objects-normal/arm64/ReluxTunnelCore_const_extract_protocols.json -Xcc -I/Users/iv/Developer/.build/Products/Debug-iphonesimulator/include -Xcc -I/Users/iv/Developer/.build/Intermediates.noindex/ReluxTunnel.build/Debug-iphonesimulator/ReluxTunnelCore.build/DerivedSources-normal/arm64 -Xcc -I/Users/iv/Developer/.build/Intermediates.noindex/ReluxTunnel.build/Debug-iphonesimulator/ReluxTunnelCore.build/DerivedSources/arm64 -Xcc -I/Users/iv/Developer/.build/Intermediates.noindex/ReluxTunnel.build/Debug-iphonesimulator/ReluxTunnelCore.build/DerivedSources -Xcc -DSWIFT_PACKAGE -Xcc -DDEBUG\=1 -emit-objc-header -emit-objc-header-path /Users/iv/Developer/.build/Intermediates.noindex/ReluxTunnel.build/Debug-iphonesimulator/ReluxTunnelCore.build/Objects-normal/arm64/ReluxTunnelCore-Swift.h -working-directory /Users/iv/Developer/relux-tunnel/.swiftpm/xcode -experimental-emit-module-separately -disable-cmo

Ld /Users/iv/Developer/.build/Intermediates.noindex/ReluxTunnel.build/Debug-iphonesimulator/ReluxTunnelCore.build/Objects-normal/arm64/Binary/ReluxTunnelCore.o normal arm64 (in target 'ReluxTunnelCore' from project 'ReluxTunnel')
    cd /Users/iv/Developer/relux-tunnel
    /Applications/Xcode_26_5.app/Contents/Developer/Toolchains/XcodeDefault.xctoolchain/usr/bin/clang -Xlinker -reproducible -target arm64-apple-ios18.0-simulator -r -isysroot /Applications/Xcode_26_5.app/Contents/Developer/Platforms/iPhoneSimulator.platform/Developer/SDKs/iPhoneSimulator26.5.sdk -O0 -F/Users/iv/Developer/.build/Intermediates.noindex/EagerLinkingTBDs/Debug-iphonesimulator -F/Users/iv/Developer/.build/Products/Debug-iphonesimulator -iframework /Applications/Xcode_26_5.app/Contents/Developer/Platforms/iPhoneSimulator.platform/Developer/Library/Frameworks -iframework /Applications/Xcode_26_5.app/Contents/Developer/Platforms/iPhoneSimulator.platform/Developer/SDKs/iPhoneSimulator26.5.sdk/Developer/Library/Frameworks -filelist /Users/iv/Developer/.build/Intermediates.noindex/ReluxTunnel.build/Debug-iphonesimulator/ReluxTunnelCore.build/Objects-normal/arm64/ReluxTunnelCore.LinkFileList -nostdlib -Xlinker -object_path_lto -Xlinker /Users/iv/Developer/.build/Intermediates.noindex/ReluxTunnel.build/Debug-iphonesimulator/ReluxTunnelCore.build/Objects-normal/arm64/ReluxTunnelCore_lto.o -Xlinker -no_deduplicate -Xlinker -objc_abi_version -Xlinker 2 -Xlinker -dependency_info -Xlinker /Users/iv/Developer/.build/Intermediates.noindex/ReluxTunnel.build/Debug-iphonesimulator/ReluxTunnelCore.build/Objects-normal/arm64/ReluxTunnelCore_dependency_info.dat -fobjc-link-runtime -L/Applications/Xcode_26_5.app/Contents/Developer/Toolchains/XcodeDefault.xctoolchain/usr/lib/swift/iphonesimulator -L/usr/lib/swift -Xlinker -add_ast_path -Xlinker /Users/iv/Developer/.build/Intermediates.noindex/ReluxTunnel.build/Debug-iphonesimulator/ReluxTunnelCore.build/Objects-normal/arm64/ReluxTunnelCore.swiftmodule @/Users/iv/Developer/.build/Intermediates.noindex/ReluxTunnel.build/Debug-iphonesimulator/ReluxTunnelCore.build/Objects-normal/arm64/ReluxTunnelCore-linker-args.resp -o /Users/iv/Developer/.build/Intermediates.noindex/ReluxTunnel.build/Debug-iphonesimulator/ReluxTunnelCore.build/Objects-normal/arm64/Binary/ReluxTunnelCore.o

SwiftDriverJobDiscovery normal arm64 Compiling HEVIntegration.swift (in target 'ReluxTunnelNativeAdapter' from project 'ReluxTunnel')

SwiftDriver\ Compilation ReluxTunnelNativeAdapter normal arm64 com.apple.xcode.tools.swift.compiler (in target 'ReluxTunnelNativeAdapter' from project 'ReluxTunnel')
    cd /Users/iv/Developer/relux-tunnel/.swiftpm/xcode
    builtin-Swift-Compilation -- /Applications/Xcode_26_5.app/Contents/Developer/Toolchains/XcodeDefault.xctoolchain/usr/bin/swiftc -module-name ReluxTunnelNativeAdapter -Onone @/Users/iv/Developer/.build/Intermediates.noindex/ReluxTunnel.build/Debug-iphonesimulator/ReluxTunnelNativeAdapter.build/Objects-normal/arm64/ReluxTunnelNativeAdapter.SwiftFileList -DSWIFT_PACKAGE -DDEBUG -DSWIFT_MODULE_RESOURCE_BUNDLE_UNAVAILABLE -DXcode -plugin-path /Applications/Xcode_26_5.app/Contents/Developer/Toolchains/XcodeDefault.xctoolchain/usr/lib/swift/host/plugins/testing -enable-experimental-feature DebugDescriptionMacro -sdk /Applications/Xcode_26_5.app/Contents/Developer/Platforms/iPhoneSimulator.platform/Developer/SDKs/iPhoneSimulator26.5.sdk -target arm64-apple-ios18.0-simulator -g -module-cache-path /Users/iv/Developer/relux-tunnel/.temp/TASK-260715-15vkvz/DerivedData-iOS/ModuleCache.noindex -Xfrontend -serialize-debugging-options -enable-testing -index-store-path /Users/iv/Developer/relux-tunnel/.temp/TASK-260715-15vkvz/DerivedData-iOS/Index.noindex/DataStore -Xcc -D_LIBCPP_HARDENING_MODE\=_LIBCPP_HARDENING_MODE_DEBUG -swift-version 6 -I /Users/iv/Developer/.build/Products/Debug-iphonesimulator -Isystem /Applications/Xcode_26_5.app/Contents/Developer/Platforms/iPhoneSimulator.platform/Developer/usr/lib -F /Users/iv/Developer/.build/Products/Debug-iphonesimulator/PackageFrameworks -F /Users/iv/Developer/.build/Products/Debug-iphonesimulator -F /Applications/Xcode_26_5.app/Contents/Developer/Platforms/iPhoneSimulator.platform/Developer/Library/Frameworks -F /Applications/Xcode_26_5.app/Contents/Developer/Platforms/iPhoneSimulator.platform/Developer/SDKs/iPhoneSimulator26.5.sdk/Developer/Library/Frameworks -c -j16 -enable-batch-mode -incremental -Xcc -ivfsstatcache -Xcc /Users/iv/Developer/relux-tunnel/.temp/TASK-260715-15vkvz/DerivedData-iOS/SDKStatCaches.noindex/iphonesimulator26.5-23F73-9976ff0a46533d0d3305099c8405181f.sdkstatcache -output-file-map /Users/iv/Developer/.build/Intermediates.noindex/ReluxTunnel.build/Debug-iphonesimulator/ReluxTunnelNativeAdapter.build/Objects-normal/arm64/ReluxTunnelNativeAdapter-OutputFileMap.json -use-frontend-parseable-output -save-temps -no-color-diagnostics -explicit-module-build -module-cache-path /Users/iv/Developer/.build/Intermediates.noindex/SwiftExplicitPrecompiledModules -clang-scanner-module-cache-path /Users/iv/Developer/relux-tunnel/.temp/TASK-260715-15vkvz/DerivedData-iOS/ModuleCache.noindex -sdk-module-cache-path /Users/iv/Developer/relux-tunnel/.temp/TASK-260715-15vkvz/DerivedData-iOS/ModuleCache.noindex -serialize-diagnostics -emit-dependencies -emit-module -emit-module-path /Users/iv/Developer/.build/Intermediates.noindex/ReluxTunnel.build/Debug-iphonesimulator/ReluxTunnelNativeAdapter.build/Objects-normal/arm64/ReluxTunnelNativeAdapter.swiftmodule -validate-clang-modules-once -clang-build-session-file /Users/iv/Developer/relux-tunnel/.temp/TASK-260715-15vkvz/DerivedData-iOS/ModuleCache.noindex/Session.modulevalidation -package-name relux_tunnel -Xcc -I/Users/iv/Developer/.build/Intermediates.noindex/ReluxTunnel.build/Debug-iphonesimulator/ReluxTunnelNativeAdapter.build/swift-overrides.hmap -emit-const-values -Xfrontend -const-gather-protocols-file -Xfrontend /Users/iv/Developer/.build/Intermediates.noindex/ReluxTunnel.build/Debug-iphonesimulator/ReluxTunnelNativeAdapter.build/Objects-normal/arm64/ReluxTunnelNativeAdapter_const_extract_protocols.json -Xcc -I/Users/iv/Developer/.build/Products/Debug-iphonesimulator/include -Xcc -I/Users/iv/Developer/.build/Intermediates.noindex/ReluxTunnel.build/Debug-iphonesimulator/ReluxTunnelNativeAdapter.build/DerivedSources-normal/arm64 -Xcc -I/Users/iv/Developer/.build/Intermediates.noindex/ReluxTunnel.build/Debug-iphonesimulator/ReluxTunnelNativeAdapter.build/DerivedSources/arm64 -Xcc -I/Users/iv/Developer/.build/Intermediates.noindex/ReluxTunnel.build/Debug-iphonesimulator/ReluxTunnelNativeAdapter.build/DerivedSources -Xcc -DSWIFT_PACKAGE -Xcc -DDEBUG\=1 -emit-objc-header -emit-objc-header-path /Users/iv/Developer/.build/Intermediates.noindex/ReluxTunnel.build/Debug-iphonesimulator/ReluxTunnelNativeAdapter.build/Objects-normal/arm64/ReluxTunnelNativeAdapter-Swift.h -working-directory /Users/iv/Developer/relux-tunnel/.swiftpm/xcode -experimental-emit-module-separately -disable-cmo

CreateUniversalBinary /Users/iv/Developer/.build/Products/Debug-iphonesimulator/ReluxTunnelCore.o normal arm64\ x86_64 (in target 'ReluxTunnelCore' from project 'ReluxTunnel')
    cd /Users/iv/Developer/relux-tunnel
    /Applications/Xcode_26_5.app/Contents/Developer/Toolchains/XcodeDefault.xctoolchain/usr/bin/lipo -create /Users/iv/Developer/.build/Intermediates.noindex/ReluxTunnel.build/Debug-iphonesimulator/ReluxTunnelCore.build/Objects-normal/arm64/Binary/ReluxTunnelCore.o /Users/iv/Developer/.build/Intermediates.noindex/ReluxTunnel.build/Debug-iphonesimulator/ReluxTunnelCore.build/Objects-normal/x86_64/Binary/ReluxTunnelCore.o -output /Users/iv/Developer/.build/Products/Debug-iphonesimulator/ReluxTunnelCore.o

ExtractAppIntentsMetadata (in target 'ReluxTunnelCore' from project 'ReluxTunnel')
    cd /Users/iv/Developer/relux-tunnel
    /Applications/Xcode_26_5.app/Contents/Developer/Toolchains/XcodeDefault.xctoolchain/usr/bin/appintentsmetadataprocessor --toolchain-dir /Applications/Xcode_26_5.app/Contents/Developer/Toolchains/XcodeDefault.xctoolchain --module-name ReluxTunnelCore --sdk-root /Applications/Xcode_26_5.app/Contents/Developer/Platforms/iPhoneSimulator.platform/Developer/SDKs/iPhoneSimulator26.5.sdk --xcode-version 17F42 --platform-family iOS --deployment-target 18.0 --bundle-identifier relux-tunnel.ReluxTunnelCore --output /Users/iv/Developer/.build/Products/Debug-iphonesimulator/ReluxTunnelCore.appintents --target-triple arm64-apple-ios18.0-simulator --target-triple x86_64-apple-ios18.0-simulator --binary-file /Users/iv/Developer/.build/Products/Debug-iphonesimulator/ReluxTunnelCore.o --dependency-file /Users/iv/Developer/.build/Intermediates.noindex/ReluxTunnel.build/Debug-iphonesimulator/ReluxTunnelCore.build/Objects-normal/arm64/ReluxTunnelCore_dependency_info.dat --dependency-file /Users/iv/Developer/.build/Intermediates.noindex/ReluxTunnel.build/Debug-iphonesimulator/ReluxTunnelCore.build/Objects-normal/x86_64/ReluxTunnelCore_dependency_info.dat --stringsdata-file /Users/iv/Developer/.build/Intermediates.noindex/ReluxTunnel.build/Debug-iphonesimulator/ReluxTunnelCore.build/Objects-normal/arm64/ExtractedAppShortcutsMetadata.stringsdata --stringsdata-file /Users/iv/Developer/.build/Intermediates.noindex/ReluxTunnel.build/Debug-iphonesimulator/ReluxTunnelCore.build/Objects-normal/x86_64/ExtractedAppShortcutsMetadata.stringsdata --source-file-list /Users/iv/Developer/.build/Intermediates.noindex/ReluxTunnel.build/Debug-iphonesimulator/ReluxTunnelCore.build/Objects-normal/arm64/ReluxTunnelCore.SwiftFileList --source-file-list /Users/iv/Developer/.build/Intermediates.noindex/ReluxTunnel.build/Debug-iphonesimulator/ReluxTunnelCore.build/Objects-normal/x86_64/ReluxTunnelCore.SwiftFileList --metadata-file-list /Users/iv/Developer/.build/Intermediates.noindex/ReluxTunnel.build/Debug-iphonesimulator/ReluxTunnelCore.build/ReluxTunnelCore.DependencyMetadataFileList --static-metadata-file-list /Users/iv/Developer/.build/Intermediates.noindex/ReluxTunnel.build/Debug-iphonesimulator/ReluxTunnelCore.build/ReluxTunnelCore.DependencyStaticMetadataFileList --swift-const-vals-list /Users/iv/Developer/.build/Intermediates.noindex/ReluxTunnel.build/Debug-iphonesimulator/ReluxTunnelCore.build/Objects-normal/arm64/ReluxTunnelCore.SwiftConstValuesFileList --swift-const-vals-list /Users/iv/Developer/.build/Intermediates.noindex/ReluxTunnel.build/Debug-iphonesimulator/ReluxTunnelCore.build/Objects-normal/x86_64/ReluxTunnelCore.SwiftConstValuesFileList --force --compile-time-extraction --deployment-aware-processing --validate-assistant-intents --no-app-shortcuts-localization
2026-07-21 03:49:26.852 appintentsmetadataprocessor[7046:97767062] Starting appintentsmetadataprocessor export
2026-07-21 03:49:26.863 appintentsmetadataprocessor[7046:97767062] Extracted no relevant App Intents symbols, skipping writing output

SwiftCompile normal x86_64 Compiling\ IOSProviderCompositionRoot.swift /Users/iv/Developer/relux-tunnel/Sources/ReluxTunnelIOSAdapter/IOSProviderCompositionRoot.swift (in target 'ReluxTunnelIOSAdapter' from project 'ReluxTunnel')

SwiftCompile normal x86_64 /Users/iv/Developer/relux-tunnel/Sources/ReluxTunnelIOSAdapter/IOSProviderCompositionRoot.swift (in target 'ReluxTunnelIOSAdapter' from project 'ReluxTunnel')
    cd /Users/iv/Developer/relux-tunnel/.swiftpm/xcode
    

SwiftEmitModule normal x86_64 Emitting\ module\ for\ ReluxTunnelIOSAdapter (in target 'ReluxTunnelIOSAdapter' from project 'ReluxTunnel')

EmitSwiftModule normal x86_64 (in target 'ReluxTunnelIOSAdapter' from project 'ReluxTunnel')
    cd /Users/iv/Developer/relux-tunnel/.swiftpm/xcode
    

SwiftCompile normal x86_64 Compiling\ NativePackagingAnchor.swift /Users/iv/Developer/relux-tunnel/Sources/ReluxTunnelIOSAdapter/NativePackagingAnchor.swift (in target 'ReluxTunnelIOSAdapter' from project 'ReluxTunnel')

SwiftCompile normal x86_64 /Users/iv/Developer/relux-tunnel/Sources/ReluxTunnelIOSAdapter/NativePackagingAnchor.swift (in target 'ReluxTunnelIOSAdapter' from project 'ReluxTunnel')
    cd /Users/iv/Developer/relux-tunnel/.swiftpm/xcode
    

SwiftCompile normal x86_64 Compiling\ IOSVPNManagerPreferences.swift /Users/iv/Developer/relux-tunnel/Sources/ReluxTunnelIOSAdapter/IOSVPNManagerPreferences.swift (in target 'ReluxTunnelIOSAdapter' from project 'ReluxTunnel')
SwiftCompile normal x86_64 /Users/iv/Developer/relux-tunnel/Sources/ReluxTunnelIOSAdapter/IOSVPNManagerPreferences.swift (in target 'ReluxTunnelIOSAdapter' from project 'ReluxTunnel')
    cd /Users/iv/Developer/relux-tunnel/.swiftpm/xcode
    

RegisterExecutionPolicyException /Users/iv/Developer/.build/Products/Debug-iphonesimulator/ReluxTunnelCore.o (in target 'ReluxTunnelCore' from project 'ReluxTunnel')
    cd /Users/iv/Developer/relux-tunnel
    builtin-RegisterExecutionPolicyException /Users/iv/Developer/.build/Products/Debug-iphonesimulator/ReluxTunnelCore.o

SwiftEmitModule normal arm64 Emitting\ module\ for\ ReluxTunnelIOSAdapter (in target 'ReluxTunnelIOSAdapter' from project 'ReluxTunnel')

EmitSwiftModule normal arm64 (in target 'ReluxTunnelIOSAdapter' from project 'ReluxTunnel')
    cd /Users/iv/Developer/relux-tunnel/.swiftpm/xcode
    

SwiftCompile normal arm64 Compiling\ IOSVPNManagerPreferences.swift /Users/iv/Developer/relux-tunnel/Sources/ReluxTunnelIOSAdapter/IOSVPNManagerPreferences.swift (in target 'ReluxTunnelIOSAdapter' from project 'ReluxTunnel')
SwiftCompile normal arm64 /Users/iv/Developer/relux-tunnel/Sources/ReluxTunnelIOSAdapter/IOSVPNManagerPreferences.swift (in target 'ReluxTunnelIOSAdapter' from project 'ReluxTunnel')
    cd /Users/iv/Developer/relux-tunnel/.swiftpm/xcode
    

SwiftCompile normal arm64 Compiling\ IOSProviderCompositionRoot.swift /Users/iv/Developer/relux-tunnel/Sources/ReluxTunnelIOSAdapter/IOSProviderCompositionRoot.swift (in target 'ReluxTunnelIOSAdapter' from project 'ReluxTunnel')

SwiftCompile normal arm64 /Users/iv/Developer/relux-tunnel/Sources/ReluxTunnelIOSAdapter/IOSProviderCompositionRoot.swift (in target 'ReluxTunnelIOSAdapter' from project 'ReluxTunnel')
    cd /Users/iv/Developer/relux-tunnel/.swiftpm/xcode
    

SwiftCompile normal arm64 Compiling\ NativePackagingAnchor.swift /Users/iv/Developer/relux-tunnel/Sources/ReluxTunnelIOSAdapter/NativePackagingAnchor.swift (in target 'ReluxTunnelIOSAdapter' from project 'ReluxTunnel')

SwiftCompile normal arm64 /Users/iv/Developer/relux-tunnel/Sources/ReluxTunnelIOSAdapter/NativePackagingAnchor.swift (in target 'ReluxTunnelIOSAdapter' from project 'ReluxTunnel')
    cd /Users/iv/Developer/relux-tunnel/.swiftpm/xcode
    

Ld /Users/iv/Developer/.build/Intermediates.noindex/ReluxTunnel.build/Debug-iphonesimulator/ReluxTunnelNativeAdapter.build/Objects-normal/x86_64/Binary/ReluxTunnelNativeAdapter.o normal x86_64 (in target 'ReluxTunnelNativeAdapter' from project 'ReluxTunnel')
    cd /Users/iv/Developer/relux-tunnel
    /Applications/Xcode_26_5.app/Contents/Developer/Toolchains/XcodeDefault.xctoolchain/usr/bin/clang -Xlinker -reproducible -target x86_64-apple-ios18.0-simulator -r -isysroot /Applications/Xcode_26_5.app/Contents/Developer/Platforms/iPhoneSimulator.platform/Developer/SDKs/iPhoneSimulator26.5.sdk -O0 -F/Users/iv/Developer/.build/Intermediates.noindex/EagerLinkingTBDs/Debug-iphonesimulator -F/Users/iv/Developer/.build/Products/Debug-iphonesimulator/PackageFrameworks -F/Users/iv/Developer/.build/Products/Debug-iphonesimulator -iframework /Applications/Xcode_26_5.app/Contents/Developer/Platforms/iPhoneSimulator.platform/Developer/Library/Frameworks -iframework /Applications/Xcode_26_5.app/Contents/Developer/Platforms/iPhoneSimulator.platform/Developer/SDKs/iPhoneSimulator26.5.sdk/Developer/Library/Frameworks -filelist /Users/iv/Developer/.build/Intermediates.noindex/ReluxTunnel.build/Debug-iphonesimulator/ReluxTunnelNativeAdapter.build/Objects-normal/x86_64/ReluxTunnelNativeAdapter.LinkFileList -nostdlib -Xlinker -object_path_lto -Xlinker /Users/iv/Developer/.build/Intermediates.noindex/ReluxTunnel.build/Debug-iphonesimulator/ReluxTunnelNativeAdapter.build/Objects-normal/x86_64/ReluxTunnelNativeAdapter_lto.o -Xlinker -no_deduplicate -Xlinker -objc_abi_version -Xlinker 2 -Xlinker -dependency_info -Xlinker /Users/iv/Developer/.build/Intermediates.noindex/ReluxTunnel.build/Debug-iphonesimulator/ReluxTunnelNativeAdapter.build/Objects-normal/x86_64/ReluxTunnelNativeAdapter_dependency_info.dat -fobjc-link-runtime -L/Applications/Xcode_26_5.app/Contents/Developer/Toolchains/XcodeDefault.xctoolchain/usr/lib/swift/iphonesimulator -L/usr/lib/swift -Xlinker -add_ast_path -Xlinker /Users/iv/Developer/.build/Intermediates.noindex/ReluxTunnel.build/Debug-iphonesimulator/ReluxTunnelNativeAdapter.build/Objects-normal/x86_64/ReluxTunnelNativeAdapter.swiftmodule @/Users/iv/Developer/.build/Intermediates.noindex/ReluxTunnel.build/Debug-iphonesimulator/ReluxTunnelNativeAdapter.build/Objects-normal/x86_64/ReluxTunnelNativeAdapter-linker-args.resp -o /Users/iv/Developer/.build/Intermediates.noindex/ReluxTunnel.build/Debug-iphonesimulator/ReluxTunnelNativeAdapter.build/Objects-normal/x86_64/Binary/ReluxTunnelNativeAdapter.o

Ld /Users/iv/Developer/.build/Intermediates.noindex/ReluxTunnel.build/Debug-iphonesimulator/ReluxTunnelNativeAdapter.build/Objects-normal/arm64/Binary/ReluxTunnelNativeAdapter.o normal arm64 (in target 'ReluxTunnelNativeAdapter' from project 'ReluxTunnel')
    cd /Users/iv/Developer/relux-tunnel
    /Applications/Xcode_26_5.app/Contents/Developer/Toolchains/XcodeDefault.xctoolchain/usr/bin/clang -Xlinker -reproducible -target arm64-apple-ios18.0-simulator -r -isysroot /Applications/Xcode_26_5.app/Contents/Developer/Platforms/iPhoneSimulator.platform/Developer/SDKs/iPhoneSimulator26.5.sdk -O0 -F/Users/iv/Developer/.build/Intermediates.noindex/EagerLinkingTBDs/Debug-iphonesimulator -F/Users/iv/Developer/.build/Products/Debug-iphonesimulator/PackageFrameworks -F/Users/iv/Developer/.build/Products/Debug-iphonesimulator -iframework /Applications/Xcode_26_5.app/Contents/Developer/Platforms/iPhoneSimulator.platform/Developer/Library/Frameworks -iframework /Applications/Xcode_26_5.app/Contents/Developer/Platforms/iPhoneSimulator.platform/Developer/SDKs/iPhoneSimulator26.5.sdk/Developer/Library/Frameworks -filelist /Users/iv/Developer/.build/Intermediates.noindex/ReluxTunnel.build/Debug-iphonesimulator/ReluxTunnelNativeAdapter.build/Objects-normal/arm64/ReluxTunnelNativeAdapter.LinkFileList -nostdlib -Xlinker -object_path_lto -Xlinker /Users/iv/Developer/.build/Intermediates.noindex/ReluxTunnel.build/Debug-iphonesimulator/ReluxTunnelNativeAdapter.build/Objects-normal/arm64/ReluxTunnelNativeAdapter_lto.o -Xlinker -no_deduplicate -Xlinker -objc_abi_version -Xlinker 2 -Xlinker -dependency_info -Xlinker /Users/iv/Developer/.build/Intermediates.noindex/ReluxTunnel.build/Debug-iphonesimulator/ReluxTunnelNativeAdapter.build/Objects-normal/arm64/ReluxTunnelNativeAdapter_dependency_info.dat -fobjc-link-runtime -L/Applications/Xcode_26_5.app/Contents/Developer/Toolchains/XcodeDefault.xctoolchain/usr/lib/swift/iphonesimulator -L/usr/lib/swift -Xlinker -add_ast_path -Xlinker /Users/iv/Developer/.build/Intermediates.noindex/ReluxTunnel.build/Debug-iphonesimulator/ReluxTunnelNativeAdapter.build/Objects-normal/arm64/ReluxTunnelNativeAdapter.swiftmodule @/Users/iv/Developer/.build/Intermediates.noindex/ReluxTunnel.build/Debug-iphonesimulator/ReluxTunnelNativeAdapter.build/Objects-normal/arm64/ReluxTunnelNativeAdapter-linker-args.resp -o /Users/iv/Developer/.build/Intermediates.noindex/ReluxTunnel.build/Debug-iphonesimulator/ReluxTunnelNativeAdapter.build/Objects-normal/arm64/Binary/ReluxTunnelNativeAdapter.o

CreateUniversalBinary /Users/iv/Developer/.build/Products/Debug-iphonesimulator/ReluxTunnelNativeAdapter.o normal arm64\ x86_64 (in target 'ReluxTunnelNativeAdapter' from project 'ReluxTunnel')
    cd /Users/iv/Developer/relux-tunnel
    /Applications/Xcode_26_5.app/Contents/Developer/Toolchains/XcodeDefault.xctoolchain/usr/bin/lipo -create /Users/iv/Developer/.build/Intermediates.noindex/ReluxTunnel.build/Debug-iphonesimulator/ReluxTunnelNativeAdapter.build/Objects-normal/arm64/Binary/ReluxTunnelNativeAdapter.o /Users/iv/Developer/.build/Intermediates.noindex/ReluxTunnel.build/Debug-iphonesimulator/ReluxTunnelNativeAdapter.build/Objects-normal/x86_64/Binary/ReluxTunnelNativeAdapter.o -output /Users/iv/Developer/.build/Products/Debug-iphonesimulator/ReluxTunnelNativeAdapter.o

ExtractAppIntentsMetadata (in target 'ReluxTunnelNativeAdapter' from project 'ReluxTunnel')
    cd /Users/iv/Developer/relux-tunnel
    /Applications/Xcode_26_5.app/Contents/Developer/Toolchains/XcodeDefault.xctoolchain/usr/bin/appintentsmetadataprocessor --toolchain-dir /Applications/Xcode_26_5.app/Contents/Developer/Toolchains/XcodeDefault.xctoolchain --module-name ReluxTunnelNativeAdapter --sdk-root /Applications/Xcode_26_5.app/Contents/Developer/Platforms/iPhoneSimulator.platform/Developer/SDKs/iPhoneSimulator26.5.sdk --xcode-version 17F42 --platform-family iOS --deployment-target 18.0 --bundle-identifier relux-tunnel.ReluxTunnelNativeAdapter --output /Users/iv/Developer/.build/Products/Debug-iphonesimulator/ReluxTunnelNativeAdapter.appintents --target-triple arm64-apple-ios18.0-simulator --target-triple x86_64-apple-ios18.0-simulator --binary-file /Users/iv/Developer/.build/Products/Debug-iphonesimulator/ReluxTunnelNativeAdapter.o --dependency-file /Users/iv/Developer/.build/Intermediates.noindex/ReluxTunnel.build/Debug-iphonesimulator/ReluxTunnelNativeAdapter.build/Objects-normal/arm64/ReluxTunnelNativeAdapter_dependency_info.dat --dependency-file /Users/iv/Developer/.build/Intermediates.noindex/ReluxTunnel.build/Debug-iphonesimulator/ReluxTunnelNativeAdapter.build/Objects-normal/x86_64/ReluxTunnelNativeAdapter_dependency_info.dat --stringsdata-file /Users/iv/Developer/.build/Intermediates.noindex/ReluxTunnel.build/Debug-iphonesimulator/ReluxTunnelNativeAdapter.build/Objects-normal/arm64/ExtractedAppShortcutsMetadata.stringsdata --stringsdata-file /Users/iv/Developer/.build/Intermediates.noindex/ReluxTunnel.build/Debug-iphonesimulator/ReluxTunnelNativeAdapter.build/Objects-normal/x86_64/ExtractedAppShortcutsMetadata.stringsdata --source-file-list /Users/iv/Developer/.build/Intermediates.noindex/ReluxTunnel.build/Debug-iphonesimulator/ReluxTunnelNativeAdapter.build/Objects-normal/arm64/ReluxTunnelNativeAdapter.SwiftFileList --source-file-list /Users/iv/Developer/.build/Intermediates.noindex/ReluxTunnel.build/Debug-iphonesimulator/ReluxTunnelNativeAdapter.build/Objects-normal/x86_64/ReluxTunnelNativeAdapter.SwiftFileList --metadata-file-list /Users/iv/Developer/.build/Intermediates.noindex/ReluxTunnel.build/Debug-iphonesimulator/ReluxTunnelNativeAdapter.build/ReluxTunnelNativeAdapter.DependencyMetadataFileList --static-metadata-file-list /Users/iv/Developer/.build/Intermediates.noindex/ReluxTunnel.build/Debug-iphonesimulator/ReluxTunnelNativeAdapter.build/ReluxTunnelNativeAdapter.DependencyStaticMetadataFileList --swift-const-vals-list /Users/iv/Developer/.build/Intermediates.noindex/ReluxTunnel.build/Debug-iphonesimulator/ReluxTunnelNativeAdapter.build/Objects-normal/arm64/ReluxTunnelNativeAdapter.SwiftConstValuesFileList --swift-const-vals-list /Users/iv/Developer/.build/Intermediates.noindex/ReluxTunnel.build/Debug-iphonesimulator/ReluxTunnelNativeAdapter.build/Objects-normal/x86_64/ReluxTunnelNativeAdapter.SwiftConstValuesFileList --force --compile-time-extraction --deployment-aware-processing --validate-assistant-intents --no-app-shortcuts-localization
2026-07-21 03:49:26.924 appintentsmetadataprocessor[7060:97767124] Starting appintentsmetadataprocessor export
2026-07-21 03:49:26.933 appintentsmetadataprocessor[7060:97767124] Extracted no relevant App Intents symbols, skipping writing output

SwiftDriverJobDiscovery normal x86_64 Compiling NativePackagingAnchor.swift (in target 'ReluxTunnelIOSAdapter' from project 'ReluxTunnel')

RegisterExecutionPolicyException /Users/iv/Developer/.build/Products/Debug-iphonesimulator/ReluxTunnelNativeAdapter.o (in target 'ReluxTunnelNativeAdapter' from project 'ReluxTunnel')
    cd /Users/iv/Developer/relux-tunnel
    builtin-RegisterExecutionPolicyException /Users/iv/Developer/.build/Products/Debug-iphonesimulator/ReluxTunnelNativeAdapter.o

SwiftDriverJobDiscovery normal arm64 Compiling NativePackagingAnchor.swift (in target 'ReluxTunnelIOSAdapter' from project 'ReluxTunnel')

SwiftDriverJobDiscovery normal x86_64 Emitting module for ReluxTunnelIOSAdapter (in target 'ReluxTunnelIOSAdapter' from project 'ReluxTunnel')

SwiftDriver\ Compilation\ Requirements ReluxTunnelIOSAdapter normal x86_64 com.apple.xcode.tools.swift.compiler (in target 'ReluxTunnelIOSAdapter' from project 'ReluxTunnel')
    cd /Users/iv/Developer/relux-tunnel/.swiftpm/xcode
    builtin-Swift-Compilation-Requirements -- /Applications/Xcode_26_5.app/Contents/Developer/Toolchains/XcodeDefault.xctoolchain/usr/bin/swiftc -module-name ReluxTunnelIOSAdapter -Onone @/Users/iv/Developer/.build/Intermediates.noindex/ReluxTunnel.build/Debug-iphonesimulator/ReluxTunnelIOSAdapter.build/Objects-normal/x86_64/ReluxTunnelIOSAdapter.SwiftFileList -DSWIFT_PACKAGE -DDEBUG -DSWIFT_MODULE_RESOURCE_BUNDLE_UNAVAILABLE -DXcode -plugin-path /Applications/Xcode_26_5.app/Contents/Developer/Toolchains/XcodeDefault.xctoolchain/usr/lib/swift/host/plugins/testing -enable-experimental-feature DebugDescriptionMacro -sdk /Applications/Xcode_26_5.app/Contents/Developer/Platforms/iPhoneSimulator.platform/Developer/SDKs/iPhoneSimulator26.5.sdk -target x86_64-apple-ios18.0-simulator -g -module-cache-path /Users/iv/Developer/relux-tunnel/.temp/TASK-260715-15vkvz/DerivedData-iOS/ModuleCache.noindex -Xfrontend -serialize-debugging-options -enable-testing -index-store-path /Users/iv/Developer/relux-tunnel/.temp/TASK-260715-15vkvz/DerivedData-iOS/Index.noindex/DataStore -Xcc -D_LIBCPP_HARDENING_MODE\=_LIBCPP_HARDENING_MODE_DEBUG -swift-version 6 -I /Users/iv/Developer/.build/Products/Debug-iphonesimulator -Isystem /Applications/Xcode_26_5.app/Contents/Developer/Platforms/iPhoneSimulator.platform/Developer/usr/lib -F /Users/iv/Developer/.build/Products/Debug-iphonesimulator/PackageFrameworks -F /Users/iv/Developer/.build/Products/Debug-iphonesimulator/PackageFrameworks -F /Users/iv/Developer/.build/Products/Debug-iphonesimulator -F /Applications/Xcode_26_5.app/Contents/Developer/Platforms/iPhoneSimulator.platform/Developer/Library/Frameworks -F /Applications/Xcode_26_5.app/Contents/Developer/Platforms/iPhoneSimulator.platform/Developer/SDKs/iPhoneSimulator26.5.sdk/Developer/Library/Frameworks -c -j16 -enable-batch-mode -incremental -Xcc -ivfsstatcache -Xcc /Users/iv/Developer/relux-tunnel/.temp/TASK-260715-15vkvz/DerivedData-iOS/SDKStatCaches.noindex/iphonesimulator26.5-23F73-9976ff0a46533d0d3305099c8405181f.sdkstatcache -output-file-map /Users/iv/Developer/.build/Intermediates.noindex/ReluxTunnel.build/Debug-iphonesimulator/ReluxTunnelIOSAdapter.build/Objects-normal/x86_64/ReluxTunnelIOSAdapter-OutputFileMap.json -use-frontend-parseable-output -save-temps -no-color-diagnostics -explicit-module-build -module-cache-path /Users/iv/Developer/.build/Intermediates.noindex/SwiftExplicitPrecompiledModules -clang-scanner-module-cache-path /Users/iv/Developer/relux-tunnel/.temp/TASK-260715-15vkvz/DerivedData-iOS/ModuleCache.noindex -sdk-module-cache-path /Users/iv/Developer/relux-tunnel/.temp/TASK-260715-15vkvz/DerivedData-iOS/ModuleCache.noindex -serialize-diagnostics -emit-dependencies -emit-module -emit-module-path /Users/iv/Developer/.build/Intermediates.noindex/ReluxTunnel.build/Debug-iphonesimulator/ReluxTunnelIOSAdapter.build/Objects-normal/x86_64/ReluxTunnelIOSAdapter.swiftmodule -validate-clang-modules-once -clang-build-session-file /Users/iv/Developer/relux-tunnel/.temp/TASK-260715-15vkvz/DerivedData-iOS/ModuleCache.noindex/Session.modulevalidation -package-name relux_tunnel -Xcc -I/Users/iv/Developer/.build/Intermediates.noindex/ReluxTunnel.build/Debug-iphonesimulator/ReluxTunnelIOSAdapter.build/swift-overrides.hmap -emit-const-values -Xfrontend -const-gather-protocols-file -Xfrontend /Users/iv/Developer/.build/Intermediates.noindex/ReluxTunnel.build/Debug-iphonesimulator/ReluxTunnelIOSAdapter.build/Objects-normal/x86_64/ReluxTunnelIOSAdapter_const_extract_protocols.json -Xcc -I/Users/iv/Developer/.build/Products/Debug-iphonesimulator/include -Xcc -I/Users/iv/Developer/.build/Intermediates.noindex/ReluxTunnel.build/Debug-iphonesimulator/ReluxTunnelIOSAdapter.build/DerivedSources-normal/x86_64 -Xcc -I/Users/iv/Developer/.build/Intermediates.noindex/ReluxTunnel.build/Debug-iphonesimulator/ReluxTunnelIOSAdapter.build/DerivedSources/x86_64 -Xcc -I/Users/iv/Developer/.build/Intermediates.noindex/ReluxTunnel.build/Debug-iphonesimulator/ReluxTunnelIOSAdapter.build/DerivedSources -Xcc -DSWIFT_PACKAGE -Xcc -DDEBUG\=1 -emit-objc-header -emit-objc-header-path /Users/iv/Developer/.build/Intermediates.noindex/ReluxTunnel.build/Debug-iphonesimulator/ReluxTunnelIOSAdapter.build/Objects-normal/x86_64/ReluxTunnelIOSAdapter-Swift.h -working-directory /Users/iv/Developer/relux-tunnel/.swiftpm/xcode -experimental-emit-module-separately -disable-cmo

Copy /Users/iv/Developer/.build/Products/Debug-iphonesimulator/ReluxTunnelIOSAdapter.swiftmodule/x86_64-apple-ios-simulator.swiftmodule /Users/iv/Developer/.build/Intermediates.noindex/ReluxTunnel.build/Debug-iphonesimulator/ReluxTunnelIOSAdapter.build/Objects-normal/x86_64/ReluxTunnelIOSAdapter.swiftmodule (in target 'ReluxTunnelIOSAdapter' from project 'ReluxTunnel')
    cd /Users/iv/Developer/relux-tunnel
    builtin-copy -exclude .DS_Store -exclude CVS -exclude .svn -exclude .git -exclude .hg -resolve-src-symlinks -rename /Users/iv/Developer/.build/Intermediates.noindex/ReluxTunnel.build/Debug-iphonesimulator/ReluxTunnelIOSAdapter.build/Objects-normal/x86_64/ReluxTunnelIOSAdapter.swiftmodule /Users/iv/Developer/.build/Products/Debug-iphonesimulator/ReluxTunnelIOSAdapter.swiftmodule/x86_64-apple-ios-simulator.swiftmodule

Copy /Users/iv/Developer/.build/Products/Debug-iphonesimulator/ReluxTunnelIOSAdapter.swiftmodule/x86_64-apple-ios-simulator.swiftdoc /Users/iv/Developer/.build/Intermediates.noindex/ReluxTunnel.build/Debug-iphonesimulator/ReluxTunnelIOSAdapter.build/Objects-normal/x86_64/ReluxTunnelIOSAdapter.swiftdoc (in target 'ReluxTunnelIOSAdapter' from project 'ReluxTunnel')
    cd /Users/iv/Developer/relux-tunnel
    builtin-copy -exclude .DS_Store -exclude CVS -exclude .svn -exclude .git -exclude .hg -resolve-src-symlinks -rename /Users/iv/Developer/.build/Intermediates.noindex/ReluxTunnel.build/Debug-iphonesimulator/ReluxTunnelIOSAdapter.build/Objects-normal/x86_64/ReluxTunnelIOSAdapter.swiftdoc /Users/iv/Developer/.build/Products/Debug-iphonesimulator/ReluxTunnelIOSAdapter.swiftmodule/x86_64-apple-ios-simulator.swiftdoc

Copy /Users/iv/Developer/.build/Products/Debug-iphonesimulator/ReluxTunnelIOSAdapter.swiftmodule/x86_64-apple-ios-simulator.abi.json /Users/iv/Developer/.build/Intermediates.noindex/ReluxTunnel.build/Debug-iphonesimulator/ReluxTunnelIOSAdapter.build/Objects-normal/x86_64/ReluxTunnelIOSAdapter.abi.json (in target 'ReluxTunnelIOSAdapter' from project 'ReluxTunnel')
    cd /Users/iv/Developer/relux-tunnel
    builtin-copy -exclude .DS_Store -exclude CVS -exclude .svn -exclude .git -exclude .hg -resolve-src-symlinks -rename /Users/iv/Developer/.build/Intermediates.noindex/ReluxTunnel.build/Debug-iphonesimulator/ReluxTunnelIOSAdapter.build/Objects-normal/x86_64/ReluxTunnelIOSAdapter.abi.json /Users/iv/Developer/.build/Products/Debug-iphonesimulator/ReluxTunnelIOSAdapter.swiftmodule/x86_64-apple-ios-simulator.abi.json

Copy /Users/iv/Developer/.build/Products/Debug-iphonesimulator/ReluxTunnelIOSAdapter.swiftmodule/Project/x86_64-apple-ios-simulator.swiftsourceinfo /Users/iv/Developer/.build/Intermediates.noindex/ReluxTunnel.build/Debug-iphonesimulator/ReluxTunnelIOSAdapter.build/Objects-normal/x86_64/ReluxTunnelIOSAdapter.swiftsourceinfo (in target 'ReluxTunnelIOSAdapter' from project 'ReluxTunnel')
    cd /Users/iv/Developer/relux-tunnel
    builtin-copy -exclude .DS_Store -exclude CVS -exclude .svn -exclude .git -exclude .hg -resolve-src-symlinks -rename /Users/iv/Developer/.build/Intermediates.noindex/ReluxTunnel.build/Debug-iphonesimulator/ReluxTunnelIOSAdapter.build/Objects-normal/x86_64/ReluxTunnelIOSAdapter.swiftsourceinfo /Users/iv/Developer/.build/Products/Debug-iphonesimulator/ReluxTunnelIOSAdapter.swiftmodule/Project/x86_64-apple-ios-simulator.swiftsourceinfo

SwiftDriverJobDiscovery normal arm64 Emitting module for ReluxTunnelIOSAdapter (in target 'ReluxTunnelIOSAdapter' from project 'ReluxTunnel')

SwiftDriver\ Compilation\ Requirements ReluxTunnelIOSAdapter normal arm64 com.apple.xcode.tools.swift.compiler (in target 'ReluxTunnelIOSAdapter' from project 'ReluxTunnel')
    cd /Users/iv/Developer/relux-tunnel/.swiftpm/xcode
    builtin-Swift-Compilation-Requirements -- /Applications/Xcode_26_5.app/Contents/Developer/Toolchains/XcodeDefault.xctoolchain/usr/bin/swiftc -module-name ReluxTunnelIOSAdapter -Onone @/Users/iv/Developer/.build/Intermediates.noindex/ReluxTunnel.build/Debug-iphonesimulator/ReluxTunnelIOSAdapter.build/Objects-normal/arm64/ReluxTunnelIOSAdapter.SwiftFileList -DSWIFT_PACKAGE -DDEBUG -DSWIFT_MODULE_RESOURCE_BUNDLE_UNAVAILABLE -DXcode -plugin-path /Applications/Xcode_26_5.app/Contents/Developer/Toolchains/XcodeDefault.xctoolchain/usr/lib/swift/host/plugins/testing -enable-experimental-feature DebugDescriptionMacro -sdk /Applications/Xcode_26_5.app/Contents/Developer/Platforms/iPhoneSimulator.platform/Developer/SDKs/iPhoneSimulator26.5.sdk -target arm64-apple-ios18.0-simulator -g -module-cache-path /Users/iv/Developer/relux-tunnel/.temp/TASK-260715-15vkvz/DerivedData-iOS/ModuleCache.noindex -Xfrontend -serialize-debugging-options -enable-testing -index-store-path /Users/iv/Developer/relux-tunnel/.temp/TASK-260715-15vkvz/DerivedData-iOS/Index.noindex/DataStore -Xcc -D_LIBCPP_HARDENING_MODE\=_LIBCPP_HARDENING_MODE_DEBUG -swift-version 6 -I /Users/iv/Developer/.build/Products/Debug-iphonesimulator -Isystem /Applications/Xcode_26_5.app/Contents/Developer/Platforms/iPhoneSimulator.platform/Developer/usr/lib -F /Users/iv/Developer/.build/Products/Debug-iphonesimulator/PackageFrameworks -F /Users/iv/Developer/.build/Products/Debug-iphonesimulator/PackageFrameworks -F /Users/iv/Developer/.build/Products/Debug-iphonesimulator -F /Applications/Xcode_26_5.app/Contents/Developer/Platforms/iPhoneSimulator.platform/Developer/Library/Frameworks -F /Applications/Xcode_26_5.app/Contents/Developer/Platforms/iPhoneSimulator.platform/Developer/SDKs/iPhoneSimulator26.5.sdk/Developer/Library/Frameworks -c -j16 -enable-batch-mode -incremental -Xcc -ivfsstatcache -Xcc /Users/iv/Developer/relux-tunnel/.temp/TASK-260715-15vkvz/DerivedData-iOS/SDKStatCaches.noindex/iphonesimulator26.5-23F73-9976ff0a46533d0d3305099c8405181f.sdkstatcache -output-file-map /Users/iv/Developer/.build/Intermediates.noindex/ReluxTunnel.build/Debug-iphonesimulator/ReluxTunnelIOSAdapter.build/Objects-normal/arm64/ReluxTunnelIOSAdapter-OutputFileMap.json -use-frontend-parseable-output -save-temps -no-color-diagnostics -explicit-module-build -module-cache-path /Users/iv/Developer/.build/Intermediates.noindex/SwiftExplicitPrecompiledModules -clang-scanner-module-cache-path /Users/iv/Developer/relux-tunnel/.temp/TASK-260715-15vkvz/DerivedData-iOS/ModuleCache.noindex -sdk-module-cache-path /Users/iv/Developer/relux-tunnel/.temp/TASK-260715-15vkvz/DerivedData-iOS/ModuleCache.noindex -serialize-diagnostics -emit-dependencies -emit-module -emit-module-path /Users/iv/Developer/.build/Intermediates.noindex/ReluxTunnel.build/Debug-iphonesimulator/ReluxTunnelIOSAdapter.build/Objects-normal/arm64/ReluxTunnelIOSAdapter.swiftmodule -validate-clang-modules-once -clang-build-session-file /Users/iv/Developer/relux-tunnel/.temp/TASK-260715-15vkvz/DerivedData-iOS/ModuleCache.noindex/Session.modulevalidation -package-name relux_tunnel -Xcc -I/Users/iv/Developer/.build/Intermediates.noindex/ReluxTunnel.build/Debug-iphonesimulator/ReluxTunnelIOSAdapter.build/swift-overrides.hmap -emit-const-values -Xfrontend -const-gather-protocols-file -Xfrontend /Users/iv/Developer/.build/Intermediates.noindex/ReluxTunnel.build/Debug-iphonesimulator/ReluxTunnelIOSAdapter.build/Objects-normal/arm64/ReluxTunnelIOSAdapter_const_extract_protocols.json -Xcc -I/Users/iv/Developer/.build/Products/Debug-iphonesimulator/include -Xcc -I/Users/iv/Developer/.build/Intermediates.noindex/ReluxTunnel.build/Debug-iphonesimulator/ReluxTunnelIOSAdapter.build/DerivedSources-normal/arm64 -Xcc -I/Users/iv/Developer/.build/Intermediates.noindex/ReluxTunnel.build/Debug-iphonesimulator/ReluxTunnelIOSAdapter.build/DerivedSources/arm64 -Xcc -I/Users/iv/Developer/.build/Intermediates.noindex/ReluxTunnel.build/Debug-iphonesimulator/ReluxTunnelIOSAdapter.build/DerivedSources -Xcc -DSWIFT_PACKAGE -Xcc -DDEBUG\=1 -emit-objc-header -emit-objc-header-path /Users/iv/Developer/.build/Intermediates.noindex/ReluxTunnel.build/Debug-iphonesimulator/ReluxTunnelIOSAdapter.build/Objects-normal/arm64/ReluxTunnelIOSAdapter-Swift.h -working-directory /Users/iv/Developer/relux-tunnel/.swiftpm/xcode -experimental-emit-module-separately -disable-cmo

SwiftMergeGeneratedHeaders /Users/iv/Developer/.build/Intermediates.noindex/GeneratedModuleMaps-iphonesimulator/ReluxTunnelIOSAdapter-Swift.h /Users/iv/Developer/.build/Intermediates.noindex/ReluxTunnel.build/Debug-iphonesimulator/ReluxTunnelIOSAdapter.build/Objects-normal/arm64/ReluxTunnelIOSAdapter-Swift.h /Users/iv/Developer/.build/Intermediates.noindex/ReluxTunnel.build/Debug-iphonesimulator/ReluxTunnelIOSAdapter.build/Objects-normal/x86_64/ReluxTunnelIOSAdapter-Swift.h (in target 'ReluxTunnelIOSAdapter' from project 'ReluxTunnel')
    cd /Users/iv/Developer/relux-tunnel
    builtin-swiftHeaderTool -arch arm64 /Users/iv/Developer/.build/Intermediates.noindex/ReluxTunnel.build/Debug-iphonesimulator/ReluxTunnelIOSAdapter.build/Objects-normal/arm64/ReluxTunnelIOSAdapter-Swift.h -arch x86_64 /Users/iv/Developer/.build/Intermediates.noindex/ReluxTunnel.build/Debug-iphonesimulator/ReluxTunnelIOSAdapter.build/Objects-normal/x86_64/ReluxTunnelIOSAdapter-Swift.h -o /Users/iv/Developer/.build/Intermediates.noindex/GeneratedModuleMaps-iphonesimulator/ReluxTunnelIOSAdapter-Swift.h

Copy /Users/iv/Developer/.build/Products/Debug-iphonesimulator/ReluxTunnelIOSAdapter.swiftmodule/arm64-apple-ios-simulator.swiftdoc /Users/iv/Developer/.build/Intermediates.noindex/ReluxTunnel.build/Debug-iphonesimulator/ReluxTunnelIOSAdapter.build/Objects-normal/arm64/ReluxTunnelIOSAdapter.swiftdoc (in target 'ReluxTunnelIOSAdapter' from project 'ReluxTunnel')
    cd /Users/iv/Developer/relux-tunnel
    builtin-copy -exclude .DS_Store -exclude CVS -exclude .svn -exclude .git -exclude .hg -resolve-src-symlinks -rename /Users/iv/Developer/.build/Intermediates.noindex/ReluxTunnel.build/Debug-iphonesimulator/ReluxTunnelIOSAdapter.build/Objects-normal/arm64/ReluxTunnelIOSAdapter.swiftdoc /Users/iv/Developer/.build/Products/Debug-iphonesimulator/ReluxTunnelIOSAdapter.swiftmodule/arm64-apple-ios-simulator.swiftdoc

Copy /Users/iv/Developer/.build/Products/Debug-iphonesimulator/ReluxTunnelIOSAdapter.swiftmodule/arm64-apple-ios-simulator.abi.json /Users/iv/Developer/.build/Intermediates.noindex/ReluxTunnel.build/Debug-iphonesimulator/ReluxTunnelIOSAdapter.build/Objects-normal/arm64/ReluxTunnelIOSAdapter.abi.json (in target 'ReluxTunnelIOSAdapter' from project 'ReluxTunnel')
    cd /Users/iv/Developer/relux-tunnel
    builtin-copy -exclude .DS_Store -exclude CVS -exclude .svn -exclude .git -exclude .hg -resolve-src-symlinks -rename /Users/iv/Developer/.build/Intermediates.noindex/ReluxTunnel.build/Debug-iphonesimulator/ReluxTunnelIOSAdapter.build/Objects-normal/arm64/ReluxTunnelIOSAdapter.abi.json /Users/iv/Developer/.build/Products/Debug-iphonesimulator/ReluxTunnelIOSAdapter.swiftmodule/arm64-apple-ios-simulator.abi.json

Copy /Users/iv/Developer/.build/Products/Debug-iphonesimulator/ReluxTunnelIOSAdapter.swiftmodule/arm64-apple-ios-simulator.swiftmodule /Users/iv/Developer/.build/Intermediates.noindex/ReluxTunnel.build/Debug-iphonesimulator/ReluxTunnelIOSAdapter.build/Objects-normal/arm64/ReluxTunnelIOSAdapter.swiftmodule (in target 'ReluxTunnelIOSAdapter' from project 'ReluxTunnel')
    cd /Users/iv/Developer/relux-tunnel
    builtin-copy -exclude .DS_Store -exclude CVS -exclude .svn -exclude .git -exclude .hg -resolve-src-symlinks -rename /Users/iv/Developer/.build/Intermediates.noindex/ReluxTunnel.build/Debug-iphonesimulator/ReluxTunnelIOSAdapter.build/Objects-normal/arm64/ReluxTunnelIOSAdapter.swiftmodule /Users/iv/Developer/.build/Products/Debug-iphonesimulator/ReluxTunnelIOSAdapter.swiftmodule/arm64-apple-ios-simulator.swiftmodule

Copy /Users/iv/Developer/.build/Products/Debug-iphonesimulator/ReluxTunnelIOSAdapter.swiftmodule/Project/arm64-apple-ios-simulator.swiftsourceinfo /Users/iv/Developer/.build/Intermediates.noindex/ReluxTunnel.build/Debug-iphonesimulator/ReluxTunnelIOSAdapter.build/Objects-normal/arm64/ReluxTunnelIOSAdapter.swiftsourceinfo (in target 'ReluxTunnelIOSAdapter' from project 'ReluxTunnel')
    cd /Users/iv/Developer/relux-tunnel
    builtin-copy -exclude .DS_Store -exclude CVS -exclude .svn -exclude .git -exclude .hg -resolve-src-symlinks -rename /Users/iv/Developer/.build/Intermediates.noindex/ReluxTunnel.build/Debug-iphonesimulator/ReluxTunnelIOSAdapter.build/Objects-normal/arm64/ReluxTunnelIOSAdapter.swiftsourceinfo /Users/iv/Developer/.build/Products/Debug-iphonesimulator/ReluxTunnelIOSAdapter.swiftmodule/Project/arm64-apple-ios-simulator.swiftsourceinfo

SwiftDriverJobDiscovery normal arm64 Compiling IOSProviderCompositionRoot.swift (in target 'ReluxTunnelIOSAdapter' from project 'ReluxTunnel')

SwiftDriverJobDiscovery normal x86_64 Compiling IOSProviderCompositionRoot.swift (in target 'ReluxTunnelIOSAdapter' from project 'ReluxTunnel')

SwiftDriverJobDiscovery normal x86_64 Compiling IOSVPNManagerPreferences.swift (in target 'ReluxTunnelIOSAdapter' from project 'ReluxTunnel')

SwiftDriverJobDiscovery normal arm64 Compiling IOSVPNManagerPreferences.swift (in target 'ReluxTunnelIOSAdapter' from project 'ReluxTunnel')

SwiftDriver\ Compilation ReluxTunnelIOSAdapter normal x86_64 com.apple.xcode.tools.swift.compiler (in target 'ReluxTunnelIOSAdapter' from project 'ReluxTunnel')
    cd /Users/iv/Developer/relux-tunnel/.swiftpm/xcode
    builtin-Swift-Compilation -- /Applications/Xcode_26_5.app/Contents/Developer/Toolchains/XcodeDefault.xctoolchain/usr/bin/swiftc -module-name ReluxTunnelIOSAdapter -Onone @/Users/iv/Developer/.build/Intermediates.noindex/ReluxTunnel.build/Debug-iphonesimulator/ReluxTunnelIOSAdapter.build/Objects-normal/x86_64/ReluxTunnelIOSAdapter.SwiftFileList -DSWIFT_PACKAGE -DDEBUG -DSWIFT_MODULE_RESOURCE_BUNDLE_UNAVAILABLE -DXcode -plugin-path /Applications/Xcode_26_5.app/Contents/Developer/Toolchains/XcodeDefault.xctoolchain/usr/lib/swift/host/plugins/testing -enable-experimental-feature DebugDescriptionMacro -sdk /Applications/Xcode_26_5.app/Contents/Developer/Platforms/iPhoneSimulator.platform/Developer/SDKs/iPhoneSimulator26.5.sdk -target x86_64-apple-ios18.0-simulator -g -module-cache-path /Users/iv/Developer/relux-tunnel/.temp/TASK-260715-15vkvz/DerivedData-iOS/ModuleCache.noindex -Xfrontend -serialize-debugging-options -enable-testing -index-store-path /Users/iv/Developer/relux-tunnel/.temp/TASK-260715-15vkvz/DerivedData-iOS/Index.noindex/DataStore -Xcc -D_LIBCPP_HARDENING_MODE\=_LIBCPP_HARDENING_MODE_DEBUG -swift-version 6 -I /Users/iv/Developer/.build/Products/Debug-iphonesimulator -Isystem /Applications/Xcode_26_5.app/Contents/Developer/Platforms/iPhoneSimulator.platform/Developer/usr/lib -F /Users/iv/Developer/.build/Products/Debug-iphonesimulator/PackageFrameworks -F /Users/iv/Developer/.build/Products/Debug-iphonesimulator/PackageFrameworks -F /Users/iv/Developer/.build/Products/Debug-iphonesimulator -F /Applications/Xcode_26_5.app/Contents/Developer/Platforms/iPhoneSimulator.platform/Developer/Library/Frameworks -F /Applications/Xcode_26_5.app/Contents/Developer/Platforms/iPhoneSimulator.platform/Developer/SDKs/iPhoneSimulator26.5.sdk/Developer/Library/Frameworks -c -j16 -enable-batch-mode -incremental -Xcc -ivfsstatcache -Xcc /Users/iv/Developer/relux-tunnel/.temp/TASK-260715-15vkvz/DerivedData-iOS/SDKStatCaches.noindex/iphonesimulator26.5-23F73-9976ff0a46533d0d3305099c8405181f.sdkstatcache -output-file-map /Users/iv/Developer/.build/Intermediates.noindex/ReluxTunnel.build/Debug-iphonesimulator/ReluxTunnelIOSAdapter.build/Objects-normal/x86_64/ReluxTunnelIOSAdapter-OutputFileMap.json -use-frontend-parseable-output -save-temps -no-color-diagnostics -explicit-module-build -module-cache-path /Users/iv/Developer/.build/Intermediates.noindex/SwiftExplicitPrecompiledModules -clang-scanner-module-cache-path /Users/iv/Developer/relux-tunnel/.temp/TASK-260715-15vkvz/DerivedData-iOS/ModuleCache.noindex -sdk-module-cache-path /Users/iv/Developer/relux-tunnel/.temp/TASK-260715-15vkvz/DerivedData-iOS/ModuleCache.noindex -serialize-diagnostics -emit-dependencies -emit-module -emit-module-path /Users/iv/Developer/.build/Intermediates.noindex/ReluxTunnel.build/Debug-iphonesimulator/ReluxTunnelIOSAdapter.build/Objects-normal/x86_64/ReluxTunnelIOSAdapter.swiftmodule -validate-clang-modules-once -clang-build-session-file /Users/iv/Developer/relux-tunnel/.temp/TASK-260715-15vkvz/DerivedData-iOS/ModuleCache.noindex/Session.modulevalidation -package-name relux_tunnel -Xcc -I/Users/iv/Developer/.build/Intermediates.noindex/ReluxTunnel.build/Debug-iphonesimulator/ReluxTunnelIOSAdapter.build/swift-overrides.hmap -emit-const-values -Xfrontend -const-gather-protocols-file -Xfrontend /Users/iv/Developer/.build/Intermediates.noindex/ReluxTunnel.build/Debug-iphonesimulator/ReluxTunnelIOSAdapter.build/Objects-normal/x86_64/ReluxTunnelIOSAdapter_const_extract_protocols.json -Xcc -I/Users/iv/Developer/.build/Products/Debug-iphonesimulator/include -Xcc -I/Users/iv/Developer/.build/Intermediates.noindex/ReluxTunnel.build/Debug-iphonesimulator/ReluxTunnelIOSAdapter.build/DerivedSources-normal/x86_64 -Xcc -I/Users/iv/Developer/.build/Intermediates.noindex/ReluxTunnel.build/Debug-iphonesimulator/ReluxTunnelIOSAdapter.build/DerivedSources/x86_64 -Xcc -I/Users/iv/Developer/.build/Intermediates.noindex/ReluxTunnel.build/Debug-iphonesimulator/ReluxTunnelIOSAdapter.build/DerivedSources -Xcc -DSWIFT_PACKAGE -Xcc -DDEBUG\=1 -emit-objc-header -emit-objc-header-path /Users/iv/Developer/.build/Intermediates.noindex/ReluxTunnel.build/Debug-iphonesimulator/ReluxTunnelIOSAdapter.build/Objects-normal/x86_64/ReluxTunnelIOSAdapter-Swift.h -working-directory /Users/iv/Developer/relux-tunnel/.swiftpm/xcode -experimental-emit-module-separately -disable-cmo

SwiftDriver\ Compilation ReluxTunnelIOSAdapter normal arm64 com.apple.xcode.tools.swift.compiler (in target 'ReluxTunnelIOSAdapter' from project 'ReluxTunnel')
    cd /Users/iv/Developer/relux-tunnel/.swiftpm/xcode
    builtin-Swift-Compilation -- /Applications/Xcode_26_5.app/Contents/Developer/Toolchains/XcodeDefault.xctoolchain/usr/bin/swiftc -module-name ReluxTunnelIOSAdapter -Onone @/Users/iv/Developer/.build/Intermediates.noindex/ReluxTunnel.build/Debug-iphonesimulator/ReluxTunnelIOSAdapter.build/Objects-normal/arm64/ReluxTunnelIOSAdapter.SwiftFileList -DSWIFT_PACKAGE -DDEBUG -DSWIFT_MODULE_RESOURCE_BUNDLE_UNAVAILABLE -DXcode -plugin-path /Applications/Xcode_26_5.app/Contents/Developer/Toolchains/XcodeDefault.xctoolchain/usr/lib/swift/host/plugins/testing -enable-experimental-feature DebugDescriptionMacro -sdk /Applications/Xcode_26_5.app/Contents/Developer/Platforms/iPhoneSimulator.platform/Developer/SDKs/iPhoneSimulator26.5.sdk -target arm64-apple-ios18.0-simulator -g -module-cache-path /Users/iv/Developer/relux-tunnel/.temp/TASK-260715-15vkvz/DerivedData-iOS/ModuleCache.noindex -Xfrontend -serialize-debugging-options -enable-testing -index-store-path /Users/iv/Developer/relux-tunnel/.temp/TASK-260715-15vkvz/DerivedData-iOS/Index.noindex/DataStore -Xcc -D_LIBCPP_HARDENING_MODE\=_LIBCPP_HARDENING_MODE_DEBUG -swift-version 6 -I /Users/iv/Developer/.build/Products/Debug-iphonesimulator -Isystem /Applications/Xcode_26_5.app/Contents/Developer/Platforms/iPhoneSimulator.platform/Developer/usr/lib -F /Users/iv/Developer/.build/Products/Debug-iphonesimulator/PackageFrameworks -F /Users/iv/Developer/.build/Products/Debug-iphonesimulator/PackageFrameworks -F /Users/iv/Developer/.build/Products/Debug-iphonesimulator -F /Applications/Xcode_26_5.app/Contents/Developer/Platforms/iPhoneSimulator.platform/Developer/Library/Frameworks -F /Applications/Xcode_26_5.app/Contents/Developer/Platforms/iPhoneSimulator.platform/Developer/SDKs/iPhoneSimulator26.5.sdk/Developer/Library/Frameworks -c -j16 -enable-batch-mode -incremental -Xcc -ivfsstatcache -Xcc /Users/iv/Developer/relux-tunnel/.temp/TASK-260715-15vkvz/DerivedData-iOS/SDKStatCaches.noindex/iphonesimulator26.5-23F73-9976ff0a46533d0d3305099c8405181f.sdkstatcache -output-file-map /Users/iv/Developer/.build/Intermediates.noindex/ReluxTunnel.build/Debug-iphonesimulator/ReluxTunnelIOSAdapter.build/Objects-normal/arm64/ReluxTunnelIOSAdapter-OutputFileMap.json -use-frontend-parseable-output -save-temps -no-color-diagnostics -explicit-module-build -module-cache-path /Users/iv/Developer/.build/Intermediates.noindex/SwiftExplicitPrecompiledModules -clang-scanner-module-cache-path /Users/iv/Developer/relux-tunnel/.temp/TASK-260715-15vkvz/DerivedData-iOS/ModuleCache.noindex -sdk-module-cache-path /Users/iv/Developer/relux-tunnel/.temp/TASK-260715-15vkvz/DerivedData-iOS/ModuleCache.noindex -serialize-diagnostics -emit-dependencies -emit-module -emit-module-path /Users/iv/Developer/.build/Intermediates.noindex/ReluxTunnel.build/Debug-iphonesimulator/ReluxTunnelIOSAdapter.build/Objects-normal/arm64/ReluxTunnelIOSAdapter.swiftmodule -validate-clang-modules-once -clang-build-session-file /Users/iv/Developer/relux-tunnel/.temp/TASK-260715-15vkvz/DerivedData-iOS/ModuleCache.noindex/Session.modulevalidation -package-name relux_tunnel -Xcc -I/Users/iv/Developer/.build/Intermediates.noindex/ReluxTunnel.build/Debug-iphonesimulator/ReluxTunnelIOSAdapter.build/swift-overrides.hmap -emit-const-values -Xfrontend -const-gather-protocols-file -Xfrontend /Users/iv/Developer/.build/Intermediates.noindex/ReluxTunnel.build/Debug-iphonesimulator/ReluxTunnelIOSAdapter.build/Objects-normal/arm64/ReluxTunnelIOSAdapter_const_extract_protocols.json -Xcc -I/Users/iv/Developer/.build/Products/Debug-iphonesimulator/include -Xcc -I/Users/iv/Developer/.build/Intermediates.noindex/ReluxTunnel.build/Debug-iphonesimulator/ReluxTunnelIOSAdapter.build/DerivedSources-normal/arm64 -Xcc -I/Users/iv/Developer/.build/Intermediates.noindex/ReluxTunnel.build/Debug-iphonesimulator/ReluxTunnelIOSAdapter.build/DerivedSources/arm64 -Xcc -I/Users/iv/Developer/.build/Intermediates.noindex/ReluxTunnel.build/Debug-iphonesimulator/ReluxTunnelIOSAdapter.build/DerivedSources -Xcc -DSWIFT_PACKAGE -Xcc -DDEBUG\=1 -emit-objc-header -emit-objc-header-path /Users/iv/Developer/.build/Intermediates.noindex/ReluxTunnel.build/Debug-iphonesimulator/ReluxTunnelIOSAdapter.build/Objects-normal/arm64/ReluxTunnelIOSAdapter-Swift.h -working-directory /Users/iv/Developer/relux-tunnel/.swiftpm/xcode -experimental-emit-module-separately -disable-cmo

Ld /Users/iv/Developer/.build/Intermediates.noindex/ReluxTunnel.build/Debug-iphonesimulator/ReluxTunnelIOSAdapter.build/Objects-normal/x86_64/Binary/ReluxTunnelIOSAdapter.o normal x86_64 (in target 'ReluxTunnelIOSAdapter' from project 'ReluxTunnel')
    cd /Users/iv/Developer/relux-tunnel
    /Applications/Xcode_26_5.app/Contents/Developer/Toolchains/XcodeDefault.xctoolchain/usr/bin/clang -Xlinker -reproducible -target x86_64-apple-ios18.0-simulator -r -isysroot /Applications/Xcode_26_5.app/Contents/Developer/Platforms/iPhoneSimulator.platform/Developer/SDKs/iPhoneSimulator26.5.sdk -O0 -F/Users/iv/Developer/.build/Intermediates.noindex/EagerLinkingTBDs/Debug-iphonesimulator -F/Users/iv/Developer/.build/Products/Debug-iphonesimulator/PackageFrameworks -F/Users/iv/Developer/.build/Products/Debug-iphonesimulator/PackageFrameworks -F/Users/iv/Developer/.build/Products/Debug-iphonesimulator -iframework /Applications/Xcode_26_5.app/Contents/Developer/Platforms/iPhoneSimulator.platform/Developer/Library/Frameworks -iframework /Applications/Xcode_26_5.app/Contents/Developer/Platforms/iPhoneSimulator.platform/Developer/SDKs/iPhoneSimulator26.5.sdk/Developer/Library/Frameworks -filelist /Users/iv/Developer/.build/Intermediates.noindex/ReluxTunnel.build/Debug-iphonesimulator/ReluxTunnelIOSAdapter.build/Objects-normal/x86_64/ReluxTunnelIOSAdapter.LinkFileList -nostdlib -Xlinker -object_path_lto -Xlinker /Users/iv/Developer/.build/Intermediates.noindex/ReluxTunnel.build/Debug-iphonesimulator/ReluxTunnelIOSAdapter.build/Objects-normal/x86_64/ReluxTunnelIOSAdapter_lto.o -Xlinker -no_deduplicate -Xlinker -objc_abi_version -Xlinker 2 -Xlinker -dependency_info -Xlinker /Users/iv/Developer/.build/Intermediates.noindex/ReluxTunnel.build/Debug-iphonesimulator/ReluxTunnelIOSAdapter.build/Objects-normal/x86_64/ReluxTunnelIOSAdapter_dependency_info.dat -fobjc-link-runtime -L/Applications/Xcode_26_5.app/Contents/Developer/Toolchains/XcodeDefault.xctoolchain/usr/lib/swift/iphonesimulator -L/usr/lib/swift -Xlinker -add_ast_path -Xlinker /Users/iv/Developer/.build/Intermediates.noindex/ReluxTunnel.build/Debug-iphonesimulator/ReluxTunnelIOSAdapter.build/Objects-normal/x86_64/ReluxTunnelIOSAdapter.swiftmodule @/Users/iv/Developer/.build/Intermediates.noindex/ReluxTunnel.build/Debug-iphonesimulator/ReluxTunnelIOSAdapter.build/Objects-normal/x86_64/ReluxTunnelIOSAdapter-linker-args.resp -o /Users/iv/Developer/.build/Intermediates.noindex/ReluxTunnel.build/Debug-iphonesimulator/ReluxTunnelIOSAdapter.build/Objects-normal/x86_64/Binary/ReluxTunnelIOSAdapter.o

Ld /Users/iv/Developer/.build/Intermediates.noindex/ReluxTunnel.build/Debug-iphonesimulator/ReluxTunnelIOSAdapter.build/Objects-normal/arm64/Binary/ReluxTunnelIOSAdapter.o normal arm64 (in target 'ReluxTunnelIOSAdapter' from project 'ReluxTunnel')
    cd /Users/iv/Developer/relux-tunnel
    /Applications/Xcode_26_5.app/Contents/Developer/Toolchains/XcodeDefault.xctoolchain/usr/bin/clang -Xlinker -reproducible -target arm64-apple-ios18.0-simulator -r -isysroot /Applications/Xcode_26_5.app/Contents/Developer/Platforms/iPhoneSimulator.platform/Developer/SDKs/iPhoneSimulator26.5.sdk -O0 -F/Users/iv/Developer/.build/Intermediates.noindex/EagerLinkingTBDs/Debug-iphonesimulator -F/Users/iv/Developer/.build/Products/Debug-iphonesimulator/PackageFrameworks -F/Users/iv/Developer/.build/Products/Debug-iphonesimulator/PackageFrameworks -F/Users/iv/Developer/.build/Products/Debug-iphonesimulator -iframework /Applications/Xcode_26_5.app/Contents/Developer/Platforms/iPhoneSimulator.platform/Developer/Library/Frameworks -iframework /Applications/Xcode_26_5.app/Contents/Developer/Platforms/iPhoneSimulator.platform/Developer/SDKs/iPhoneSimulator26.5.sdk/Developer/Library/Frameworks -filelist /Users/iv/Developer/.build/Intermediates.noindex/ReluxTunnel.build/Debug-iphonesimulator/ReluxTunnelIOSAdapter.build/Objects-normal/arm64/ReluxTunnelIOSAdapter.LinkFileList -nostdlib -Xlinker -object_path_lto -Xlinker /Users/iv/Developer/.build/Intermediates.noindex/ReluxTunnel.build/Debug-iphonesimulator/ReluxTunnelIOSAdapter.build/Objects-normal/arm64/ReluxTunnelIOSAdapter_lto.o -Xlinker -no_deduplicate -Xlinker -objc_abi_version -Xlinker 2 -Xlinker -dependency_info -Xlinker /Users/iv/Developer/.build/Intermediates.noindex/ReluxTunnel.build/Debug-iphonesimulator/ReluxTunnelIOSAdapter.build/Objects-normal/arm64/ReluxTunnelIOSAdapter_dependency_info.dat -fobjc-link-runtime -L/Applications/Xcode_26_5.app/Contents/Developer/Toolchains/XcodeDefault.xctoolchain/usr/lib/swift/iphonesimulator -L/usr/lib/swift -Xlinker -add_ast_path -Xlinker /Users/iv/Developer/.build/Intermediates.noindex/ReluxTunnel.build/Debug-iphonesimulator/ReluxTunnelIOSAdapter.build/Objects-normal/arm64/ReluxTunnelIOSAdapter.swiftmodule @/Users/iv/Developer/.build/Intermediates.noindex/ReluxTunnel.build/Debug-iphonesimulator/ReluxTunnelIOSAdapter.build/Objects-normal/arm64/ReluxTunnelIOSAdapter-linker-args.resp -o /Users/iv/Developer/.build/Intermediates.noindex/ReluxTunnel.build/Debug-iphonesimulator/ReluxTunnelIOSAdapter.build/Objects-normal/arm64/Binary/ReluxTunnelIOSAdapter.o

CreateUniversalBinary /Users/iv/Developer/.build/Products/Debug-iphonesimulator/ReluxTunnelIOSAdapter.o normal arm64\ x86_64 (in target 'ReluxTunnelIOSAdapter' from project 'ReluxTunnel')
    cd /Users/iv/Developer/relux-tunnel
    /Applications/Xcode_26_5.app/Contents/Developer/Toolchains/XcodeDefault.xctoolchain/usr/bin/lipo -create /Users/iv/Developer/.build/Intermediates.noindex/ReluxTunnel.build/Debug-iphonesimulator/ReluxTunnelIOSAdapter.build/Objects-normal/arm64/Binary/ReluxTunnelIOSAdapter.o /Users/iv/Developer/.build/Intermediates.noindex/ReluxTunnel.build/Debug-iphonesimulator/ReluxTunnelIOSAdapter.build/Objects-normal/x86_64/Binary/ReluxTunnelIOSAdapter.o -output /Users/iv/Developer/.build/Products/Debug-iphonesimulator/ReluxTunnelIOSAdapter.o

ExtractAppIntentsMetadata (in target 'ReluxTunnelIOSAdapter' from project 'ReluxTunnel')
    cd /Users/iv/Developer/relux-tunnel
    /Applications/Xcode_26_5.app/Contents/Developer/Toolchains/XcodeDefault.xctoolchain/usr/bin/appintentsmetadataprocessor --toolchain-dir /Applications/Xcode_26_5.app/Contents/Developer/Toolchains/XcodeDefault.xctoolchain --module-name ReluxTunnelIOSAdapter --sdk-root /Applications/Xcode_26_5.app/Contents/Developer/Platforms/iPhoneSimulator.platform/Developer/SDKs/iPhoneSimulator26.5.sdk --xcode-version 17F42 --platform-family iOS --deployment-target 18.0 --bundle-identifier relux-tunnel.ReluxTunnelIOSAdapter --output /Users/iv/Developer/.build/Products/Debug-iphonesimulator/ReluxTunnelIOSAdapter.appintents --target-triple arm64-apple-ios18.0-simulator --target-triple x86_64-apple-ios18.0-simulator --binary-file /Users/iv/Developer/.build/Products/Debug-iphonesimulator/ReluxTunnelIOSAdapter.o --dependency-file /Users/iv/Developer/.build/Intermediates.noindex/ReluxTunnel.build/Debug-iphonesimulator/ReluxTunnelIOSAdapter.build/Objects-normal/arm64/ReluxTunnelIOSAdapter_dependency_info.dat --dependency-file /Users/iv/Developer/.build/Intermediates.noindex/ReluxTunnel.build/Debug-iphonesimulator/ReluxTunnelIOSAdapter.build/Objects-normal/x86_64/ReluxTunnelIOSAdapter_dependency_info.dat --stringsdata-file /Users/iv/Developer/.build/Intermediates.noindex/ReluxTunnel.build/Debug-iphonesimulator/ReluxTunnelIOSAdapter.build/Objects-normal/arm64/ExtractedAppShortcutsMetadata.stringsdata --stringsdata-file /Users/iv/Developer/.build/Intermediates.noindex/ReluxTunnel.build/Debug-iphonesimulator/ReluxTunnelIOSAdapter.build/Objects-normal/x86_64/ExtractedAppShortcutsMetadata.stringsdata --source-file-list /Users/iv/Developer/.build/Intermediates.noindex/ReluxTunnel.build/Debug-iphonesimulator/ReluxTunnelIOSAdapter.build/Objects-normal/arm64/ReluxTunnelIOSAdapter.SwiftFileList --source-file-list /Users/iv/Developer/.build/Intermediates.noindex/ReluxTunnel.build/Debug-iphonesimulator/ReluxTunnelIOSAdapter.build/Objects-normal/x86_64/ReluxTunnelIOSAdapter.SwiftFileList --metadata-file-list /Users/iv/Developer/.build/Intermediates.noindex/ReluxTunnel.build/Debug-iphonesimulator/ReluxTunnelIOSAdapter.build/ReluxTunnelIOSAdapter.DependencyMetadataFileList --static-metadata-file-list /Users/iv/Developer/.build/Intermediates.noindex/ReluxTunnel.build/Debug-iphonesimulator/ReluxTunnelIOSAdapter.build/ReluxTunnelIOSAdapter.DependencyStaticMetadataFileList --swift-const-vals-list /Users/iv/Developer/.build/Intermediates.noindex/ReluxTunnel.build/Debug-iphonesimulator/ReluxTunnelIOSAdapter.build/Objects-normal/arm64/ReluxTunnelIOSAdapter.SwiftConstValuesFileList --swift-const-vals-list /Users/iv/Developer/.build/Intermediates.noindex/ReluxTunnel.build/Debug-iphonesimulator/ReluxTunnelIOSAdapter.build/Objects-normal/x86_64/ReluxTunnelIOSAdapter.SwiftConstValuesFileList --force --compile-time-extraction --deployment-aware-processing --validate-assistant-intents --no-app-shortcuts-localization
2026-07-21 03:49:27.234 appintentsmetadataprocessor[7066:97767174] Starting appintentsmetadataprocessor export
2026-07-21 03:49:27.241 appintentsmetadataprocessor[7066:97767174] Extracted no relevant App Intents symbols, skipping writing output

RegisterExecutionPolicyException /Users/iv/Developer/.build/Products/Debug-iphonesimulator/ReluxTunnelIOSAdapter.o (in target 'ReluxTunnelIOSAdapter' from project 'ReluxTunnel')
    cd /Users/iv/Developer/relux-tunnel
    builtin-RegisterExecutionPolicyException /Users/iv/Developer/.build/Products/Debug-iphonesimulator/ReluxTunnelIOSAdapter.o

** BUILD SUCCEEDED ** [5.818 sec]

