Command line invocation:
    /Applications/Xcode_26_5.app/Contents/Developer/usr/bin/xcodebuild -scheme ReluxTunnelIOSAdapter -destination "generic/platform=iOS Simulator" -derivedDataPath .temp/TASK-260715-1rsqrh/DerivedData-iOS CODE_SIGNING_ALLOWED=NO build

Build settings from command line:
    CODE_SIGNING_ALLOWED = NO

Resolve Package Graph
2026-07-21 05:17:07.927 xcodebuild[81022:98259942] [MT] IDERunDestination: Supported platforms for the buildables in the current scheme is empty.

Resolve Package Graph


Resolved source packages:
  ReluxTunnel: /Users/iv/Developer/relux-tunnel

ComputePackagePrebuildTargetDependencyGraph

Prepare packages

CreateBuildRequest

SendProjectDescription

CreateBuildOperation

ComputeTargetDependencyGraph
note: Building targets in dependency order
note: Target dependency graph (4 targets)
    Target 'ReluxTunnelIOSAdapter' in project 'ReluxTunnel'
        ➜ Explicit dependency on target 'ReluxTunnelIOSAdapter' in project 'ReluxTunnel'
        ➜ Explicit dependency on target 'ReluxTunnelCore' in project 'ReluxTunnel'
        ➜ Explicit dependency on target 'ReluxTunnelNativeAdapter' in project 'ReluxTunnel'
    Target 'ReluxTunnelIOSAdapter' in project 'ReluxTunnel'
        ➜ Explicit dependency on target 'ReluxTunnelCore' in project 'ReluxTunnel'
        ➜ Explicit dependency on target 'ReluxTunnelNativeAdapter' in project 'ReluxTunnel'
    Target 'ReluxTunnelNativeAdapter' in project 'ReluxTunnel'
        ➜ Explicit dependency on target 'ReluxTunnelCore' in project 'ReluxTunnel'
    Target 'ReluxTunnelCore' in project 'ReluxTunnel' (no dependencies)

GatherProvisioningInputs

CreateBuildDescription

ExecuteExternalTool /Applications/Xcode_26_5.app/Contents/Developer/Toolchains/XcodeDefault.xctoolchain/usr/bin/clang -v -E -dM -isysroot /Applications/Xcode_26_5.app/Contents/Developer/Platforms/iPhoneSimulator.platform/Developer/SDKs/iPhoneSimulator26.5.sdk -x c -c /dev/null

ExecuteExternalTool /Applications/Xcode_26_5.app/Contents/Developer/Toolchains/XcodeDefault.xctoolchain/usr/bin/swiftc --version

ExecuteExternalTool /Applications/Xcode_26_5.app/Contents/Developer/Toolchains/XcodeDefault.xctoolchain/usr/bin/ld -version_details

ReadFileContents /Applications/Xcode_26_5.app/Contents/Developer/Toolchains/XcodeDefault.xctoolchain/usr/share/docc/features.json

Build description signature: 43837d3a970c78245376160d449e9935
Build description path: /Users/iv/Developer/.build/Intermediates.noindex/XCBuildData/43837d3a970c78245376160d449e9935.xcbuilddata
ClangStatCache /Applications/Xcode_26_5.app/Contents/Developer/Toolchains/XcodeDefault.xctoolchain/usr/bin/clang-stat-cache /Applications/Xcode_26_5.app/Contents/Developer/Platforms/iPhoneSimulator.platform/Developer/SDKs/iPhoneSimulator26.5.sdk /Users/iv/Developer/relux-tunnel/.temp/TASK-260715-1rsqrh/DerivedData-iOS/SDKStatCaches.noindex/iphonesimulator26.5-23F73-9976ff0a46533d0d3305099c8405181f.sdkstatcache
    cd /Users/iv/Developer/relux-tunnel/.swiftpm/xcode
    /Applications/Xcode_26_5.app/Contents/Developer/Toolchains/XcodeDefault.xctoolchain/usr/bin/clang-stat-cache /Applications/Xcode_26_5.app/Contents/Developer/Platforms/iPhoneSimulator.platform/Developer/SDKs/iPhoneSimulator26.5.sdk -o /Users/iv/Developer/relux-tunnel/.temp/TASK-260715-1rsqrh/DerivedData-iOS/SDKStatCaches.noindex/iphonesimulator26.5-23F73-9976ff0a46533d0d3305099c8405181f.sdkstatcache

WriteAuxiliaryFile /Users/iv/Developer/.build/Intermediates.noindex/ReluxTunnel.build/Debug-iphonesimulator/ReluxTunnelCore.build/Objects-normal/x86_64/ReluxTunnelCore.LinkFileList (in target 'ReluxTunnelCore' from project 'ReluxTunnel')
    cd /Users/iv/Developer/relux-tunnel
    write-file /Users/iv/Developer/.build/Intermediates.noindex/ReluxTunnel.build/Debug-iphonesimulator/ReluxTunnelCore.build/Objects-normal/x86_64/ReluxTunnelCore.LinkFileList

WriteAuxiliaryFile /Users/iv/Developer/.build/Intermediates.noindex/ReluxTunnel.build/Debug-iphonesimulator/ReluxTunnelCore.build/Objects-normal/x86_64/ReluxTunnelCore-OutputFileMap.json (in target 'ReluxTunnelCore' from project 'ReluxTunnel')
    cd /Users/iv/Developer/relux-tunnel
    write-file /Users/iv/Developer/.build/Intermediates.noindex/ReluxTunnel.build/Debug-iphonesimulator/ReluxTunnelCore.build/Objects-normal/x86_64/ReluxTunnelCore-OutputFileMap.json

WriteAuxiliaryFile /Users/iv/Developer/.build/Intermediates.noindex/ReluxTunnel.build/Debug-iphonesimulator/ReluxTunnelCore.build/Objects-normal/x86_64/ReluxTunnelCore.SwiftFileList (in target 'ReluxTunnelCore' from project 'ReluxTunnel')
    cd /Users/iv/Developer/relux-tunnel
    write-file /Users/iv/Developer/.build/Intermediates.noindex/ReluxTunnel.build/Debug-iphonesimulator/ReluxTunnelCore.build/Objects-normal/x86_64/ReluxTunnelCore.SwiftFileList

WriteAuxiliaryFile /Users/iv/Developer/.build/Intermediates.noindex/ReluxTunnel.build/Debug-iphonesimulator/ReluxTunnelCore.build/Objects-normal/arm64/ReluxTunnelCore.SwiftFileList (in target 'ReluxTunnelCore' from project 'ReluxTunnel')
    cd /Users/iv/Developer/relux-tunnel
    write-file /Users/iv/Developer/.build/Intermediates.noindex/ReluxTunnel.build/Debug-iphonesimulator/ReluxTunnelCore.build/Objects-normal/arm64/ReluxTunnelCore.SwiftFileList

WriteAuxiliaryFile /Users/iv/Developer/.build/Intermediates.noindex/ReluxTunnel.build/Debug-iphonesimulator/ReluxTunnelCore.build/Objects-normal/x86_64/ReluxTunnelCore.SwiftConstValuesFileList (in target 'ReluxTunnelCore' from project 'ReluxTunnel')
    cd /Users/iv/Developer/relux-tunnel
    write-file /Users/iv/Developer/.build/Intermediates.noindex/ReluxTunnel.build/Debug-iphonesimulator/ReluxTunnelCore.build/Objects-normal/x86_64/ReluxTunnelCore.SwiftConstValuesFileList

WriteAuxiliaryFile /Users/iv/Developer/.build/Intermediates.noindex/ReluxTunnel.build/Debug-iphonesimulator/ReluxTunnelCore.build/Objects-normal/arm64/ReluxTunnelCore.SwiftConstValuesFileList (in target 'ReluxTunnelCore' from project 'ReluxTunnel')
    cd /Users/iv/Developer/relux-tunnel
    write-file /Users/iv/Developer/.build/Intermediates.noindex/ReluxTunnel.build/Debug-iphonesimulator/ReluxTunnelCore.build/Objects-normal/arm64/ReluxTunnelCore.SwiftConstValuesFileList

WriteAuxiliaryFile /Users/iv/Developer/.build/Intermediates.noindex/ReluxTunnel.build/Debug-iphonesimulator/ReluxTunnelCore.build/Objects-normal/arm64/ReluxTunnelCore.LinkFileList (in target 'ReluxTunnelCore' from project 'ReluxTunnel')
    cd /Users/iv/Developer/relux-tunnel
    write-file /Users/iv/Developer/.build/Intermediates.noindex/ReluxTunnel.build/Debug-iphonesimulator/ReluxTunnelCore.build/Objects-normal/arm64/ReluxTunnelCore.LinkFileList

WriteAuxiliaryFile /Users/iv/Developer/.build/Intermediates.noindex/ReluxTunnel.build/Debug-iphonesimulator/ReluxTunnelCore.build/Objects-normal/arm64/ReluxTunnelCore-OutputFileMap.json (in target 'ReluxTunnelCore' from project 'ReluxTunnel')
    cd /Users/iv/Developer/relux-tunnel
    write-file /Users/iv/Developer/.build/Intermediates.noindex/ReluxTunnel.build/Debug-iphonesimulator/ReluxTunnelCore.build/Objects-normal/arm64/ReluxTunnelCore-OutputFileMap.json

SwiftDriver ReluxTunnelCore normal arm64 com.apple.xcode.tools.swift.compiler (in target 'ReluxTunnelCore' from project 'ReluxTunnel')
    cd /Users/iv/Developer/relux-tunnel/.swiftpm/xcode
    builtin-SwiftDriver -- /Applications/Xcode_26_5.app/Contents/Developer/Toolchains/XcodeDefault.xctoolchain/usr/bin/swiftc -module-name ReluxTunnelCore -Onone @/Users/iv/Developer/.build/Intermediates.noindex/ReluxTunnel.build/Debug-iphonesimulator/ReluxTunnelCore.build/Objects-normal/arm64/ReluxTunnelCore.SwiftFileList -DSWIFT_PACKAGE -DDEBUG -DSWIFT_MODULE_RESOURCE_BUNDLE_UNAVAILABLE -DXcode -plugin-path /Applications/Xcode_26_5.app/Contents/Developer/Toolchains/XcodeDefault.xctoolchain/usr/lib/swift/host/plugins/testing -enable-experimental-feature DebugDescriptionMacro -sdk /Applications/Xcode_26_5.app/Contents/Developer/Platforms/iPhoneSimulator.platform/Developer/SDKs/iPhoneSimulator26.5.sdk -target arm64-apple-ios18.0-simulator -g -module-cache-path /Users/iv/Developer/relux-tunnel/.temp/TASK-260715-1rsqrh/DerivedData-iOS/ModuleCache.noindex -Xfrontend -serialize-debugging-options -enable-testing -index-store-path /Users/iv/Developer/relux-tunnel/.temp/TASK-260715-1rsqrh/DerivedData-iOS/Index.noindex/DataStore -Xcc -D_LIBCPP_HARDENING_MODE\=_LIBCPP_HARDENING_MODE_DEBUG -swift-version 6 -I /Users/iv/Developer/.build/Products/Debug-iphonesimulator -Isystem /Applications/Xcode_26_5.app/Contents/Developer/Platforms/iPhoneSimulator.platform/Developer/usr/lib -F /Users/iv/Developer/.build/Products/Debug-iphonesimulator -F /Applications/Xcode_26_5.app/Contents/Developer/Platforms/iPhoneSimulator.platform/Developer/Library/Frameworks -F /Applications/Xcode_26_5.app/Contents/Developer/Platforms/iPhoneSimulator.platform/Developer/SDKs/iPhoneSimulator26.5.sdk/Developer/Library/Frameworks -c -j16 -enable-batch-mode -incremental -Xcc -ivfsstatcache -Xcc /Users/iv/Developer/relux-tunnel/.temp/TASK-260715-1rsqrh/DerivedData-iOS/SDKStatCaches.noindex/iphonesimulator26.5-23F73-9976ff0a46533d0d3305099c8405181f.sdkstatcache -output-file-map /Users/iv/Developer/.build/Intermediates.noindex/ReluxTunnel.build/Debug-iphonesimulator/ReluxTunnelCore.build/Objects-normal/arm64/ReluxTunnelCore-OutputFileMap.json -use-frontend-parseable-output -save-temps -no-color-diagnostics -explicit-module-build -module-cache-path /Users/iv/Developer/.build/Intermediates.noindex/SwiftExplicitPrecompiledModules -clang-scanner-module-cache-path /Users/iv/Developer/relux-tunnel/.temp/TASK-260715-1rsqrh/DerivedData-iOS/ModuleCache.noindex -sdk-module-cache-path /Users/iv/Developer/relux-tunnel/.temp/TASK-260715-1rsqrh/DerivedData-iOS/ModuleCache.noindex -serialize-diagnostics -emit-dependencies -emit-module -emit-module-path /Users/iv/Developer/.build/Intermediates.noindex/ReluxTunnel.build/Debug-iphonesimulator/ReluxTunnelCore.build/Objects-normal/arm64/ReluxTunnelCore.swiftmodule -validate-clang-modules-once -clang-build-session-file /Users/iv/Developer/relux-tunnel/.temp/TASK-260715-1rsqrh/DerivedData-iOS/ModuleCache.noindex/Session.modulevalidation -package-name relux_tunnel -Xcc -I/Users/iv/Developer/.build/Intermediates.noindex/ReluxTunnel.build/Debug-iphonesimulator/ReluxTunnelCore.build/swift-overrides.hmap -emit-const-values -Xfrontend -const-gather-protocols-file -Xfrontend /Users/iv/Developer/.build/Intermediates.noindex/ReluxTunnel.build/Debug-iphonesimulator/ReluxTunnelCore.build/Objects-normal/arm64/ReluxTunnelCore_const_extract_protocols.json -Xcc -I/Users/iv/Developer/.build/Products/Debug-iphonesimulator/include -Xcc -I/Users/iv/Developer/.build/Intermediates.noindex/ReluxTunnel.build/Debug-iphonesimulator/ReluxTunnelCore.build/DerivedSources-normal/arm64 -Xcc -I/Users/iv/Developer/.build/Intermediates.noindex/ReluxTunnel.build/Debug-iphonesimulator/ReluxTunnelCore.build/DerivedSources/arm64 -Xcc -I/Users/iv/Developer/.build/Intermediates.noindex/ReluxTunnel.build/Debug-iphonesimulator/ReluxTunnelCore.build/DerivedSources -Xcc -DSWIFT_PACKAGE -Xcc -DDEBUG\=1 -emit-objc-header -emit-objc-header-path /Users/iv/Developer/.build/Intermediates.noindex/ReluxTunnel.build/Debug-iphonesimulator/ReluxTunnelCore.build/Objects-normal/arm64/ReluxTunnelCore-Swift.h -working-directory /Users/iv/Developer/relux-tunnel/.swiftpm/xcode -experimental-emit-module-separately -disable-cmo

SwiftDriver ReluxTunnelCore normal x86_64 com.apple.xcode.tools.swift.compiler (in target 'ReluxTunnelCore' from project 'ReluxTunnel')
    cd /Users/iv/Developer/relux-tunnel/.swiftpm/xcode
    builtin-SwiftDriver -- /Applications/Xcode_26_5.app/Contents/Developer/Toolchains/XcodeDefault.xctoolchain/usr/bin/swiftc -module-name ReluxTunnelCore -Onone @/Users/iv/Developer/.build/Intermediates.noindex/ReluxTunnel.build/Debug-iphonesimulator/ReluxTunnelCore.build/Objects-normal/x86_64/ReluxTunnelCore.SwiftFileList -DSWIFT_PACKAGE -DDEBUG -DSWIFT_MODULE_RESOURCE_BUNDLE_UNAVAILABLE -DXcode -plugin-path /Applications/Xcode_26_5.app/Contents/Developer/Toolchains/XcodeDefault.xctoolchain/usr/lib/swift/host/plugins/testing -enable-experimental-feature DebugDescriptionMacro -sdk /Applications/Xcode_26_5.app/Contents/Developer/Platforms/iPhoneSimulator.platform/Developer/SDKs/iPhoneSimulator26.5.sdk -target x86_64-apple-ios18.0-simulator -g -module-cache-path /Users/iv/Developer/relux-tunnel/.temp/TASK-260715-1rsqrh/DerivedData-iOS/ModuleCache.noindex -Xfrontend -serialize-debugging-options -enable-testing -index-store-path /Users/iv/Developer/relux-tunnel/.temp/TASK-260715-1rsqrh/DerivedData-iOS/Index.noindex/DataStore -Xcc -D_LIBCPP_HARDENING_MODE\=_LIBCPP_HARDENING_MODE_DEBUG -swift-version 6 -I /Users/iv/Developer/.build/Products/Debug-iphonesimulator -Isystem /Applications/Xcode_26_5.app/Contents/Developer/Platforms/iPhoneSimulator.platform/Developer/usr/lib -F /Users/iv/Developer/.build/Products/Debug-iphonesimulator -F /Applications/Xcode_26_5.app/Contents/Developer/Platforms/iPhoneSimulator.platform/Developer/Library/Frameworks -F /Applications/Xcode_26_5.app/Contents/Developer/Platforms/iPhoneSimulator.platform/Developer/SDKs/iPhoneSimulator26.5.sdk/Developer/Library/Frameworks -c -j16 -enable-batch-mode -incremental -Xcc -ivfsstatcache -Xcc /Users/iv/Developer/relux-tunnel/.temp/TASK-260715-1rsqrh/DerivedData-iOS/SDKStatCaches.noindex/iphonesimulator26.5-23F73-9976ff0a46533d0d3305099c8405181f.sdkstatcache -output-file-map /Users/iv/Developer/.build/Intermediates.noindex/ReluxTunnel.build/Debug-iphonesimulator/ReluxTunnelCore.build/Objects-normal/x86_64/ReluxTunnelCore-OutputFileMap.json -use-frontend-parseable-output -save-temps -no-color-diagnostics -explicit-module-build -module-cache-path /Users/iv/Developer/.build/Intermediates.noindex/SwiftExplicitPrecompiledModules -clang-scanner-module-cache-path /Users/iv/Developer/relux-tunnel/.temp/TASK-260715-1rsqrh/DerivedData-iOS/ModuleCache.noindex -sdk-module-cache-path /Users/iv/Developer/relux-tunnel/.temp/TASK-260715-1rsqrh/DerivedData-iOS/ModuleCache.noindex -serialize-diagnostics -emit-dependencies -emit-module -emit-module-path /Users/iv/Developer/.build/Intermediates.noindex/ReluxTunnel.build/Debug-iphonesimulator/ReluxTunnelCore.build/Objects-normal/x86_64/ReluxTunnelCore.swiftmodule -validate-clang-modules-once -clang-build-session-file /Users/iv/Developer/relux-tunnel/.temp/TASK-260715-1rsqrh/DerivedData-iOS/ModuleCache.noindex/Session.modulevalidation -package-name relux_tunnel -Xcc -I/Users/iv/Developer/.build/Intermediates.noindex/ReluxTunnel.build/Debug-iphonesimulator/ReluxTunnelCore.build/swift-overrides.hmap -emit-const-values -Xfrontend -const-gather-protocols-file -Xfrontend /Users/iv/Developer/.build/Intermediates.noindex/ReluxTunnel.build/Debug-iphonesimulator/ReluxTunnelCore.build/Objects-normal/x86_64/ReluxTunnelCore_const_extract_protocols.json -Xcc -I/Users/iv/Developer/.build/Products/Debug-iphonesimulator/include -Xcc -I/Users/iv/Developer/.build/Intermediates.noindex/ReluxTunnel.build/Debug-iphonesimulator/ReluxTunnelCore.build/DerivedSources-normal/x86_64 -Xcc -I/Users/iv/Developer/.build/Intermediates.noindex/ReluxTunnel.build/Debug-iphonesimulator/ReluxTunnelCore.build/DerivedSources/x86_64 -Xcc -I/Users/iv/Developer/.build/Intermediates.noindex/ReluxTunnel.build/Debug-iphonesimulator/ReluxTunnelCore.build/DerivedSources -Xcc -DSWIFT_PACKAGE -Xcc -DDEBUG\=1 -emit-objc-header -emit-objc-header-path /Users/iv/Developer/.build/Intermediates.noindex/ReluxTunnel.build/Debug-iphonesimulator/ReluxTunnelCore.build/Objects-normal/x86_64/ReluxTunnelCore-Swift.h -working-directory /Users/iv/Developer/relux-tunnel/.swiftpm/xcode -experimental-emit-module-separately -disable-cmo

SwiftExplicitDependencyGeneratePcm x86_64 /Users/iv/Developer/relux-tunnel/.temp/TASK-260715-1rsqrh/DerivedData-iOS/ModuleCache.noindex/ptrauth-6ULOO3B1BBE0TFS6KSC7PINCP.pcm

SwiftExplicitDependencyGeneratePcm x86_64 /Users/iv/Developer/relux-tunnel/.temp/TASK-260715-1rsqrh/DerivedData-iOS/ModuleCache.noindex/_AvailabilityInternal-CL8K1OM1GZMR9W6XAJFC27GIO.pcm

SwiftExplicitDependencyGeneratePcm x86_64 /Users/iv/Developer/relux-tunnel/.temp/TASK-260715-1rsqrh/DerivedData-iOS/ModuleCache.noindex/_Builtin_float-86MDP1VQS013YEHRLZV6WTURE.pcm

SwiftExplicitDependencyGeneratePcm x86_64 /Users/iv/Developer/relux-tunnel/.temp/TASK-260715-1rsqrh/DerivedData-iOS/ModuleCache.noindex/SwiftShims-JAG5P56JOGX5AGT7S8V6Q2I.pcm

SwiftExplicitDependencyGeneratePcm x86_64 /Users/iv/Developer/relux-tunnel/.temp/TASK-260715-1rsqrh/DerivedData-iOS/ModuleCache.noindex/_Builtin_stdarg-1SSOPXTUTYKTEQ5G3CAZ4N374.pcm

SwiftExplicitDependencyGeneratePcm x86_64 /Users/iv/Developer/relux-tunnel/.temp/TASK-260715-1rsqrh/DerivedData-iOS/ModuleCache.noindex/ptrcheck-A0DZ8ILF939AOMPYCXB1NQNFS.pcm

SwiftExplicitDependencyGeneratePcm x86_64 /Users/iv/Developer/relux-tunnel/.temp/TASK-260715-1rsqrh/DerivedData-iOS/ModuleCache.noindex/_Builtin_stddef-9I95LUGC28E7QHAVAXLPRJAH7.pcm

SwiftExplicitDependencyGeneratePcm x86_64 /Users/iv/Developer/relux-tunnel/.temp/TASK-260715-1rsqrh/DerivedData-iOS/ModuleCache.noindex/_Builtin_stdbool-84VA0D8TB5R7AQD5OOTKC13E1.pcm

SwiftExplicitDependencyGeneratePcm x86_64 /Users/iv/Developer/relux-tunnel/.temp/TASK-260715-1rsqrh/DerivedData-iOS/ModuleCache.noindex/_SwiftConcurrencyShims-7FHY3HUX2OKN0F2LDV12UOWA9.pcm

SwiftExplicitDependencyGeneratePcm arm64 /Users/iv/Developer/relux-tunnel/.temp/TASK-260715-1rsqrh/DerivedData-iOS/ModuleCache.noindex/_Builtin_stdarg-2RWX53U3A7AVR5LHIQZLLS4CJ.pcm

SwiftExplicitDependencyGeneratePcm arm64 /Users/iv/Developer/relux-tunnel/.temp/TASK-260715-1rsqrh/DerivedData-iOS/ModuleCache.noindex/_Builtin_stddef-BI61BNGOLBFZBKBZAPSDVP33Y.pcm

SwiftExplicitDependencyGeneratePcm arm64 /Users/iv/Developer/relux-tunnel/.temp/TASK-260715-1rsqrh/DerivedData-iOS/ModuleCache.noindex/ptrcheck-LJL4YDMGU5KG5FFGN0IJW5WY.pcm

SwiftExplicitDependencyGeneratePcm arm64 /Users/iv/Developer/relux-tunnel/.temp/TASK-260715-1rsqrh/DerivedData-iOS/ModuleCache.noindex/_AvailabilityInternal-5P0LHP51E7N58OLGVCRCK8BEA.pcm

SwiftExplicitDependencyGeneratePcm arm64 /Users/iv/Developer/relux-tunnel/.temp/TASK-260715-1rsqrh/DerivedData-iOS/ModuleCache.noindex/_Builtin_float-5MWHHXXVA14Y8KLAXOKQUQ72J.pcm

SwiftExplicitDependencyGeneratePcm arm64 /Users/iv/Developer/relux-tunnel/.temp/TASK-260715-1rsqrh/DerivedData-iOS/ModuleCache.noindex/SwiftShims-7N2HM582BMTYOY66S1ZE2DYE0.pcm

SwiftExplicitDependencyGeneratePcm arm64 /Users/iv/Developer/relux-tunnel/.temp/TASK-260715-1rsqrh/DerivedData-iOS/ModuleCache.noindex/ptrauth-7OFUMXPL2HGE8HIB0MVPAGCJ1.pcm

SwiftExplicitDependencyGeneratePcm arm64 /Users/iv/Developer/relux-tunnel/.temp/TASK-260715-1rsqrh/DerivedData-iOS/ModuleCache.noindex/_Builtin_stdbool-CH57ND7K5Z50F2XMSGURU7XEV.pcm

SwiftExplicitDependencyGeneratePcm arm64 /Users/iv/Developer/relux-tunnel/.temp/TASK-260715-1rsqrh/DerivedData-iOS/ModuleCache.noindex/_SwiftConcurrencyShims-DWCCQSDT21JEU9T5EK59Q20ZW.pcm

SwiftExplicitDependencyGeneratePcm x86_64 /Users/iv/Developer/relux-tunnel/.temp/TASK-260715-1rsqrh/DerivedData-iOS/ModuleCache.noindex/_DarwinFoundation1-CGXARAPVJENU6LQG2UH66S01L.pcm

SwiftExplicitDependencyGeneratePcm arm64 /Users/iv/Developer/relux-tunnel/.temp/TASK-260715-1rsqrh/DerivedData-iOS/ModuleCache.noindex/_DarwinFoundation1-ENVVM9VILGXIMQDLUUZSMGBYO.pcm

SwiftExplicitDependencyGeneratePcm x86_64 /Users/iv/Developer/relux-tunnel/.temp/TASK-260715-1rsqrh/DerivedData-iOS/ModuleCache.noindex/_Builtin_limits-3C80K1NLMU11G930NVNLFKBQZ.pcm

SwiftExplicitDependencyGeneratePcm x86_64 /Users/iv/Developer/relux-tunnel/.temp/TASK-260715-1rsqrh/DerivedData-iOS/ModuleCache.noindex/_DarwinFoundation2-7RR6RH2TPX3WFSPO9DNFTYQSE.pcm

SwiftExplicitDependencyGeneratePcm arm64 /Users/iv/Developer/relux-tunnel/.temp/TASK-260715-1rsqrh/DerivedData-iOS/ModuleCache.noindex/_DarwinFoundation2-7TX6AP3DOHV4HMH96X70RLM0M.pcm

SwiftExplicitDependencyGeneratePcm arm64 /Users/iv/Developer/relux-tunnel/.temp/TASK-260715-1rsqrh/DerivedData-iOS/ModuleCache.noindex/_Builtin_limits-AU0JGUFW2Q8JIQ5JXUXOZ34XJ.pcm

SwiftExplicitDependencyGeneratePcm x86_64 /Users/iv/Developer/relux-tunnel/.temp/TASK-260715-1rsqrh/DerivedData-iOS/ModuleCache.noindex/_Builtin_stdint-47FEY8JOIZ0ZE2L85VQ2KUEPZ.pcm

SwiftExplicitDependencyGeneratePcm x86_64 /Users/iv/Developer/relux-tunnel/.temp/TASK-260715-1rsqrh/DerivedData-iOS/ModuleCache.noindex/sys_types-6YZWEOJN1V2M3ENVZU2P110YT.pcm

SwiftExplicitDependencyGeneratePcm arm64 /Users/iv/Developer/relux-tunnel/.temp/TASK-260715-1rsqrh/DerivedData-iOS/ModuleCache.noindex/_Builtin_stdint-6LIVBKDPNOZR06TJ7YGXD1103.pcm

SwiftExplicitDependencyGeneratePcm arm64 /Users/iv/Developer/relux-tunnel/.temp/TASK-260715-1rsqrh/DerivedData-iOS/ModuleCache.noindex/sys_types-4IKXQGS2RXE0A3D4MRUOMT1KD.pcm

SwiftExplicitDependencyGeneratePcm x86_64 /Users/iv/Developer/relux-tunnel/.temp/TASK-260715-1rsqrh/DerivedData-iOS/ModuleCache.noindex/_DarwinFoundation3-ITUGSG2ZLA4MS5I68NI494GP.pcm

SwiftExplicitDependencyGeneratePcm arm64 /Users/iv/Developer/relux-tunnel/.temp/TASK-260715-1rsqrh/DerivedData-iOS/ModuleCache.noindex/_DarwinFoundation3-5CAACHE34C7RFNYBL3KA00ICS.pcm

SwiftExplicitDependencyGeneratePcm x86_64 /Users/iv/Developer/relux-tunnel/.temp/TASK-260715-1rsqrh/DerivedData-iOS/ModuleCache.noindex/_Builtin_inttypes-5C9FHYNBJHHR28T6HR68KAEQ4.pcm

SwiftExplicitDependencyGeneratePcm arm64 /Users/iv/Developer/relux-tunnel/.temp/TASK-260715-1rsqrh/DerivedData-iOS/ModuleCache.noindex/_Builtin_inttypes-D3BLEUSR92LJKRKHMH92HY6DV.pcm

SwiftExplicitDependencyGeneratePcm x86_64 /Users/iv/Developer/relux-tunnel/.temp/TASK-260715-1rsqrh/DerivedData-iOS/ModuleCache.noindex/Darwin-3NKGOPXIN4YCUVBHIOZCSXBLQ.pcm

SwiftExplicitDependencyGeneratePcm arm64 /Users/iv/Developer/relux-tunnel/.temp/TASK-260715-1rsqrh/DerivedData-iOS/ModuleCache.noindex/Darwin-APYD5HSNDYAQKP8A03MRLMGWM.pcm

SwiftExplicitDependencyGeneratePcm x86_64 /Users/iv/Developer/relux-tunnel/.temp/TASK-260715-1rsqrh/DerivedData-iOS/ModuleCache.noindex/ObjectiveC-8ZW632TCA9UDW4EG35FS4FTHU.pcm

SwiftExplicitDependencyGeneratePcm arm64 /Users/iv/Developer/relux-tunnel/.temp/TASK-260715-1rsqrh/DerivedData-iOS/ModuleCache.noindex/ObjectiveC-988LQ6D05SUWXEF8SCK4Y77IW.pcm

SwiftExplicitDependencyGeneratePcm x86_64 /Users/iv/Developer/relux-tunnel/.temp/TASK-260715-1rsqrh/DerivedData-iOS/ModuleCache.noindex/os_object-BCCOYU0FTFL9MGEYOV1VGZ9HH.pcm

SwiftExplicitDependencyGeneratePcm x86_64 /Users/iv/Developer/relux-tunnel/.temp/TASK-260715-1rsqrh/DerivedData-iOS/ModuleCache.noindex/os_workgroup-21KFPCFJHKXJ8D7N5YQS624KB.pcm

SwiftExplicitDependencyGeneratePcm arm64 /Users/iv/Developer/relux-tunnel/.temp/TASK-260715-1rsqrh/DerivedData-iOS/ModuleCache.noindex/os_object-CJ78VMFADEGKCT2Y4F852IVJV.pcm

SwiftExplicitDependencyGeneratePcm arm64 /Users/iv/Developer/relux-tunnel/.temp/TASK-260715-1rsqrh/DerivedData-iOS/ModuleCache.noindex/os_workgroup-DX9EYS006PWY3QNF4QL4QVWF8.pcm

SwiftExplicitDependencyGeneratePcm x86_64 /Users/iv/Developer/relux-tunnel/.temp/TASK-260715-1rsqrh/DerivedData-iOS/ModuleCache.noindex/Dispatch-BYCF07LS626P3UB1OM6J4KDBT.pcm

SwiftExplicitDependencyGeneratePcm arm64 /Users/iv/Developer/relux-tunnel/.temp/TASK-260715-1rsqrh/DerivedData-iOS/ModuleCache.noindex/Dispatch-5HACWCCN1A8H4UK5QPYYPEKHI.pcm

SwiftExplicitDependencyGeneratePcm x86_64 /Users/iv/Developer/relux-tunnel/.temp/TASK-260715-1rsqrh/DerivedData-iOS/ModuleCache.noindex/CoreFoundation-569JV9NFV43MRIWQERA7W6D7F.pcm

SwiftExplicitDependencyGeneratePcm x86_64 /Users/iv/Developer/relux-tunnel/.temp/TASK-260715-1rsqrh/DerivedData-iOS/ModuleCache.noindex/XPC-7H9CX6GI0CCAJBEEKHR2O21HC.pcm

SwiftExplicitDependencyGeneratePcm arm64 /Users/iv/Developer/relux-tunnel/.temp/TASK-260715-1rsqrh/DerivedData-iOS/ModuleCache.noindex/CoreFoundation-7GY1L1LGDN0AX43T4EUBUS3H2.pcm

SwiftExplicitDependencyGeneratePcm arm64 /Users/iv/Developer/relux-tunnel/.temp/TASK-260715-1rsqrh/DerivedData-iOS/ModuleCache.noindex/XPC-3P1C7T7BIV7DH031MO5I0JDDT.pcm

SwiftExplicitDependencyGeneratePcm x86_64 /Users/iv/Developer/relux-tunnel/.temp/TASK-260715-1rsqrh/DerivedData-iOS/ModuleCache.noindex/CFNetwork-969G45WE7XD7JXCHJYVFV2YHG.pcm

SwiftExplicitDependencyGeneratePcm x86_64 /Users/iv/Developer/relux-tunnel/.temp/TASK-260715-1rsqrh/DerivedData-iOS/ModuleCache.noindex/Security-2AQWW3S4UO92N4L7V4S5HPLFR.pcm

SwiftExplicitDependencyGeneratePcm arm64 /Users/iv/Developer/relux-tunnel/.temp/TASK-260715-1rsqrh/DerivedData-iOS/ModuleCache.noindex/CFNetwork-EMHFL7GRI784Y7ZS1KMHEY4N6.pcm

SwiftExplicitDependencyGeneratePcm arm64 /Users/iv/Developer/relux-tunnel/.temp/TASK-260715-1rsqrh/DerivedData-iOS/ModuleCache.noindex/Security-1KD0Y0977NFCDOJLUUF86DKV0.pcm

SwiftExplicitDependencyGeneratePcm x86_64 /Users/iv/Developer/relux-tunnel/.temp/TASK-260715-1rsqrh/DerivedData-iOS/ModuleCache.noindex/Foundation-DKJV1Y8MDGT63F7L4SG1BXIDP.pcm

SwiftExplicitDependencyGeneratePcm arm64 /Users/iv/Developer/relux-tunnel/.temp/TASK-260715-1rsqrh/DerivedData-iOS/ModuleCache.noindex/Foundation-EZWDIOXDFUM0DWTXHTWSU7F4F.pcm

SwiftExplicitDependencyGeneratePcm x86_64 /Users/iv/Developer/relux-tunnel/.temp/TASK-260715-1rsqrh/DerivedData-iOS/ModuleCache.noindex/LocalAuthentication-6I0W1KL4W5ZENYNKR76G00KEI.pcm

SwiftEmitModule normal x86_64 Emitting\ module\ for\ ReluxTunnelCore (in target 'ReluxTunnelCore' from project 'ReluxTunnel')

EmitSwiftModule normal x86_64 (in target 'ReluxTunnelCore' from project 'ReluxTunnel')
    cd /Users/iv/Developer/relux-tunnel/.swiftpm/xcode
    

SwiftCompile normal x86_64 Compiling\ VPNSessionController.swift /Users/iv/Developer/relux-tunnel/Sources/ReluxTunnelCore/VPNSessionController.swift (in target 'ReluxTunnelCore' from project 'ReluxTunnel')
SwiftCompile normal x86_64 /Users/iv/Developer/relux-tunnel/Sources/ReluxTunnelCore/VPNSessionController.swift (in target 'ReluxTunnelCore' from project 'ReluxTunnel')
    cd /Users/iv/Developer/relux-tunnel/.swiftpm/xcode
    

SwiftCompile normal x86_64 Compiling\ RuntimeMessageModels.swift /Users/iv/Developer/relux-tunnel/Sources/ReluxTunnelCore/RuntimeMessageModels.swift (in target 'ReluxTunnelCore' from project 'ReluxTunnel')

SwiftCompile normal x86_64 /Users/iv/Developer/relux-tunnel/Sources/ReluxTunnelCore/RuntimeMessageModels.swift (in target 'ReluxTunnelCore' from project 'ReluxTunnel')
    cd /Users/iv/Developer/relux-tunnel/.swiftpm/xcode
    

SwiftCompile normal x86_64 Compiling\ RuntimeDiagnostics.swift /Users/iv/Developer/relux-tunnel/Sources/ReluxTunnelCore/RuntimeDiagnostics.swift (in target 'ReluxTunnelCore' from project 'ReluxTunnel')

SwiftCompile normal x86_64 /Users/iv/Developer/relux-tunnel/Sources/ReluxTunnelCore/RuntimeDiagnostics.swift (in target 'ReluxTunnelCore' from project 'ReluxTunnel')
    cd /Users/iv/Developer/relux-tunnel/.swiftpm/xcode
    

SwiftCompile normal x86_64 Compiling\ TunnelRuntimeCoordinator.swift /Users/iv/Developer/relux-tunnel/Sources/ReluxTunnelCore/TunnelRuntimeCoordinator.swift (in target 'ReluxTunnelCore' from project 'ReluxTunnel')

SwiftCompile normal x86_64 /Users/iv/Developer/relux-tunnel/Sources/ReluxTunnelCore/TunnelRuntimeCoordinator.swift (in target 'ReluxTunnelCore' from project 'ReluxTunnel')
    cd /Users/iv/Developer/relux-tunnel/.swiftpm/xcode
    

SwiftCompile normal x86_64 Compiling\ SSHContracts.swift /Users/iv/Developer/relux-tunnel/Sources/ReluxTunnelCore/SSHContracts.swift (in target 'ReluxTunnelCore' from project 'ReluxTunnel')

SwiftCompile normal x86_64 /Users/iv/Developer/relux-tunnel/Sources/ReluxTunnelCore/SSHContracts.swift (in target 'ReluxTunnelCore' from project 'ReluxTunnel')
    cd /Users/iv/Developer/relux-tunnel/.swiftpm/xcode
    

SwiftCompile normal x86_64 Compiling\ VPNManagerRepository.swift /Users/iv/Developer/relux-tunnel/Sources/ReluxTunnelCore/VPNManagerRepository.swift (in target 'ReluxTunnelCore' from project 'ReluxTunnel')

SwiftCompile normal x86_64 /Users/iv/Developer/relux-tunnel/Sources/ReluxTunnelCore/VPNManagerRepository.swift (in target 'ReluxTunnelCore' from project 'ReluxTunnel')
    cd /Users/iv/Developer/relux-tunnel/.swiftpm/xcode
    

SwiftCompile normal x86_64 Compiling\ RuntimeContracts.swift /Users/iv/Developer/relux-tunnel/Sources/ReluxTunnelCore/RuntimeContracts.swift (in target 'ReluxTunnelCore' from project 'ReluxTunnel')

SwiftCompile normal x86_64 /Users/iv/Developer/relux-tunnel/Sources/ReluxTunnelCore/RuntimeContracts.swift (in target 'ReluxTunnelCore' from project 'ReluxTunnel')
    cd /Users/iv/Developer/relux-tunnel/.swiftpm/xcode
    

SwiftCompile normal x86_64 Compiling\ RelayHandshake.swift /Users/iv/Developer/relux-tunnel/Sources/ReluxTunnelCore/RelayProtocol/RelayHandshake.swift (in target 'ReluxTunnelCore' from project 'ReluxTunnel')

SwiftCompile normal x86_64 /Users/iv/Developer/relux-tunnel/Sources/ReluxTunnelCore/RelayProtocol/RelayHandshake.swift (in target 'ReluxTunnelCore' from project 'ReluxTunnel')
    cd /Users/iv/Developer/relux-tunnel/.swiftpm/xcode
    

SwiftCompile normal x86_64 Compiling\ RelayDatagramCodec.swift /Users/iv/Developer/relux-tunnel/Sources/ReluxTunnelCore/RelayProtocol/RelayDatagramCodec.swift (in target 'ReluxTunnelCore' from project 'ReluxTunnel')

SwiftCompile normal x86_64 /Users/iv/Developer/relux-tunnel/Sources/ReluxTunnelCore/RelayProtocol/RelayDatagramCodec.swift (in target 'ReluxTunnelCore' from project 'ReluxTunnel')
    cd /Users/iv/Developer/relux-tunnel/.swiftpm/xcode
    

SwiftCompile normal x86_64 Compiling\ RelaySession.swift /Users/iv/Developer/relux-tunnel/Sources/ReluxTunnelCore/RelayProtocol/RelaySession.swift (in target 'ReluxTunnelCore' from project 'ReluxTunnel')

SwiftCompile normal x86_64 /Users/iv/Developer/relux-tunnel/Sources/ReluxTunnelCore/RelayProtocol/RelaySession.swift (in target 'ReluxTunnelCore' from project 'ReluxTunnel')
    cd /Users/iv/Developer/relux-tunnel/.swiftpm/xcode
    

SwiftCompile normal x86_64 Compiling\ ProviderLifecycle.swift /Users/iv/Developer/relux-tunnel/Sources/ReluxTunnelCore/ProviderLifecycle.swift (in target 'ReluxTunnelCore' from project 'ReluxTunnel')

SwiftCompile normal x86_64 /Users/iv/Developer/relux-tunnel/Sources/ReluxTunnelCore/ProviderLifecycle.swift (in target 'ReluxTunnelCore' from project 'ReluxTunnel')
    cd /Users/iv/Developer/relux-tunnel/.swiftpm/xcode
    

SwiftCompile normal x86_64 Compiling\ PacketContracts.swift,\ PacketFlowAdapterBoundary.swift /Users/iv/Developer/relux-tunnel/Sources/ReluxTunnelCore/PacketContracts.swift /Users/iv/Developer/relux-tunnel/Sources/ReluxTunnelCore/PacketFlowAdapterBoundary.swift (in target 'ReluxTunnelCore' from project 'ReluxTunnel')

SwiftCompile normal x86_64 /Users/iv/Developer/relux-tunnel/Sources/ReluxTunnelCore/PacketContracts.swift (in target 'ReluxTunnelCore' from project 'ReluxTunnel')
    cd /Users/iv/Developer/relux-tunnel/.swiftpm/xcode
    

SwiftCompile normal x86_64 /Users/iv/Developer/relux-tunnel/Sources/ReluxTunnelCore/PacketFlowAdapterBoundary.swift (in target 'ReluxTunnelCore' from project 'ReluxTunnel')
    cd /Users/iv/Developer/relux-tunnel/.swiftpm/xcode
    

SwiftCompile normal x86_64 Compiling\ ComponentContracts.swift,\ DarwinPacketBridgeIO.swift /Users/iv/Developer/relux-tunnel/Sources/ReluxTunnelCore/ComponentContracts.swift /Users/iv/Developer/relux-tunnel/Sources/ReluxTunnelCore/DarwinPacketBridgeIO.swift (in target 'ReluxTunnelCore' from project 'ReluxTunnel')

SwiftCompile normal x86_64 /Users/iv/Developer/relux-tunnel/Sources/ReluxTunnelCore/ComponentContracts.swift (in target 'ReluxTunnelCore' from project 'ReluxTunnel')
    cd /Users/iv/Developer/relux-tunnel/.swiftpm/xcode
    

SwiftCompile normal x86_64 /Users/iv/Developer/relux-tunnel/Sources/ReluxTunnelCore/DarwinPacketBridgeIO.swift (in target 'ReluxTunnelCore' from project 'ReluxTunnel')
    cd /Users/iv/Developer/relux-tunnel/.swiftpm/xcode
    

SwiftCompile normal x86_64 Compiling\ RelayProtocolV1+Generated.swift /Users/iv/Developer/relux-tunnel/Sources/ReluxTunnelCore/RelayProtocol/Generated/RelayProtocolV1+Generated.swift (in target 'ReluxTunnelCore' from project 'ReluxTunnel')

SwiftCompile normal x86_64 /Users/iv/Developer/relux-tunnel/Sources/ReluxTunnelCore/RelayProtocol/Generated/RelayProtocolV1+Generated.swift (in target 'ReluxTunnelCore' from project 'ReluxTunnel')
    cd /Users/iv/Developer/relux-tunnel/.swiftpm/xcode
    

SwiftCompile normal x86_64 Compiling\ RelayByteCodec.swift /Users/iv/Developer/relux-tunnel/Sources/ReluxTunnelCore/RelayProtocol/RelayByteCodec.swift (in target 'ReluxTunnelCore' from project 'ReluxTunnel')

SwiftCompile normal x86_64 /Users/iv/Developer/relux-tunnel/Sources/ReluxTunnelCore/RelayProtocol/RelayByteCodec.swift (in target 'ReluxTunnelCore' from project 'ReluxTunnel')
    cd /Users/iv/Developer/relux-tunnel/.swiftpm/xcode
    

SwiftExplicitDependencyGeneratePcm arm64 /Users/iv/Developer/relux-tunnel/.temp/TASK-260715-1rsqrh/DerivedData-iOS/ModuleCache.noindex/LocalAuthentication-DLD6ZXOZFJYR8IW8OTW5UYJA.pcm

SwiftDriverJobDiscovery normal x86_64 Compiling RelayProtocolV1+Generated.swift (in target 'ReluxTunnelCore' from project 'ReluxTunnel')

SwiftCompile normal x86_64 Compiling\ PacketFlowBridge.swift,\ PacketFlowBridgeContracts.swift /Users/iv/Developer/relux-tunnel/Sources/ReluxTunnelCore/PacketFlowBridge.swift /Users/iv/Developer/relux-tunnel/Sources/ReluxTunnelCore/PacketFlowBridgeContracts.swift (in target 'ReluxTunnelCore' from project 'ReluxTunnel')
SwiftCompile normal x86_64 /Users/iv/Developer/relux-tunnel/Sources/ReluxTunnelCore/PacketFlowBridge.swift (in target 'ReluxTunnelCore' from project 'ReluxTunnel')
    cd /Users/iv/Developer/relux-tunnel/.swiftpm/xcode
    

SwiftCompile normal x86_64 /Users/iv/Developer/relux-tunnel/Sources/ReluxTunnelCore/PacketFlowBridgeContracts.swift (in target 'ReluxTunnelCore' from project 'ReluxTunnel')
    cd /Users/iv/Developer/relux-tunnel/.swiftpm/xcode
    

SwiftEmitModule normal arm64 Emitting\ module\ for\ ReluxTunnelCore (in target 'ReluxTunnelCore' from project 'ReluxTunnel')

EmitSwiftModule normal arm64 (in target 'ReluxTunnelCore' from project 'ReluxTunnel')
    cd /Users/iv/Developer/relux-tunnel/.swiftpm/xcode
    

SwiftDriverJobDiscovery normal x86_64 Emitting module for ReluxTunnelCore (in target 'ReluxTunnelCore' from project 'ReluxTunnel')

SwiftDriver\ Compilation\ Requirements ReluxTunnelCore normal x86_64 com.apple.xcode.tools.swift.compiler (in target 'ReluxTunnelCore' from project 'ReluxTunnel')
    cd /Users/iv/Developer/relux-tunnel/.swiftpm/xcode
    builtin-Swift-Compilation-Requirements -- /Applications/Xcode_26_5.app/Contents/Developer/Toolchains/XcodeDefault.xctoolchain/usr/bin/swiftc -module-name ReluxTunnelCore -Onone @/Users/iv/Developer/.build/Intermediates.noindex/ReluxTunnel.build/Debug-iphonesimulator/ReluxTunnelCore.build/Objects-normal/x86_64/ReluxTunnelCore.SwiftFileList -DSWIFT_PACKAGE -DDEBUG -DSWIFT_MODULE_RESOURCE_BUNDLE_UNAVAILABLE -DXcode -plugin-path /Applications/Xcode_26_5.app/Contents/Developer/Toolchains/XcodeDefault.xctoolchain/usr/lib/swift/host/plugins/testing -enable-experimental-feature DebugDescriptionMacro -sdk /Applications/Xcode_26_5.app/Contents/Developer/Platforms/iPhoneSimulator.platform/Developer/SDKs/iPhoneSimulator26.5.sdk -target x86_64-apple-ios18.0-simulator -g -module-cache-path /Users/iv/Developer/relux-tunnel/.temp/TASK-260715-1rsqrh/DerivedData-iOS/ModuleCache.noindex -Xfrontend -serialize-debugging-options -enable-testing -index-store-path /Users/iv/Developer/relux-tunnel/.temp/TASK-260715-1rsqrh/DerivedData-iOS/Index.noindex/DataStore -Xcc -D_LIBCPP_HARDENING_MODE\=_LIBCPP_HARDENING_MODE_DEBUG -swift-version 6 -I /Users/iv/Developer/.build/Products/Debug-iphonesimulator -Isystem /Applications/Xcode_26_5.app/Contents/Developer/Platforms/iPhoneSimulator.platform/Developer/usr/lib -F /Users/iv/Developer/.build/Products/Debug-iphonesimulator -F /Applications/Xcode_26_5.app/Contents/Developer/Platforms/iPhoneSimulator.platform/Developer/Library/Frameworks -F /Applications/Xcode_26_5.app/Contents/Developer/Platforms/iPhoneSimulator.platform/Developer/SDKs/iPhoneSimulator26.5.sdk/Developer/Library/Frameworks -c -j16 -enable-batch-mode -incremental -Xcc -ivfsstatcache -Xcc /Users/iv/Developer/relux-tunnel/.temp/TASK-260715-1rsqrh/DerivedData-iOS/SDKStatCaches.noindex/iphonesimulator26.5-23F73-9976ff0a46533d0d3305099c8405181f.sdkstatcache -output-file-map /Users/iv/Developer/.build/Intermediates.noindex/ReluxTunnel.build/Debug-iphonesimulator/ReluxTunnelCore.build/Objects-normal/x86_64/ReluxTunnelCore-OutputFileMap.json -use-frontend-parseable-output -save-temps -no-color-diagnostics -explicit-module-build -module-cache-path /Users/iv/Developer/.build/Intermediates.noindex/SwiftExplicitPrecompiledModules -clang-scanner-module-cache-path /Users/iv/Developer/relux-tunnel/.temp/TASK-260715-1rsqrh/DerivedData-iOS/ModuleCache.noindex -sdk-module-cache-path /Users/iv/Developer/relux-tunnel/.temp/TASK-260715-1rsqrh/DerivedData-iOS/ModuleCache.noindex -serialize-diagnostics -emit-dependencies -emit-module -emit-module-path /Users/iv/Developer/.build/Intermediates.noindex/ReluxTunnel.build/Debug-iphonesimulator/ReluxTunnelCore.build/Objects-normal/x86_64/ReluxTunnelCore.swiftmodule -validate-clang-modules-once -clang-build-session-file /Users/iv/Developer/relux-tunnel/.temp/TASK-260715-1rsqrh/DerivedData-iOS/ModuleCache.noindex/Session.modulevalidation -package-name relux_tunnel -Xcc -I/Users/iv/Developer/.build/Intermediates.noindex/ReluxTunnel.build/Debug-iphonesimulator/ReluxTunnelCore.build/swift-overrides.hmap -emit-const-values -Xfrontend -const-gather-protocols-file -Xfrontend /Users/iv/Developer/.build/Intermediates.noindex/ReluxTunnel.build/Debug-iphonesimulator/ReluxTunnelCore.build/Objects-normal/x86_64/ReluxTunnelCore_const_extract_protocols.json -Xcc -I/Users/iv/Developer/.build/Products/Debug-iphonesimulator/include -Xcc -I/Users/iv/Developer/.build/Intermediates.noindex/ReluxTunnel.build/Debug-iphonesimulator/ReluxTunnelCore.build/DerivedSources-normal/x86_64 -Xcc -I/Users/iv/Developer/.build/Intermediates.noindex/ReluxTunnel.build/Debug-iphonesimulator/ReluxTunnelCore.build/DerivedSources/x86_64 -Xcc -I/Users/iv/Developer/.build/Intermediates.noindex/ReluxTunnel.build/Debug-iphonesimulator/ReluxTunnelCore.build/DerivedSources -Xcc -DSWIFT_PACKAGE -Xcc -DDEBUG\=1 -emit-objc-header -emit-objc-header-path /Users/iv/Developer/.build/Intermediates.noindex/ReluxTunnel.build/Debug-iphonesimulator/ReluxTunnelCore.build/Objects-normal/x86_64/ReluxTunnelCore-Swift.h -working-directory /Users/iv/Developer/relux-tunnel/.swiftpm/xcode -experimental-emit-module-separately -disable-cmo

SwiftDriverJobDiscovery normal x86_64 Compiling ComponentContracts.swift, DarwinPacketBridgeIO.swift (in target 'ReluxTunnelCore' from project 'ReluxTunnel')

SwiftCompile normal arm64 Compiling\ TunnelRuntimeCoordinator.swift /Users/iv/Developer/relux-tunnel/Sources/ReluxTunnelCore/TunnelRuntimeCoordinator.swift (in target 'ReluxTunnelCore' from project 'ReluxTunnel')
SwiftCompile normal arm64 /Users/iv/Developer/relux-tunnel/Sources/ReluxTunnelCore/TunnelRuntimeCoordinator.swift (in target 'ReluxTunnelCore' from project 'ReluxTunnel')
    cd /Users/iv/Developer/relux-tunnel/.swiftpm/xcode
    

SwiftDriverJobDiscovery normal x86_64 Compiling PacketContracts.swift, PacketFlowAdapterBoundary.swift (in target 'ReluxTunnelCore' from project 'ReluxTunnel')

SwiftCompile normal arm64 Compiling\ VPNManagerRepository.swift /Users/iv/Developer/relux-tunnel/Sources/ReluxTunnelCore/VPNManagerRepository.swift (in target 'ReluxTunnelCore' from project 'ReluxTunnel')

SwiftCompile normal arm64 /Users/iv/Developer/relux-tunnel/Sources/ReluxTunnelCore/VPNManagerRepository.swift (in target 'ReluxTunnelCore' from project 'ReluxTunnel')
    cd /Users/iv/Developer/relux-tunnel/.swiftpm/xcode
    

SwiftCompile normal arm64 Compiling\ RelayHandshake.swift /Users/iv/Developer/relux-tunnel/Sources/ReluxTunnelCore/RelayProtocol/RelayHandshake.swift (in target 'ReluxTunnelCore' from project 'ReluxTunnel')

SwiftCompile normal arm64 /Users/iv/Developer/relux-tunnel/Sources/ReluxTunnelCore/RelayProtocol/RelayHandshake.swift (in target 'ReluxTunnelCore' from project 'ReluxTunnel')
    cd /Users/iv/Developer/relux-tunnel/.swiftpm/xcode
    

SwiftDriverJobDiscovery normal x86_64 Compiling RuntimeContracts.swift (in target 'ReluxTunnelCore' from project 'ReluxTunnel')

Copy /Users/iv/Developer/.build/Products/Debug-iphonesimulator/ReluxTunnelCore.swiftmodule/x86_64-apple-ios-simulator.swiftmodule /Users/iv/Developer/.build/Intermediates.noindex/ReluxTunnel.build/Debug-iphonesimulator/ReluxTunnelCore.build/Objects-normal/x86_64/ReluxTunnelCore.swiftmodule (in target 'ReluxTunnelCore' from project 'ReluxTunnel')
    cd /Users/iv/Developer/relux-tunnel
    builtin-copy -exclude .DS_Store -exclude CVS -exclude .svn -exclude .git -exclude .hg -resolve-src-symlinks -rename /Users/iv/Developer/.build/Intermediates.noindex/ReluxTunnel.build/Debug-iphonesimulator/ReluxTunnelCore.build/Objects-normal/x86_64/ReluxTunnelCore.swiftmodule /Users/iv/Developer/.build/Products/Debug-iphonesimulator/ReluxTunnelCore.swiftmodule/x86_64-apple-ios-simulator.swiftmodule

SwiftDriverJobDiscovery normal x86_64 Compiling RelayDatagramCodec.swift (in target 'ReluxTunnelCore' from project 'ReluxTunnel')

Copy /Users/iv/Developer/.build/Products/Debug-iphonesimulator/ReluxTunnelCore.swiftmodule/x86_64-apple-ios-simulator.swiftdoc /Users/iv/Developer/.build/Intermediates.noindex/ReluxTunnel.build/Debug-iphonesimulator/ReluxTunnelCore.build/Objects-normal/x86_64/ReluxTunnelCore.swiftdoc (in target 'ReluxTunnelCore' from project 'ReluxTunnel')
    cd /Users/iv/Developer/relux-tunnel
    builtin-copy -exclude .DS_Store -exclude CVS -exclude .svn -exclude .git -exclude .hg -resolve-src-symlinks -rename /Users/iv/Developer/.build/Intermediates.noindex/ReluxTunnel.build/Debug-iphonesimulator/ReluxTunnelCore.build/Objects-normal/x86_64/ReluxTunnelCore.swiftdoc /Users/iv/Developer/.build/Products/Debug-iphonesimulator/ReluxTunnelCore.swiftmodule/x86_64-apple-ios-simulator.swiftdoc

SwiftDriverJobDiscovery normal x86_64 Compiling RelayByteCodec.swift (in target 'ReluxTunnelCore' from project 'ReluxTunnel')

Copy /Users/iv/Developer/.build/Products/Debug-iphonesimulator/ReluxTunnelCore.swiftmodule/x86_64-apple-ios-simulator.abi.json /Users/iv/Developer/.build/Intermediates.noindex/ReluxTunnel.build/Debug-iphonesimulator/ReluxTunnelCore.build/Objects-normal/x86_64/ReluxTunnelCore.abi.json (in target 'ReluxTunnelCore' from project 'ReluxTunnel')
    cd /Users/iv/Developer/relux-tunnel
    builtin-copy -exclude .DS_Store -exclude CVS -exclude .svn -exclude .git -exclude .hg -resolve-src-symlinks -rename /Users/iv/Developer/.build/Intermediates.noindex/ReluxTunnel.build/Debug-iphonesimulator/ReluxTunnelCore.build/Objects-normal/x86_64/ReluxTunnelCore.abi.json /Users/iv/Developer/.build/Products/Debug-iphonesimulator/ReluxTunnelCore.swiftmodule/x86_64-apple-ios-simulator.abi.json

Copy /Users/iv/Developer/.build/Products/Debug-iphonesimulator/ReluxTunnelCore.swiftmodule/Project/x86_64-apple-ios-simulator.swiftsourceinfo /Users/iv/Developer/.build/Intermediates.noindex/ReluxTunnel.build/Debug-iphonesimulator/ReluxTunnelCore.build/Objects-normal/x86_64/ReluxTunnelCore.swiftsourceinfo (in target 'ReluxTunnelCore' from project 'ReluxTunnel')
    cd /Users/iv/Developer/relux-tunnel
    builtin-copy -exclude .DS_Store -exclude CVS -exclude .svn -exclude .git -exclude .hg -resolve-src-symlinks -rename /Users/iv/Developer/.build/Intermediates.noindex/ReluxTunnel.build/Debug-iphonesimulator/ReluxTunnelCore.build/Objects-normal/x86_64/ReluxTunnelCore.swiftsourceinfo /Users/iv/Developer/.build/Products/Debug-iphonesimulator/ReluxTunnelCore.swiftmodule/Project/x86_64-apple-ios-simulator.swiftsourceinfo

SwiftCompile normal arm64 Compiling\ RuntimeMessageModels.swift /Users/iv/Developer/relux-tunnel/Sources/ReluxTunnelCore/RuntimeMessageModels.swift (in target 'ReluxTunnelCore' from project 'ReluxTunnel')
SwiftCompile normal arm64 /Users/iv/Developer/relux-tunnel/Sources/ReluxTunnelCore/RuntimeMessageModels.swift (in target 'ReluxTunnelCore' from project 'ReluxTunnel')
    cd /Users/iv/Developer/relux-tunnel/.swiftpm/xcode
    

SwiftCompile normal arm64 Compiling\ PacketFlowBridge.swift,\ PacketFlowBridgeContracts.swift /Users/iv/Developer/relux-tunnel/Sources/ReluxTunnelCore/PacketFlowBridge.swift /Users/iv/Developer/relux-tunnel/Sources/ReluxTunnelCore/PacketFlowBridgeContracts.swift (in target 'ReluxTunnelCore' from project 'ReluxTunnel')
SwiftCompile normal arm64 /Users/iv/Developer/relux-tunnel/Sources/ReluxTunnelCore/PacketFlowBridge.swift (in target 'ReluxTunnelCore' from project 'ReluxTunnel')
    cd /Users/iv/Developer/relux-tunnel/.swiftpm/xcode
    

SwiftCompile normal arm64 /Users/iv/Developer/relux-tunnel/Sources/ReluxTunnelCore/PacketFlowBridgeContracts.swift (in target 'ReluxTunnelCore' from project 'ReluxTunnel')
    cd /Users/iv/Developer/relux-tunnel/.swiftpm/xcode
    

SwiftCompile normal arm64 Compiling\ RelayDatagramCodec.swift /Users/iv/Developer/relux-tunnel/Sources/ReluxTunnelCore/RelayProtocol/RelayDatagramCodec.swift (in target 'ReluxTunnelCore' from project 'ReluxTunnel')

SwiftCompile normal arm64 /Users/iv/Developer/relux-tunnel/Sources/ReluxTunnelCore/RelayProtocol/RelayDatagramCodec.swift (in target 'ReluxTunnelCore' from project 'ReluxTunnel')
    cd /Users/iv/Developer/relux-tunnel/.swiftpm/xcode
    

SwiftDriverJobDiscovery normal x86_64 Compiling RuntimeDiagnostics.swift (in target 'ReluxTunnelCore' from project 'ReluxTunnel')

SwiftCompile normal arm64 Compiling\ ProviderLifecycle.swift /Users/iv/Developer/relux-tunnel/Sources/ReluxTunnelCore/ProviderLifecycle.swift (in target 'ReluxTunnelCore' from project 'ReluxTunnel')

SwiftCompile normal arm64 /Users/iv/Developer/relux-tunnel/Sources/ReluxTunnelCore/ProviderLifecycle.swift (in target 'ReluxTunnelCore' from project 'ReluxTunnel')
    cd /Users/iv/Developer/relux-tunnel/.swiftpm/xcode
    

SwiftDriverJobDiscovery normal x86_64 Compiling RelaySession.swift (in target 'ReluxTunnelCore' from project 'ReluxTunnel')

SwiftCompile normal arm64 Compiling\ RelaySession.swift /Users/iv/Developer/relux-tunnel/Sources/ReluxTunnelCore/RelayProtocol/RelaySession.swift (in target 'ReluxTunnelCore' from project 'ReluxTunnel')

SwiftCompile normal arm64 /Users/iv/Developer/relux-tunnel/Sources/ReluxTunnelCore/RelayProtocol/RelaySession.swift (in target 'ReluxTunnelCore' from project 'ReluxTunnel')
    cd /Users/iv/Developer/relux-tunnel/.swiftpm/xcode
    

SwiftDriverJobDiscovery normal x86_64 Compiling RelayHandshake.swift (in target 'ReluxTunnelCore' from project 'ReluxTunnel')

SwiftCompile normal arm64 Compiling\ PacketContracts.swift,\ PacketFlowAdapterBoundary.swift /Users/iv/Developer/relux-tunnel/Sources/ReluxTunnelCore/PacketContracts.swift /Users/iv/Developer/relux-tunnel/Sources/ReluxTunnelCore/PacketFlowAdapterBoundary.swift (in target 'ReluxTunnelCore' from project 'ReluxTunnel')

SwiftCompile normal arm64 /Users/iv/Developer/relux-tunnel/Sources/ReluxTunnelCore/PacketContracts.swift (in target 'ReluxTunnelCore' from project 'ReluxTunnel')
    cd /Users/iv/Developer/relux-tunnel/.swiftpm/xcode
    

SwiftCompile normal arm64 /Users/iv/Developer/relux-tunnel/Sources/ReluxTunnelCore/PacketFlowAdapterBoundary.swift (in target 'ReluxTunnelCore' from project 'ReluxTunnel')
    cd /Users/iv/Developer/relux-tunnel/.swiftpm/xcode
    

SwiftDriverJobDiscovery normal x86_64 Compiling SSHContracts.swift (in target 'ReluxTunnelCore' from project 'ReluxTunnel')

SwiftCompile normal arm64 Compiling\ RuntimeDiagnostics.swift /Users/iv/Developer/relux-tunnel/Sources/ReluxTunnelCore/RuntimeDiagnostics.swift (in target 'ReluxTunnelCore' from project 'ReluxTunnel')

SwiftCompile normal arm64 /Users/iv/Developer/relux-tunnel/Sources/ReluxTunnelCore/RuntimeDiagnostics.swift (in target 'ReluxTunnelCore' from project 'ReluxTunnel')
    cd /Users/iv/Developer/relux-tunnel/.swiftpm/xcode
    

SwiftDriverJobDiscovery normal x86_64 Compiling VPNManagerRepository.swift (in target 'ReluxTunnelCore' from project 'ReluxTunnel')

SwiftCompile normal arm64 Compiling\ ComponentContracts.swift,\ DarwinPacketBridgeIO.swift /Users/iv/Developer/relux-tunnel/Sources/ReluxTunnelCore/ComponentContracts.swift /Users/iv/Developer/relux-tunnel/Sources/ReluxTunnelCore/DarwinPacketBridgeIO.swift (in target 'ReluxTunnelCore' from project 'ReluxTunnel')

SwiftCompile normal arm64 /Users/iv/Developer/relux-tunnel/Sources/ReluxTunnelCore/ComponentContracts.swift (in target 'ReluxTunnelCore' from project 'ReluxTunnel')
    cd /Users/iv/Developer/relux-tunnel/.swiftpm/xcode
    

SwiftCompile normal arm64 /Users/iv/Developer/relux-tunnel/Sources/ReluxTunnelCore/DarwinPacketBridgeIO.swift (in target 'ReluxTunnelCore' from project 'ReluxTunnel')
    cd /Users/iv/Developer/relux-tunnel/.swiftpm/xcode
    

SwiftDriverJobDiscovery normal x86_64 Compiling TunnelRuntimeCoordinator.swift (in target 'ReluxTunnelCore' from project 'ReluxTunnel')

SwiftCompile normal arm64 Compiling\ SSHContracts.swift /Users/iv/Developer/relux-tunnel/Sources/ReluxTunnelCore/SSHContracts.swift (in target 'ReluxTunnelCore' from project 'ReluxTunnel')

SwiftCompile normal arm64 /Users/iv/Developer/relux-tunnel/Sources/ReluxTunnelCore/SSHContracts.swift (in target 'ReluxTunnelCore' from project 'ReluxTunnel')
    cd /Users/iv/Developer/relux-tunnel/.swiftpm/xcode
    

SwiftDriverJobDiscovery normal x86_64 Compiling ProviderLifecycle.swift (in target 'ReluxTunnelCore' from project 'ReluxTunnel')

SwiftCompile normal arm64 Compiling\ VPNSessionController.swift /Users/iv/Developer/relux-tunnel/Sources/ReluxTunnelCore/VPNSessionController.swift (in target 'ReluxTunnelCore' from project 'ReluxTunnel')

SwiftCompile normal arm64 /Users/iv/Developer/relux-tunnel/Sources/ReluxTunnelCore/VPNSessionController.swift (in target 'ReluxTunnelCore' from project 'ReluxTunnel')
    cd /Users/iv/Developer/relux-tunnel/.swiftpm/xcode
    

SwiftDriverJobDiscovery normal arm64 Emitting module for ReluxTunnelCore (in target 'ReluxTunnelCore' from project 'ReluxTunnel')

SwiftDriver\ Compilation\ Requirements ReluxTunnelCore normal arm64 com.apple.xcode.tools.swift.compiler (in target 'ReluxTunnelCore' from project 'ReluxTunnel')
    cd /Users/iv/Developer/relux-tunnel/.swiftpm/xcode
    builtin-Swift-Compilation-Requirements -- /Applications/Xcode_26_5.app/Contents/Developer/Toolchains/XcodeDefault.xctoolchain/usr/bin/swiftc -module-name ReluxTunnelCore -Onone @/Users/iv/Developer/.build/Intermediates.noindex/ReluxTunnel.build/Debug-iphonesimulator/ReluxTunnelCore.build/Objects-normal/arm64/ReluxTunnelCore.SwiftFileList -DSWIFT_PACKAGE -DDEBUG -DSWIFT_MODULE_RESOURCE_BUNDLE_UNAVAILABLE -DXcode -plugin-path /Applications/Xcode_26_5.app/Contents/Developer/Toolchains/XcodeDefault.xctoolchain/usr/lib/swift/host/plugins/testing -enable-experimental-feature DebugDescriptionMacro -sdk /Applications/Xcode_26_5.app/Contents/Developer/Platforms/iPhoneSimulator.platform/Developer/SDKs/iPhoneSimulator26.5.sdk -target arm64-apple-ios18.0-simulator -g -module-cache-path /Users/iv/Developer/relux-tunnel/.temp/TASK-260715-1rsqrh/DerivedData-iOS/ModuleCache.noindex -Xfrontend -serialize-debugging-options -enable-testing -index-store-path /Users/iv/Developer/relux-tunnel/.temp/TASK-260715-1rsqrh/DerivedData-iOS/Index.noindex/DataStore -Xcc -D_LIBCPP_HARDENING_MODE\=_LIBCPP_HARDENING_MODE_DEBUG -swift-version 6 -I /Users/iv/Developer/.build/Products/Debug-iphonesimulator -Isystem /Applications/Xcode_26_5.app/Contents/Developer/Platforms/iPhoneSimulator.platform/Developer/usr/lib -F /Users/iv/Developer/.build/Products/Debug-iphonesimulator -F /Applications/Xcode_26_5.app/Contents/Developer/Platforms/iPhoneSimulator.platform/Developer/Library/Frameworks -F /Applications/Xcode_26_5.app/Contents/Developer/Platforms/iPhoneSimulator.platform/Developer/SDKs/iPhoneSimulator26.5.sdk/Developer/Library/Frameworks -c -j16 -enable-batch-mode -incremental -Xcc -ivfsstatcache -Xcc /Users/iv/Developer/relux-tunnel/.temp/TASK-260715-1rsqrh/DerivedData-iOS/SDKStatCaches.noindex/iphonesimulator26.5-23F73-9976ff0a46533d0d3305099c8405181f.sdkstatcache -output-file-map /Users/iv/Developer/.build/Intermediates.noindex/ReluxTunnel.build/Debug-iphonesimulator/ReluxTunnelCore.build/Objects-normal/arm64/ReluxTunnelCore-OutputFileMap.json -use-frontend-parseable-output -save-temps -no-color-diagnostics -explicit-module-build -module-cache-path /Users/iv/Developer/.build/Intermediates.noindex/SwiftExplicitPrecompiledModules -clang-scanner-module-cache-path /Users/iv/Developer/relux-tunnel/.temp/TASK-260715-1rsqrh/DerivedData-iOS/ModuleCache.noindex -sdk-module-cache-path /Users/iv/Developer/relux-tunnel/.temp/TASK-260715-1rsqrh/DerivedData-iOS/ModuleCache.noindex -serialize-diagnostics -emit-dependencies -emit-module -emit-module-path /Users/iv/Developer/.build/Intermediates.noindex/ReluxTunnel.build/Debug-iphonesimulator/ReluxTunnelCore.build/Objects-normal/arm64/ReluxTunnelCore.swiftmodule -validate-clang-modules-once -clang-build-session-file /Users/iv/Developer/relux-tunnel/.temp/TASK-260715-1rsqrh/DerivedData-iOS/ModuleCache.noindex/Session.modulevalidation -package-name relux_tunnel -Xcc -I/Users/iv/Developer/.build/Intermediates.noindex/ReluxTunnel.build/Debug-iphonesimulator/ReluxTunnelCore.build/swift-overrides.hmap -emit-const-values -Xfrontend -const-gather-protocols-file -Xfrontend /Users/iv/Developer/.build/Intermediates.noindex/ReluxTunnel.build/Debug-iphonesimulator/ReluxTunnelCore.build/Objects-normal/arm64/ReluxTunnelCore_const_extract_protocols.json -Xcc -I/Users/iv/Developer/.build/Products/Debug-iphonesimulator/include -Xcc -I/Users/iv/Developer/.build/Intermediates.noindex/ReluxTunnel.build/Debug-iphonesimulator/ReluxTunnelCore.build/DerivedSources-normal/arm64 -Xcc -I/Users/iv/Developer/.build/Intermediates.noindex/ReluxTunnel.build/Debug-iphonesimulator/ReluxTunnelCore.build/DerivedSources/arm64 -Xcc -I/Users/iv/Developer/.build/Intermediates.noindex/ReluxTunnel.build/Debug-iphonesimulator/ReluxTunnelCore.build/DerivedSources -Xcc -DSWIFT_PACKAGE -Xcc -DDEBUG\=1 -emit-objc-header -emit-objc-header-path /Users/iv/Developer/.build/Intermediates.noindex/ReluxTunnel.build/Debug-iphonesimulator/ReluxTunnelCore.build/Objects-normal/arm64/ReluxTunnelCore-Swift.h -working-directory /Users/iv/Developer/relux-tunnel/.swiftpm/xcode -experimental-emit-module-separately -disable-cmo

SwiftDriverJobDiscovery normal x86_64 Compiling RuntimeMessageModels.swift (in target 'ReluxTunnelCore' from project 'ReluxTunnel')

SwiftCompile normal arm64 Compiling\ RelayProtocolV1+Generated.swift /Users/iv/Developer/relux-tunnel/Sources/ReluxTunnelCore/RelayProtocol/Generated/RelayProtocolV1+Generated.swift (in target 'ReluxTunnelCore' from project 'ReluxTunnel')

SwiftCompile normal arm64 /Users/iv/Developer/relux-tunnel/Sources/ReluxTunnelCore/RelayProtocol/Generated/RelayProtocolV1+Generated.swift (in target 'ReluxTunnelCore' from project 'ReluxTunnel')
    cd /Users/iv/Developer/relux-tunnel/.swiftpm/xcode
    

Copy /Users/iv/Developer/.build/Products/Debug-iphonesimulator/ReluxTunnelCore.swiftmodule/arm64-apple-ios-simulator.swiftmodule /Users/iv/Developer/.build/Intermediates.noindex/ReluxTunnel.build/Debug-iphonesimulator/ReluxTunnelCore.build/Objects-normal/arm64/ReluxTunnelCore.swiftmodule (in target 'ReluxTunnelCore' from project 'ReluxTunnel')
    cd /Users/iv/Developer/relux-tunnel
    builtin-copy -exclude .DS_Store -exclude CVS -exclude .svn -exclude .git -exclude .hg -resolve-src-symlinks -rename /Users/iv/Developer/.build/Intermediates.noindex/ReluxTunnel.build/Debug-iphonesimulator/ReluxTunnelCore.build/Objects-normal/arm64/ReluxTunnelCore.swiftmodule /Users/iv/Developer/.build/Products/Debug-iphonesimulator/ReluxTunnelCore.swiftmodule/arm64-apple-ios-simulator.swiftmodule

SwiftDriverJobDiscovery normal x86_64 Compiling VPNSessionController.swift (in target 'ReluxTunnelCore' from project 'ReluxTunnel')

Copy /Users/iv/Developer/.build/Products/Debug-iphonesimulator/ReluxTunnelCore.swiftmodule/arm64-apple-ios-simulator.swiftdoc /Users/iv/Developer/.build/Intermediates.noindex/ReluxTunnel.build/Debug-iphonesimulator/ReluxTunnelCore.build/Objects-normal/arm64/ReluxTunnelCore.swiftdoc (in target 'ReluxTunnelCore' from project 'ReluxTunnel')
    cd /Users/iv/Developer/relux-tunnel
    builtin-copy -exclude .DS_Store -exclude CVS -exclude .svn -exclude .git -exclude .hg -resolve-src-symlinks -rename /Users/iv/Developer/.build/Intermediates.noindex/ReluxTunnel.build/Debug-iphonesimulator/ReluxTunnelCore.build/Objects-normal/arm64/ReluxTunnelCore.swiftdoc /Users/iv/Developer/.build/Products/Debug-iphonesimulator/ReluxTunnelCore.swiftmodule/arm64-apple-ios-simulator.swiftdoc

Copy /Users/iv/Developer/.build/Products/Debug-iphonesimulator/ReluxTunnelCore.swiftmodule/arm64-apple-ios-simulator.abi.json /Users/iv/Developer/.build/Intermediates.noindex/ReluxTunnel.build/Debug-iphonesimulator/ReluxTunnelCore.build/Objects-normal/arm64/ReluxTunnelCore.abi.json (in target 'ReluxTunnelCore' from project 'ReluxTunnel')
    cd /Users/iv/Developer/relux-tunnel
    builtin-copy -exclude .DS_Store -exclude CVS -exclude .svn -exclude .git -exclude .hg -resolve-src-symlinks -rename /Users/iv/Developer/.build/Intermediates.noindex/ReluxTunnel.build/Debug-iphonesimulator/ReluxTunnelCore.build/Objects-normal/arm64/ReluxTunnelCore.abi.json /Users/iv/Developer/.build/Products/Debug-iphonesimulator/ReluxTunnelCore.swiftmodule/arm64-apple-ios-simulator.abi.json

Copy /Users/iv/Developer/.build/Products/Debug-iphonesimulator/ReluxTunnelCore.swiftmodule/Project/arm64-apple-ios-simulator.swiftsourceinfo /Users/iv/Developer/.build/Intermediates.noindex/ReluxTunnel.build/Debug-iphonesimulator/ReluxTunnelCore.build/Objects-normal/arm64/ReluxTunnelCore.swiftsourceinfo (in target 'ReluxTunnelCore' from project 'ReluxTunnel')
    cd /Users/iv/Developer/relux-tunnel
    builtin-copy -exclude .DS_Store -exclude CVS -exclude .svn -exclude .git -exclude .hg -resolve-src-symlinks -rename /Users/iv/Developer/.build/Intermediates.noindex/ReluxTunnel.build/Debug-iphonesimulator/ReluxTunnelCore.build/Objects-normal/arm64/ReluxTunnelCore.swiftsourceinfo /Users/iv/Developer/.build/Products/Debug-iphonesimulator/ReluxTunnelCore.swiftmodule/Project/arm64-apple-ios-simulator.swiftsourceinfo

SwiftCompile normal arm64 Compiling\ RuntimeContracts.swift /Users/iv/Developer/relux-tunnel/Sources/ReluxTunnelCore/RuntimeContracts.swift (in target 'ReluxTunnelCore' from project 'ReluxTunnel')

SwiftCompile normal arm64 /Users/iv/Developer/relux-tunnel/Sources/ReluxTunnelCore/RuntimeContracts.swift (in target 'ReluxTunnelCore' from project 'ReluxTunnel')
    cd /Users/iv/Developer/relux-tunnel/.swiftpm/xcode
    

SwiftDriverJobDiscovery normal arm64 Compiling RelayProtocolV1+Generated.swift (in target 'ReluxTunnelCore' from project 'ReluxTunnel')

SwiftCompile normal arm64 Compiling\ RelayByteCodec.swift /Users/iv/Developer/relux-tunnel/Sources/ReluxTunnelCore/RelayProtocol/RelayByteCodec.swift (in target 'ReluxTunnelCore' from project 'ReluxTunnel')

SwiftCompile normal arm64 /Users/iv/Developer/relux-tunnel/Sources/ReluxTunnelCore/RelayProtocol/RelayByteCodec.swift (in target 'ReluxTunnelCore' from project 'ReluxTunnel')
    cd /Users/iv/Developer/relux-tunnel/.swiftpm/xcode
    

SwiftDriver ReluxTunnelNativeAdapter normal arm64 com.apple.xcode.tools.swift.compiler (in target 'ReluxTunnelNativeAdapter' from project 'ReluxTunnel')
    cd /Users/iv/Developer/relux-tunnel/.swiftpm/xcode
    builtin-SwiftDriver -- /Applications/Xcode_26_5.app/Contents/Developer/Toolchains/XcodeDefault.xctoolchain/usr/bin/swiftc -module-name ReluxTunnelNativeAdapter -Onone @/Users/iv/Developer/.build/Intermediates.noindex/ReluxTunnel.build/Debug-iphonesimulator/ReluxTunnelNativeAdapter.build/Objects-normal/arm64/ReluxTunnelNativeAdapter.SwiftFileList -DSWIFT_PACKAGE -DDEBUG -DSWIFT_MODULE_RESOURCE_BUNDLE_UNAVAILABLE -DXcode -plugin-path /Applications/Xcode_26_5.app/Contents/Developer/Toolchains/XcodeDefault.xctoolchain/usr/lib/swift/host/plugins/testing -enable-experimental-feature DebugDescriptionMacro -sdk /Applications/Xcode_26_5.app/Contents/Developer/Platforms/iPhoneSimulator.platform/Developer/SDKs/iPhoneSimulator26.5.sdk -target arm64-apple-ios18.0-simulator -g -module-cache-path /Users/iv/Developer/relux-tunnel/.temp/TASK-260715-1rsqrh/DerivedData-iOS/ModuleCache.noindex -Xfrontend -serialize-debugging-options -enable-testing -index-store-path /Users/iv/Developer/relux-tunnel/.temp/TASK-260715-1rsqrh/DerivedData-iOS/Index.noindex/DataStore -Xcc -D_LIBCPP_HARDENING_MODE\=_LIBCPP_HARDENING_MODE_DEBUG -swift-version 6 -I /Users/iv/Developer/.build/Products/Debug-iphonesimulator -Isystem /Applications/Xcode_26_5.app/Contents/Developer/Platforms/iPhoneSimulator.platform/Developer/usr/lib -F /Users/iv/Developer/.build/Products/Debug-iphonesimulator/PackageFrameworks -F /Users/iv/Developer/.build/Products/Debug-iphonesimulator -F /Applications/Xcode_26_5.app/Contents/Developer/Platforms/iPhoneSimulator.platform/Developer/Library/Frameworks -F /Applications/Xcode_26_5.app/Contents/Developer/Platforms/iPhoneSimulator.platform/Developer/SDKs/iPhoneSimulator26.5.sdk/Developer/Library/Frameworks -c -j16 -enable-batch-mode -incremental -Xcc -ivfsstatcache -Xcc /Users/iv/Developer/relux-tunnel/.temp/TASK-260715-1rsqrh/DerivedData-iOS/SDKStatCaches.noindex/iphonesimulator26.5-23F73-9976ff0a46533d0d3305099c8405181f.sdkstatcache -output-file-map /Users/iv/Developer/.build/Intermediates.noindex/ReluxTunnel.build/Debug-iphonesimulator/ReluxTunnelNativeAdapter.build/Objects-normal/arm64/ReluxTunnelNativeAdapter-OutputFileMap.json -use-frontend-parseable-output -save-temps -no-color-diagnostics -explicit-module-build -module-cache-path /Users/iv/Developer/.build/Intermediates.noindex/SwiftExplicitPrecompiledModules -clang-scanner-module-cache-path /Users/iv/Developer/relux-tunnel/.temp/TASK-260715-1rsqrh/DerivedData-iOS/ModuleCache.noindex -sdk-module-cache-path /Users/iv/Developer/relux-tunnel/.temp/TASK-260715-1rsqrh/DerivedData-iOS/ModuleCache.noindex -serialize-diagnostics -emit-dependencies -emit-module -emit-module-path /Users/iv/Developer/.build/Intermediates.noindex/ReluxTunnel.build/Debug-iphonesimulator/ReluxTunnelNativeAdapter.build/Objects-normal/arm64/ReluxTunnelNativeAdapter.swiftmodule -validate-clang-modules-once -clang-build-session-file /Users/iv/Developer/relux-tunnel/.temp/TASK-260715-1rsqrh/DerivedData-iOS/ModuleCache.noindex/Session.modulevalidation -package-name relux_tunnel -Xcc -I/Users/iv/Developer/.build/Intermediates.noindex/ReluxTunnel.build/Debug-iphonesimulator/ReluxTunnelNativeAdapter.build/swift-overrides.hmap -emit-const-values -Xfrontend -const-gather-protocols-file -Xfrontend /Users/iv/Developer/.build/Intermediates.noindex/ReluxTunnel.build/Debug-iphonesimulator/ReluxTunnelNativeAdapter.build/Objects-normal/arm64/ReluxTunnelNativeAdapter_const_extract_protocols.json -Xcc -I/Users/iv/Developer/.build/Products/Debug-iphonesimulator/include -Xcc -I/Users/iv/Developer/.build/Intermediates.noindex/ReluxTunnel.build/Debug-iphonesimulator/ReluxTunnelNativeAdapter.build/DerivedSources-normal/arm64 -Xcc -I/Users/iv/Developer/.build/Intermediates.noindex/ReluxTunnel.build/Debug-iphonesimulator/ReluxTunnelNativeAdapter.build/DerivedSources/arm64 -Xcc -I/Users/iv/Developer/.build/Intermediates.noindex/ReluxTunnel.build/Debug-iphonesimulator/ReluxTunnelNativeAdapter.build/DerivedSources -Xcc -DSWIFT_PACKAGE -Xcc -DDEBUG\=1 -emit-objc-header -emit-objc-header-path /Users/iv/Developer/.build/Intermediates.noindex/ReluxTunnel.build/Debug-iphonesimulator/ReluxTunnelNativeAdapter.build/Objects-normal/arm64/ReluxTunnelNativeAdapter-Swift.h -working-directory /Users/iv/Developer/relux-tunnel/.swiftpm/xcode -experimental-emit-module-separately -disable-cmo

SwiftDriverJobDiscovery normal arm64 Compiling ComponentContracts.swift, DarwinPacketBridgeIO.swift (in target 'ReluxTunnelCore' from project 'ReluxTunnel')

SwiftDriverJobDiscovery normal arm64 Compiling PacketContracts.swift, PacketFlowAdapterBoundary.swift (in target 'ReluxTunnelCore' from project 'ReluxTunnel')

SwiftDriverJobDiscovery normal arm64 Compiling RuntimeContracts.swift (in target 'ReluxTunnelCore' from project 'ReluxTunnel')

SwiftDriverJobDiscovery normal x86_64 Compiling PacketFlowBridge.swift, PacketFlowBridgeContracts.swift (in target 'ReluxTunnelCore' from project 'ReluxTunnel')

SwiftDriver\ Compilation ReluxTunnelCore normal x86_64 com.apple.xcode.tools.swift.compiler (in target 'ReluxTunnelCore' from project 'ReluxTunnel')
    cd /Users/iv/Developer/relux-tunnel/.swiftpm/xcode
    builtin-Swift-Compilation -- /Applications/Xcode_26_5.app/Contents/Developer/Toolchains/XcodeDefault.xctoolchain/usr/bin/swiftc -module-name ReluxTunnelCore -Onone @/Users/iv/Developer/.build/Intermediates.noindex/ReluxTunnel.build/Debug-iphonesimulator/ReluxTunnelCore.build/Objects-normal/x86_64/ReluxTunnelCore.SwiftFileList -DSWIFT_PACKAGE -DDEBUG -DSWIFT_MODULE_RESOURCE_BUNDLE_UNAVAILABLE -DXcode -plugin-path /Applications/Xcode_26_5.app/Contents/Developer/Toolchains/XcodeDefault.xctoolchain/usr/lib/swift/host/plugins/testing -enable-experimental-feature DebugDescriptionMacro -sdk /Applications/Xcode_26_5.app/Contents/Developer/Platforms/iPhoneSimulator.platform/Developer/SDKs/iPhoneSimulator26.5.sdk -target x86_64-apple-ios18.0-simulator -g -module-cache-path /Users/iv/Developer/relux-tunnel/.temp/TASK-260715-1rsqrh/DerivedData-iOS/ModuleCache.noindex -Xfrontend -serialize-debugging-options -enable-testing -index-store-path /Users/iv/Developer/relux-tunnel/.temp/TASK-260715-1rsqrh/DerivedData-iOS/Index.noindex/DataStore -Xcc -D_LIBCPP_HARDENING_MODE\=_LIBCPP_HARDENING_MODE_DEBUG -swift-version 6 -I /Users/iv/Developer/.build/Products/Debug-iphonesimulator -Isystem /Applications/Xcode_26_5.app/Contents/Developer/Platforms/iPhoneSimulator.platform/Developer/usr/lib -F /Users/iv/Developer/.build/Products/Debug-iphonesimulator -F /Applications/Xcode_26_5.app/Contents/Developer/Platforms/iPhoneSimulator.platform/Developer/Library/Frameworks -F /Applications/Xcode_26_5.app/Contents/Developer/Platforms/iPhoneSimulator.platform/Developer/SDKs/iPhoneSimulator26.5.sdk/Developer/Library/Frameworks -c -j16 -enable-batch-mode -incremental -Xcc -ivfsstatcache -Xcc /Users/iv/Developer/relux-tunnel/.temp/TASK-260715-1rsqrh/DerivedData-iOS/SDKStatCaches.noindex/iphonesimulator26.5-23F73-9976ff0a46533d0d3305099c8405181f.sdkstatcache -output-file-map /Users/iv/Developer/.build/Intermediates.noindex/ReluxTunnel.build/Debug-iphonesimulator/ReluxTunnelCore.build/Objects-normal/x86_64/ReluxTunnelCore-OutputFileMap.json -use-frontend-parseable-output -save-temps -no-color-diagnostics -explicit-module-build -module-cache-path /Users/iv/Developer/.build/Intermediates.noindex/SwiftExplicitPrecompiledModules -clang-scanner-module-cache-path /Users/iv/Developer/relux-tunnel/.temp/TASK-260715-1rsqrh/DerivedData-iOS/ModuleCache.noindex -sdk-module-cache-path /Users/iv/Developer/relux-tunnel/.temp/TASK-260715-1rsqrh/DerivedData-iOS/ModuleCache.noindex -serialize-diagnostics -emit-dependencies -emit-module -emit-module-path /Users/iv/Developer/.build/Intermediates.noindex/ReluxTunnel.build/Debug-iphonesimulator/ReluxTunnelCore.build/Objects-normal/x86_64/ReluxTunnelCore.swiftmodule -validate-clang-modules-once -clang-build-session-file /Users/iv/Developer/relux-tunnel/.temp/TASK-260715-1rsqrh/DerivedData-iOS/ModuleCache.noindex/Session.modulevalidation -package-name relux_tunnel -Xcc -I/Users/iv/Developer/.build/Intermediates.noindex/ReluxTunnel.build/Debug-iphonesimulator/ReluxTunnelCore.build/swift-overrides.hmap -emit-const-values -Xfrontend -const-gather-protocols-file -Xfrontend /Users/iv/Developer/.build/Intermediates.noindex/ReluxTunnel.build/Debug-iphonesimulator/ReluxTunnelCore.build/Objects-normal/x86_64/ReluxTunnelCore_const_extract_protocols.json -Xcc -I/Users/iv/Developer/.build/Products/Debug-iphonesimulator/include -Xcc -I/Users/iv/Developer/.build/Intermediates.noindex/ReluxTunnel.build/Debug-iphonesimulator/ReluxTunnelCore.build/DerivedSources-normal/x86_64 -Xcc -I/Users/iv/Developer/.build/Intermediates.noindex/ReluxTunnel.build/Debug-iphonesimulator/ReluxTunnelCore.build/DerivedSources/x86_64 -Xcc -I/Users/iv/Developer/.build/Intermediates.noindex/ReluxTunnel.build/Debug-iphonesimulator/ReluxTunnelCore.build/DerivedSources -Xcc -DSWIFT_PACKAGE -Xcc -DDEBUG\=1 -emit-objc-header -emit-objc-header-path /Users/iv/Developer/.build/Intermediates.noindex/ReluxTunnel.build/Debug-iphonesimulator/ReluxTunnelCore.build/Objects-normal/x86_64/ReluxTunnelCore-Swift.h -working-directory /Users/iv/Developer/relux-tunnel/.swiftpm/xcode -experimental-emit-module-separately -disable-cmo

Ld /Users/iv/Developer/.build/Intermediates.noindex/ReluxTunnel.build/Debug-iphonesimulator/ReluxTunnelCore.build/Objects-normal/x86_64/Binary/ReluxTunnelCore.o normal x86_64 (in target 'ReluxTunnelCore' from project 'ReluxTunnel')
    cd /Users/iv/Developer/relux-tunnel
    /Applications/Xcode_26_5.app/Contents/Developer/Toolchains/XcodeDefault.xctoolchain/usr/bin/clang -Xlinker -reproducible -target x86_64-apple-ios18.0-simulator -r -isysroot /Applications/Xcode_26_5.app/Contents/Developer/Platforms/iPhoneSimulator.platform/Developer/SDKs/iPhoneSimulator26.5.sdk -O0 -F/Users/iv/Developer/.build/Intermediates.noindex/EagerLinkingTBDs/Debug-iphonesimulator -F/Users/iv/Developer/.build/Products/Debug-iphonesimulator -iframework /Applications/Xcode_26_5.app/Contents/Developer/Platforms/iPhoneSimulator.platform/Developer/Library/Frameworks -iframework /Applications/Xcode_26_5.app/Contents/Developer/Platforms/iPhoneSimulator.platform/Developer/SDKs/iPhoneSimulator26.5.sdk/Developer/Library/Frameworks -filelist /Users/iv/Developer/.build/Intermediates.noindex/ReluxTunnel.build/Debug-iphonesimulator/ReluxTunnelCore.build/Objects-normal/x86_64/ReluxTunnelCore.LinkFileList -nostdlib -Xlinker -object_path_lto -Xlinker /Users/iv/Developer/.build/Intermediates.noindex/ReluxTunnel.build/Debug-iphonesimulator/ReluxTunnelCore.build/Objects-normal/x86_64/ReluxTunnelCore_lto.o -Xlinker -no_deduplicate -Xlinker -objc_abi_version -Xlinker 2 -Xlinker -dependency_info -Xlinker /Users/iv/Developer/.build/Intermediates.noindex/ReluxTunnel.build/Debug-iphonesimulator/ReluxTunnelCore.build/Objects-normal/x86_64/ReluxTunnelCore_dependency_info.dat -fobjc-link-runtime -L/Applications/Xcode_26_5.app/Contents/Developer/Toolchains/XcodeDefault.xctoolchain/usr/lib/swift/iphonesimulator -L/usr/lib/swift -Xlinker -add_ast_path -Xlinker /Users/iv/Developer/.build/Intermediates.noindex/ReluxTunnel.build/Debug-iphonesimulator/ReluxTunnelCore.build/Objects-normal/x86_64/ReluxTunnelCore.swiftmodule @/Users/iv/Developer/.build/Intermediates.noindex/ReluxTunnel.build/Debug-iphonesimulator/ReluxTunnelCore.build/Objects-normal/x86_64/ReluxTunnelCore-linker-args.resp -o /Users/iv/Developer/.build/Intermediates.noindex/ReluxTunnel.build/Debug-iphonesimulator/ReluxTunnelCore.build/Objects-normal/x86_64/Binary/ReluxTunnelCore.o

SwiftDriverJobDiscovery normal arm64 Compiling RelayHandshake.swift (in target 'ReluxTunnelCore' from project 'ReluxTunnel')

SwiftDriverJobDiscovery normal arm64 Compiling RelayDatagramCodec.swift (in target 'ReluxTunnelCore' from project 'ReluxTunnel')

SwiftDriverJobDiscovery normal arm64 Compiling RelaySession.swift (in target 'ReluxTunnelCore' from project 'ReluxTunnel')

SwiftDriverJobDiscovery normal arm64 Compiling RelayByteCodec.swift (in target 'ReluxTunnelCore' from project 'ReluxTunnel')

SwiftDriverJobDiscovery normal arm64 Compiling RuntimeDiagnostics.swift (in target 'ReluxTunnelCore' from project 'ReluxTunnel')

SwiftDriverJobDiscovery normal arm64 Compiling VPNManagerRepository.swift (in target 'ReluxTunnelCore' from project 'ReluxTunnel')

SwiftExplicitDependencyGeneratePcm arm64 /Users/iv/Developer/.build/Intermediates.noindex/SwiftExplicitPrecompiledModules/HevSocks5Tunnel-8RZPYX2D6WS4BADEUMQ7GNFOY.pcm

SwiftExplicitDependencyGeneratePcm arm64 /Users/iv/Developer/.build/Intermediates.noindex/SwiftExplicitPrecompiledModules/CReluxNativeFixture-5KRE4UVVJNTZBK5NWAVCLXFNI.pcm

SwiftDriverJobDiscovery normal arm64 Compiling TunnelRuntimeCoordinator.swift (in target 'ReluxTunnelCore' from project 'ReluxTunnel')

SwiftDriverJobDiscovery normal arm64 Compiling ProviderLifecycle.swift (in target 'ReluxTunnelCore' from project 'ReluxTunnel')

SwiftDriverJobDiscovery normal arm64 Compiling VPNSessionController.swift (in target 'ReluxTunnelCore' from project 'ReluxTunnel')

SwiftEmitModule normal arm64 Emitting\ module\ for\ ReluxTunnelNativeAdapter (in target 'ReluxTunnelNativeAdapter' from project 'ReluxTunnel')

EmitSwiftModule normal arm64 (in target 'ReluxTunnelNativeAdapter' from project 'ReluxTunnel')
    cd /Users/iv/Developer/relux-tunnel/.swiftpm/xcode
    

SwiftCompile normal arm64 Compiling\ HEVIntegration.swift /Users/iv/Developer/relux-tunnel/Sources/ReluxTunnelNativeAdapter/HEVIntegration.swift (in target 'ReluxTunnelNativeAdapter' from project 'ReluxTunnel')
SwiftCompile normal arm64 /Users/iv/Developer/relux-tunnel/Sources/ReluxTunnelNativeAdapter/HEVIntegration.swift (in target 'ReluxTunnelNativeAdapter' from project 'ReluxTunnel')
    cd /Users/iv/Developer/relux-tunnel/.swiftpm/xcode
    

SwiftCompile normal arm64 Compiling\ NativeDependencyPackaging.swift /Users/iv/Developer/relux-tunnel/Sources/ReluxTunnelNativeAdapter/NativeDependencyPackaging.swift (in target 'ReluxTunnelNativeAdapter' from project 'ReluxTunnel')

SwiftCompile normal arm64 /Users/iv/Developer/relux-tunnel/Sources/ReluxTunnelNativeAdapter/NativeDependencyPackaging.swift (in target 'ReluxTunnelNativeAdapter' from project 'ReluxTunnel')
    cd /Users/iv/Developer/relux-tunnel/.swiftpm/xcode
    

SwiftCompile normal arm64 Compiling\ HEVNoticeBundle.swift /Users/iv/Developer/relux-tunnel/Sources/ReluxTunnelNativeAdapter/HEVNoticeBundle.swift (in target 'ReluxTunnelNativeAdapter' from project 'ReluxTunnel')

SwiftCompile normal arm64 /Users/iv/Developer/relux-tunnel/Sources/ReluxTunnelNativeAdapter/HEVNoticeBundle.swift (in target 'ReluxTunnelNativeAdapter' from project 'ReluxTunnel')
    cd /Users/iv/Developer/relux-tunnel/.swiftpm/xcode
    

SwiftCompile normal arm64 Compiling\ HEVSOCKSBoundary.swift /Users/iv/Developer/relux-tunnel/Sources/ReluxTunnelNativeAdapter/HEVSOCKSBoundary.swift (in target 'ReluxTunnelNativeAdapter' from project 'ReluxTunnel')

SwiftCompile normal arm64 /Users/iv/Developer/relux-tunnel/Sources/ReluxTunnelNativeAdapter/HEVSOCKSBoundary.swift (in target 'ReluxTunnelNativeAdapter' from project 'ReluxTunnel')
    cd /Users/iv/Developer/relux-tunnel/.swiftpm/xcode
    

SwiftDriverJobDiscovery normal arm64 Compiling RuntimeMessageModels.swift (in target 'ReluxTunnelCore' from project 'ReluxTunnel')

SwiftDriverJobDiscovery normal arm64 Compiling HEVNoticeBundle.swift (in target 'ReluxTunnelNativeAdapter' from project 'ReluxTunnel')

SwiftDriverJobDiscovery normal arm64 Compiling SSHContracts.swift (in target 'ReluxTunnelCore' from project 'ReluxTunnel')

SwiftDriverJobDiscovery normal arm64 Compiling NativeDependencyPackaging.swift (in target 'ReluxTunnelNativeAdapter' from project 'ReluxTunnel')

SwiftDriverJobDiscovery normal arm64 Emitting module for ReluxTunnelNativeAdapter (in target 'ReluxTunnelNativeAdapter' from project 'ReluxTunnel')

SwiftDriver\ Compilation\ Requirements ReluxTunnelNativeAdapter normal arm64 com.apple.xcode.tools.swift.compiler (in target 'ReluxTunnelNativeAdapter' from project 'ReluxTunnel')
    cd /Users/iv/Developer/relux-tunnel/.swiftpm/xcode
    builtin-Swift-Compilation-Requirements -- /Applications/Xcode_26_5.app/Contents/Developer/Toolchains/XcodeDefault.xctoolchain/usr/bin/swiftc -module-name ReluxTunnelNativeAdapter -Onone @/Users/iv/Developer/.build/Intermediates.noindex/ReluxTunnel.build/Debug-iphonesimulator/ReluxTunnelNativeAdapter.build/Objects-normal/arm64/ReluxTunnelNativeAdapter.SwiftFileList -DSWIFT_PACKAGE -DDEBUG -DSWIFT_MODULE_RESOURCE_BUNDLE_UNAVAILABLE -DXcode -plugin-path /Applications/Xcode_26_5.app/Contents/Developer/Toolchains/XcodeDefault.xctoolchain/usr/lib/swift/host/plugins/testing -enable-experimental-feature DebugDescriptionMacro -sdk /Applications/Xcode_26_5.app/Contents/Developer/Platforms/iPhoneSimulator.platform/Developer/SDKs/iPhoneSimulator26.5.sdk -target arm64-apple-ios18.0-simulator -g -module-cache-path /Users/iv/Developer/relux-tunnel/.temp/TASK-260715-1rsqrh/DerivedData-iOS/ModuleCache.noindex -Xfrontend -serialize-debugging-options -enable-testing -index-store-path /Users/iv/Developer/relux-tunnel/.temp/TASK-260715-1rsqrh/DerivedData-iOS/Index.noindex/DataStore -Xcc -D_LIBCPP_HARDENING_MODE\=_LIBCPP_HARDENING_MODE_DEBUG -swift-version 6 -I /Users/iv/Developer/.build/Products/Debug-iphonesimulator -Isystem /Applications/Xcode_26_5.app/Contents/Developer/Platforms/iPhoneSimulator.platform/Developer/usr/lib -F /Users/iv/Developer/.build/Products/Debug-iphonesimulator/PackageFrameworks -F /Users/iv/Developer/.build/Products/Debug-iphonesimulator -F /Applications/Xcode_26_5.app/Contents/Developer/Platforms/iPhoneSimulator.platform/Developer/Library/Frameworks -F /Applications/Xcode_26_5.app/Contents/Developer/Platforms/iPhoneSimulator.platform/Developer/SDKs/iPhoneSimulator26.5.sdk/Developer/Library/Frameworks -c -j16 -enable-batch-mode -incremental -Xcc -ivfsstatcache -Xcc /Users/iv/Developer/relux-tunnel/.temp/TASK-260715-1rsqrh/DerivedData-iOS/SDKStatCaches.noindex/iphonesimulator26.5-23F73-9976ff0a46533d0d3305099c8405181f.sdkstatcache -output-file-map /Users/iv/Developer/.build/Intermediates.noindex/ReluxTunnel.build/Debug-iphonesimulator/ReluxTunnelNativeAdapter.build/Objects-normal/arm64/ReluxTunnelNativeAdapter-OutputFileMap.json -use-frontend-parseable-output -save-temps -no-color-diagnostics -explicit-module-build -module-cache-path /Users/iv/Developer/.build/Intermediates.noindex/SwiftExplicitPrecompiledModules -clang-scanner-module-cache-path /Users/iv/Developer/relux-tunnel/.temp/TASK-260715-1rsqrh/DerivedData-iOS/ModuleCache.noindex -sdk-module-cache-path /Users/iv/Developer/relux-tunnel/.temp/TASK-260715-1rsqrh/DerivedData-iOS/ModuleCache.noindex -serialize-diagnostics -emit-dependencies -emit-module -emit-module-path /Users/iv/Developer/.build/Intermediates.noindex/ReluxTunnel.build/Debug-iphonesimulator/ReluxTunnelNativeAdapter.build/Objects-normal/arm64/ReluxTunnelNativeAdapter.swiftmodule -validate-clang-modules-once -clang-build-session-file /Users/iv/Developer/relux-tunnel/.temp/TASK-260715-1rsqrh/DerivedData-iOS/ModuleCache.noindex/Session.modulevalidation -package-name relux_tunnel -Xcc -I/Users/iv/Developer/.build/Intermediates.noindex/ReluxTunnel.build/Debug-iphonesimulator/ReluxTunnelNativeAdapter.build/swift-overrides.hmap -emit-const-values -Xfrontend -const-gather-protocols-file -Xfrontend /Users/iv/Developer/.build/Intermediates.noindex/ReluxTunnel.build/Debug-iphonesimulator/ReluxTunnelNativeAdapter.build/Objects-normal/arm64/ReluxTunnelNativeAdapter_const_extract_protocols.json -Xcc -I/Users/iv/Developer/.build/Products/Debug-iphonesimulator/include -Xcc -I/Users/iv/Developer/.build/Intermediates.noindex/ReluxTunnel.build/Debug-iphonesimulator/ReluxTunnelNativeAdapter.build/DerivedSources-normal/arm64 -Xcc -I/Users/iv/Developer/.build/Intermediates.noindex/ReluxTunnel.build/Debug-iphonesimulator/ReluxTunnelNativeAdapter.build/DerivedSources/arm64 -Xcc -I/Users/iv/Developer/.build/Intermediates.noindex/ReluxTunnel.build/Debug-iphonesimulator/ReluxTunnelNativeAdapter.build/DerivedSources -Xcc -DSWIFT_PACKAGE -Xcc -DDEBUG\=1 -emit-objc-header -emit-objc-header-path /Users/iv/Developer/.build/Intermediates.noindex/ReluxTunnel.build/Debug-iphonesimulator/ReluxTunnelNativeAdapter.build/Objects-normal/arm64/ReluxTunnelNativeAdapter-Swift.h -working-directory /Users/iv/Developer/relux-tunnel/.swiftpm/xcode -experimental-emit-module-separately -disable-cmo

SwiftDriver ReluxTunnelNativeAdapter normal x86_64 com.apple.xcode.tools.swift.compiler (in target 'ReluxTunnelNativeAdapter' from project 'ReluxTunnel')
    cd /Users/iv/Developer/relux-tunnel/.swiftpm/xcode
    builtin-SwiftDriver -- /Applications/Xcode_26_5.app/Contents/Developer/Toolchains/XcodeDefault.xctoolchain/usr/bin/swiftc -module-name ReluxTunnelNativeAdapter -Onone @/Users/iv/Developer/.build/Intermediates.noindex/ReluxTunnel.build/Debug-iphonesimulator/ReluxTunnelNativeAdapter.build/Objects-normal/x86_64/ReluxTunnelNativeAdapter.SwiftFileList -DSWIFT_PACKAGE -DDEBUG -DSWIFT_MODULE_RESOURCE_BUNDLE_UNAVAILABLE -DXcode -plugin-path /Applications/Xcode_26_5.app/Contents/Developer/Toolchains/XcodeDefault.xctoolchain/usr/lib/swift/host/plugins/testing -enable-experimental-feature DebugDescriptionMacro -sdk /Applications/Xcode_26_5.app/Contents/Developer/Platforms/iPhoneSimulator.platform/Developer/SDKs/iPhoneSimulator26.5.sdk -target x86_64-apple-ios18.0-simulator -g -module-cache-path /Users/iv/Developer/relux-tunnel/.temp/TASK-260715-1rsqrh/DerivedData-iOS/ModuleCache.noindex -Xfrontend -serialize-debugging-options -enable-testing -index-store-path /Users/iv/Developer/relux-tunnel/.temp/TASK-260715-1rsqrh/DerivedData-iOS/Index.noindex/DataStore -Xcc -D_LIBCPP_HARDENING_MODE\=_LIBCPP_HARDENING_MODE_DEBUG -swift-version 6 -I /Users/iv/Developer/.build/Products/Debug-iphonesimulator -Isystem /Applications/Xcode_26_5.app/Contents/Developer/Platforms/iPhoneSimulator.platform/Developer/usr/lib -F /Users/iv/Developer/.build/Products/Debug-iphonesimulator/PackageFrameworks -F /Users/iv/Developer/.build/Products/Debug-iphonesimulator -F /Applications/Xcode_26_5.app/Contents/Developer/Platforms/iPhoneSimulator.platform/Developer/Library/Frameworks -F /Applications/Xcode_26_5.app/Contents/Developer/Platforms/iPhoneSimulator.platform/Developer/SDKs/iPhoneSimulator26.5.sdk/Developer/Library/Frameworks -c -j16 -enable-batch-mode -incremental -Xcc -ivfsstatcache -Xcc /Users/iv/Developer/relux-tunnel/.temp/TASK-260715-1rsqrh/DerivedData-iOS/SDKStatCaches.noindex/iphonesimulator26.5-23F73-9976ff0a46533d0d3305099c8405181f.sdkstatcache -output-file-map /Users/iv/Developer/.build/Intermediates.noindex/ReluxTunnel.build/Debug-iphonesimulator/ReluxTunnelNativeAdapter.build/Objects-normal/x86_64/ReluxTunnelNativeAdapter-OutputFileMap.json -use-frontend-parseable-output -save-temps -no-color-diagnostics -explicit-module-build -module-cache-path /Users/iv/Developer/.build/Intermediates.noindex/SwiftExplicitPrecompiledModules -clang-scanner-module-cache-path /Users/iv/Developer/relux-tunnel/.temp/TASK-260715-1rsqrh/DerivedData-iOS/ModuleCache.noindex -sdk-module-cache-path /Users/iv/Developer/relux-tunnel/.temp/TASK-260715-1rsqrh/DerivedData-iOS/ModuleCache.noindex -serialize-diagnostics -emit-dependencies -emit-module -emit-module-path /Users/iv/Developer/.build/Intermediates.noindex/ReluxTunnel.build/Debug-iphonesimulator/ReluxTunnelNativeAdapter.build/Objects-normal/x86_64/ReluxTunnelNativeAdapter.swiftmodule -validate-clang-modules-once -clang-build-session-file /Users/iv/Developer/relux-tunnel/.temp/TASK-260715-1rsqrh/DerivedData-iOS/ModuleCache.noindex/Session.modulevalidation -package-name relux_tunnel -Xcc -I/Users/iv/Developer/.build/Intermediates.noindex/ReluxTunnel.build/Debug-iphonesimulator/ReluxTunnelNativeAdapter.build/swift-overrides.hmap -emit-const-values -Xfrontend -const-gather-protocols-file -Xfrontend /Users/iv/Developer/.build/Intermediates.noindex/ReluxTunnel.build/Debug-iphonesimulator/ReluxTunnelNativeAdapter.build/Objects-normal/x86_64/ReluxTunnelNativeAdapter_const_extract_protocols.json -Xcc -I/Users/iv/Developer/.build/Products/Debug-iphonesimulator/include -Xcc -I/Users/iv/Developer/.build/Intermediates.noindex/ReluxTunnel.build/Debug-iphonesimulator/ReluxTunnelNativeAdapter.build/DerivedSources-normal/x86_64 -Xcc -I/Users/iv/Developer/.build/Intermediates.noindex/ReluxTunnel.build/Debug-iphonesimulator/ReluxTunnelNativeAdapter.build/DerivedSources/x86_64 -Xcc -I/Users/iv/Developer/.build/Intermediates.noindex/ReluxTunnel.build/Debug-iphonesimulator/ReluxTunnelNativeAdapter.build/DerivedSources -Xcc -DSWIFT_PACKAGE -Xcc -DDEBUG\=1 -emit-objc-header -emit-objc-header-path /Users/iv/Developer/.build/Intermediates.noindex/ReluxTunnel.build/Debug-iphonesimulator/ReluxTunnelNativeAdapter.build/Objects-normal/x86_64/ReluxTunnelNativeAdapter-Swift.h -working-directory /Users/iv/Developer/relux-tunnel/.swiftpm/xcode -experimental-emit-module-separately -disable-cmo

SwiftDriverJobDiscovery normal arm64 Compiling PacketFlowBridge.swift, PacketFlowBridgeContracts.swift (in target 'ReluxTunnelCore' from project 'ReluxTunnel')

SwiftDriver\ Compilation ReluxTunnelCore normal arm64 com.apple.xcode.tools.swift.compiler (in target 'ReluxTunnelCore' from project 'ReluxTunnel')
    cd /Users/iv/Developer/relux-tunnel/.swiftpm/xcode
    builtin-Swift-Compilation -- /Applications/Xcode_26_5.app/Contents/Developer/Toolchains/XcodeDefault.xctoolchain/usr/bin/swiftc -module-name ReluxTunnelCore -Onone @/Users/iv/Developer/.build/Intermediates.noindex/ReluxTunnel.build/Debug-iphonesimulator/ReluxTunnelCore.build/Objects-normal/arm64/ReluxTunnelCore.SwiftFileList -DSWIFT_PACKAGE -DDEBUG -DSWIFT_MODULE_RESOURCE_BUNDLE_UNAVAILABLE -DXcode -plugin-path /Applications/Xcode_26_5.app/Contents/Developer/Toolchains/XcodeDefault.xctoolchain/usr/lib/swift/host/plugins/testing -enable-experimental-feature DebugDescriptionMacro -sdk /Applications/Xcode_26_5.app/Contents/Developer/Platforms/iPhoneSimulator.platform/Developer/SDKs/iPhoneSimulator26.5.sdk -target arm64-apple-ios18.0-simulator -g -module-cache-path /Users/iv/Developer/relux-tunnel/.temp/TASK-260715-1rsqrh/DerivedData-iOS/ModuleCache.noindex -Xfrontend -serialize-debugging-options -enable-testing -index-store-path /Users/iv/Developer/relux-tunnel/.temp/TASK-260715-1rsqrh/DerivedData-iOS/Index.noindex/DataStore -Xcc -D_LIBCPP_HARDENING_MODE\=_LIBCPP_HARDENING_MODE_DEBUG -swift-version 6 -I /Users/iv/Developer/.build/Products/Debug-iphonesimulator -Isystem /Applications/Xcode_26_5.app/Contents/Developer/Platforms/iPhoneSimulator.platform/Developer/usr/lib -F /Users/iv/Developer/.build/Products/Debug-iphonesimulator -F /Applications/Xcode_26_5.app/Contents/Developer/Platforms/iPhoneSimulator.platform/Developer/Library/Frameworks -F /Applications/Xcode_26_5.app/Contents/Developer/Platforms/iPhoneSimulator.platform/Developer/SDKs/iPhoneSimulator26.5.sdk/Developer/Library/Frameworks -c -j16 -enable-batch-mode -incremental -Xcc -ivfsstatcache -Xcc /Users/iv/Developer/relux-tunnel/.temp/TASK-260715-1rsqrh/DerivedData-iOS/SDKStatCaches.noindex/iphonesimulator26.5-23F73-9976ff0a46533d0d3305099c8405181f.sdkstatcache -output-file-map /Users/iv/Developer/.build/Intermediates.noindex/ReluxTunnel.build/Debug-iphonesimulator/ReluxTunnelCore.build/Objects-normal/arm64/ReluxTunnelCore-OutputFileMap.json -use-frontend-parseable-output -save-temps -no-color-diagnostics -explicit-module-build -module-cache-path /Users/iv/Developer/.build/Intermediates.noindex/SwiftExplicitPrecompiledModules -clang-scanner-module-cache-path /Users/iv/Developer/relux-tunnel/.temp/TASK-260715-1rsqrh/DerivedData-iOS/ModuleCache.noindex -sdk-module-cache-path /Users/iv/Developer/relux-tunnel/.temp/TASK-260715-1rsqrh/DerivedData-iOS/ModuleCache.noindex -serialize-diagnostics -emit-dependencies -emit-module -emit-module-path /Users/iv/Developer/.build/Intermediates.noindex/ReluxTunnel.build/Debug-iphonesimulator/ReluxTunnelCore.build/Objects-normal/arm64/ReluxTunnelCore.swiftmodule -validate-clang-modules-once -clang-build-session-file /Users/iv/Developer/relux-tunnel/.temp/TASK-260715-1rsqrh/DerivedData-iOS/ModuleCache.noindex/Session.modulevalidation -package-name relux_tunnel -Xcc -I/Users/iv/Developer/.build/Intermediates.noindex/ReluxTunnel.build/Debug-iphonesimulator/ReluxTunnelCore.build/swift-overrides.hmap -emit-const-values -Xfrontend -const-gather-protocols-file -Xfrontend /Users/iv/Developer/.build/Intermediates.noindex/ReluxTunnel.build/Debug-iphonesimulator/ReluxTunnelCore.build/Objects-normal/arm64/ReluxTunnelCore_const_extract_protocols.json -Xcc -I/Users/iv/Developer/.build/Products/Debug-iphonesimulator/include -Xcc -I/Users/iv/Developer/.build/Intermediates.noindex/ReluxTunnel.build/Debug-iphonesimulator/ReluxTunnelCore.build/DerivedSources-normal/arm64 -Xcc -I/Users/iv/Developer/.build/Intermediates.noindex/ReluxTunnel.build/Debug-iphonesimulator/ReluxTunnelCore.build/DerivedSources/arm64 -Xcc -I/Users/iv/Developer/.build/Intermediates.noindex/ReluxTunnel.build/Debug-iphonesimulator/ReluxTunnelCore.build/DerivedSources -Xcc -DSWIFT_PACKAGE -Xcc -DDEBUG\=1 -emit-objc-header -emit-objc-header-path /Users/iv/Developer/.build/Intermediates.noindex/ReluxTunnel.build/Debug-iphonesimulator/ReluxTunnelCore.build/Objects-normal/arm64/ReluxTunnelCore-Swift.h -working-directory /Users/iv/Developer/relux-tunnel/.swiftpm/xcode -experimental-emit-module-separately -disable-cmo

Ld /Users/iv/Developer/.build/Intermediates.noindex/ReluxTunnel.build/Debug-iphonesimulator/ReluxTunnelCore.build/Objects-normal/arm64/Binary/ReluxTunnelCore.o normal arm64 (in target 'ReluxTunnelCore' from project 'ReluxTunnel')
    cd /Users/iv/Developer/relux-tunnel
    /Applications/Xcode_26_5.app/Contents/Developer/Toolchains/XcodeDefault.xctoolchain/usr/bin/clang -Xlinker -reproducible -target arm64-apple-ios18.0-simulator -r -isysroot /Applications/Xcode_26_5.app/Contents/Developer/Platforms/iPhoneSimulator.platform/Developer/SDKs/iPhoneSimulator26.5.sdk -O0 -F/Users/iv/Developer/.build/Intermediates.noindex/EagerLinkingTBDs/Debug-iphonesimulator -F/Users/iv/Developer/.build/Products/Debug-iphonesimulator -iframework /Applications/Xcode_26_5.app/Contents/Developer/Platforms/iPhoneSimulator.platform/Developer/Library/Frameworks -iframework /Applications/Xcode_26_5.app/Contents/Developer/Platforms/iPhoneSimulator.platform/Developer/SDKs/iPhoneSimulator26.5.sdk/Developer/Library/Frameworks -filelist /Users/iv/Developer/.build/Intermediates.noindex/ReluxTunnel.build/Debug-iphonesimulator/ReluxTunnelCore.build/Objects-normal/arm64/ReluxTunnelCore.LinkFileList -nostdlib -Xlinker -object_path_lto -Xlinker /Users/iv/Developer/.build/Intermediates.noindex/ReluxTunnel.build/Debug-iphonesimulator/ReluxTunnelCore.build/Objects-normal/arm64/ReluxTunnelCore_lto.o -Xlinker -no_deduplicate -Xlinker -objc_abi_version -Xlinker 2 -Xlinker -dependency_info -Xlinker /Users/iv/Developer/.build/Intermediates.noindex/ReluxTunnel.build/Debug-iphonesimulator/ReluxTunnelCore.build/Objects-normal/arm64/ReluxTunnelCore_dependency_info.dat -fobjc-link-runtime -L/Applications/Xcode_26_5.app/Contents/Developer/Toolchains/XcodeDefault.xctoolchain/usr/lib/swift/iphonesimulator -L/usr/lib/swift -Xlinker -add_ast_path -Xlinker /Users/iv/Developer/.build/Intermediates.noindex/ReluxTunnel.build/Debug-iphonesimulator/ReluxTunnelCore.build/Objects-normal/arm64/ReluxTunnelCore.swiftmodule @/Users/iv/Developer/.build/Intermediates.noindex/ReluxTunnel.build/Debug-iphonesimulator/ReluxTunnelCore.build/Objects-normal/arm64/ReluxTunnelCore-linker-args.resp -o /Users/iv/Developer/.build/Intermediates.noindex/ReluxTunnel.build/Debug-iphonesimulator/ReluxTunnelCore.build/Objects-normal/arm64/Binary/ReluxTunnelCore.o

CreateUniversalBinary /Users/iv/Developer/.build/Products/Debug-iphonesimulator/ReluxTunnelCore.o normal arm64\ x86_64 (in target 'ReluxTunnelCore' from project 'ReluxTunnel')
    cd /Users/iv/Developer/relux-tunnel
    /Applications/Xcode_26_5.app/Contents/Developer/Toolchains/XcodeDefault.xctoolchain/usr/bin/lipo -create /Users/iv/Developer/.build/Intermediates.noindex/ReluxTunnel.build/Debug-iphonesimulator/ReluxTunnelCore.build/Objects-normal/arm64/Binary/ReluxTunnelCore.o /Users/iv/Developer/.build/Intermediates.noindex/ReluxTunnel.build/Debug-iphonesimulator/ReluxTunnelCore.build/Objects-normal/x86_64/Binary/ReluxTunnelCore.o -output /Users/iv/Developer/.build/Products/Debug-iphonesimulator/ReluxTunnelCore.o

ExtractAppIntentsMetadata (in target 'ReluxTunnelCore' from project 'ReluxTunnel')
    cd /Users/iv/Developer/relux-tunnel
    /Applications/Xcode_26_5.app/Contents/Developer/Toolchains/XcodeDefault.xctoolchain/usr/bin/appintentsmetadataprocessor --toolchain-dir /Applications/Xcode_26_5.app/Contents/Developer/Toolchains/XcodeDefault.xctoolchain --module-name ReluxTunnelCore --sdk-root /Applications/Xcode_26_5.app/Contents/Developer/Platforms/iPhoneSimulator.platform/Developer/SDKs/iPhoneSimulator26.5.sdk --xcode-version 17F42 --platform-family iOS --deployment-target 18.0 --bundle-identifier relux-tunnel.ReluxTunnelCore --output /Users/iv/Developer/.build/Products/Debug-iphonesimulator/ReluxTunnelCore.appintents --target-triple arm64-apple-ios18.0-simulator --target-triple x86_64-apple-ios18.0-simulator --binary-file /Users/iv/Developer/.build/Products/Debug-iphonesimulator/ReluxTunnelCore.o --dependency-file /Users/iv/Developer/.build/Intermediates.noindex/ReluxTunnel.build/Debug-iphonesimulator/ReluxTunnelCore.build/Objects-normal/arm64/ReluxTunnelCore_dependency_info.dat --dependency-file /Users/iv/Developer/.build/Intermediates.noindex/ReluxTunnel.build/Debug-iphonesimulator/ReluxTunnelCore.build/Objects-normal/x86_64/ReluxTunnelCore_dependency_info.dat --stringsdata-file /Users/iv/Developer/.build/Intermediates.noindex/ReluxTunnel.build/Debug-iphonesimulator/ReluxTunnelCore.build/Objects-normal/arm64/ExtractedAppShortcutsMetadata.stringsdata --stringsdata-file /Users/iv/Developer/.build/Intermediates.noindex/ReluxTunnel.build/Debug-iphonesimulator/ReluxTunnelCore.build/Objects-normal/x86_64/ExtractedAppShortcutsMetadata.stringsdata --source-file-list /Users/iv/Developer/.build/Intermediates.noindex/ReluxTunnel.build/Debug-iphonesimulator/ReluxTunnelCore.build/Objects-normal/arm64/ReluxTunnelCore.SwiftFileList --source-file-list /Users/iv/Developer/.build/Intermediates.noindex/ReluxTunnel.build/Debug-iphonesimulator/ReluxTunnelCore.build/Objects-normal/x86_64/ReluxTunnelCore.SwiftFileList --metadata-file-list /Users/iv/Developer/.build/Intermediates.noindex/ReluxTunnel.build/Debug-iphonesimulator/ReluxTunnelCore.build/ReluxTunnelCore.DependencyMetadataFileList --static-metadata-file-list /Users/iv/Developer/.build/Intermediates.noindex/ReluxTunnel.build/Debug-iphonesimulator/ReluxTunnelCore.build/ReluxTunnelCore.DependencyStaticMetadataFileList --swift-const-vals-list /Users/iv/Developer/.build/Intermediates.noindex/ReluxTunnel.build/Debug-iphonesimulator/ReluxTunnelCore.build/Objects-normal/arm64/ReluxTunnelCore.SwiftConstValuesFileList --swift-const-vals-list /Users/iv/Developer/.build/Intermediates.noindex/ReluxTunnel.build/Debug-iphonesimulator/ReluxTunnelCore.build/Objects-normal/x86_64/ReluxTunnelCore.SwiftConstValuesFileList --force --compile-time-extraction --deployment-aware-processing --validate-assistant-intents --no-app-shortcuts-localization
2026-07-21 05:17:13.928 appintentsmetadataprocessor[81180:98261006] Starting appintentsmetadataprocessor export
2026-07-21 05:17:13.939 appintentsmetadataprocessor[81180:98261006] Extracted no relevant App Intents symbols, skipping writing output

RegisterExecutionPolicyException /Users/iv/Developer/.build/Products/Debug-iphonesimulator/ReluxTunnelCore.o (in target 'ReluxTunnelCore' from project 'ReluxTunnel')
    cd /Users/iv/Developer/relux-tunnel
    builtin-RegisterExecutionPolicyException /Users/iv/Developer/.build/Products/Debug-iphonesimulator/ReluxTunnelCore.o

SwiftExplicitDependencyGeneratePcm x86_64 /Users/iv/Developer/.build/Intermediates.noindex/SwiftExplicitPrecompiledModules/CReluxNativeFixture-25AFQNJUJVSJOJB431CALEM9D.pcm

SwiftExplicitDependencyGeneratePcm x86_64 /Users/iv/Developer/.build/Intermediates.noindex/SwiftExplicitPrecompiledModules/HevSocks5Tunnel-K022KWYKL2F1X41X42E3ARST.pcm

SwiftEmitModule normal x86_64 Emitting\ module\ for\ ReluxTunnelNativeAdapter (in target 'ReluxTunnelNativeAdapter' from project 'ReluxTunnel')

EmitSwiftModule normal x86_64 (in target 'ReluxTunnelNativeAdapter' from project 'ReluxTunnel')
    cd /Users/iv/Developer/relux-tunnel/.swiftpm/xcode
    

SwiftDriverJobDiscovery normal arm64 Compiling HEVSOCKSBoundary.swift (in target 'ReluxTunnelNativeAdapter' from project 'ReluxTunnel')

SwiftDriverJobDiscovery normal x86_64 Emitting module for ReluxTunnelNativeAdapter (in target 'ReluxTunnelNativeAdapter' from project 'ReluxTunnel')

SwiftDriver\ Compilation\ Requirements ReluxTunnelNativeAdapter normal x86_64 com.apple.xcode.tools.swift.compiler (in target 'ReluxTunnelNativeAdapter' from project 'ReluxTunnel')
    cd /Users/iv/Developer/relux-tunnel/.swiftpm/xcode
    builtin-Swift-Compilation-Requirements -- /Applications/Xcode_26_5.app/Contents/Developer/Toolchains/XcodeDefault.xctoolchain/usr/bin/swiftc -module-name ReluxTunnelNativeAdapter -Onone @/Users/iv/Developer/.build/Intermediates.noindex/ReluxTunnel.build/Debug-iphonesimulator/ReluxTunnelNativeAdapter.build/Objects-normal/x86_64/ReluxTunnelNativeAdapter.SwiftFileList -DSWIFT_PACKAGE -DDEBUG -DSWIFT_MODULE_RESOURCE_BUNDLE_UNAVAILABLE -DXcode -plugin-path /Applications/Xcode_26_5.app/Contents/Developer/Toolchains/XcodeDefault.xctoolchain/usr/lib/swift/host/plugins/testing -enable-experimental-feature DebugDescriptionMacro -sdk /Applications/Xcode_26_5.app/Contents/Developer/Platforms/iPhoneSimulator.platform/Developer/SDKs/iPhoneSimulator26.5.sdk -target x86_64-apple-ios18.0-simulator -g -module-cache-path /Users/iv/Developer/relux-tunnel/.temp/TASK-260715-1rsqrh/DerivedData-iOS/ModuleCache.noindex -Xfrontend -serialize-debugging-options -enable-testing -index-store-path /Users/iv/Developer/relux-tunnel/.temp/TASK-260715-1rsqrh/DerivedData-iOS/Index.noindex/DataStore -Xcc -D_LIBCPP_HARDENING_MODE\=_LIBCPP_HARDENING_MODE_DEBUG -swift-version 6 -I /Users/iv/Developer/.build/Products/Debug-iphonesimulator -Isystem /Applications/Xcode_26_5.app/Contents/Developer/Platforms/iPhoneSimulator.platform/Developer/usr/lib -F /Users/iv/Developer/.build/Products/Debug-iphonesimulator/PackageFrameworks -F /Users/iv/Developer/.build/Products/Debug-iphonesimulator -F /Applications/Xcode_26_5.app/Contents/Developer/Platforms/iPhoneSimulator.platform/Developer/Library/Frameworks -F /Applications/Xcode_26_5.app/Contents/Developer/Platforms/iPhoneSimulator.platform/Developer/SDKs/iPhoneSimulator26.5.sdk/Developer/Library/Frameworks -c -j16 -enable-batch-mode -incremental -Xcc -ivfsstatcache -Xcc /Users/iv/Developer/relux-tunnel/.temp/TASK-260715-1rsqrh/DerivedData-iOS/SDKStatCaches.noindex/iphonesimulator26.5-23F73-9976ff0a46533d0d3305099c8405181f.sdkstatcache -output-file-map /Users/iv/Developer/.build/Intermediates.noindex/ReluxTunnel.build/Debug-iphonesimulator/ReluxTunnelNativeAdapter.build/Objects-normal/x86_64/ReluxTunnelNativeAdapter-OutputFileMap.json -use-frontend-parseable-output -save-temps -no-color-diagnostics -explicit-module-build -module-cache-path /Users/iv/Developer/.build/Intermediates.noindex/SwiftExplicitPrecompiledModules -clang-scanner-module-cache-path /Users/iv/Developer/relux-tunnel/.temp/TASK-260715-1rsqrh/DerivedData-iOS/ModuleCache.noindex -sdk-module-cache-path /Users/iv/Developer/relux-tunnel/.temp/TASK-260715-1rsqrh/DerivedData-iOS/ModuleCache.noindex -serialize-diagnostics -emit-dependencies -emit-module -emit-module-path /Users/iv/Developer/.build/Intermediates.noindex/ReluxTunnel.build/Debug-iphonesimulator/ReluxTunnelNativeAdapter.build/Objects-normal/x86_64/ReluxTunnelNativeAdapter.swiftmodule -validate-clang-modules-once -clang-build-session-file /Users/iv/Developer/relux-tunnel/.temp/TASK-260715-1rsqrh/DerivedData-iOS/ModuleCache.noindex/Session.modulevalidation -package-name relux_tunnel -Xcc -I/Users/iv/Developer/.build/Intermediates.noindex/ReluxTunnel.build/Debug-iphonesimulator/ReluxTunnelNativeAdapter.build/swift-overrides.hmap -emit-const-values -Xfrontend -const-gather-protocols-file -Xfrontend /Users/iv/Developer/.build/Intermediates.noindex/ReluxTunnel.build/Debug-iphonesimulator/ReluxTunnelNativeAdapter.build/Objects-normal/x86_64/ReluxTunnelNativeAdapter_const_extract_protocols.json -Xcc -I/Users/iv/Developer/.build/Products/Debug-iphonesimulator/include -Xcc -I/Users/iv/Developer/.build/Intermediates.noindex/ReluxTunnel.build/Debug-iphonesimulator/ReluxTunnelNativeAdapter.build/DerivedSources-normal/x86_64 -Xcc -I/Users/iv/Developer/.build/Intermediates.noindex/ReluxTunnel.build/Debug-iphonesimulator/ReluxTunnelNativeAdapter.build/DerivedSources/x86_64 -Xcc -I/Users/iv/Developer/.build/Intermediates.noindex/ReluxTunnel.build/Debug-iphonesimulator/ReluxTunnelNativeAdapter.build/DerivedSources -Xcc -DSWIFT_PACKAGE -Xcc -DDEBUG\=1 -emit-objc-header -emit-objc-header-path /Users/iv/Developer/.build/Intermediates.noindex/ReluxTunnel.build/Debug-iphonesimulator/ReluxTunnelNativeAdapter.build/Objects-normal/x86_64/ReluxTunnelNativeAdapter-Swift.h -working-directory /Users/iv/Developer/relux-tunnel/.swiftpm/xcode -experimental-emit-module-separately -disable-cmo

Copy /Users/iv/Developer/.build/Products/Debug-iphonesimulator/ReluxTunnelNativeAdapter.swiftmodule/arm64-apple-ios-simulator.abi.json /Users/iv/Developer/.build/Intermediates.noindex/ReluxTunnel.build/Debug-iphonesimulator/ReluxTunnelNativeAdapter.build/Objects-normal/arm64/ReluxTunnelNativeAdapter.abi.json (in target 'ReluxTunnelNativeAdapter' from project 'ReluxTunnel')
    cd /Users/iv/Developer/relux-tunnel
    builtin-copy -exclude .DS_Store -exclude CVS -exclude .svn -exclude .git -exclude .hg -resolve-src-symlinks -rename /Users/iv/Developer/.build/Intermediates.noindex/ReluxTunnel.build/Debug-iphonesimulator/ReluxTunnelNativeAdapter.build/Objects-normal/arm64/ReluxTunnelNativeAdapter.abi.json /Users/iv/Developer/.build/Products/Debug-iphonesimulator/ReluxTunnelNativeAdapter.swiftmodule/arm64-apple-ios-simulator.abi.json

Copy /Users/iv/Developer/.build/Products/Debug-iphonesimulator/ReluxTunnelNativeAdapter.swiftmodule/x86_64-apple-ios-simulator.abi.json /Users/iv/Developer/.build/Intermediates.noindex/ReluxTunnel.build/Debug-iphonesimulator/ReluxTunnelNativeAdapter.build/Objects-normal/x86_64/ReluxTunnelNativeAdapter.abi.json (in target 'ReluxTunnelNativeAdapter' from project 'ReluxTunnel')
    cd /Users/iv/Developer/relux-tunnel
    builtin-copy -exclude .DS_Store -exclude CVS -exclude .svn -exclude .git -exclude .hg -resolve-src-symlinks -rename /Users/iv/Developer/.build/Intermediates.noindex/ReluxTunnel.build/Debug-iphonesimulator/ReluxTunnelNativeAdapter.build/Objects-normal/x86_64/ReluxTunnelNativeAdapter.abi.json /Users/iv/Developer/.build/Products/Debug-iphonesimulator/ReluxTunnelNativeAdapter.swiftmodule/x86_64-apple-ios-simulator.abi.json

Copy /Users/iv/Developer/.build/Products/Debug-iphonesimulator/ReluxTunnelNativeAdapter.swiftmodule/x86_64-apple-ios-simulator.swiftmodule /Users/iv/Developer/.build/Intermediates.noindex/ReluxTunnel.build/Debug-iphonesimulator/ReluxTunnelNativeAdapter.build/Objects-normal/x86_64/ReluxTunnelNativeAdapter.swiftmodule (in target 'ReluxTunnelNativeAdapter' from project 'ReluxTunnel')
    cd /Users/iv/Developer/relux-tunnel
    builtin-copy -exclude .DS_Store -exclude CVS -exclude .svn -exclude .git -exclude .hg -resolve-src-symlinks -rename /Users/iv/Developer/.build/Intermediates.noindex/ReluxTunnel.build/Debug-iphonesimulator/ReluxTunnelNativeAdapter.build/Objects-normal/x86_64/ReluxTunnelNativeAdapter.swiftmodule /Users/iv/Developer/.build/Products/Debug-iphonesimulator/ReluxTunnelNativeAdapter.swiftmodule/x86_64-apple-ios-simulator.swiftmodule

Copy /Users/iv/Developer/.build/Products/Debug-iphonesimulator/ReluxTunnelNativeAdapter.swiftmodule/arm64-apple-ios-simulator.swiftmodule /Users/iv/Developer/.build/Intermediates.noindex/ReluxTunnel.build/Debug-iphonesimulator/ReluxTunnelNativeAdapter.build/Objects-normal/arm64/ReluxTunnelNativeAdapter.swiftmodule (in target 'ReluxTunnelNativeAdapter' from project 'ReluxTunnel')
    cd /Users/iv/Developer/relux-tunnel
    builtin-copy -exclude .DS_Store -exclude CVS -exclude .svn -exclude .git -exclude .hg -resolve-src-symlinks -rename /Users/iv/Developer/.build/Intermediates.noindex/ReluxTunnel.build/Debug-iphonesimulator/ReluxTunnelNativeAdapter.build/Objects-normal/arm64/ReluxTunnelNativeAdapter.swiftmodule /Users/iv/Developer/.build/Products/Debug-iphonesimulator/ReluxTunnelNativeAdapter.swiftmodule/arm64-apple-ios-simulator.swiftmodule

SwiftDriver ReluxTunnelIOSAdapter normal arm64 com.apple.xcode.tools.swift.compiler (in target 'ReluxTunnelIOSAdapter' from project 'ReluxTunnel')
    cd /Users/iv/Developer/relux-tunnel/.swiftpm/xcode
    builtin-SwiftDriver -- /Applications/Xcode_26_5.app/Contents/Developer/Toolchains/XcodeDefault.xctoolchain/usr/bin/swiftc -module-name ReluxTunnelIOSAdapter -Onone @/Users/iv/Developer/.build/Intermediates.noindex/ReluxTunnel.build/Debug-iphonesimulator/ReluxTunnelIOSAdapter.build/Objects-normal/arm64/ReluxTunnelIOSAdapter.SwiftFileList -DSWIFT_PACKAGE -DDEBUG -DSWIFT_MODULE_RESOURCE_BUNDLE_UNAVAILABLE -DXcode -plugin-path /Applications/Xcode_26_5.app/Contents/Developer/Toolchains/XcodeDefault.xctoolchain/usr/lib/swift/host/plugins/testing -enable-experimental-feature DebugDescriptionMacro -sdk /Applications/Xcode_26_5.app/Contents/Developer/Platforms/iPhoneSimulator.platform/Developer/SDKs/iPhoneSimulator26.5.sdk -target arm64-apple-ios18.0-simulator -g -module-cache-path /Users/iv/Developer/relux-tunnel/.temp/TASK-260715-1rsqrh/DerivedData-iOS/ModuleCache.noindex -Xfrontend -serialize-debugging-options -enable-testing -index-store-path /Users/iv/Developer/relux-tunnel/.temp/TASK-260715-1rsqrh/DerivedData-iOS/Index.noindex/DataStore -Xcc -D_LIBCPP_HARDENING_MODE\=_LIBCPP_HARDENING_MODE_DEBUG -swift-version 6 -I /Users/iv/Developer/.build/Products/Debug-iphonesimulator -Isystem /Applications/Xcode_26_5.app/Contents/Developer/Platforms/iPhoneSimulator.platform/Developer/usr/lib -F /Users/iv/Developer/.build/Products/Debug-iphonesimulator/PackageFrameworks -F /Users/iv/Developer/.build/Products/Debug-iphonesimulator/PackageFrameworks -F /Users/iv/Developer/.build/Products/Debug-iphonesimulator -F /Applications/Xcode_26_5.app/Contents/Developer/Platforms/iPhoneSimulator.platform/Developer/Library/Frameworks -F /Applications/Xcode_26_5.app/Contents/Developer/Platforms/iPhoneSimulator.platform/Developer/SDKs/iPhoneSimulator26.5.sdk/Developer/Library/Frameworks -c -j16 -enable-batch-mode -incremental -Xcc -ivfsstatcache -Xcc /Users/iv/Developer/relux-tunnel/.temp/TASK-260715-1rsqrh/DerivedData-iOS/SDKStatCaches.noindex/iphonesimulator26.5-23F73-9976ff0a46533d0d3305099c8405181f.sdkstatcache -output-file-map /Users/iv/Developer/.build/Intermediates.noindex/ReluxTunnel.build/Debug-iphonesimulator/ReluxTunnelIOSAdapter.build/Objects-normal/arm64/ReluxTunnelIOSAdapter-OutputFileMap.json -use-frontend-parseable-output -save-temps -no-color-diagnostics -explicit-module-build -module-cache-path /Users/iv/Developer/.build/Intermediates.noindex/SwiftExplicitPrecompiledModules -clang-scanner-module-cache-path /Users/iv/Developer/relux-tunnel/.temp/TASK-260715-1rsqrh/DerivedData-iOS/ModuleCache.noindex -sdk-module-cache-path /Users/iv/Developer/relux-tunnel/.temp/TASK-260715-1rsqrh/DerivedData-iOS/ModuleCache.noindex -serialize-diagnostics -emit-dependencies -emit-module -emit-module-path /Users/iv/Developer/.build/Intermediates.noindex/ReluxTunnel.build/Debug-iphonesimulator/ReluxTunnelIOSAdapter.build/Objects-normal/arm64/ReluxTunnelIOSAdapter.swiftmodule -validate-clang-modules-once -clang-build-session-file /Users/iv/Developer/relux-tunnel/.temp/TASK-260715-1rsqrh/DerivedData-iOS/ModuleCache.noindex/Session.modulevalidation -package-name relux_tunnel -Xcc -I/Users/iv/Developer/.build/Intermediates.noindex/ReluxTunnel.build/Debug-iphonesimulator/ReluxTunnelIOSAdapter.build/swift-overrides.hmap -emit-const-values -Xfrontend -const-gather-protocols-file -Xfrontend /Users/iv/Developer/.build/Intermediates.noindex/ReluxTunnel.build/Debug-iphonesimulator/ReluxTunnelIOSAdapter.build/Objects-normal/arm64/ReluxTunnelIOSAdapter_const_extract_protocols.json -Xcc -I/Users/iv/Developer/.build/Products/Debug-iphonesimulator/include -Xcc -I/Users/iv/Developer/.build/Intermediates.noindex/ReluxTunnel.build/Debug-iphonesimulator/ReluxTunnelIOSAdapter.build/DerivedSources-normal/arm64 -Xcc -I/Users/iv/Developer/.build/Intermediates.noindex/ReluxTunnel.build/Debug-iphonesimulator/ReluxTunnelIOSAdapter.build/DerivedSources/arm64 -Xcc -I/Users/iv/Developer/.build/Intermediates.noindex/ReluxTunnel.build/Debug-iphonesimulator/ReluxTunnelIOSAdapter.build/DerivedSources -Xcc -DSWIFT_PACKAGE -Xcc -DDEBUG\=1 -emit-objc-header -emit-objc-header-path /Users/iv/Developer/.build/Intermediates.noindex/ReluxTunnel.build/Debug-iphonesimulator/ReluxTunnelIOSAdapter.build/Objects-normal/arm64/ReluxTunnelIOSAdapter-Swift.h -working-directory /Users/iv/Developer/relux-tunnel/.swiftpm/xcode -experimental-emit-module-separately -disable-cmo

SwiftDriver ReluxTunnelIOSAdapter normal x86_64 com.apple.xcode.tools.swift.compiler (in target 'ReluxTunnelIOSAdapter' from project 'ReluxTunnel')
    cd /Users/iv/Developer/relux-tunnel/.swiftpm/xcode
    builtin-SwiftDriver -- /Applications/Xcode_26_5.app/Contents/Developer/Toolchains/XcodeDefault.xctoolchain/usr/bin/swiftc -module-name ReluxTunnelIOSAdapter -Onone @/Users/iv/Developer/.build/Intermediates.noindex/ReluxTunnel.build/Debug-iphonesimulator/ReluxTunnelIOSAdapter.build/Objects-normal/x86_64/ReluxTunnelIOSAdapter.SwiftFileList -DSWIFT_PACKAGE -DDEBUG -DSWIFT_MODULE_RESOURCE_BUNDLE_UNAVAILABLE -DXcode -plugin-path /Applications/Xcode_26_5.app/Contents/Developer/Toolchains/XcodeDefault.xctoolchain/usr/lib/swift/host/plugins/testing -enable-experimental-feature DebugDescriptionMacro -sdk /Applications/Xcode_26_5.app/Contents/Developer/Platforms/iPhoneSimulator.platform/Developer/SDKs/iPhoneSimulator26.5.sdk -target x86_64-apple-ios18.0-simulator -g -module-cache-path /Users/iv/Developer/relux-tunnel/.temp/TASK-260715-1rsqrh/DerivedData-iOS/ModuleCache.noindex -Xfrontend -serialize-debugging-options -enable-testing -index-store-path /Users/iv/Developer/relux-tunnel/.temp/TASK-260715-1rsqrh/DerivedData-iOS/Index.noindex/DataStore -Xcc -D_LIBCPP_HARDENING_MODE\=_LIBCPP_HARDENING_MODE_DEBUG -swift-version 6 -I /Users/iv/Developer/.build/Products/Debug-iphonesimulator -Isystem /Applications/Xcode_26_5.app/Contents/Developer/Platforms/iPhoneSimulator.platform/Developer/usr/lib -F /Users/iv/Developer/.build/Products/Debug-iphonesimulator/PackageFrameworks -F /Users/iv/Developer/.build/Products/Debug-iphonesimulator/PackageFrameworks -F /Users/iv/Developer/.build/Products/Debug-iphonesimulator -F /Applications/Xcode_26_5.app/Contents/Developer/Platforms/iPhoneSimulator.platform/Developer/Library/Frameworks -F /Applications/Xcode_26_5.app/Contents/Developer/Platforms/iPhoneSimulator.platform/Developer/SDKs/iPhoneSimulator26.5.sdk/Developer/Library/Frameworks -c -j16 -enable-batch-mode -incremental -Xcc -ivfsstatcache -Xcc /Users/iv/Developer/relux-tunnel/.temp/TASK-260715-1rsqrh/DerivedData-iOS/SDKStatCaches.noindex/iphonesimulator26.5-23F73-9976ff0a46533d0d3305099c8405181f.sdkstatcache -output-file-map /Users/iv/Developer/.build/Intermediates.noindex/ReluxTunnel.build/Debug-iphonesimulator/ReluxTunnelIOSAdapter.build/Objects-normal/x86_64/ReluxTunnelIOSAdapter-OutputFileMap.json -use-frontend-parseable-output -save-temps -no-color-diagnostics -explicit-module-build -module-cache-path /Users/iv/Developer/.build/Intermediates.noindex/SwiftExplicitPrecompiledModules -clang-scanner-module-cache-path /Users/iv/Developer/relux-tunnel/.temp/TASK-260715-1rsqrh/DerivedData-iOS/ModuleCache.noindex -sdk-module-cache-path /Users/iv/Developer/relux-tunnel/.temp/TASK-260715-1rsqrh/DerivedData-iOS/ModuleCache.noindex -serialize-diagnostics -emit-dependencies -emit-module -emit-module-path /Users/iv/Developer/.build/Intermediates.noindex/ReluxTunnel.build/Debug-iphonesimulator/ReluxTunnelIOSAdapter.build/Objects-normal/x86_64/ReluxTunnelIOSAdapter.swiftmodule -validate-clang-modules-once -clang-build-session-file /Users/iv/Developer/relux-tunnel/.temp/TASK-260715-1rsqrh/DerivedData-iOS/ModuleCache.noindex/Session.modulevalidation -package-name relux_tunnel -Xcc -I/Users/iv/Developer/.build/Intermediates.noindex/ReluxTunnel.build/Debug-iphonesimulator/ReluxTunnelIOSAdapter.build/swift-overrides.hmap -emit-const-values -Xfrontend -const-gather-protocols-file -Xfrontend /Users/iv/Developer/.build/Intermediates.noindex/ReluxTunnel.build/Debug-iphonesimulator/ReluxTunnelIOSAdapter.build/Objects-normal/x86_64/ReluxTunnelIOSAdapter_const_extract_protocols.json -Xcc -I/Users/iv/Developer/.build/Products/Debug-iphonesimulator/include -Xcc -I/Users/iv/Developer/.build/Intermediates.noindex/ReluxTunnel.build/Debug-iphonesimulator/ReluxTunnelIOSAdapter.build/DerivedSources-normal/x86_64 -Xcc -I/Users/iv/Developer/.build/Intermediates.noindex/ReluxTunnel.build/Debug-iphonesimulator/ReluxTunnelIOSAdapter.build/DerivedSources/x86_64 -Xcc -I/Users/iv/Developer/.build/Intermediates.noindex/ReluxTunnel.build/Debug-iphonesimulator/ReluxTunnelIOSAdapter.build/DerivedSources -Xcc -DSWIFT_PACKAGE -Xcc -DDEBUG\=1 -emit-objc-header -emit-objc-header-path /Users/iv/Developer/.build/Intermediates.noindex/ReluxTunnel.build/Debug-iphonesimulator/ReluxTunnelIOSAdapter.build/Objects-normal/x86_64/ReluxTunnelIOSAdapter-Swift.h -working-directory /Users/iv/Developer/relux-tunnel/.swiftpm/xcode -experimental-emit-module-separately -disable-cmo

SwiftDriverJobDiscovery normal arm64 Compiling HEVIntegration.swift (in target 'ReluxTunnelNativeAdapter' from project 'ReluxTunnel')

SwiftDriver\ Compilation ReluxTunnelNativeAdapter normal arm64 com.apple.xcode.tools.swift.compiler (in target 'ReluxTunnelNativeAdapter' from project 'ReluxTunnel')
    cd /Users/iv/Developer/relux-tunnel/.swiftpm/xcode
    builtin-Swift-Compilation -- /Applications/Xcode_26_5.app/Contents/Developer/Toolchains/XcodeDefault.xctoolchain/usr/bin/swiftc -module-name ReluxTunnelNativeAdapter -Onone @/Users/iv/Developer/.build/Intermediates.noindex/ReluxTunnel.build/Debug-iphonesimulator/ReluxTunnelNativeAdapter.build/Objects-normal/arm64/ReluxTunnelNativeAdapter.SwiftFileList -DSWIFT_PACKAGE -DDEBUG -DSWIFT_MODULE_RESOURCE_BUNDLE_UNAVAILABLE -DXcode -plugin-path /Applications/Xcode_26_5.app/Contents/Developer/Toolchains/XcodeDefault.xctoolchain/usr/lib/swift/host/plugins/testing -enable-experimental-feature DebugDescriptionMacro -sdk /Applications/Xcode_26_5.app/Contents/Developer/Platforms/iPhoneSimulator.platform/Developer/SDKs/iPhoneSimulator26.5.sdk -target arm64-apple-ios18.0-simulator -g -module-cache-path /Users/iv/Developer/relux-tunnel/.temp/TASK-260715-1rsqrh/DerivedData-iOS/ModuleCache.noindex -Xfrontend -serialize-debugging-options -enable-testing -index-store-path /Users/iv/Developer/relux-tunnel/.temp/TASK-260715-1rsqrh/DerivedData-iOS/Index.noindex/DataStore -Xcc -D_LIBCPP_HARDENING_MODE\=_LIBCPP_HARDENING_MODE_DEBUG -swift-version 6 -I /Users/iv/Developer/.build/Products/Debug-iphonesimulator -Isystem /Applications/Xcode_26_5.app/Contents/Developer/Platforms/iPhoneSimulator.platform/Developer/usr/lib -F /Users/iv/Developer/.build/Products/Debug-iphonesimulator/PackageFrameworks -F /Users/iv/Developer/.build/Products/Debug-iphonesimulator -F /Applications/Xcode_26_5.app/Contents/Developer/Platforms/iPhoneSimulator.platform/Developer/Library/Frameworks -F /Applications/Xcode_26_5.app/Contents/Developer/Platforms/iPhoneSimulator.platform/Developer/SDKs/iPhoneSimulator26.5.sdk/Developer/Library/Frameworks -c -j16 -enable-batch-mode -incremental -Xcc -ivfsstatcache -Xcc /Users/iv/Developer/relux-tunnel/.temp/TASK-260715-1rsqrh/DerivedData-iOS/SDKStatCaches.noindex/iphonesimulator26.5-23F73-9976ff0a46533d0d3305099c8405181f.sdkstatcache -output-file-map /Users/iv/Developer/.build/Intermediates.noindex/ReluxTunnel.build/Debug-iphonesimulator/ReluxTunnelNativeAdapter.build/Objects-normal/arm64/ReluxTunnelNativeAdapter-OutputFileMap.json -use-frontend-parseable-output -save-temps -no-color-diagnostics -explicit-module-build -module-cache-path /Users/iv/Developer/.build/Intermediates.noindex/SwiftExplicitPrecompiledModules -clang-scanner-module-cache-path /Users/iv/Developer/relux-tunnel/.temp/TASK-260715-1rsqrh/DerivedData-iOS/ModuleCache.noindex -sdk-module-cache-path /Users/iv/Developer/relux-tunnel/.temp/TASK-260715-1rsqrh/DerivedData-iOS/ModuleCache.noindex -serialize-diagnostics -emit-dependencies -emit-module -emit-module-path /Users/iv/Developer/.build/Intermediates.noindex/ReluxTunnel.build/Debug-iphonesimulator/ReluxTunnelNativeAdapter.build/Objects-normal/arm64/ReluxTunnelNativeAdapter.swiftmodule -validate-clang-modules-once -clang-build-session-file /Users/iv/Developer/relux-tunnel/.temp/TASK-260715-1rsqrh/DerivedData-iOS/ModuleCache.noindex/Session.modulevalidation -package-name relux_tunnel -Xcc -I/Users/iv/Developer/.build/Intermediates.noindex/ReluxTunnel.build/Debug-iphonesimulator/ReluxTunnelNativeAdapter.build/swift-overrides.hmap -emit-const-values -Xfrontend -const-gather-protocols-file -Xfrontend /Users/iv/Developer/.build/Intermediates.noindex/ReluxTunnel.build/Debug-iphonesimulator/ReluxTunnelNativeAdapter.build/Objects-normal/arm64/ReluxTunnelNativeAdapter_const_extract_protocols.json -Xcc -I/Users/iv/Developer/.build/Products/Debug-iphonesimulator/include -Xcc -I/Users/iv/Developer/.build/Intermediates.noindex/ReluxTunnel.build/Debug-iphonesimulator/ReluxTunnelNativeAdapter.build/DerivedSources-normal/arm64 -Xcc -I/Users/iv/Developer/.build/Intermediates.noindex/ReluxTunnel.build/Debug-iphonesimulator/ReluxTunnelNativeAdapter.build/DerivedSources/arm64 -Xcc -I/Users/iv/Developer/.build/Intermediates.noindex/ReluxTunnel.build/Debug-iphonesimulator/ReluxTunnelNativeAdapter.build/DerivedSources -Xcc -DSWIFT_PACKAGE -Xcc -DDEBUG\=1 -emit-objc-header -emit-objc-header-path /Users/iv/Developer/.build/Intermediates.noindex/ReluxTunnel.build/Debug-iphonesimulator/ReluxTunnelNativeAdapter.build/Objects-normal/arm64/ReluxTunnelNativeAdapter-Swift.h -working-directory /Users/iv/Developer/relux-tunnel/.swiftpm/xcode -experimental-emit-module-separately -disable-cmo

Ld /Users/iv/Developer/.build/Intermediates.noindex/ReluxTunnel.build/Debug-iphonesimulator/ReluxTunnelNativeAdapter.build/Objects-normal/arm64/Binary/ReluxTunnelNativeAdapter.o normal arm64 (in target 'ReluxTunnelNativeAdapter' from project 'ReluxTunnel')
    cd /Users/iv/Developer/relux-tunnel
    /Applications/Xcode_26_5.app/Contents/Developer/Toolchains/XcodeDefault.xctoolchain/usr/bin/clang -Xlinker -reproducible -target arm64-apple-ios18.0-simulator -r -isysroot /Applications/Xcode_26_5.app/Contents/Developer/Platforms/iPhoneSimulator.platform/Developer/SDKs/iPhoneSimulator26.5.sdk -O0 -F/Users/iv/Developer/.build/Intermediates.noindex/EagerLinkingTBDs/Debug-iphonesimulator -F/Users/iv/Developer/.build/Products/Debug-iphonesimulator/PackageFrameworks -F/Users/iv/Developer/.build/Products/Debug-iphonesimulator -iframework /Applications/Xcode_26_5.app/Contents/Developer/Platforms/iPhoneSimulator.platform/Developer/Library/Frameworks -iframework /Applications/Xcode_26_5.app/Contents/Developer/Platforms/iPhoneSimulator.platform/Developer/SDKs/iPhoneSimulator26.5.sdk/Developer/Library/Frameworks -filelist /Users/iv/Developer/.build/Intermediates.noindex/ReluxTunnel.build/Debug-iphonesimulator/ReluxTunnelNativeAdapter.build/Objects-normal/arm64/ReluxTunnelNativeAdapter.LinkFileList -nostdlib -Xlinker -object_path_lto -Xlinker /Users/iv/Developer/.build/Intermediates.noindex/ReluxTunnel.build/Debug-iphonesimulator/ReluxTunnelNativeAdapter.build/Objects-normal/arm64/ReluxTunnelNativeAdapter_lto.o -Xlinker -no_deduplicate -Xlinker -objc_abi_version -Xlinker 2 -Xlinker -dependency_info -Xlinker /Users/iv/Developer/.build/Intermediates.noindex/ReluxTunnel.build/Debug-iphonesimulator/ReluxTunnelNativeAdapter.build/Objects-normal/arm64/ReluxTunnelNativeAdapter_dependency_info.dat -fobjc-link-runtime -L/Applications/Xcode_26_5.app/Contents/Developer/Toolchains/XcodeDefault.xctoolchain/usr/lib/swift/iphonesimulator -L/usr/lib/swift -Xlinker -add_ast_path -Xlinker /Users/iv/Developer/.build/Intermediates.noindex/ReluxTunnel.build/Debug-iphonesimulator/ReluxTunnelNativeAdapter.build/Objects-normal/arm64/ReluxTunnelNativeAdapter.swiftmodule @/Users/iv/Developer/.build/Intermediates.noindex/ReluxTunnel.build/Debug-iphonesimulator/ReluxTunnelNativeAdapter.build/Objects-normal/arm64/ReluxTunnelNativeAdapter-linker-args.resp -o /Users/iv/Developer/.build/Intermediates.noindex/ReluxTunnel.build/Debug-iphonesimulator/ReluxTunnelNativeAdapter.build/Objects-normal/arm64/Binary/ReluxTunnelNativeAdapter.o

SwiftCompile normal x86_64 Compiling\ HEVNoticeBundle.swift /Users/iv/Developer/relux-tunnel/Sources/ReluxTunnelNativeAdapter/HEVNoticeBundle.swift (in target 'ReluxTunnelNativeAdapter' from project 'ReluxTunnel')

SwiftCompile normal x86_64 /Users/iv/Developer/relux-tunnel/Sources/ReluxTunnelNativeAdapter/HEVNoticeBundle.swift (in target 'ReluxTunnelNativeAdapter' from project 'ReluxTunnel')
    cd /Users/iv/Developer/relux-tunnel/.swiftpm/xcode
    

SwiftCompile normal x86_64 Compiling\ HEVIntegration.swift /Users/iv/Developer/relux-tunnel/Sources/ReluxTunnelNativeAdapter/HEVIntegration.swift (in target 'ReluxTunnelNativeAdapter' from project 'ReluxTunnel')
SwiftCompile normal x86_64 /Users/iv/Developer/relux-tunnel/Sources/ReluxTunnelNativeAdapter/HEVIntegration.swift (in target 'ReluxTunnelNativeAdapter' from project 'ReluxTunnel')
    cd /Users/iv/Developer/relux-tunnel/.swiftpm/xcode
    

SwiftCompile normal x86_64 Compiling\ HEVSOCKSBoundary.swift /Users/iv/Developer/relux-tunnel/Sources/ReluxTunnelNativeAdapter/HEVSOCKSBoundary.swift (in target 'ReluxTunnelNativeAdapter' from project 'ReluxTunnel')

SwiftCompile normal x86_64 /Users/iv/Developer/relux-tunnel/Sources/ReluxTunnelNativeAdapter/HEVSOCKSBoundary.swift (in target 'ReluxTunnelNativeAdapter' from project 'ReluxTunnel')
    cd /Users/iv/Developer/relux-tunnel/.swiftpm/xcode
    

SwiftCompile normal x86_64 Compiling\ NativeDependencyPackaging.swift /Users/iv/Developer/relux-tunnel/Sources/ReluxTunnelNativeAdapter/NativeDependencyPackaging.swift (in target 'ReluxTunnelNativeAdapter' from project 'ReluxTunnel')

SwiftCompile normal x86_64 /Users/iv/Developer/relux-tunnel/Sources/ReluxTunnelNativeAdapter/NativeDependencyPackaging.swift (in target 'ReluxTunnelNativeAdapter' from project 'ReluxTunnel')
    cd /Users/iv/Developer/relux-tunnel/.swiftpm/xcode
    

SwiftDriverJobDiscovery normal x86_64 Compiling HEVNoticeBundle.swift (in target 'ReluxTunnelNativeAdapter' from project 'ReluxTunnel')

SwiftDriverJobDiscovery normal x86_64 Compiling NativeDependencyPackaging.swift (in target 'ReluxTunnelNativeAdapter' from project 'ReluxTunnel')

SwiftExplicitDependencyGeneratePcm x86_64 /Users/iv/Developer/relux-tunnel/.temp/TASK-260715-1rsqrh/DerivedData-iOS/ModuleCache.noindex/MachO-55C30QQJYNFNUXA6YGLN7HI8V.pcm

SwiftExplicitDependencyGeneratePcm x86_64 /Users/iv/Developer/relux-tunnel/.temp/TASK-260715-1rsqrh/DerivedData-iOS/ModuleCache.noindex/_Builtin_stdatomic-10Y3SA0CZPYSZ660L8DPTEAHW.pcm

SwiftExplicitDependencyGeneratePcm x86_64 /Users/iv/Developer/relux-tunnel/.temp/TASK-260715-1rsqrh/DerivedData-iOS/ModuleCache.noindex/dnssd-7NWLZ83QA7RS3S6AZ8FZ76DAE.pcm

SwiftExplicitDependencyGeneratePcm x86_64 /Users/iv/Developer/relux-tunnel/.temp/TASK-260715-1rsqrh/DerivedData-iOS/ModuleCache.noindex/ExtensionFoundation-16EIGWRUSBO7QAKER2PVNQKTS.pcm

SwiftExplicitDependencyGeneratePcm arm64 /Users/iv/Developer/relux-tunnel/.temp/TASK-260715-1rsqrh/DerivedData-iOS/ModuleCache.noindex/ExtensionFoundation-B8J81R4UNPIYLJRANASA4G7QQ.pcm

SwiftExplicitDependencyGeneratePcm arm64 /Users/iv/Developer/relux-tunnel/.temp/TASK-260715-1rsqrh/DerivedData-iOS/ModuleCache.noindex/_Builtin_stdatomic-E0FS46IKG0BIAB937D43UKN4F.pcm

SwiftExplicitDependencyGeneratePcm arm64 /Users/iv/Developer/relux-tunnel/.temp/TASK-260715-1rsqrh/DerivedData-iOS/ModuleCache.noindex/MachO-37WX9HSOUSE6MWCSJV5P5EUCR.pcm

SwiftExplicitDependencyGeneratePcm arm64 /Users/iv/Developer/relux-tunnel/.temp/TASK-260715-1rsqrh/DerivedData-iOS/ModuleCache.noindex/dnssd-63UHW2HRLFBBKK1TQM8UR5DC9.pcm

SwiftExplicitDependencyGeneratePcm x86_64 /Users/iv/Developer/relux-tunnel/.temp/TASK-260715-1rsqrh/DerivedData-iOS/ModuleCache.noindex/Network-3O8TQ70Y6429OB8818XK4ALDR.pcm

SwiftExplicitDependencyGeneratePcm arm64 /Users/iv/Developer/relux-tunnel/.temp/TASK-260715-1rsqrh/DerivedData-iOS/ModuleCache.noindex/Network-2I7OXP3BOQLS6GIS51Z0MURR4.pcm

SwiftExplicitDependencyGeneratePcm x86_64 /Users/iv/Developer/relux-tunnel/.temp/TASK-260715-1rsqrh/DerivedData-iOS/ModuleCache.noindex/os-29TZKP5F7Z3U2UAV5V7WMQAUG.pcm

SwiftExplicitDependencyGeneratePcm arm64 /Users/iv/Developer/relux-tunnel/.temp/TASK-260715-1rsqrh/DerivedData-iOS/ModuleCache.noindex/os-6Y4RUZICVY26U9OQ4A5PGFHY0.pcm

SwiftExplicitDependencyGeneratePcm x86_64 /Users/iv/Developer/relux-tunnel/.temp/TASK-260715-1rsqrh/DerivedData-iOS/ModuleCache.noindex/OSLog-B0ACJ6O0W58P319PNV04EFJPD.pcm

SwiftExplicitDependencyGeneratePcm arm64 /Users/iv/Developer/relux-tunnel/.temp/TASK-260715-1rsqrh/DerivedData-iOS/ModuleCache.noindex/OSLog-DLN0RP5LDU41M81SLWWJ68PDJ.pcm

SwiftExplicitDependencyGeneratePcm x86_64 /Users/iv/Developer/relux-tunnel/.temp/TASK-260715-1rsqrh/DerivedData-iOS/ModuleCache.noindex/NetworkExtension-AV310K7LHWBDJLGA13MMHDGF2.pcm

SwiftExplicitDependencyGeneratePcm arm64 /Users/iv/Developer/relux-tunnel/.temp/TASK-260715-1rsqrh/DerivedData-iOS/ModuleCache.noindex/NetworkExtension-ANVPQ38K2YFEDCU85WE573IJF.pcm

SwiftCompile normal x86_64 Compiling\ IOSProviderCompositionRoot.swift /Users/iv/Developer/relux-tunnel/Sources/ReluxTunnelIOSAdapter/IOSProviderCompositionRoot.swift (in target 'ReluxTunnelIOSAdapter' from project 'ReluxTunnel')
SwiftCompile normal x86_64 /Users/iv/Developer/relux-tunnel/Sources/ReluxTunnelIOSAdapter/IOSProviderCompositionRoot.swift (in target 'ReluxTunnelIOSAdapter' from project 'ReluxTunnel')
    cd /Users/iv/Developer/relux-tunnel/.swiftpm/xcode
    

SwiftEmitModule normal x86_64 Emitting\ module\ for\ ReluxTunnelIOSAdapter (in target 'ReluxTunnelIOSAdapter' from project 'ReluxTunnel')

EmitSwiftModule normal x86_64 (in target 'ReluxTunnelIOSAdapter' from project 'ReluxTunnel')
    cd /Users/iv/Developer/relux-tunnel/.swiftpm/xcode
    

SwiftCompile normal x86_64 Compiling\ NativePackagingAnchor.swift /Users/iv/Developer/relux-tunnel/Sources/ReluxTunnelIOSAdapter/NativePackagingAnchor.swift (in target 'ReluxTunnelIOSAdapter' from project 'ReluxTunnel')

SwiftCompile normal x86_64 /Users/iv/Developer/relux-tunnel/Sources/ReluxTunnelIOSAdapter/NativePackagingAnchor.swift (in target 'ReluxTunnelIOSAdapter' from project 'ReluxTunnel')
    cd /Users/iv/Developer/relux-tunnel/.swiftpm/xcode
    

SwiftCompile normal x86_64 Compiling\ IOSVPNManagerPreferences.swift /Users/iv/Developer/relux-tunnel/Sources/ReluxTunnelIOSAdapter/IOSVPNManagerPreferences.swift (in target 'ReluxTunnelIOSAdapter' from project 'ReluxTunnel')
SwiftCompile normal x86_64 /Users/iv/Developer/relux-tunnel/Sources/ReluxTunnelIOSAdapter/IOSVPNManagerPreferences.swift (in target 'ReluxTunnelIOSAdapter' from project 'ReluxTunnel')
    cd /Users/iv/Developer/relux-tunnel/.swiftpm/xcode
    

SwiftCompile normal arm64 Compiling\ IOSProviderCompositionRoot.swift /Users/iv/Developer/relux-tunnel/Sources/ReluxTunnelIOSAdapter/IOSProviderCompositionRoot.swift (in target 'ReluxTunnelIOSAdapter' from project 'ReluxTunnel')

SwiftCompile normal arm64 /Users/iv/Developer/relux-tunnel/Sources/ReluxTunnelIOSAdapter/IOSProviderCompositionRoot.swift (in target 'ReluxTunnelIOSAdapter' from project 'ReluxTunnel')
    cd /Users/iv/Developer/relux-tunnel/.swiftpm/xcode
    

SwiftEmitModule normal arm64 Emitting\ module\ for\ ReluxTunnelIOSAdapter (in target 'ReluxTunnelIOSAdapter' from project 'ReluxTunnel')

EmitSwiftModule normal arm64 (in target 'ReluxTunnelIOSAdapter' from project 'ReluxTunnel')
    cd /Users/iv/Developer/relux-tunnel/.swiftpm/xcode
    

SwiftCompile normal arm64 Compiling\ NativePackagingAnchor.swift /Users/iv/Developer/relux-tunnel/Sources/ReluxTunnelIOSAdapter/NativePackagingAnchor.swift (in target 'ReluxTunnelIOSAdapter' from project 'ReluxTunnel')

SwiftCompile normal arm64 /Users/iv/Developer/relux-tunnel/Sources/ReluxTunnelIOSAdapter/NativePackagingAnchor.swift (in target 'ReluxTunnelIOSAdapter' from project 'ReluxTunnel')
    cd /Users/iv/Developer/relux-tunnel/.swiftpm/xcode
    

SwiftCompile normal arm64 Compiling\ IOSVPNManagerPreferences.swift /Users/iv/Developer/relux-tunnel/Sources/ReluxTunnelIOSAdapter/IOSVPNManagerPreferences.swift (in target 'ReluxTunnelIOSAdapter' from project 'ReluxTunnel')
SwiftCompile normal arm64 /Users/iv/Developer/relux-tunnel/Sources/ReluxTunnelIOSAdapter/IOSVPNManagerPreferences.swift (in target 'ReluxTunnelIOSAdapter' from project 'ReluxTunnel')
    cd /Users/iv/Developer/relux-tunnel/.swiftpm/xcode
    

SwiftDriverJobDiscovery normal x86_64 Compiling HEVSOCKSBoundary.swift (in target 'ReluxTunnelNativeAdapter' from project 'ReluxTunnel')

SwiftDriverJobDiscovery normal x86_64 Compiling NativePackagingAnchor.swift (in target 'ReluxTunnelIOSAdapter' from project 'ReluxTunnel')

SwiftDriverJobDiscovery normal arm64 Compiling NativePackagingAnchor.swift (in target 'ReluxTunnelIOSAdapter' from project 'ReluxTunnel')

SwiftDriverJobDiscovery normal arm64 Emitting module for ReluxTunnelIOSAdapter (in target 'ReluxTunnelIOSAdapter' from project 'ReluxTunnel')

SwiftDriver\ Compilation\ Requirements ReluxTunnelIOSAdapter normal arm64 com.apple.xcode.tools.swift.compiler (in target 'ReluxTunnelIOSAdapter' from project 'ReluxTunnel')
    cd /Users/iv/Developer/relux-tunnel/.swiftpm/xcode
    builtin-Swift-Compilation-Requirements -- /Applications/Xcode_26_5.app/Contents/Developer/Toolchains/XcodeDefault.xctoolchain/usr/bin/swiftc -module-name ReluxTunnelIOSAdapter -Onone @/Users/iv/Developer/.build/Intermediates.noindex/ReluxTunnel.build/Debug-iphonesimulator/ReluxTunnelIOSAdapter.build/Objects-normal/arm64/ReluxTunnelIOSAdapter.SwiftFileList -DSWIFT_PACKAGE -DDEBUG -DSWIFT_MODULE_RESOURCE_BUNDLE_UNAVAILABLE -DXcode -plugin-path /Applications/Xcode_26_5.app/Contents/Developer/Toolchains/XcodeDefault.xctoolchain/usr/lib/swift/host/plugins/testing -enable-experimental-feature DebugDescriptionMacro -sdk /Applications/Xcode_26_5.app/Contents/Developer/Platforms/iPhoneSimulator.platform/Developer/SDKs/iPhoneSimulator26.5.sdk -target arm64-apple-ios18.0-simulator -g -module-cache-path /Users/iv/Developer/relux-tunnel/.temp/TASK-260715-1rsqrh/DerivedData-iOS/ModuleCache.noindex -Xfrontend -serialize-debugging-options -enable-testing -index-store-path /Users/iv/Developer/relux-tunnel/.temp/TASK-260715-1rsqrh/DerivedData-iOS/Index.noindex/DataStore -Xcc -D_LIBCPP_HARDENING_MODE\=_LIBCPP_HARDENING_MODE_DEBUG -swift-version 6 -I /Users/iv/Developer/.build/Products/Debug-iphonesimulator -Isystem /Applications/Xcode_26_5.app/Contents/Developer/Platforms/iPhoneSimulator.platform/Developer/usr/lib -F /Users/iv/Developer/.build/Products/Debug-iphonesimulator/PackageFrameworks -F /Users/iv/Developer/.build/Products/Debug-iphonesimulator/PackageFrameworks -F /Users/iv/Developer/.build/Products/Debug-iphonesimulator -F /Applications/Xcode_26_5.app/Contents/Developer/Platforms/iPhoneSimulator.platform/Developer/Library/Frameworks -F /Applications/Xcode_26_5.app/Contents/Developer/Platforms/iPhoneSimulator.platform/Developer/SDKs/iPhoneSimulator26.5.sdk/Developer/Library/Frameworks -c -j16 -enable-batch-mode -incremental -Xcc -ivfsstatcache -Xcc /Users/iv/Developer/relux-tunnel/.temp/TASK-260715-1rsqrh/DerivedData-iOS/SDKStatCaches.noindex/iphonesimulator26.5-23F73-9976ff0a46533d0d3305099c8405181f.sdkstatcache -output-file-map /Users/iv/Developer/.build/Intermediates.noindex/ReluxTunnel.build/Debug-iphonesimulator/ReluxTunnelIOSAdapter.build/Objects-normal/arm64/ReluxTunnelIOSAdapter-OutputFileMap.json -use-frontend-parseable-output -save-temps -no-color-diagnostics -explicit-module-build -module-cache-path /Users/iv/Developer/.build/Intermediates.noindex/SwiftExplicitPrecompiledModules -clang-scanner-module-cache-path /Users/iv/Developer/relux-tunnel/.temp/TASK-260715-1rsqrh/DerivedData-iOS/ModuleCache.noindex -sdk-module-cache-path /Users/iv/Developer/relux-tunnel/.temp/TASK-260715-1rsqrh/DerivedData-iOS/ModuleCache.noindex -serialize-diagnostics -emit-dependencies -emit-module -emit-module-path /Users/iv/Developer/.build/Intermediates.noindex/ReluxTunnel.build/Debug-iphonesimulator/ReluxTunnelIOSAdapter.build/Objects-normal/arm64/ReluxTunnelIOSAdapter.swiftmodule -validate-clang-modules-once -clang-build-session-file /Users/iv/Developer/relux-tunnel/.temp/TASK-260715-1rsqrh/DerivedData-iOS/ModuleCache.noindex/Session.modulevalidation -package-name relux_tunnel -Xcc -I/Users/iv/Developer/.build/Intermediates.noindex/ReluxTunnel.build/Debug-iphonesimulator/ReluxTunnelIOSAdapter.build/swift-overrides.hmap -emit-const-values -Xfrontend -const-gather-protocols-file -Xfrontend /Users/iv/Developer/.build/Intermediates.noindex/ReluxTunnel.build/Debug-iphonesimulator/ReluxTunnelIOSAdapter.build/Objects-normal/arm64/ReluxTunnelIOSAdapter_const_extract_protocols.json -Xcc -I/Users/iv/Developer/.build/Products/Debug-iphonesimulator/include -Xcc -I/Users/iv/Developer/.build/Intermediates.noindex/ReluxTunnel.build/Debug-iphonesimulator/ReluxTunnelIOSAdapter.build/DerivedSources-normal/arm64 -Xcc -I/Users/iv/Developer/.build/Intermediates.noindex/ReluxTunnel.build/Debug-iphonesimulator/ReluxTunnelIOSAdapter.build/DerivedSources/arm64 -Xcc -I/Users/iv/Developer/.build/Intermediates.noindex/ReluxTunnel.build/Debug-iphonesimulator/ReluxTunnelIOSAdapter.build/DerivedSources -Xcc -DSWIFT_PACKAGE -Xcc -DDEBUG\=1 -emit-objc-header -emit-objc-header-path /Users/iv/Developer/.build/Intermediates.noindex/ReluxTunnel.build/Debug-iphonesimulator/ReluxTunnelIOSAdapter.build/Objects-normal/arm64/ReluxTunnelIOSAdapter-Swift.h -working-directory /Users/iv/Developer/relux-tunnel/.swiftpm/xcode -experimental-emit-module-separately -disable-cmo

SwiftDriverJobDiscovery normal x86_64 Emitting module for ReluxTunnelIOSAdapter (in target 'ReluxTunnelIOSAdapter' from project 'ReluxTunnel')

Copy /Users/iv/Developer/.build/Products/Debug-iphonesimulator/ReluxTunnelIOSAdapter.swiftmodule/Project/arm64-apple-ios-simulator.swiftsourceinfo /Users/iv/Developer/.build/Intermediates.noindex/ReluxTunnel.build/Debug-iphonesimulator/ReluxTunnelIOSAdapter.build/Objects-normal/arm64/ReluxTunnelIOSAdapter.swiftsourceinfo (in target 'ReluxTunnelIOSAdapter' from project 'ReluxTunnel')
    cd /Users/iv/Developer/relux-tunnel
    builtin-copy -exclude .DS_Store -exclude CVS -exclude .svn -exclude .git -exclude .hg -resolve-src-symlinks -rename /Users/iv/Developer/.build/Intermediates.noindex/ReluxTunnel.build/Debug-iphonesimulator/ReluxTunnelIOSAdapter.build/Objects-normal/arm64/ReluxTunnelIOSAdapter.swiftsourceinfo /Users/iv/Developer/.build/Products/Debug-iphonesimulator/ReluxTunnelIOSAdapter.swiftmodule/Project/arm64-apple-ios-simulator.swiftsourceinfo

SwiftDriver\ Compilation\ Requirements ReluxTunnelIOSAdapter normal x86_64 com.apple.xcode.tools.swift.compiler (in target 'ReluxTunnelIOSAdapter' from project 'ReluxTunnel')
    cd /Users/iv/Developer/relux-tunnel/.swiftpm/xcode
    builtin-Swift-Compilation-Requirements -- /Applications/Xcode_26_5.app/Contents/Developer/Toolchains/XcodeDefault.xctoolchain/usr/bin/swiftc -module-name ReluxTunnelIOSAdapter -Onone @/Users/iv/Developer/.build/Intermediates.noindex/ReluxTunnel.build/Debug-iphonesimulator/ReluxTunnelIOSAdapter.build/Objects-normal/x86_64/ReluxTunnelIOSAdapter.SwiftFileList -DSWIFT_PACKAGE -DDEBUG -DSWIFT_MODULE_RESOURCE_BUNDLE_UNAVAILABLE -DXcode -plugin-path /Applications/Xcode_26_5.app/Contents/Developer/Toolchains/XcodeDefault.xctoolchain/usr/lib/swift/host/plugins/testing -enable-experimental-feature DebugDescriptionMacro -sdk /Applications/Xcode_26_5.app/Contents/Developer/Platforms/iPhoneSimulator.platform/Developer/SDKs/iPhoneSimulator26.5.sdk -target x86_64-apple-ios18.0-simulator -g -module-cache-path /Users/iv/Developer/relux-tunnel/.temp/TASK-260715-1rsqrh/DerivedData-iOS/ModuleCache.noindex -Xfrontend -serialize-debugging-options -enable-testing -index-store-path /Users/iv/Developer/relux-tunnel/.temp/TASK-260715-1rsqrh/DerivedData-iOS/Index.noindex/DataStore -Xcc -D_LIBCPP_HARDENING_MODE\=_LIBCPP_HARDENING_MODE_DEBUG -swift-version 6 -I /Users/iv/Developer/.build/Products/Debug-iphonesimulator -Isystem /Applications/Xcode_26_5.app/Contents/Developer/Platforms/iPhoneSimulator.platform/Developer/usr/lib -F /Users/iv/Developer/.build/Products/Debug-iphonesimulator/PackageFrameworks -F /Users/iv/Developer/.build/Products/Debug-iphonesimulator/PackageFrameworks -F /Users/iv/Developer/.build/Products/Debug-iphonesimulator -F /Applications/Xcode_26_5.app/Contents/Developer/Platforms/iPhoneSimulator.platform/Developer/Library/Frameworks -F /Applications/Xcode_26_5.app/Contents/Developer/Platforms/iPhoneSimulator.platform/Developer/SDKs/iPhoneSimulator26.5.sdk/Developer/Library/Frameworks -c -j16 -enable-batch-mode -incremental -Xcc -ivfsstatcache -Xcc /Users/iv/Developer/relux-tunnel/.temp/TASK-260715-1rsqrh/DerivedData-iOS/SDKStatCaches.noindex/iphonesimulator26.5-23F73-9976ff0a46533d0d3305099c8405181f.sdkstatcache -output-file-map /Users/iv/Developer/.build/Intermediates.noindex/ReluxTunnel.build/Debug-iphonesimulator/ReluxTunnelIOSAdapter.build/Objects-normal/x86_64/ReluxTunnelIOSAdapter-OutputFileMap.json -use-frontend-parseable-output -save-temps -no-color-diagnostics -explicit-module-build -module-cache-path /Users/iv/Developer/.build/Intermediates.noindex/SwiftExplicitPrecompiledModules -clang-scanner-module-cache-path /Users/iv/Developer/relux-tunnel/.temp/TASK-260715-1rsqrh/DerivedData-iOS/ModuleCache.noindex -sdk-module-cache-path /Users/iv/Developer/relux-tunnel/.temp/TASK-260715-1rsqrh/DerivedData-iOS/ModuleCache.noindex -serialize-diagnostics -emit-dependencies -emit-module -emit-module-path /Users/iv/Developer/.build/Intermediates.noindex/ReluxTunnel.build/Debug-iphonesimulator/ReluxTunnelIOSAdapter.build/Objects-normal/x86_64/ReluxTunnelIOSAdapter.swiftmodule -validate-clang-modules-once -clang-build-session-file /Users/iv/Developer/relux-tunnel/.temp/TASK-260715-1rsqrh/DerivedData-iOS/ModuleCache.noindex/Session.modulevalidation -package-name relux_tunnel -Xcc -I/Users/iv/Developer/.build/Intermediates.noindex/ReluxTunnel.build/Debug-iphonesimulator/ReluxTunnelIOSAdapter.build/swift-overrides.hmap -emit-const-values -Xfrontend -const-gather-protocols-file -Xfrontend /Users/iv/Developer/.build/Intermediates.noindex/ReluxTunnel.build/Debug-iphonesimulator/ReluxTunnelIOSAdapter.build/Objects-normal/x86_64/ReluxTunnelIOSAdapter_const_extract_protocols.json -Xcc -I/Users/iv/Developer/.build/Products/Debug-iphonesimulator/include -Xcc -I/Users/iv/Developer/.build/Intermediates.noindex/ReluxTunnel.build/Debug-iphonesimulator/ReluxTunnelIOSAdapter.build/DerivedSources-normal/x86_64 -Xcc -I/Users/iv/Developer/.build/Intermediates.noindex/ReluxTunnel.build/Debug-iphonesimulator/ReluxTunnelIOSAdapter.build/DerivedSources/x86_64 -Xcc -I/Users/iv/Developer/.build/Intermediates.noindex/ReluxTunnel.build/Debug-iphonesimulator/ReluxTunnelIOSAdapter.build/DerivedSources -Xcc -DSWIFT_PACKAGE -Xcc -DDEBUG\=1 -emit-objc-header -emit-objc-header-path /Users/iv/Developer/.build/Intermediates.noindex/ReluxTunnel.build/Debug-iphonesimulator/ReluxTunnelIOSAdapter.build/Objects-normal/x86_64/ReluxTunnelIOSAdapter-Swift.h -working-directory /Users/iv/Developer/relux-tunnel/.swiftpm/xcode -experimental-emit-module-separately -disable-cmo

Copy /Users/iv/Developer/.build/Products/Debug-iphonesimulator/ReluxTunnelIOSAdapter.swiftmodule/x86_64-apple-ios-simulator.swiftmodule /Users/iv/Developer/.build/Intermediates.noindex/ReluxTunnel.build/Debug-iphonesimulator/ReluxTunnelIOSAdapter.build/Objects-normal/x86_64/ReluxTunnelIOSAdapter.swiftmodule (in target 'ReluxTunnelIOSAdapter' from project 'ReluxTunnel')
    cd /Users/iv/Developer/relux-tunnel
    builtin-copy -exclude .DS_Store -exclude CVS -exclude .svn -exclude .git -exclude .hg -resolve-src-symlinks -rename /Users/iv/Developer/.build/Intermediates.noindex/ReluxTunnel.build/Debug-iphonesimulator/ReluxTunnelIOSAdapter.build/Objects-normal/x86_64/ReluxTunnelIOSAdapter.swiftmodule /Users/iv/Developer/.build/Products/Debug-iphonesimulator/ReluxTunnelIOSAdapter.swiftmodule/x86_64-apple-ios-simulator.swiftmodule

Copy /Users/iv/Developer/.build/Products/Debug-iphonesimulator/ReluxTunnelIOSAdapter.swiftmodule/arm64-apple-ios-simulator.abi.json /Users/iv/Developer/.build/Intermediates.noindex/ReluxTunnel.build/Debug-iphonesimulator/ReluxTunnelIOSAdapter.build/Objects-normal/arm64/ReluxTunnelIOSAdapter.abi.json (in target 'ReluxTunnelIOSAdapter' from project 'ReluxTunnel')
    cd /Users/iv/Developer/relux-tunnel
    builtin-copy -exclude .DS_Store -exclude CVS -exclude .svn -exclude .git -exclude .hg -resolve-src-symlinks -rename /Users/iv/Developer/.build/Intermediates.noindex/ReluxTunnel.build/Debug-iphonesimulator/ReluxTunnelIOSAdapter.build/Objects-normal/arm64/ReluxTunnelIOSAdapter.abi.json /Users/iv/Developer/.build/Products/Debug-iphonesimulator/ReluxTunnelIOSAdapter.swiftmodule/arm64-apple-ios-simulator.abi.json

Copy /Users/iv/Developer/.build/Products/Debug-iphonesimulator/ReluxTunnelIOSAdapter.swiftmodule/x86_64-apple-ios-simulator.abi.json /Users/iv/Developer/.build/Intermediates.noindex/ReluxTunnel.build/Debug-iphonesimulator/ReluxTunnelIOSAdapter.build/Objects-normal/x86_64/ReluxTunnelIOSAdapter.abi.json (in target 'ReluxTunnelIOSAdapter' from project 'ReluxTunnel')
    cd /Users/iv/Developer/relux-tunnel
    builtin-copy -exclude .DS_Store -exclude CVS -exclude .svn -exclude .git -exclude .hg -resolve-src-symlinks -rename /Users/iv/Developer/.build/Intermediates.noindex/ReluxTunnel.build/Debug-iphonesimulator/ReluxTunnelIOSAdapter.build/Objects-normal/x86_64/ReluxTunnelIOSAdapter.abi.json /Users/iv/Developer/.build/Products/Debug-iphonesimulator/ReluxTunnelIOSAdapter.swiftmodule/x86_64-apple-ios-simulator.abi.json

Copy /Users/iv/Developer/.build/Products/Debug-iphonesimulator/ReluxTunnelIOSAdapter.swiftmodule/arm64-apple-ios-simulator.swiftmodule /Users/iv/Developer/.build/Intermediates.noindex/ReluxTunnel.build/Debug-iphonesimulator/ReluxTunnelIOSAdapter.build/Objects-normal/arm64/ReluxTunnelIOSAdapter.swiftmodule (in target 'ReluxTunnelIOSAdapter' from project 'ReluxTunnel')
    cd /Users/iv/Developer/relux-tunnel
    builtin-copy -exclude .DS_Store -exclude CVS -exclude .svn -exclude .git -exclude .hg -resolve-src-symlinks -rename /Users/iv/Developer/.build/Intermediates.noindex/ReluxTunnel.build/Debug-iphonesimulator/ReluxTunnelIOSAdapter.build/Objects-normal/arm64/ReluxTunnelIOSAdapter.swiftmodule /Users/iv/Developer/.build/Products/Debug-iphonesimulator/ReluxTunnelIOSAdapter.swiftmodule/arm64-apple-ios-simulator.swiftmodule

Copy /Users/iv/Developer/.build/Products/Debug-iphonesimulator/ReluxTunnelIOSAdapter.swiftmodule/Project/x86_64-apple-ios-simulator.swiftsourceinfo /Users/iv/Developer/.build/Intermediates.noindex/ReluxTunnel.build/Debug-iphonesimulator/ReluxTunnelIOSAdapter.build/Objects-normal/x86_64/ReluxTunnelIOSAdapter.swiftsourceinfo (in target 'ReluxTunnelIOSAdapter' from project 'ReluxTunnel')
    cd /Users/iv/Developer/relux-tunnel
    builtin-copy -exclude .DS_Store -exclude CVS -exclude .svn -exclude .git -exclude .hg -resolve-src-symlinks -rename /Users/iv/Developer/.build/Intermediates.noindex/ReluxTunnel.build/Debug-iphonesimulator/ReluxTunnelIOSAdapter.build/Objects-normal/x86_64/ReluxTunnelIOSAdapter.swiftsourceinfo /Users/iv/Developer/.build/Products/Debug-iphonesimulator/ReluxTunnelIOSAdapter.swiftmodule/Project/x86_64-apple-ios-simulator.swiftsourceinfo

SwiftDriverJobDiscovery normal x86_64 Compiling HEVIntegration.swift (in target 'ReluxTunnelNativeAdapter' from project 'ReluxTunnel')

SwiftDriver\ Compilation ReluxTunnelNativeAdapter normal x86_64 com.apple.xcode.tools.swift.compiler (in target 'ReluxTunnelNativeAdapter' from project 'ReluxTunnel')
    cd /Users/iv/Developer/relux-tunnel/.swiftpm/xcode
    builtin-Swift-Compilation -- /Applications/Xcode_26_5.app/Contents/Developer/Toolchains/XcodeDefault.xctoolchain/usr/bin/swiftc -module-name ReluxTunnelNativeAdapter -Onone @/Users/iv/Developer/.build/Intermediates.noindex/ReluxTunnel.build/Debug-iphonesimulator/ReluxTunnelNativeAdapter.build/Objects-normal/x86_64/ReluxTunnelNativeAdapter.SwiftFileList -DSWIFT_PACKAGE -DDEBUG -DSWIFT_MODULE_RESOURCE_BUNDLE_UNAVAILABLE -DXcode -plugin-path /Applications/Xcode_26_5.app/Contents/Developer/Toolchains/XcodeDefault.xctoolchain/usr/lib/swift/host/plugins/testing -enable-experimental-feature DebugDescriptionMacro -sdk /Applications/Xcode_26_5.app/Contents/Developer/Platforms/iPhoneSimulator.platform/Developer/SDKs/iPhoneSimulator26.5.sdk -target x86_64-apple-ios18.0-simulator -g -module-cache-path /Users/iv/Developer/relux-tunnel/.temp/TASK-260715-1rsqrh/DerivedData-iOS/ModuleCache.noindex -Xfrontend -serialize-debugging-options -enable-testing -index-store-path /Users/iv/Developer/relux-tunnel/.temp/TASK-260715-1rsqrh/DerivedData-iOS/Index.noindex/DataStore -Xcc -D_LIBCPP_HARDENING_MODE\=_LIBCPP_HARDENING_MODE_DEBUG -swift-version 6 -I /Users/iv/Developer/.build/Products/Debug-iphonesimulator -Isystem /Applications/Xcode_26_5.app/Contents/Developer/Platforms/iPhoneSimulator.platform/Developer/usr/lib -F /Users/iv/Developer/.build/Products/Debug-iphonesimulator/PackageFrameworks -F /Users/iv/Developer/.build/Products/Debug-iphonesimulator -F /Applications/Xcode_26_5.app/Contents/Developer/Platforms/iPhoneSimulator.platform/Developer/Library/Frameworks -F /Applications/Xcode_26_5.app/Contents/Developer/Platforms/iPhoneSimulator.platform/Developer/SDKs/iPhoneSimulator26.5.sdk/Developer/Library/Frameworks -c -j16 -enable-batch-mode -incremental -Xcc -ivfsstatcache -Xcc /Users/iv/Developer/relux-tunnel/.temp/TASK-260715-1rsqrh/DerivedData-iOS/SDKStatCaches.noindex/iphonesimulator26.5-23F73-9976ff0a46533d0d3305099c8405181f.sdkstatcache -output-file-map /Users/iv/Developer/.build/Intermediates.noindex/ReluxTunnel.build/Debug-iphonesimulator/ReluxTunnelNativeAdapter.build/Objects-normal/x86_64/ReluxTunnelNativeAdapter-OutputFileMap.json -use-frontend-parseable-output -save-temps -no-color-diagnostics -explicit-module-build -module-cache-path /Users/iv/Developer/.build/Intermediates.noindex/SwiftExplicitPrecompiledModules -clang-scanner-module-cache-path /Users/iv/Developer/relux-tunnel/.temp/TASK-260715-1rsqrh/DerivedData-iOS/ModuleCache.noindex -sdk-module-cache-path /Users/iv/Developer/relux-tunnel/.temp/TASK-260715-1rsqrh/DerivedData-iOS/ModuleCache.noindex -serialize-diagnostics -emit-dependencies -emit-module -emit-module-path /Users/iv/Developer/.build/Intermediates.noindex/ReluxTunnel.build/Debug-iphonesimulator/ReluxTunnelNativeAdapter.build/Objects-normal/x86_64/ReluxTunnelNativeAdapter.swiftmodule -validate-clang-modules-once -clang-build-session-file /Users/iv/Developer/relux-tunnel/.temp/TASK-260715-1rsqrh/DerivedData-iOS/ModuleCache.noindex/Session.modulevalidation -package-name relux_tunnel -Xcc -I/Users/iv/Developer/.build/Intermediates.noindex/ReluxTunnel.build/Debug-iphonesimulator/ReluxTunnelNativeAdapter.build/swift-overrides.hmap -emit-const-values -Xfrontend -const-gather-protocols-file -Xfrontend /Users/iv/Developer/.build/Intermediates.noindex/ReluxTunnel.build/Debug-iphonesimulator/ReluxTunnelNativeAdapter.build/Objects-normal/x86_64/ReluxTunnelNativeAdapter_const_extract_protocols.json -Xcc -I/Users/iv/Developer/.build/Products/Debug-iphonesimulator/include -Xcc -I/Users/iv/Developer/.build/Intermediates.noindex/ReluxTunnel.build/Debug-iphonesimulator/ReluxTunnelNativeAdapter.build/DerivedSources-normal/x86_64 -Xcc -I/Users/iv/Developer/.build/Intermediates.noindex/ReluxTunnel.build/Debug-iphonesimulator/ReluxTunnelNativeAdapter.build/DerivedSources/x86_64 -Xcc -I/Users/iv/Developer/.build/Intermediates.noindex/ReluxTunnel.build/Debug-iphonesimulator/ReluxTunnelNativeAdapter.build/DerivedSources -Xcc -DSWIFT_PACKAGE -Xcc -DDEBUG\=1 -emit-objc-header -emit-objc-header-path /Users/iv/Developer/.build/Intermediates.noindex/ReluxTunnel.build/Debug-iphonesimulator/ReluxTunnelNativeAdapter.build/Objects-normal/x86_64/ReluxTunnelNativeAdapter-Swift.h -working-directory /Users/iv/Developer/relux-tunnel/.swiftpm/xcode -experimental-emit-module-separately -disable-cmo

Ld /Users/iv/Developer/.build/Intermediates.noindex/ReluxTunnel.build/Debug-iphonesimulator/ReluxTunnelNativeAdapter.build/Objects-normal/x86_64/Binary/ReluxTunnelNativeAdapter.o normal x86_64 (in target 'ReluxTunnelNativeAdapter' from project 'ReluxTunnel')
    cd /Users/iv/Developer/relux-tunnel
    /Applications/Xcode_26_5.app/Contents/Developer/Toolchains/XcodeDefault.xctoolchain/usr/bin/clang -Xlinker -reproducible -target x86_64-apple-ios18.0-simulator -r -isysroot /Applications/Xcode_26_5.app/Contents/Developer/Platforms/iPhoneSimulator.platform/Developer/SDKs/iPhoneSimulator26.5.sdk -O0 -F/Users/iv/Developer/.build/Intermediates.noindex/EagerLinkingTBDs/Debug-iphonesimulator -F/Users/iv/Developer/.build/Products/Debug-iphonesimulator/PackageFrameworks -F/Users/iv/Developer/.build/Products/Debug-iphonesimulator -iframework /Applications/Xcode_26_5.app/Contents/Developer/Platforms/iPhoneSimulator.platform/Developer/Library/Frameworks -iframework /Applications/Xcode_26_5.app/Contents/Developer/Platforms/iPhoneSimulator.platform/Developer/SDKs/iPhoneSimulator26.5.sdk/Developer/Library/Frameworks -filelist /Users/iv/Developer/.build/Intermediates.noindex/ReluxTunnel.build/Debug-iphonesimulator/ReluxTunnelNativeAdapter.build/Objects-normal/x86_64/ReluxTunnelNativeAdapter.LinkFileList -nostdlib -Xlinker -object_path_lto -Xlinker /Users/iv/Developer/.build/Intermediates.noindex/ReluxTunnel.build/Debug-iphonesimulator/ReluxTunnelNativeAdapter.build/Objects-normal/x86_64/ReluxTunnelNativeAdapter_lto.o -Xlinker -no_deduplicate -Xlinker -objc_abi_version -Xlinker 2 -Xlinker -dependency_info -Xlinker /Users/iv/Developer/.build/Intermediates.noindex/ReluxTunnel.build/Debug-iphonesimulator/ReluxTunnelNativeAdapter.build/Objects-normal/x86_64/ReluxTunnelNativeAdapter_dependency_info.dat -fobjc-link-runtime -L/Applications/Xcode_26_5.app/Contents/Developer/Toolchains/XcodeDefault.xctoolchain/usr/lib/swift/iphonesimulator -L/usr/lib/swift -Xlinker -add_ast_path -Xlinker /Users/iv/Developer/.build/Intermediates.noindex/ReluxTunnel.build/Debug-iphonesimulator/ReluxTunnelNativeAdapter.build/Objects-normal/x86_64/ReluxTunnelNativeAdapter.swiftmodule @/Users/iv/Developer/.build/Intermediates.noindex/ReluxTunnel.build/Debug-iphonesimulator/ReluxTunnelNativeAdapter.build/Objects-normal/x86_64/ReluxTunnelNativeAdapter-linker-args.resp -o /Users/iv/Developer/.build/Intermediates.noindex/ReluxTunnel.build/Debug-iphonesimulator/ReluxTunnelNativeAdapter.build/Objects-normal/x86_64/Binary/ReluxTunnelNativeAdapter.o

CreateUniversalBinary /Users/iv/Developer/.build/Products/Debug-iphonesimulator/ReluxTunnelNativeAdapter.o normal arm64\ x86_64 (in target 'ReluxTunnelNativeAdapter' from project 'ReluxTunnel')
    cd /Users/iv/Developer/relux-tunnel
    /Applications/Xcode_26_5.app/Contents/Developer/Toolchains/XcodeDefault.xctoolchain/usr/bin/lipo -create /Users/iv/Developer/.build/Intermediates.noindex/ReluxTunnel.build/Debug-iphonesimulator/ReluxTunnelNativeAdapter.build/Objects-normal/arm64/Binary/ReluxTunnelNativeAdapter.o /Users/iv/Developer/.build/Intermediates.noindex/ReluxTunnel.build/Debug-iphonesimulator/ReluxTunnelNativeAdapter.build/Objects-normal/x86_64/Binary/ReluxTunnelNativeAdapter.o -output /Users/iv/Developer/.build/Products/Debug-iphonesimulator/ReluxTunnelNativeAdapter.o

ExtractAppIntentsMetadata (in target 'ReluxTunnelNativeAdapter' from project 'ReluxTunnel')
    cd /Users/iv/Developer/relux-tunnel
    /Applications/Xcode_26_5.app/Contents/Developer/Toolchains/XcodeDefault.xctoolchain/usr/bin/appintentsmetadataprocessor --toolchain-dir /Applications/Xcode_26_5.app/Contents/Developer/Toolchains/XcodeDefault.xctoolchain --module-name ReluxTunnelNativeAdapter --sdk-root /Applications/Xcode_26_5.app/Contents/Developer/Platforms/iPhoneSimulator.platform/Developer/SDKs/iPhoneSimulator26.5.sdk --xcode-version 17F42 --platform-family iOS --deployment-target 18.0 --bundle-identifier relux-tunnel.ReluxTunnelNativeAdapter --output /Users/iv/Developer/.build/Products/Debug-iphonesimulator/ReluxTunnelNativeAdapter.appintents --target-triple arm64-apple-ios18.0-simulator --target-triple x86_64-apple-ios18.0-simulator --binary-file /Users/iv/Developer/.build/Products/Debug-iphonesimulator/ReluxTunnelNativeAdapter.o --dependency-file /Users/iv/Developer/.build/Intermediates.noindex/ReluxTunnel.build/Debug-iphonesimulator/ReluxTunnelNativeAdapter.build/Objects-normal/arm64/ReluxTunnelNativeAdapter_dependency_info.dat --dependency-file /Users/iv/Developer/.build/Intermediates.noindex/ReluxTunnel.build/Debug-iphonesimulator/ReluxTunnelNativeAdapter.build/Objects-normal/x86_64/ReluxTunnelNativeAdapter_dependency_info.dat --stringsdata-file /Users/iv/Developer/.build/Intermediates.noindex/ReluxTunnel.build/Debug-iphonesimulator/ReluxTunnelNativeAdapter.build/Objects-normal/arm64/ExtractedAppShortcutsMetadata.stringsdata --stringsdata-file /Users/iv/Developer/.build/Intermediates.noindex/ReluxTunnel.build/Debug-iphonesimulator/ReluxTunnelNativeAdapter.build/Objects-normal/x86_64/ExtractedAppShortcutsMetadata.stringsdata --source-file-list /Users/iv/Developer/.build/Intermediates.noindex/ReluxTunnel.build/Debug-iphonesimulator/ReluxTunnelNativeAdapter.build/Objects-normal/arm64/ReluxTunnelNativeAdapter.SwiftFileList --source-file-list /Users/iv/Developer/.build/Intermediates.noindex/ReluxTunnel.build/Debug-iphonesimulator/ReluxTunnelNativeAdapter.build/Objects-normal/x86_64/ReluxTunnelNativeAdapter.SwiftFileList --metadata-file-list /Users/iv/Developer/.build/Intermediates.noindex/ReluxTunnel.build/Debug-iphonesimulator/ReluxTunnelNativeAdapter.build/ReluxTunnelNativeAdapter.DependencyMetadataFileList --static-metadata-file-list /Users/iv/Developer/.build/Intermediates.noindex/ReluxTunnel.build/Debug-iphonesimulator/ReluxTunnelNativeAdapter.build/ReluxTunnelNativeAdapter.DependencyStaticMetadataFileList --swift-const-vals-list /Users/iv/Developer/.build/Intermediates.noindex/ReluxTunnel.build/Debug-iphonesimulator/ReluxTunnelNativeAdapter.build/Objects-normal/arm64/ReluxTunnelNativeAdapter.SwiftConstValuesFileList --swift-const-vals-list /Users/iv/Developer/.build/Intermediates.noindex/ReluxTunnel.build/Debug-iphonesimulator/ReluxTunnelNativeAdapter.build/Objects-normal/x86_64/ReluxTunnelNativeAdapter.SwiftConstValuesFileList --force --compile-time-extraction --deployment-aware-processing --validate-assistant-intents --no-app-shortcuts-localization
2026-07-21 05:17:14.751 appintentsmetadataprocessor[81222:98261263] Starting appintentsmetadataprocessor export
2026-07-21 05:17:14.759 appintentsmetadataprocessor[81222:98261263] Extracted no relevant App Intents symbols, skipping writing output

RegisterExecutionPolicyException /Users/iv/Developer/.build/Products/Debug-iphonesimulator/ReluxTunnelNativeAdapter.o (in target 'ReluxTunnelNativeAdapter' from project 'ReluxTunnel')
    cd /Users/iv/Developer/relux-tunnel
    builtin-RegisterExecutionPolicyException /Users/iv/Developer/.build/Products/Debug-iphonesimulator/ReluxTunnelNativeAdapter.o

SwiftDriverJobDiscovery normal x86_64 Compiling IOSProviderCompositionRoot.swift (in target 'ReluxTunnelIOSAdapter' from project 'ReluxTunnel')

SwiftDriverJobDiscovery normal arm64 Compiling IOSProviderCompositionRoot.swift (in target 'ReluxTunnelIOSAdapter' from project 'ReluxTunnel')

SwiftDriverJobDiscovery normal arm64 Compiling IOSVPNManagerPreferences.swift (in target 'ReluxTunnelIOSAdapter' from project 'ReluxTunnel')

SwiftDriverJobDiscovery normal x86_64 Compiling IOSVPNManagerPreferences.swift (in target 'ReluxTunnelIOSAdapter' from project 'ReluxTunnel')

SwiftDriver\ Compilation ReluxTunnelIOSAdapter normal x86_64 com.apple.xcode.tools.swift.compiler (in target 'ReluxTunnelIOSAdapter' from project 'ReluxTunnel')
    cd /Users/iv/Developer/relux-tunnel/.swiftpm/xcode
    builtin-Swift-Compilation -- /Applications/Xcode_26_5.app/Contents/Developer/Toolchains/XcodeDefault.xctoolchain/usr/bin/swiftc -module-name ReluxTunnelIOSAdapter -Onone @/Users/iv/Developer/.build/Intermediates.noindex/ReluxTunnel.build/Debug-iphonesimulator/ReluxTunnelIOSAdapter.build/Objects-normal/x86_64/ReluxTunnelIOSAdapter.SwiftFileList -DSWIFT_PACKAGE -DDEBUG -DSWIFT_MODULE_RESOURCE_BUNDLE_UNAVAILABLE -DXcode -plugin-path /Applications/Xcode_26_5.app/Contents/Developer/Toolchains/XcodeDefault.xctoolchain/usr/lib/swift/host/plugins/testing -enable-experimental-feature DebugDescriptionMacro -sdk /Applications/Xcode_26_5.app/Contents/Developer/Platforms/iPhoneSimulator.platform/Developer/SDKs/iPhoneSimulator26.5.sdk -target x86_64-apple-ios18.0-simulator -g -module-cache-path /Users/iv/Developer/relux-tunnel/.temp/TASK-260715-1rsqrh/DerivedData-iOS/ModuleCache.noindex -Xfrontend -serialize-debugging-options -enable-testing -index-store-path /Users/iv/Developer/relux-tunnel/.temp/TASK-260715-1rsqrh/DerivedData-iOS/Index.noindex/DataStore -Xcc -D_LIBCPP_HARDENING_MODE\=_LIBCPP_HARDENING_MODE_DEBUG -swift-version 6 -I /Users/iv/Developer/.build/Products/Debug-iphonesimulator -Isystem /Applications/Xcode_26_5.app/Contents/Developer/Platforms/iPhoneSimulator.platform/Developer/usr/lib -F /Users/iv/Developer/.build/Products/Debug-iphonesimulator/PackageFrameworks -F /Users/iv/Developer/.build/Products/Debug-iphonesimulator/PackageFrameworks -F /Users/iv/Developer/.build/Products/Debug-iphonesimulator -F /Applications/Xcode_26_5.app/Contents/Developer/Platforms/iPhoneSimulator.platform/Developer/Library/Frameworks -F /Applications/Xcode_26_5.app/Contents/Developer/Platforms/iPhoneSimulator.platform/Developer/SDKs/iPhoneSimulator26.5.sdk/Developer/Library/Frameworks -c -j16 -enable-batch-mode -incremental -Xcc -ivfsstatcache -Xcc /Users/iv/Developer/relux-tunnel/.temp/TASK-260715-1rsqrh/DerivedData-iOS/SDKStatCaches.noindex/iphonesimulator26.5-23F73-9976ff0a46533d0d3305099c8405181f.sdkstatcache -output-file-map /Users/iv/Developer/.build/Intermediates.noindex/ReluxTunnel.build/Debug-iphonesimulator/ReluxTunnelIOSAdapter.build/Objects-normal/x86_64/ReluxTunnelIOSAdapter-OutputFileMap.json -use-frontend-parseable-output -save-temps -no-color-diagnostics -explicit-module-build -module-cache-path /Users/iv/Developer/.build/Intermediates.noindex/SwiftExplicitPrecompiledModules -clang-scanner-module-cache-path /Users/iv/Developer/relux-tunnel/.temp/TASK-260715-1rsqrh/DerivedData-iOS/ModuleCache.noindex -sdk-module-cache-path /Users/iv/Developer/relux-tunnel/.temp/TASK-260715-1rsqrh/DerivedData-iOS/ModuleCache.noindex -serialize-diagnostics -emit-dependencies -emit-module -emit-module-path /Users/iv/Developer/.build/Intermediates.noindex/ReluxTunnel.build/Debug-iphonesimulator/ReluxTunnelIOSAdapter.build/Objects-normal/x86_64/ReluxTunnelIOSAdapter.swiftmodule -validate-clang-modules-once -clang-build-session-file /Users/iv/Developer/relux-tunnel/.temp/TASK-260715-1rsqrh/DerivedData-iOS/ModuleCache.noindex/Session.modulevalidation -package-name relux_tunnel -Xcc -I/Users/iv/Developer/.build/Intermediates.noindex/ReluxTunnel.build/Debug-iphonesimulator/ReluxTunnelIOSAdapter.build/swift-overrides.hmap -emit-const-values -Xfrontend -const-gather-protocols-file -Xfrontend /Users/iv/Developer/.build/Intermediates.noindex/ReluxTunnel.build/Debug-iphonesimulator/ReluxTunnelIOSAdapter.build/Objects-normal/x86_64/ReluxTunnelIOSAdapter_const_extract_protocols.json -Xcc -I/Users/iv/Developer/.build/Products/Debug-iphonesimulator/include -Xcc -I/Users/iv/Developer/.build/Intermediates.noindex/ReluxTunnel.build/Debug-iphonesimulator/ReluxTunnelIOSAdapter.build/DerivedSources-normal/x86_64 -Xcc -I/Users/iv/Developer/.build/Intermediates.noindex/ReluxTunnel.build/Debug-iphonesimulator/ReluxTunnelIOSAdapter.build/DerivedSources/x86_64 -Xcc -I/Users/iv/Developer/.build/Intermediates.noindex/ReluxTunnel.build/Debug-iphonesimulator/ReluxTunnelIOSAdapter.build/DerivedSources -Xcc -DSWIFT_PACKAGE -Xcc -DDEBUG\=1 -emit-objc-header -emit-objc-header-path /Users/iv/Developer/.build/Intermediates.noindex/ReluxTunnel.build/Debug-iphonesimulator/ReluxTunnelIOSAdapter.build/Objects-normal/x86_64/ReluxTunnelIOSAdapter-Swift.h -working-directory /Users/iv/Developer/relux-tunnel/.swiftpm/xcode -experimental-emit-module-separately -disable-cmo

SwiftDriver\ Compilation ReluxTunnelIOSAdapter normal arm64 com.apple.xcode.tools.swift.compiler (in target 'ReluxTunnelIOSAdapter' from project 'ReluxTunnel')
    cd /Users/iv/Developer/relux-tunnel/.swiftpm/xcode
    builtin-Swift-Compilation -- /Applications/Xcode_26_5.app/Contents/Developer/Toolchains/XcodeDefault.xctoolchain/usr/bin/swiftc -module-name ReluxTunnelIOSAdapter -Onone @/Users/iv/Developer/.build/Intermediates.noindex/ReluxTunnel.build/Debug-iphonesimulator/ReluxTunnelIOSAdapter.build/Objects-normal/arm64/ReluxTunnelIOSAdapter.SwiftFileList -DSWIFT_PACKAGE -DDEBUG -DSWIFT_MODULE_RESOURCE_BUNDLE_UNAVAILABLE -DXcode -plugin-path /Applications/Xcode_26_5.app/Contents/Developer/Toolchains/XcodeDefault.xctoolchain/usr/lib/swift/host/plugins/testing -enable-experimental-feature DebugDescriptionMacro -sdk /Applications/Xcode_26_5.app/Contents/Developer/Platforms/iPhoneSimulator.platform/Developer/SDKs/iPhoneSimulator26.5.sdk -target arm64-apple-ios18.0-simulator -g -module-cache-path /Users/iv/Developer/relux-tunnel/.temp/TASK-260715-1rsqrh/DerivedData-iOS/ModuleCache.noindex -Xfrontend -serialize-debugging-options -enable-testing -index-store-path /Users/iv/Developer/relux-tunnel/.temp/TASK-260715-1rsqrh/DerivedData-iOS/Index.noindex/DataStore -Xcc -D_LIBCPP_HARDENING_MODE\=_LIBCPP_HARDENING_MODE_DEBUG -swift-version 6 -I /Users/iv/Developer/.build/Products/Debug-iphonesimulator -Isystem /Applications/Xcode_26_5.app/Contents/Developer/Platforms/iPhoneSimulator.platform/Developer/usr/lib -F /Users/iv/Developer/.build/Products/Debug-iphonesimulator/PackageFrameworks -F /Users/iv/Developer/.build/Products/Debug-iphonesimulator/PackageFrameworks -F /Users/iv/Developer/.build/Products/Debug-iphonesimulator -F /Applications/Xcode_26_5.app/Contents/Developer/Platforms/iPhoneSimulator.platform/Developer/Library/Frameworks -F /Applications/Xcode_26_5.app/Contents/Developer/Platforms/iPhoneSimulator.platform/Developer/SDKs/iPhoneSimulator26.5.sdk/Developer/Library/Frameworks -c -j16 -enable-batch-mode -incremental -Xcc -ivfsstatcache -Xcc /Users/iv/Developer/relux-tunnel/.temp/TASK-260715-1rsqrh/DerivedData-iOS/SDKStatCaches.noindex/iphonesimulator26.5-23F73-9976ff0a46533d0d3305099c8405181f.sdkstatcache -output-file-map /Users/iv/Developer/.build/Intermediates.noindex/ReluxTunnel.build/Debug-iphonesimulator/ReluxTunnelIOSAdapter.build/Objects-normal/arm64/ReluxTunnelIOSAdapter-OutputFileMap.json -use-frontend-parseable-output -save-temps -no-color-diagnostics -explicit-module-build -module-cache-path /Users/iv/Developer/.build/Intermediates.noindex/SwiftExplicitPrecompiledModules -clang-scanner-module-cache-path /Users/iv/Developer/relux-tunnel/.temp/TASK-260715-1rsqrh/DerivedData-iOS/ModuleCache.noindex -sdk-module-cache-path /Users/iv/Developer/relux-tunnel/.temp/TASK-260715-1rsqrh/DerivedData-iOS/ModuleCache.noindex -serialize-diagnostics -emit-dependencies -emit-module -emit-module-path /Users/iv/Developer/.build/Intermediates.noindex/ReluxTunnel.build/Debug-iphonesimulator/ReluxTunnelIOSAdapter.build/Objects-normal/arm64/ReluxTunnelIOSAdapter.swiftmodule -validate-clang-modules-once -clang-build-session-file /Users/iv/Developer/relux-tunnel/.temp/TASK-260715-1rsqrh/DerivedData-iOS/ModuleCache.noindex/Session.modulevalidation -package-name relux_tunnel -Xcc -I/Users/iv/Developer/.build/Intermediates.noindex/ReluxTunnel.build/Debug-iphonesimulator/ReluxTunnelIOSAdapter.build/swift-overrides.hmap -emit-const-values -Xfrontend -const-gather-protocols-file -Xfrontend /Users/iv/Developer/.build/Intermediates.noindex/ReluxTunnel.build/Debug-iphonesimulator/ReluxTunnelIOSAdapter.build/Objects-normal/arm64/ReluxTunnelIOSAdapter_const_extract_protocols.json -Xcc -I/Users/iv/Developer/.build/Products/Debug-iphonesimulator/include -Xcc -I/Users/iv/Developer/.build/Intermediates.noindex/ReluxTunnel.build/Debug-iphonesimulator/ReluxTunnelIOSAdapter.build/DerivedSources-normal/arm64 -Xcc -I/Users/iv/Developer/.build/Intermediates.noindex/ReluxTunnel.build/Debug-iphonesimulator/ReluxTunnelIOSAdapter.build/DerivedSources/arm64 -Xcc -I/Users/iv/Developer/.build/Intermediates.noindex/ReluxTunnel.build/Debug-iphonesimulator/ReluxTunnelIOSAdapter.build/DerivedSources -Xcc -DSWIFT_PACKAGE -Xcc -DDEBUG\=1 -emit-objc-header -emit-objc-header-path /Users/iv/Developer/.build/Intermediates.noindex/ReluxTunnel.build/Debug-iphonesimulator/ReluxTunnelIOSAdapter.build/Objects-normal/arm64/ReluxTunnelIOSAdapter-Swift.h -working-directory /Users/iv/Developer/relux-tunnel/.swiftpm/xcode -experimental-emit-module-separately -disable-cmo

Ld /Users/iv/Developer/.build/Intermediates.noindex/ReluxTunnel.build/Debug-iphonesimulator/ReluxTunnelIOSAdapter.build/Objects-normal/x86_64/Binary/ReluxTunnelIOSAdapter.o normal x86_64 (in target 'ReluxTunnelIOSAdapter' from project 'ReluxTunnel')
    cd /Users/iv/Developer/relux-tunnel
    /Applications/Xcode_26_5.app/Contents/Developer/Toolchains/XcodeDefault.xctoolchain/usr/bin/clang -Xlinker -reproducible -target x86_64-apple-ios18.0-simulator -r -isysroot /Applications/Xcode_26_5.app/Contents/Developer/Platforms/iPhoneSimulator.platform/Developer/SDKs/iPhoneSimulator26.5.sdk -O0 -F/Users/iv/Developer/.build/Intermediates.noindex/EagerLinkingTBDs/Debug-iphonesimulator -F/Users/iv/Developer/.build/Products/Debug-iphonesimulator/PackageFrameworks -F/Users/iv/Developer/.build/Products/Debug-iphonesimulator/PackageFrameworks -F/Users/iv/Developer/.build/Products/Debug-iphonesimulator -iframework /Applications/Xcode_26_5.app/Contents/Developer/Platforms/iPhoneSimulator.platform/Developer/Library/Frameworks -iframework /Applications/Xcode_26_5.app/Contents/Developer/Platforms/iPhoneSimulator.platform/Developer/SDKs/iPhoneSimulator26.5.sdk/Developer/Library/Frameworks -filelist /Users/iv/Developer/.build/Intermediates.noindex/ReluxTunnel.build/Debug-iphonesimulator/ReluxTunnelIOSAdapter.build/Objects-normal/x86_64/ReluxTunnelIOSAdapter.LinkFileList -nostdlib -Xlinker -object_path_lto -Xlinker /Users/iv/Developer/.build/Intermediates.noindex/ReluxTunnel.build/Debug-iphonesimulator/ReluxTunnelIOSAdapter.build/Objects-normal/x86_64/ReluxTunnelIOSAdapter_lto.o -Xlinker -no_deduplicate -Xlinker -objc_abi_version -Xlinker 2 -Xlinker -dependency_info -Xlinker /Users/iv/Developer/.build/Intermediates.noindex/ReluxTunnel.build/Debug-iphonesimulator/ReluxTunnelIOSAdapter.build/Objects-normal/x86_64/ReluxTunnelIOSAdapter_dependency_info.dat -fobjc-link-runtime -L/Applications/Xcode_26_5.app/Contents/Developer/Toolchains/XcodeDefault.xctoolchain/usr/lib/swift/iphonesimulator -L/usr/lib/swift -Xlinker -add_ast_path -Xlinker /Users/iv/Developer/.build/Intermediates.noindex/ReluxTunnel.build/Debug-iphonesimulator/ReluxTunnelIOSAdapter.build/Objects-normal/x86_64/ReluxTunnelIOSAdapter.swiftmodule @/Users/iv/Developer/.build/Intermediates.noindex/ReluxTunnel.build/Debug-iphonesimulator/ReluxTunnelIOSAdapter.build/Objects-normal/x86_64/ReluxTunnelIOSAdapter-linker-args.resp -o /Users/iv/Developer/.build/Intermediates.noindex/ReluxTunnel.build/Debug-iphonesimulator/ReluxTunnelIOSAdapter.build/Objects-normal/x86_64/Binary/ReluxTunnelIOSAdapter.o

Ld /Users/iv/Developer/.build/Intermediates.noindex/ReluxTunnel.build/Debug-iphonesimulator/ReluxTunnelIOSAdapter.build/Objects-normal/arm64/Binary/ReluxTunnelIOSAdapter.o normal arm64 (in target 'ReluxTunnelIOSAdapter' from project 'ReluxTunnel')
    cd /Users/iv/Developer/relux-tunnel
    /Applications/Xcode_26_5.app/Contents/Developer/Toolchains/XcodeDefault.xctoolchain/usr/bin/clang -Xlinker -reproducible -target arm64-apple-ios18.0-simulator -r -isysroot /Applications/Xcode_26_5.app/Contents/Developer/Platforms/iPhoneSimulator.platform/Developer/SDKs/iPhoneSimulator26.5.sdk -O0 -F/Users/iv/Developer/.build/Intermediates.noindex/EagerLinkingTBDs/Debug-iphonesimulator -F/Users/iv/Developer/.build/Products/Debug-iphonesimulator/PackageFrameworks -F/Users/iv/Developer/.build/Products/Debug-iphonesimulator/PackageFrameworks -F/Users/iv/Developer/.build/Products/Debug-iphonesimulator -iframework /Applications/Xcode_26_5.app/Contents/Developer/Platforms/iPhoneSimulator.platform/Developer/Library/Frameworks -iframework /Applications/Xcode_26_5.app/Contents/Developer/Platforms/iPhoneSimulator.platform/Developer/SDKs/iPhoneSimulator26.5.sdk/Developer/Library/Frameworks -filelist /Users/iv/Developer/.build/Intermediates.noindex/ReluxTunnel.build/Debug-iphonesimulator/ReluxTunnelIOSAdapter.build/Objects-normal/arm64/ReluxTunnelIOSAdapter.LinkFileList -nostdlib -Xlinker -object_path_lto -Xlinker /Users/iv/Developer/.build/Intermediates.noindex/ReluxTunnel.build/Debug-iphonesimulator/ReluxTunnelIOSAdapter.build/Objects-normal/arm64/ReluxTunnelIOSAdapter_lto.o -Xlinker -no_deduplicate -Xlinker -objc_abi_version -Xlinker 2 -Xlinker -dependency_info -Xlinker /Users/iv/Developer/.build/Intermediates.noindex/ReluxTunnel.build/Debug-iphonesimulator/ReluxTunnelIOSAdapter.build/Objects-normal/arm64/ReluxTunnelIOSAdapter_dependency_info.dat -fobjc-link-runtime -L/Applications/Xcode_26_5.app/Contents/Developer/Toolchains/XcodeDefault.xctoolchain/usr/lib/swift/iphonesimulator -L/usr/lib/swift -Xlinker -add_ast_path -Xlinker /Users/iv/Developer/.build/Intermediates.noindex/ReluxTunnel.build/Debug-iphonesimulator/ReluxTunnelIOSAdapter.build/Objects-normal/arm64/ReluxTunnelIOSAdapter.swiftmodule @/Users/iv/Developer/.build/Intermediates.noindex/ReluxTunnel.build/Debug-iphonesimulator/ReluxTunnelIOSAdapter.build/Objects-normal/arm64/ReluxTunnelIOSAdapter-linker-args.resp -o /Users/iv/Developer/.build/Intermediates.noindex/ReluxTunnel.build/Debug-iphonesimulator/ReluxTunnelIOSAdapter.build/Objects-normal/arm64/Binary/ReluxTunnelIOSAdapter.o

CreateUniversalBinary /Users/iv/Developer/.build/Products/Debug-iphonesimulator/ReluxTunnelIOSAdapter.o normal arm64\ x86_64 (in target 'ReluxTunnelIOSAdapter' from project 'ReluxTunnel')
    cd /Users/iv/Developer/relux-tunnel
    /Applications/Xcode_26_5.app/Contents/Developer/Toolchains/XcodeDefault.xctoolchain/usr/bin/lipo -create /Users/iv/Developer/.build/Intermediates.noindex/ReluxTunnel.build/Debug-iphonesimulator/ReluxTunnelIOSAdapter.build/Objects-normal/arm64/Binary/ReluxTunnelIOSAdapter.o /Users/iv/Developer/.build/Intermediates.noindex/ReluxTunnel.build/Debug-iphonesimulator/ReluxTunnelIOSAdapter.build/Objects-normal/x86_64/Binary/ReluxTunnelIOSAdapter.o -output /Users/iv/Developer/.build/Products/Debug-iphonesimulator/ReluxTunnelIOSAdapter.o

ExtractAppIntentsMetadata (in target 'ReluxTunnelIOSAdapter' from project 'ReluxTunnel')
    cd /Users/iv/Developer/relux-tunnel
    /Applications/Xcode_26_5.app/Contents/Developer/Toolchains/XcodeDefault.xctoolchain/usr/bin/appintentsmetadataprocessor --toolchain-dir /Applications/Xcode_26_5.app/Contents/Developer/Toolchains/XcodeDefault.xctoolchain --module-name ReluxTunnelIOSAdapter --sdk-root /Applications/Xcode_26_5.app/Contents/Developer/Platforms/iPhoneSimulator.platform/Developer/SDKs/iPhoneSimulator26.5.sdk --xcode-version 17F42 --platform-family iOS --deployment-target 18.0 --bundle-identifier relux-tunnel.ReluxTunnelIOSAdapter --output /Users/iv/Developer/.build/Products/Debug-iphonesimulator/ReluxTunnelIOSAdapter.appintents --target-triple arm64-apple-ios18.0-simulator --target-triple x86_64-apple-ios18.0-simulator --binary-file /Users/iv/Developer/.build/Products/Debug-iphonesimulator/ReluxTunnelIOSAdapter.o --dependency-file /Users/iv/Developer/.build/Intermediates.noindex/ReluxTunnel.build/Debug-iphonesimulator/ReluxTunnelIOSAdapter.build/Objects-normal/arm64/ReluxTunnelIOSAdapter_dependency_info.dat --dependency-file /Users/iv/Developer/.build/Intermediates.noindex/ReluxTunnel.build/Debug-iphonesimulator/ReluxTunnelIOSAdapter.build/Objects-normal/x86_64/ReluxTunnelIOSAdapter_dependency_info.dat --stringsdata-file /Users/iv/Developer/.build/Intermediates.noindex/ReluxTunnel.build/Debug-iphonesimulator/ReluxTunnelIOSAdapter.build/Objects-normal/arm64/ExtractedAppShortcutsMetadata.stringsdata --stringsdata-file /Users/iv/Developer/.build/Intermediates.noindex/ReluxTunnel.build/Debug-iphonesimulator/ReluxTunnelIOSAdapter.build/Objects-normal/x86_64/ExtractedAppShortcutsMetadata.stringsdata --source-file-list /Users/iv/Developer/.build/Intermediates.noindex/ReluxTunnel.build/Debug-iphonesimulator/ReluxTunnelIOSAdapter.build/Objects-normal/arm64/ReluxTunnelIOSAdapter.SwiftFileList --source-file-list /Users/iv/Developer/.build/Intermediates.noindex/ReluxTunnel.build/Debug-iphonesimulator/ReluxTunnelIOSAdapter.build/Objects-normal/x86_64/ReluxTunnelIOSAdapter.SwiftFileList --metadata-file-list /Users/iv/Developer/.build/Intermediates.noindex/ReluxTunnel.build/Debug-iphonesimulator/ReluxTunnelIOSAdapter.build/ReluxTunnelIOSAdapter.DependencyMetadataFileList --static-metadata-file-list /Users/iv/Developer/.build/Intermediates.noindex/ReluxTunnel.build/Debug-iphonesimulator/ReluxTunnelIOSAdapter.build/ReluxTunnelIOSAdapter.DependencyStaticMetadataFileList --swift-const-vals-list /Users/iv/Developer/.build/Intermediates.noindex/ReluxTunnel.build/Debug-iphonesimulator/ReluxTunnelIOSAdapter.build/Objects-normal/arm64/ReluxTunnelIOSAdapter.SwiftConstValuesFileList --swift-const-vals-list /Users/iv/Developer/.build/Intermediates.noindex/ReluxTunnel.build/Debug-iphonesimulator/ReluxTunnelIOSAdapter.build/Objects-normal/x86_64/ReluxTunnelIOSAdapter.SwiftConstValuesFileList --force --compile-time-extraction --deployment-aware-processing --validate-assistant-intents --no-app-shortcuts-localization
2026-07-21 05:17:14.911 appintentsmetadataprocessor[81228:98261303] Starting appintentsmetadataprocessor export
2026-07-21 05:17:14.918 appintentsmetadataprocessor[81228:98261303] Extracted no relevant App Intents symbols, skipping writing output

RegisterExecutionPolicyException /Users/iv/Developer/.build/Products/Debug-iphonesimulator/ReluxTunnelIOSAdapter.o (in target 'ReluxTunnelIOSAdapter' from project 'ReluxTunnel')
    cd /Users/iv/Developer/relux-tunnel
    builtin-RegisterExecutionPolicyException /Users/iv/Developer/.build/Products/Debug-iphonesimulator/ReluxTunnelIOSAdapter.o

** BUILD SUCCEEDED ** [6.762 sec]

