Command line invocation:
    /Applications/Xcode_26_5.app/Contents/Developer/usr/bin/xcodebuild -scheme ReluxTunnelMacOSAdapter -destination generic/platform=macOS -derivedDataPath .temp/TASK-260715-1rsqrh/DerivedData-macOS CODE_SIGNING_ALLOWED=NO build

Build settings from command line:
    CODE_SIGNING_ALLOWED = NO

Resolve Package Graph
2026-07-21 05:17:16.046 xcodebuild[81229:98261316] [MT] IDERunDestination: Supported platforms for the buildables in the current scheme is empty.


Resolved source packages:
  ReluxTunnel: /Users/iv/Developer/relux-tunnel

--- xcodebuild: WARNING: Using the first of multiple matching destinations:
{ platform:macOS, name:Any Mac }
{ platform:macOS, variant:Mac Catalyst, name:Any Mac }
ComputePackagePrebuildTargetDependencyGraph

Prepare packages

CreateBuildRequest

SendProjectDescription

CreateBuildOperation

ComputeTargetDependencyGraph
note: Building targets in dependency order
note: Target dependency graph (4 targets)
    Target 'ReluxTunnelMacOSAdapter' in project 'ReluxTunnel'
        ➜ Explicit dependency on target 'ReluxTunnelMacOSAdapter' in project 'ReluxTunnel'
        ➜ Explicit dependency on target 'ReluxTunnelCore' in project 'ReluxTunnel'
        ➜ Explicit dependency on target 'ReluxTunnelNativeAdapter' in project 'ReluxTunnel'
    Target 'ReluxTunnelMacOSAdapter' in project 'ReluxTunnel'
        ➜ Explicit dependency on target 'ReluxTunnelCore' in project 'ReluxTunnel'
        ➜ Explicit dependency on target 'ReluxTunnelNativeAdapter' in project 'ReluxTunnel'
    Target 'ReluxTunnelNativeAdapter' in project 'ReluxTunnel'
        ➜ Explicit dependency on target 'ReluxTunnelCore' in project 'ReluxTunnel'
    Target 'ReluxTunnelCore' in project 'ReluxTunnel' (no dependencies)

GatherProvisioningInputs

CreateBuildDescription

ExecuteExternalTool /Applications/Xcode_26_5.app/Contents/Developer/Toolchains/XcodeDefault.xctoolchain/usr/bin/clang -v -E -dM -isysroot /Applications/Xcode_26_5.app/Contents/Developer/Platforms/MacOSX.platform/Developer/SDKs/MacOSX26.5.sdk -x c -c /dev/null

ExecuteExternalTool /Applications/Xcode_26_5.app/Contents/Developer/Toolchains/XcodeDefault.xctoolchain/usr/bin/swiftc --version

ExecuteExternalTool /Applications/Xcode_26_5.app/Contents/Developer/Toolchains/XcodeDefault.xctoolchain/usr/bin/ld -version_details

ReadFileContents /Applications/Xcode_26_5.app/Contents/Developer/Toolchains/XcodeDefault.xctoolchain/usr/share/docc/features.json

Build description signature: 6cdd6e6dc4fc4a8584dc239e13ffb9a9
Build description path: /Users/iv/Developer/.build/Intermediates.noindex/XCBuildData/6cdd6e6dc4fc4a8584dc239e13ffb9a9.xcbuilddata
ClangStatCache /Applications/Xcode_26_5.app/Contents/Developer/Toolchains/XcodeDefault.xctoolchain/usr/bin/clang-stat-cache /Applications/Xcode_26_5.app/Contents/Developer/Platforms/MacOSX.platform/Developer/SDKs/MacOSX26.5.sdk /Users/iv/Developer/relux-tunnel/.temp/TASK-260715-1rsqrh/DerivedData-macOS/SDKStatCaches.noindex/macosx26.5-25F70-b64f947cdd770e773f3848253724d71e.sdkstatcache
    cd /Users/iv/Developer/relux-tunnel/.swiftpm/xcode
    /Applications/Xcode_26_5.app/Contents/Developer/Toolchains/XcodeDefault.xctoolchain/usr/bin/clang-stat-cache /Applications/Xcode_26_5.app/Contents/Developer/Platforms/MacOSX.platform/Developer/SDKs/MacOSX26.5.sdk -o /Users/iv/Developer/relux-tunnel/.temp/TASK-260715-1rsqrh/DerivedData-macOS/SDKStatCaches.noindex/macosx26.5-25F70-b64f947cdd770e773f3848253724d71e.sdkstatcache

WriteAuxiliaryFile /Users/iv/Developer/.build/Intermediates.noindex/ReluxTunnel.build/Debug/ReluxTunnelCore.build/Objects-normal/x86_64/ReluxTunnelCore-OutputFileMap.json (in target 'ReluxTunnelCore' from project 'ReluxTunnel')
    cd /Users/iv/Developer/relux-tunnel
    write-file /Users/iv/Developer/.build/Intermediates.noindex/ReluxTunnel.build/Debug/ReluxTunnelCore.build/Objects-normal/x86_64/ReluxTunnelCore-OutputFileMap.json

WriteAuxiliaryFile /Users/iv/Developer/.build/Intermediates.noindex/ReluxTunnel.build/Debug/ReluxTunnelCore.build/Objects-normal/x86_64/ReluxTunnelCore.LinkFileList (in target 'ReluxTunnelCore' from project 'ReluxTunnel')
    cd /Users/iv/Developer/relux-tunnel
    write-file /Users/iv/Developer/.build/Intermediates.noindex/ReluxTunnel.build/Debug/ReluxTunnelCore.build/Objects-normal/x86_64/ReluxTunnelCore.LinkFileList

WriteAuxiliaryFile /Users/iv/Developer/.build/Intermediates.noindex/ReluxTunnel.build/Debug/ReluxTunnelCore.build/Objects-normal/arm64/ReluxTunnelCore.SwiftFileList (in target 'ReluxTunnelCore' from project 'ReluxTunnel')
    cd /Users/iv/Developer/relux-tunnel
    write-file /Users/iv/Developer/.build/Intermediates.noindex/ReluxTunnel.build/Debug/ReluxTunnelCore.build/Objects-normal/arm64/ReluxTunnelCore.SwiftFileList

WriteAuxiliaryFile /Users/iv/Developer/.build/Intermediates.noindex/ReluxTunnel.build/Debug/ReluxTunnelCore.build/Objects-normal/arm64/ReluxTunnelCore.SwiftConstValuesFileList (in target 'ReluxTunnelCore' from project 'ReluxTunnel')
    cd /Users/iv/Developer/relux-tunnel
    write-file /Users/iv/Developer/.build/Intermediates.noindex/ReluxTunnel.build/Debug/ReluxTunnelCore.build/Objects-normal/arm64/ReluxTunnelCore.SwiftConstValuesFileList

WriteAuxiliaryFile /Users/iv/Developer/.build/Intermediates.noindex/ReluxTunnel.build/Debug/ReluxTunnelCore.build/Objects-normal/x86_64/ReluxTunnelCore.SwiftConstValuesFileList (in target 'ReluxTunnelCore' from project 'ReluxTunnel')
    cd /Users/iv/Developer/relux-tunnel
    write-file /Users/iv/Developer/.build/Intermediates.noindex/ReluxTunnel.build/Debug/ReluxTunnelCore.build/Objects-normal/x86_64/ReluxTunnelCore.SwiftConstValuesFileList

WriteAuxiliaryFile /Users/iv/Developer/.build/Intermediates.noindex/ReluxTunnel.build/Debug/ReluxTunnelCore.build/Objects-normal/arm64/ReluxTunnelCore.LinkFileList (in target 'ReluxTunnelCore' from project 'ReluxTunnel')
    cd /Users/iv/Developer/relux-tunnel
    write-file /Users/iv/Developer/.build/Intermediates.noindex/ReluxTunnel.build/Debug/ReluxTunnelCore.build/Objects-normal/arm64/ReluxTunnelCore.LinkFileList

WriteAuxiliaryFile /Users/iv/Developer/.build/Intermediates.noindex/ReluxTunnel.build/Debug/ReluxTunnelCore.build/Objects-normal/arm64/ReluxTunnelCore-OutputFileMap.json (in target 'ReluxTunnelCore' from project 'ReluxTunnel')
    cd /Users/iv/Developer/relux-tunnel
    write-file /Users/iv/Developer/.build/Intermediates.noindex/ReluxTunnel.build/Debug/ReluxTunnelCore.build/Objects-normal/arm64/ReluxTunnelCore-OutputFileMap.json

WriteAuxiliaryFile /Users/iv/Developer/.build/Intermediates.noindex/ReluxTunnel.build/Debug/ReluxTunnelCore.build/Objects-normal/x86_64/ReluxTunnelCore.SwiftFileList (in target 'ReluxTunnelCore' from project 'ReluxTunnel')
    cd /Users/iv/Developer/relux-tunnel
    write-file /Users/iv/Developer/.build/Intermediates.noindex/ReluxTunnel.build/Debug/ReluxTunnelCore.build/Objects-normal/x86_64/ReluxTunnelCore.SwiftFileList

SwiftDriver ReluxTunnelCore normal arm64 com.apple.xcode.tools.swift.compiler (in target 'ReluxTunnelCore' from project 'ReluxTunnel')
    cd /Users/iv/Developer/relux-tunnel/.swiftpm/xcode
    builtin-SwiftDriver -- /Applications/Xcode_26_5.app/Contents/Developer/Toolchains/XcodeDefault.xctoolchain/usr/bin/swiftc -module-name ReluxTunnelCore -Onone @/Users/iv/Developer/.build/Intermediates.noindex/ReluxTunnel.build/Debug/ReluxTunnelCore.build/Objects-normal/arm64/ReluxTunnelCore.SwiftFileList -DSWIFT_PACKAGE -DDEBUG -DSWIFT_MODULE_RESOURCE_BUNDLE_UNAVAILABLE -DXcode -plugin-path /Applications/Xcode_26_5.app/Contents/Developer/Toolchains/XcodeDefault.xctoolchain/usr/lib/swift/host/plugins/testing -enable-experimental-feature DebugDescriptionMacro -sdk /Applications/Xcode_26_5.app/Contents/Developer/Platforms/MacOSX.platform/Developer/SDKs/MacOSX26.5.sdk -target arm64-apple-macos15.0 -g -module-cache-path /Users/iv/Developer/relux-tunnel/.temp/TASK-260715-1rsqrh/DerivedData-macOS/ModuleCache.noindex -Xfrontend -serialize-debugging-options -enable-testing -index-store-path /Users/iv/Developer/relux-tunnel/.temp/TASK-260715-1rsqrh/DerivedData-macOS/Index.noindex/DataStore -Xcc -D_LIBCPP_HARDENING_MODE\=_LIBCPP_HARDENING_MODE_DEBUG -swift-version 6 -I /Users/iv/Developer/.build/Products/Debug -Isystem /Applications/Xcode_26_5.app/Contents/Developer/Platforms/MacOSX.platform/Developer/usr/lib -F /Users/iv/Developer/.build/Products/Debug -F /Applications/Xcode_26_5.app/Contents/Developer/Platforms/MacOSX.platform/Developer/Library/Frameworks -c -j16 -enable-batch-mode -incremental -Xcc -ivfsstatcache -Xcc /Users/iv/Developer/relux-tunnel/.temp/TASK-260715-1rsqrh/DerivedData-macOS/SDKStatCaches.noindex/macosx26.5-25F70-b64f947cdd770e773f3848253724d71e.sdkstatcache -output-file-map /Users/iv/Developer/.build/Intermediates.noindex/ReluxTunnel.build/Debug/ReluxTunnelCore.build/Objects-normal/arm64/ReluxTunnelCore-OutputFileMap.json -use-frontend-parseable-output -save-temps -no-color-diagnostics -explicit-module-build -module-cache-path /Users/iv/Developer/.build/Intermediates.noindex/SwiftExplicitPrecompiledModules -clang-scanner-module-cache-path /Users/iv/Developer/relux-tunnel/.temp/TASK-260715-1rsqrh/DerivedData-macOS/ModuleCache.noindex -sdk-module-cache-path /Users/iv/Developer/relux-tunnel/.temp/TASK-260715-1rsqrh/DerivedData-macOS/ModuleCache.noindex -serialize-diagnostics -emit-dependencies -emit-module -emit-module-path /Users/iv/Developer/.build/Intermediates.noindex/ReluxTunnel.build/Debug/ReluxTunnelCore.build/Objects-normal/arm64/ReluxTunnelCore.swiftmodule -validate-clang-modules-once -clang-build-session-file /Users/iv/Developer/relux-tunnel/.temp/TASK-260715-1rsqrh/DerivedData-macOS/ModuleCache.noindex/Session.modulevalidation -package-name relux_tunnel -Xcc -I/Users/iv/Developer/.build/Intermediates.noindex/ReluxTunnel.build/Debug/ReluxTunnelCore.build/swift-overrides.hmap -emit-const-values -Xfrontend -const-gather-protocols-file -Xfrontend /Users/iv/Developer/.build/Intermediates.noindex/ReluxTunnel.build/Debug/ReluxTunnelCore.build/Objects-normal/arm64/ReluxTunnelCore_const_extract_protocols.json -Xcc -I/Users/iv/Developer/.build/Products/Debug/include -Xcc -I/Users/iv/Developer/.build/Intermediates.noindex/ReluxTunnel.build/Debug/ReluxTunnelCore.build/DerivedSources-normal/arm64 -Xcc -I/Users/iv/Developer/.build/Intermediates.noindex/ReluxTunnel.build/Debug/ReluxTunnelCore.build/DerivedSources/arm64 -Xcc -I/Users/iv/Developer/.build/Intermediates.noindex/ReluxTunnel.build/Debug/ReluxTunnelCore.build/DerivedSources -Xcc -DSWIFT_PACKAGE -Xcc -DDEBUG\=1 -emit-objc-header -emit-objc-header-path /Users/iv/Developer/.build/Intermediates.noindex/ReluxTunnel.build/Debug/ReluxTunnelCore.build/Objects-normal/arm64/ReluxTunnelCore-Swift.h -working-directory /Users/iv/Developer/relux-tunnel/.swiftpm/xcode -experimental-emit-module-separately -disable-cmo

SwiftDriver ReluxTunnelCore normal x86_64 com.apple.xcode.tools.swift.compiler (in target 'ReluxTunnelCore' from project 'ReluxTunnel')
    cd /Users/iv/Developer/relux-tunnel/.swiftpm/xcode
    builtin-SwiftDriver -- /Applications/Xcode_26_5.app/Contents/Developer/Toolchains/XcodeDefault.xctoolchain/usr/bin/swiftc -module-name ReluxTunnelCore -Onone @/Users/iv/Developer/.build/Intermediates.noindex/ReluxTunnel.build/Debug/ReluxTunnelCore.build/Objects-normal/x86_64/ReluxTunnelCore.SwiftFileList -DSWIFT_PACKAGE -DDEBUG -DSWIFT_MODULE_RESOURCE_BUNDLE_UNAVAILABLE -DXcode -plugin-path /Applications/Xcode_26_5.app/Contents/Developer/Toolchains/XcodeDefault.xctoolchain/usr/lib/swift/host/plugins/testing -enable-experimental-feature DebugDescriptionMacro -sdk /Applications/Xcode_26_5.app/Contents/Developer/Platforms/MacOSX.platform/Developer/SDKs/MacOSX26.5.sdk -target x86_64-apple-macos15.0 -g -module-cache-path /Users/iv/Developer/relux-tunnel/.temp/TASK-260715-1rsqrh/DerivedData-macOS/ModuleCache.noindex -Xfrontend -serialize-debugging-options -enable-testing -index-store-path /Users/iv/Developer/relux-tunnel/.temp/TASK-260715-1rsqrh/DerivedData-macOS/Index.noindex/DataStore -Xcc -D_LIBCPP_HARDENING_MODE\=_LIBCPP_HARDENING_MODE_DEBUG -swift-version 6 -I /Users/iv/Developer/.build/Products/Debug -Isystem /Applications/Xcode_26_5.app/Contents/Developer/Platforms/MacOSX.platform/Developer/usr/lib -F /Users/iv/Developer/.build/Products/Debug -F /Applications/Xcode_26_5.app/Contents/Developer/Platforms/MacOSX.platform/Developer/Library/Frameworks -c -j16 -enable-batch-mode -incremental -Xcc -ivfsstatcache -Xcc /Users/iv/Developer/relux-tunnel/.temp/TASK-260715-1rsqrh/DerivedData-macOS/SDKStatCaches.noindex/macosx26.5-25F70-b64f947cdd770e773f3848253724d71e.sdkstatcache -output-file-map /Users/iv/Developer/.build/Intermediates.noindex/ReluxTunnel.build/Debug/ReluxTunnelCore.build/Objects-normal/x86_64/ReluxTunnelCore-OutputFileMap.json -use-frontend-parseable-output -save-temps -no-color-diagnostics -explicit-module-build -module-cache-path /Users/iv/Developer/.build/Intermediates.noindex/SwiftExplicitPrecompiledModules -clang-scanner-module-cache-path /Users/iv/Developer/relux-tunnel/.temp/TASK-260715-1rsqrh/DerivedData-macOS/ModuleCache.noindex -sdk-module-cache-path /Users/iv/Developer/relux-tunnel/.temp/TASK-260715-1rsqrh/DerivedData-macOS/ModuleCache.noindex -serialize-diagnostics -emit-dependencies -emit-module -emit-module-path /Users/iv/Developer/.build/Intermediates.noindex/ReluxTunnel.build/Debug/ReluxTunnelCore.build/Objects-normal/x86_64/ReluxTunnelCore.swiftmodule -validate-clang-modules-once -clang-build-session-file /Users/iv/Developer/relux-tunnel/.temp/TASK-260715-1rsqrh/DerivedData-macOS/ModuleCache.noindex/Session.modulevalidation -package-name relux_tunnel -Xcc -I/Users/iv/Developer/.build/Intermediates.noindex/ReluxTunnel.build/Debug/ReluxTunnelCore.build/swift-overrides.hmap -emit-const-values -Xfrontend -const-gather-protocols-file -Xfrontend /Users/iv/Developer/.build/Intermediates.noindex/ReluxTunnel.build/Debug/ReluxTunnelCore.build/Objects-normal/x86_64/ReluxTunnelCore_const_extract_protocols.json -Xcc -I/Users/iv/Developer/.build/Products/Debug/include -Xcc -I/Users/iv/Developer/.build/Intermediates.noindex/ReluxTunnel.build/Debug/ReluxTunnelCore.build/DerivedSources-normal/x86_64 -Xcc -I/Users/iv/Developer/.build/Intermediates.noindex/ReluxTunnel.build/Debug/ReluxTunnelCore.build/DerivedSources/x86_64 -Xcc -I/Users/iv/Developer/.build/Intermediates.noindex/ReluxTunnel.build/Debug/ReluxTunnelCore.build/DerivedSources -Xcc -DSWIFT_PACKAGE -Xcc -DDEBUG\=1 -emit-objc-header -emit-objc-header-path /Users/iv/Developer/.build/Intermediates.noindex/ReluxTunnel.build/Debug/ReluxTunnelCore.build/Objects-normal/x86_64/ReluxTunnelCore-Swift.h -working-directory /Users/iv/Developer/relux-tunnel/.swiftpm/xcode -experimental-emit-module-separately -disable-cmo

SwiftExplicitDependencyGeneratePcm arm64 /Users/iv/Developer/relux-tunnel/.temp/TASK-260715-1rsqrh/DerivedData-macOS/ModuleCache.noindex/_Builtin_stddef-9ACGESMLV2OLHQIFRU6VQXJB7.pcm

SwiftExplicitDependencyGeneratePcm arm64 /Users/iv/Developer/relux-tunnel/.temp/TASK-260715-1rsqrh/DerivedData-macOS/ModuleCache.noindex/_AvailabilityInternal-T1TZKYQ6903AQVYXEEO93MTW.pcm

SwiftExplicitDependencyGeneratePcm arm64 /Users/iv/Developer/relux-tunnel/.temp/TASK-260715-1rsqrh/DerivedData-macOS/ModuleCache.noindex/_SwiftConcurrencyShims-3BX0XO77WYAKUDXZEW0RTKA5R.pcm

SwiftExplicitDependencyGeneratePcm arm64 /Users/iv/Developer/relux-tunnel/.temp/TASK-260715-1rsqrh/DerivedData-macOS/ModuleCache.noindex/SwiftShims-6L4UN4M6OBSCHOIQ029TBIGGF.pcm

SwiftExplicitDependencyGeneratePcm arm64 /Users/iv/Developer/relux-tunnel/.temp/TASK-260715-1rsqrh/DerivedData-macOS/ModuleCache.noindex/_Builtin_stdarg-9HPZ95R8FZIAY8QOSLMQ9VNMU.pcm

SwiftExplicitDependencyGeneratePcm arm64 /Users/iv/Developer/relux-tunnel/.temp/TASK-260715-1rsqrh/DerivedData-macOS/ModuleCache.noindex/ptrcheck-BFFTLTTDDJ7LQNYWJXPNS74HN.pcm

SwiftExplicitDependencyGeneratePcm arm64 /Users/iv/Developer/relux-tunnel/.temp/TASK-260715-1rsqrh/DerivedData-macOS/ModuleCache.noindex/_Builtin_float-CL69ZUAX110KSNTQ57DAQIGJK.pcm

SwiftExplicitDependencyGeneratePcm arm64 /Users/iv/Developer/relux-tunnel/.temp/TASK-260715-1rsqrh/DerivedData-macOS/ModuleCache.noindex/ptrauth-CJ19S2CZ3HFHVQTX5Q8VVDV4R.pcm

SwiftExplicitDependencyGeneratePcm x86_64 /Users/iv/Developer/relux-tunnel/.temp/TASK-260715-1rsqrh/DerivedData-macOS/ModuleCache.noindex/_SwiftConcurrencyShims-4QLA8UYYF4QJUZ0QCIP1EDABN.pcm

SwiftExplicitDependencyGeneratePcm arm64 /Users/iv/Developer/relux-tunnel/.temp/TASK-260715-1rsqrh/DerivedData-macOS/ModuleCache.noindex/_Builtin_stdbool-6R83Q2SE9C4T9RFJZZQ9O4QI7.pcm

SwiftExplicitDependencyGeneratePcm x86_64 /Users/iv/Developer/relux-tunnel/.temp/TASK-260715-1rsqrh/DerivedData-macOS/ModuleCache.noindex/_Builtin_stdarg-9QJG320608KYMSLLQ9038SMWR.pcm

SwiftExplicitDependencyGeneratePcm x86_64 /Users/iv/Developer/relux-tunnel/.temp/TASK-260715-1rsqrh/DerivedData-macOS/ModuleCache.noindex/ptrcheck-1B7LVUS3MQ5UHBNTP5LGCFACJ.pcm

SwiftExplicitDependencyGeneratePcm x86_64 /Users/iv/Developer/relux-tunnel/.temp/TASK-260715-1rsqrh/DerivedData-macOS/ModuleCache.noindex/_Builtin_stddef-5F6LX9FI42BDUDYI04Q30ZZG9.pcm

SwiftExplicitDependencyGeneratePcm x86_64 /Users/iv/Developer/relux-tunnel/.temp/TASK-260715-1rsqrh/DerivedData-macOS/ModuleCache.noindex/SwiftShims-BLWNXN765URO1L3986SGVULP8.pcm

SwiftExplicitDependencyGeneratePcm x86_64 /Users/iv/Developer/relux-tunnel/.temp/TASK-260715-1rsqrh/DerivedData-macOS/ModuleCache.noindex/ptrauth-ATWRY1EABYA52DK1ZGNNBHC05.pcm

SwiftExplicitDependencyGeneratePcm x86_64 /Users/iv/Developer/relux-tunnel/.temp/TASK-260715-1rsqrh/DerivedData-macOS/ModuleCache.noindex/_Builtin_float-703LPYH1AX11FO1XMUMVUH2P1.pcm

SwiftExplicitDependencyGeneratePcm x86_64 /Users/iv/Developer/relux-tunnel/.temp/TASK-260715-1rsqrh/DerivedData-macOS/ModuleCache.noindex/_AvailabilityInternal-4FU45CB0V9338K8APYDVYEBJO.pcm

SwiftExplicitDependencyGeneratePcm x86_64 /Users/iv/Developer/relux-tunnel/.temp/TASK-260715-1rsqrh/DerivedData-macOS/ModuleCache.noindex/_Builtin_stdbool-1564QUXTOAZMXOYAJU3F82M5P.pcm

SwiftExplicitDependencyGeneratePcm arm64 /Users/iv/Developer/relux-tunnel/.temp/TASK-260715-1rsqrh/DerivedData-macOS/ModuleCache.noindex/_DarwinFoundation1-2N0JSRRRCX7PRTP8TJH4XAPUE.pcm

SwiftExplicitDependencyGeneratePcm x86_64 /Users/iv/Developer/relux-tunnel/.temp/TASK-260715-1rsqrh/DerivedData-macOS/ModuleCache.noindex/_DarwinFoundation1-75ZBX0C6FCULOTASJJPY2NVP1.pcm

SwiftExplicitDependencyGeneratePcm arm64 /Users/iv/Developer/relux-tunnel/.temp/TASK-260715-1rsqrh/DerivedData-macOS/ModuleCache.noindex/_DarwinFoundation2-74KBWJ8ICPVEZ4Z4Z4HO8SPCR.pcm

SwiftExplicitDependencyGeneratePcm arm64 /Users/iv/Developer/relux-tunnel/.temp/TASK-260715-1rsqrh/DerivedData-macOS/ModuleCache.noindex/_Builtin_limits-2HOA4NPU3ZC63RVTQKZI8483.pcm

SwiftExplicitDependencyGeneratePcm x86_64 /Users/iv/Developer/relux-tunnel/.temp/TASK-260715-1rsqrh/DerivedData-macOS/ModuleCache.noindex/_Builtin_limits-AIX1BBH8WASS97WLIHVHQCBJ2.pcm

SwiftExplicitDependencyGeneratePcm x86_64 /Users/iv/Developer/relux-tunnel/.temp/TASK-260715-1rsqrh/DerivedData-macOS/ModuleCache.noindex/_DarwinFoundation2-4G1PXXOU2BULZXSP6EA3CFVBJ.pcm

SwiftExplicitDependencyGeneratePcm arm64 /Users/iv/Developer/relux-tunnel/.temp/TASK-260715-1rsqrh/DerivedData-macOS/ModuleCache.noindex/sys_types-B7MB3C203B4KH7A2J8KOMDI8K.pcm

SwiftExplicitDependencyGeneratePcm arm64 /Users/iv/Developer/relux-tunnel/.temp/TASK-260715-1rsqrh/DerivedData-macOS/ModuleCache.noindex/_Builtin_stdint-2QE1H86A1AG7HUHIG8XQIM76X.pcm

SwiftExplicitDependencyGeneratePcm x86_64 /Users/iv/Developer/relux-tunnel/.temp/TASK-260715-1rsqrh/DerivedData-macOS/ModuleCache.noindex/_Builtin_stdint-8PLI2BTK08RBZ3ATIYG702S2L.pcm

SwiftExplicitDependencyGeneratePcm x86_64 /Users/iv/Developer/relux-tunnel/.temp/TASK-260715-1rsqrh/DerivedData-macOS/ModuleCache.noindex/sys_types-9GFEXU7A0KEFI35DZLXIIT7DC.pcm

SwiftExplicitDependencyGeneratePcm arm64 /Users/iv/Developer/relux-tunnel/.temp/TASK-260715-1rsqrh/DerivedData-macOS/ModuleCache.noindex/_DarwinFoundation3-CV8HBH1Q9EV00C7QFU9BAXA7E.pcm

SwiftExplicitDependencyGeneratePcm arm64 /Users/iv/Developer/relux-tunnel/.temp/TASK-260715-1rsqrh/DerivedData-macOS/ModuleCache.noindex/libDER-1PZ651QWL6H1TCSP2FX53RQLS.pcm

SwiftExplicitDependencyGeneratePcm x86_64 /Users/iv/Developer/relux-tunnel/.temp/TASK-260715-1rsqrh/DerivedData-macOS/ModuleCache.noindex/libDER-BPPBA5N4SLH95FOCAI7T6Q4Y.pcm

SwiftExplicitDependencyGeneratePcm x86_64 /Users/iv/Developer/relux-tunnel/.temp/TASK-260715-1rsqrh/DerivedData-macOS/ModuleCache.noindex/_DarwinFoundation3-2S3UWF8803DI8YJLNGZEOHAIN.pcm

SwiftExplicitDependencyGeneratePcm arm64 /Users/iv/Developer/relux-tunnel/.temp/TASK-260715-1rsqrh/DerivedData-macOS/ModuleCache.noindex/_Builtin_inttypes-4ZTN0O6KMXRW3PQPQURIXLNK7.pcm

SwiftExplicitDependencyGeneratePcm x86_64 /Users/iv/Developer/relux-tunnel/.temp/TASK-260715-1rsqrh/DerivedData-macOS/ModuleCache.noindex/_Builtin_inttypes-49TLD3KX5UY7WVMF5VQ000TMF.pcm

SwiftExplicitDependencyGeneratePcm x86_64 /Users/iv/Developer/relux-tunnel/.temp/TASK-260715-1rsqrh/DerivedData-macOS/ModuleCache.noindex/_Builtin_intrinsics-986GU5N4QSE736G8Y5TX76QVE.pcm

SwiftExplicitDependencyGeneratePcm arm64 /Users/iv/Developer/relux-tunnel/.temp/TASK-260715-1rsqrh/DerivedData-macOS/ModuleCache.noindex/Darwin-6AHOK5CUUF9UIE8CQ5RZEFGN3.pcm

SwiftExplicitDependencyGeneratePcm x86_64 /Users/iv/Developer/relux-tunnel/.temp/TASK-260715-1rsqrh/DerivedData-macOS/ModuleCache.noindex/Darwin-41QJ2TVOG7BM9UI1Q0AZR9QMR.pcm

SwiftExplicitDependencyGeneratePcm arm64 /Users/iv/Developer/relux-tunnel/.temp/TASK-260715-1rsqrh/DerivedData-macOS/ModuleCache.noindex/launch-8EHJT5CYI0I29063QLJQSY1T9.pcm

SwiftExplicitDependencyGeneratePcm arm64 /Users/iv/Developer/relux-tunnel/.temp/TASK-260715-1rsqrh/DerivedData-macOS/ModuleCache.noindex/libkern-8HMCMP8FOM9S3FFP88B1P1AG8.pcm

SwiftExplicitDependencyGeneratePcm arm64 /Users/iv/Developer/relux-tunnel/.temp/TASK-260715-1rsqrh/DerivedData-macOS/ModuleCache.noindex/MachO-7DERPEV5AIBLS181SRZDIC61C.pcm

SwiftExplicitDependencyGeneratePcm x86_64 /Users/iv/Developer/relux-tunnel/.temp/TASK-260715-1rsqrh/DerivedData-macOS/ModuleCache.noindex/MachO-6OW7HI0KRPORIJEUCBRU6LP7D.pcm

SwiftExplicitDependencyGeneratePcm x86_64 /Users/iv/Developer/relux-tunnel/.temp/TASK-260715-1rsqrh/DerivedData-macOS/ModuleCache.noindex/libkern-BMRJMEDC587EAHQ57LIQOCBI1.pcm

SwiftExplicitDependencyGeneratePcm x86_64 /Users/iv/Developer/relux-tunnel/.temp/TASK-260715-1rsqrh/DerivedData-macOS/ModuleCache.noindex/launch-A9LW4GSS8C1HJ3ULR9DR81TNJ.pcm

SwiftExplicitDependencyGeneratePcm arm64 /Users/iv/Developer/relux-tunnel/.temp/TASK-260715-1rsqrh/DerivedData-macOS/ModuleCache.noindex/ObjectiveC-1OFR8V7JM4YLY0QX10KA9S6N5.pcm

SwiftExplicitDependencyGeneratePcm x86_64 /Users/iv/Developer/relux-tunnel/.temp/TASK-260715-1rsqrh/DerivedData-macOS/ModuleCache.noindex/ObjectiveC-1DLX4THNU4GNSHUM4DVO9A222.pcm

SwiftExplicitDependencyGeneratePcm arm64 /Users/iv/Developer/relux-tunnel/.temp/TASK-260715-1rsqrh/DerivedData-macOS/ModuleCache.noindex/os_object-APFDNPSV2ELEM9JK9JU8HX6D7.pcm

SwiftExplicitDependencyGeneratePcm x86_64 /Users/iv/Developer/relux-tunnel/.temp/TASK-260715-1rsqrh/DerivedData-macOS/ModuleCache.noindex/os_object-8ZUYZBUNR2ZCO1GSBT0Q1MDZS.pcm

SwiftExplicitDependencyGeneratePcm arm64 /Users/iv/Developer/relux-tunnel/.temp/TASK-260715-1rsqrh/DerivedData-macOS/ModuleCache.noindex/os_workgroup-C5UE8YTUG4H3C9BAMU03H6TBS.pcm

SwiftExplicitDependencyGeneratePcm x86_64 /Users/iv/Developer/relux-tunnel/.temp/TASK-260715-1rsqrh/DerivedData-macOS/ModuleCache.noindex/os_workgroup-E2KU8BY2N5STRBU4HT7M6MTDX.pcm

SwiftExplicitDependencyGeneratePcm arm64 /Users/iv/Developer/relux-tunnel/.temp/TASK-260715-1rsqrh/DerivedData-macOS/ModuleCache.noindex/Dispatch-1VB1N3XKD2LYAW5WAKLE6KVTI.pcm

SwiftExplicitDependencyGeneratePcm x86_64 /Users/iv/Developer/relux-tunnel/.temp/TASK-260715-1rsqrh/DerivedData-macOS/ModuleCache.noindex/Dispatch-2RGYC6TQDTC7OPORVZ6RDGLQK.pcm

SwiftExplicitDependencyGeneratePcm arm64 /Users/iv/Developer/relux-tunnel/.temp/TASK-260715-1rsqrh/DerivedData-macOS/ModuleCache.noindex/XPC-ASE7HDEUQTMJ8BGZCAQW8GHJ9.pcm

SwiftExplicitDependencyGeneratePcm arm64 /Users/iv/Developer/relux-tunnel/.temp/TASK-260715-1rsqrh/DerivedData-macOS/ModuleCache.noindex/CoreFoundation-BJ8V8QSFE3A53M40QGULP85IW.pcm

SwiftExplicitDependencyGeneratePcm x86_64 /Users/iv/Developer/relux-tunnel/.temp/TASK-260715-1rsqrh/DerivedData-macOS/ModuleCache.noindex/CoreFoundation-63OFF8GI8LUOE0JGFI123KWGG.pcm

SwiftExplicitDependencyGeneratePcm x86_64 /Users/iv/Developer/relux-tunnel/.temp/TASK-260715-1rsqrh/DerivedData-macOS/ModuleCache.noindex/XPC-708R0W34U67C8XZJAIK6L6U4A.pcm

SwiftExplicitDependencyGeneratePcm arm64 /Users/iv/Developer/relux-tunnel/.temp/TASK-260715-1rsqrh/DerivedData-macOS/ModuleCache.noindex/CFNetwork-3LV7100KXXGNDFOZR23CMYNHU.pcm

SwiftExplicitDependencyGeneratePcm arm64 /Users/iv/Developer/relux-tunnel/.temp/TASK-260715-1rsqrh/DerivedData-macOS/ModuleCache.noindex/Security-37WD88UHNSVOY15AX1YIP86WP.pcm

SwiftExplicitDependencyGeneratePcm arm64 /Users/iv/Developer/relux-tunnel/.temp/TASK-260715-1rsqrh/DerivedData-macOS/ModuleCache.noindex/IOKit-87NCHBI96PBSA7B8EYSZSHXKZ.pcm

SwiftExplicitDependencyGeneratePcm x86_64 /Users/iv/Developer/relux-tunnel/.temp/TASK-260715-1rsqrh/DerivedData-macOS/ModuleCache.noindex/CFNetwork-5MFSATOX3RG0J3BPUPI3CR01V.pcm

SwiftExplicitDependencyGeneratePcm x86_64 /Users/iv/Developer/relux-tunnel/.temp/TASK-260715-1rsqrh/DerivedData-macOS/ModuleCache.noindex/Security-EECJHGI6N8RQ0H4TWR9718H1V.pcm

SwiftExplicitDependencyGeneratePcm x86_64 /Users/iv/Developer/relux-tunnel/.temp/TASK-260715-1rsqrh/DerivedData-macOS/ModuleCache.noindex/IOKit-747PHDYUAPM2VENWAXYEFXBTE.pcm

SwiftExplicitDependencyGeneratePcm arm64 /Users/iv/Developer/relux-tunnel/.temp/TASK-260715-1rsqrh/DerivedData-macOS/ModuleCache.noindex/DiskArbitration-2K0MNJF6QVG0WSLKS02RPEABD.pcm

SwiftExplicitDependencyGeneratePcm x86_64 /Users/iv/Developer/relux-tunnel/.temp/TASK-260715-1rsqrh/DerivedData-macOS/ModuleCache.noindex/DiskArbitration-4AUC7ABO0AZ5DGA3RYYUURBEX.pcm

SwiftExplicitDependencyGeneratePcm arm64 /Users/iv/Developer/relux-tunnel/.temp/TASK-260715-1rsqrh/DerivedData-macOS/ModuleCache.noindex/CoreServices-6OZ3QE6P6QZKZB8IEWZ6YLFG7.pcm

SwiftExplicitDependencyGeneratePcm x86_64 /Users/iv/Developer/relux-tunnel/.temp/TASK-260715-1rsqrh/DerivedData-macOS/ModuleCache.noindex/CoreServices-691L2O0X0JTJ7LVFZVCB7DDY8.pcm

SwiftExplicitDependencyGeneratePcm x86_64 /Users/iv/Developer/relux-tunnel/.temp/TASK-260715-1rsqrh/DerivedData-macOS/ModuleCache.noindex/Foundation-3AG8UAH3QYJ4GFQM8U9VKJKLU.pcm

SwiftExplicitDependencyGeneratePcm arm64 /Users/iv/Developer/relux-tunnel/.temp/TASK-260715-1rsqrh/DerivedData-macOS/ModuleCache.noindex/Foundation-7KLQ3VUTMKOT3N6OQ60IF2K80.pcm

SwiftExplicitDependencyGeneratePcm x86_64 /Users/iv/Developer/relux-tunnel/.temp/TASK-260715-1rsqrh/DerivedData-macOS/ModuleCache.noindex/LocalAuthentication-DWB12UPIITV1BYAIUEHDRXLMT.pcm

SwiftExplicitDependencyGeneratePcm arm64 /Users/iv/Developer/relux-tunnel/.temp/TASK-260715-1rsqrh/DerivedData-macOS/ModuleCache.noindex/LocalAuthentication-3OVXDTPKWFF3Z13M49MXFHNQQ.pcm

SwiftEmitModule normal x86_64 Emitting\ module\ for\ ReluxTunnelCore (in target 'ReluxTunnelCore' from project 'ReluxTunnel')

EmitSwiftModule normal x86_64 (in target 'ReluxTunnelCore' from project 'ReluxTunnel')
    cd /Users/iv/Developer/relux-tunnel/.swiftpm/xcode
    

SwiftCompile normal x86_64 Compiling\ RuntimeMessageModels.swift /Users/iv/Developer/relux-tunnel/Sources/ReluxTunnelCore/RuntimeMessageModels.swift (in target 'ReluxTunnelCore' from project 'ReluxTunnel')
SwiftCompile normal x86_64 /Users/iv/Developer/relux-tunnel/Sources/ReluxTunnelCore/RuntimeMessageModels.swift (in target 'ReluxTunnelCore' from project 'ReluxTunnel')
    cd /Users/iv/Developer/relux-tunnel/.swiftpm/xcode
    

SwiftCompile normal x86_64 Compiling\ VPNSessionController.swift /Users/iv/Developer/relux-tunnel/Sources/ReluxTunnelCore/VPNSessionController.swift (in target 'ReluxTunnelCore' from project 'ReluxTunnel')

SwiftCompile normal x86_64 /Users/iv/Developer/relux-tunnel/Sources/ReluxTunnelCore/VPNSessionController.swift (in target 'ReluxTunnelCore' from project 'ReluxTunnel')
    cd /Users/iv/Developer/relux-tunnel/.swiftpm/xcode
    

SwiftCompile normal x86_64 Compiling\ SSHContracts.swift /Users/iv/Developer/relux-tunnel/Sources/ReluxTunnelCore/SSHContracts.swift (in target 'ReluxTunnelCore' from project 'ReluxTunnel')

SwiftCompile normal x86_64 /Users/iv/Developer/relux-tunnel/Sources/ReluxTunnelCore/SSHContracts.swift (in target 'ReluxTunnelCore' from project 'ReluxTunnel')
    cd /Users/iv/Developer/relux-tunnel/.swiftpm/xcode
    

SwiftCompile normal x86_64 Compiling\ TunnelRuntimeCoordinator.swift /Users/iv/Developer/relux-tunnel/Sources/ReluxTunnelCore/TunnelRuntimeCoordinator.swift (in target 'ReluxTunnelCore' from project 'ReluxTunnel')
SwiftCompile normal x86_64 /Users/iv/Developer/relux-tunnel/Sources/ReluxTunnelCore/TunnelRuntimeCoordinator.swift (in target 'ReluxTunnelCore' from project 'ReluxTunnel')
    cd /Users/iv/Developer/relux-tunnel/.swiftpm/xcode
    

SwiftCompile normal x86_64 Compiling\ VPNManagerRepository.swift /Users/iv/Developer/relux-tunnel/Sources/ReluxTunnelCore/VPNManagerRepository.swift (in target 'ReluxTunnelCore' from project 'ReluxTunnel')

SwiftCompile normal x86_64 /Users/iv/Developer/relux-tunnel/Sources/ReluxTunnelCore/VPNManagerRepository.swift (in target 'ReluxTunnelCore' from project 'ReluxTunnel')
    cd /Users/iv/Developer/relux-tunnel/.swiftpm/xcode
    

SwiftCompile normal x86_64 Compiling\ RelaySession.swift /Users/iv/Developer/relux-tunnel/Sources/ReluxTunnelCore/RelayProtocol/RelaySession.swift (in target 'ReluxTunnelCore' from project 'ReluxTunnel')

SwiftCompile normal x86_64 /Users/iv/Developer/relux-tunnel/Sources/ReluxTunnelCore/RelayProtocol/RelaySession.swift (in target 'ReluxTunnelCore' from project 'ReluxTunnel')
    cd /Users/iv/Developer/relux-tunnel/.swiftpm/xcode
    

SwiftCompile normal x86_64 Compiling\ RuntimeDiagnostics.swift /Users/iv/Developer/relux-tunnel/Sources/ReluxTunnelCore/RuntimeDiagnostics.swift (in target 'ReluxTunnelCore' from project 'ReluxTunnel')

SwiftCompile normal x86_64 /Users/iv/Developer/relux-tunnel/Sources/ReluxTunnelCore/RuntimeDiagnostics.swift (in target 'ReluxTunnelCore' from project 'ReluxTunnel')
    cd /Users/iv/Developer/relux-tunnel/.swiftpm/xcode
    

SwiftCompile normal x86_64 Compiling\ RelayHandshake.swift /Users/iv/Developer/relux-tunnel/Sources/ReluxTunnelCore/RelayProtocol/RelayHandshake.swift (in target 'ReluxTunnelCore' from project 'ReluxTunnel')

SwiftCompile normal x86_64 /Users/iv/Developer/relux-tunnel/Sources/ReluxTunnelCore/RelayProtocol/RelayHandshake.swift (in target 'ReluxTunnelCore' from project 'ReluxTunnel')
    cd /Users/iv/Developer/relux-tunnel/.swiftpm/xcode
    

SwiftCompile normal x86_64 Compiling\ RelayByteCodec.swift /Users/iv/Developer/relux-tunnel/Sources/ReluxTunnelCore/RelayProtocol/RelayByteCodec.swift (in target 'ReluxTunnelCore' from project 'ReluxTunnel')

SwiftCompile normal x86_64 /Users/iv/Developer/relux-tunnel/Sources/ReluxTunnelCore/RelayProtocol/RelayByteCodec.swift (in target 'ReluxTunnelCore' from project 'ReluxTunnel')
    cd /Users/iv/Developer/relux-tunnel/.swiftpm/xcode
    

SwiftCompile normal x86_64 Compiling\ RuntimeContracts.swift /Users/iv/Developer/relux-tunnel/Sources/ReluxTunnelCore/RuntimeContracts.swift (in target 'ReluxTunnelCore' from project 'ReluxTunnel')

SwiftCompile normal x86_64 /Users/iv/Developer/relux-tunnel/Sources/ReluxTunnelCore/RuntimeContracts.swift (in target 'ReluxTunnelCore' from project 'ReluxTunnel')
    cd /Users/iv/Developer/relux-tunnel/.swiftpm/xcode
    

SwiftCompile normal x86_64 Compiling\ RelayDatagramCodec.swift /Users/iv/Developer/relux-tunnel/Sources/ReluxTunnelCore/RelayProtocol/RelayDatagramCodec.swift (in target 'ReluxTunnelCore' from project 'ReluxTunnel')

SwiftCompile normal x86_64 /Users/iv/Developer/relux-tunnel/Sources/ReluxTunnelCore/RelayProtocol/RelayDatagramCodec.swift (in target 'ReluxTunnelCore' from project 'ReluxTunnel')
    cd /Users/iv/Developer/relux-tunnel/.swiftpm/xcode
    

SwiftCompile normal x86_64 Compiling\ PacketFlowBridge.swift,\ PacketFlowBridgeContracts.swift /Users/iv/Developer/relux-tunnel/Sources/ReluxTunnelCore/PacketFlowBridge.swift /Users/iv/Developer/relux-tunnel/Sources/ReluxTunnelCore/PacketFlowBridgeContracts.swift (in target 'ReluxTunnelCore' from project 'ReluxTunnel')

SwiftCompile normal x86_64 /Users/iv/Developer/relux-tunnel/Sources/ReluxTunnelCore/PacketFlowBridge.swift (in target 'ReluxTunnelCore' from project 'ReluxTunnel')
    cd /Users/iv/Developer/relux-tunnel/.swiftpm/xcode
    

SwiftCompile normal x86_64 /Users/iv/Developer/relux-tunnel/Sources/ReluxTunnelCore/PacketFlowBridgeContracts.swift (in target 'ReluxTunnelCore' from project 'ReluxTunnel')
    cd /Users/iv/Developer/relux-tunnel/.swiftpm/xcode
    

SwiftCompile normal x86_64 Compiling\ PacketContracts.swift,\ PacketFlowAdapterBoundary.swift /Users/iv/Developer/relux-tunnel/Sources/ReluxTunnelCore/PacketContracts.swift /Users/iv/Developer/relux-tunnel/Sources/ReluxTunnelCore/PacketFlowAdapterBoundary.swift (in target 'ReluxTunnelCore' from project 'ReluxTunnel')

SwiftCompile normal x86_64 /Users/iv/Developer/relux-tunnel/Sources/ReluxTunnelCore/PacketContracts.swift (in target 'ReluxTunnelCore' from project 'ReluxTunnel')
    cd /Users/iv/Developer/relux-tunnel/.swiftpm/xcode
    

SwiftCompile normal x86_64 /Users/iv/Developer/relux-tunnel/Sources/ReluxTunnelCore/PacketFlowAdapterBoundary.swift (in target 'ReluxTunnelCore' from project 'ReluxTunnel')
    cd /Users/iv/Developer/relux-tunnel/.swiftpm/xcode
    

SwiftCompile normal x86_64 Compiling\ ComponentContracts.swift,\ DarwinPacketBridgeIO.swift /Users/iv/Developer/relux-tunnel/Sources/ReluxTunnelCore/ComponentContracts.swift /Users/iv/Developer/relux-tunnel/Sources/ReluxTunnelCore/DarwinPacketBridgeIO.swift (in target 'ReluxTunnelCore' from project 'ReluxTunnel')

SwiftCompile normal x86_64 /Users/iv/Developer/relux-tunnel/Sources/ReluxTunnelCore/ComponentContracts.swift (in target 'ReluxTunnelCore' from project 'ReluxTunnel')
    cd /Users/iv/Developer/relux-tunnel/.swiftpm/xcode
    

SwiftCompile normal x86_64 /Users/iv/Developer/relux-tunnel/Sources/ReluxTunnelCore/DarwinPacketBridgeIO.swift (in target 'ReluxTunnelCore' from project 'ReluxTunnel')
    cd /Users/iv/Developer/relux-tunnel/.swiftpm/xcode
    

SwiftCompile normal x86_64 Compiling\ RelayProtocolV1+Generated.swift /Users/iv/Developer/relux-tunnel/Sources/ReluxTunnelCore/RelayProtocol/Generated/RelayProtocolV1+Generated.swift (in target 'ReluxTunnelCore' from project 'ReluxTunnel')

SwiftCompile normal x86_64 /Users/iv/Developer/relux-tunnel/Sources/ReluxTunnelCore/RelayProtocol/Generated/RelayProtocolV1+Generated.swift (in target 'ReluxTunnelCore' from project 'ReluxTunnel')
    cd /Users/iv/Developer/relux-tunnel/.swiftpm/xcode
    

SwiftEmitModule normal arm64 Emitting\ module\ for\ ReluxTunnelCore (in target 'ReluxTunnelCore' from project 'ReluxTunnel')

EmitSwiftModule normal arm64 (in target 'ReluxTunnelCore' from project 'ReluxTunnel')
    cd /Users/iv/Developer/relux-tunnel/.swiftpm/xcode
    

SwiftDriverJobDiscovery normal x86_64 Compiling RelayProtocolV1+Generated.swift (in target 'ReluxTunnelCore' from project 'ReluxTunnel')

SwiftCompile normal arm64 Compiling\ RelaySession.swift /Users/iv/Developer/relux-tunnel/Sources/ReluxTunnelCore/RelayProtocol/RelaySession.swift (in target 'ReluxTunnelCore' from project 'ReluxTunnel')

SwiftCompile normal arm64 /Users/iv/Developer/relux-tunnel/Sources/ReluxTunnelCore/RelayProtocol/RelaySession.swift (in target 'ReluxTunnelCore' from project 'ReluxTunnel')
    cd /Users/iv/Developer/relux-tunnel/.swiftpm/xcode
    

SwiftDriverJobDiscovery normal x86_64 Emitting module for ReluxTunnelCore (in target 'ReluxTunnelCore' from project 'ReluxTunnel')

SwiftDriver\ Compilation\ Requirements ReluxTunnelCore normal x86_64 com.apple.xcode.tools.swift.compiler (in target 'ReluxTunnelCore' from project 'ReluxTunnel')
    cd /Users/iv/Developer/relux-tunnel/.swiftpm/xcode
    builtin-Swift-Compilation-Requirements -- /Applications/Xcode_26_5.app/Contents/Developer/Toolchains/XcodeDefault.xctoolchain/usr/bin/swiftc -module-name ReluxTunnelCore -Onone @/Users/iv/Developer/.build/Intermediates.noindex/ReluxTunnel.build/Debug/ReluxTunnelCore.build/Objects-normal/x86_64/ReluxTunnelCore.SwiftFileList -DSWIFT_PACKAGE -DDEBUG -DSWIFT_MODULE_RESOURCE_BUNDLE_UNAVAILABLE -DXcode -plugin-path /Applications/Xcode_26_5.app/Contents/Developer/Toolchains/XcodeDefault.xctoolchain/usr/lib/swift/host/plugins/testing -enable-experimental-feature DebugDescriptionMacro -sdk /Applications/Xcode_26_5.app/Contents/Developer/Platforms/MacOSX.platform/Developer/SDKs/MacOSX26.5.sdk -target x86_64-apple-macos15.0 -g -module-cache-path /Users/iv/Developer/relux-tunnel/.temp/TASK-260715-1rsqrh/DerivedData-macOS/ModuleCache.noindex -Xfrontend -serialize-debugging-options -enable-testing -index-store-path /Users/iv/Developer/relux-tunnel/.temp/TASK-260715-1rsqrh/DerivedData-macOS/Index.noindex/DataStore -Xcc -D_LIBCPP_HARDENING_MODE\=_LIBCPP_HARDENING_MODE_DEBUG -swift-version 6 -I /Users/iv/Developer/.build/Products/Debug -Isystem /Applications/Xcode_26_5.app/Contents/Developer/Platforms/MacOSX.platform/Developer/usr/lib -F /Users/iv/Developer/.build/Products/Debug -F /Applications/Xcode_26_5.app/Contents/Developer/Platforms/MacOSX.platform/Developer/Library/Frameworks -c -j16 -enable-batch-mode -incremental -Xcc -ivfsstatcache -Xcc /Users/iv/Developer/relux-tunnel/.temp/TASK-260715-1rsqrh/DerivedData-macOS/SDKStatCaches.noindex/macosx26.5-25F70-b64f947cdd770e773f3848253724d71e.sdkstatcache -output-file-map /Users/iv/Developer/.build/Intermediates.noindex/ReluxTunnel.build/Debug/ReluxTunnelCore.build/Objects-normal/x86_64/ReluxTunnelCore-OutputFileMap.json -use-frontend-parseable-output -save-temps -no-color-diagnostics -explicit-module-build -module-cache-path /Users/iv/Developer/.build/Intermediates.noindex/SwiftExplicitPrecompiledModules -clang-scanner-module-cache-path /Users/iv/Developer/relux-tunnel/.temp/TASK-260715-1rsqrh/DerivedData-macOS/ModuleCache.noindex -sdk-module-cache-path /Users/iv/Developer/relux-tunnel/.temp/TASK-260715-1rsqrh/DerivedData-macOS/ModuleCache.noindex -serialize-diagnostics -emit-dependencies -emit-module -emit-module-path /Users/iv/Developer/.build/Intermediates.noindex/ReluxTunnel.build/Debug/ReluxTunnelCore.build/Objects-normal/x86_64/ReluxTunnelCore.swiftmodule -validate-clang-modules-once -clang-build-session-file /Users/iv/Developer/relux-tunnel/.temp/TASK-260715-1rsqrh/DerivedData-macOS/ModuleCache.noindex/Session.modulevalidation -package-name relux_tunnel -Xcc -I/Users/iv/Developer/.build/Intermediates.noindex/ReluxTunnel.build/Debug/ReluxTunnelCore.build/swift-overrides.hmap -emit-const-values -Xfrontend -const-gather-protocols-file -Xfrontend /Users/iv/Developer/.build/Intermediates.noindex/ReluxTunnel.build/Debug/ReluxTunnelCore.build/Objects-normal/x86_64/ReluxTunnelCore_const_extract_protocols.json -Xcc -I/Users/iv/Developer/.build/Products/Debug/include -Xcc -I/Users/iv/Developer/.build/Intermediates.noindex/ReluxTunnel.build/Debug/ReluxTunnelCore.build/DerivedSources-normal/x86_64 -Xcc -I/Users/iv/Developer/.build/Intermediates.noindex/ReluxTunnel.build/Debug/ReluxTunnelCore.build/DerivedSources/x86_64 -Xcc -I/Users/iv/Developer/.build/Intermediates.noindex/ReluxTunnel.build/Debug/ReluxTunnelCore.build/DerivedSources -Xcc -DSWIFT_PACKAGE -Xcc -DDEBUG\=1 -emit-objc-header -emit-objc-header-path /Users/iv/Developer/.build/Intermediates.noindex/ReluxTunnel.build/Debug/ReluxTunnelCore.build/Objects-normal/x86_64/ReluxTunnelCore-Swift.h -working-directory /Users/iv/Developer/relux-tunnel/.swiftpm/xcode -experimental-emit-module-separately -disable-cmo

SwiftDriverJobDiscovery normal arm64 Emitting module for ReluxTunnelCore (in target 'ReluxTunnelCore' from project 'ReluxTunnel')

SwiftDriver\ Compilation\ Requirements ReluxTunnelCore normal arm64 com.apple.xcode.tools.swift.compiler (in target 'ReluxTunnelCore' from project 'ReluxTunnel')
    cd /Users/iv/Developer/relux-tunnel/.swiftpm/xcode
    builtin-Swift-Compilation-Requirements -- /Applications/Xcode_26_5.app/Contents/Developer/Toolchains/XcodeDefault.xctoolchain/usr/bin/swiftc -module-name ReluxTunnelCore -Onone @/Users/iv/Developer/.build/Intermediates.noindex/ReluxTunnel.build/Debug/ReluxTunnelCore.build/Objects-normal/arm64/ReluxTunnelCore.SwiftFileList -DSWIFT_PACKAGE -DDEBUG -DSWIFT_MODULE_RESOURCE_BUNDLE_UNAVAILABLE -DXcode -plugin-path /Applications/Xcode_26_5.app/Contents/Developer/Toolchains/XcodeDefault.xctoolchain/usr/lib/swift/host/plugins/testing -enable-experimental-feature DebugDescriptionMacro -sdk /Applications/Xcode_26_5.app/Contents/Developer/Platforms/MacOSX.platform/Developer/SDKs/MacOSX26.5.sdk -target arm64-apple-macos15.0 -g -module-cache-path /Users/iv/Developer/relux-tunnel/.temp/TASK-260715-1rsqrh/DerivedData-macOS/ModuleCache.noindex -Xfrontend -serialize-debugging-options -enable-testing -index-store-path /Users/iv/Developer/relux-tunnel/.temp/TASK-260715-1rsqrh/DerivedData-macOS/Index.noindex/DataStore -Xcc -D_LIBCPP_HARDENING_MODE\=_LIBCPP_HARDENING_MODE_DEBUG -swift-version 6 -I /Users/iv/Developer/.build/Products/Debug -Isystem /Applications/Xcode_26_5.app/Contents/Developer/Platforms/MacOSX.platform/Developer/usr/lib -F /Users/iv/Developer/.build/Products/Debug -F /Applications/Xcode_26_5.app/Contents/Developer/Platforms/MacOSX.platform/Developer/Library/Frameworks -c -j16 -enable-batch-mode -incremental -Xcc -ivfsstatcache -Xcc /Users/iv/Developer/relux-tunnel/.temp/TASK-260715-1rsqrh/DerivedData-macOS/SDKStatCaches.noindex/macosx26.5-25F70-b64f947cdd770e773f3848253724d71e.sdkstatcache -output-file-map /Users/iv/Developer/.build/Intermediates.noindex/ReluxTunnel.build/Debug/ReluxTunnelCore.build/Objects-normal/arm64/ReluxTunnelCore-OutputFileMap.json -use-frontend-parseable-output -save-temps -no-color-diagnostics -explicit-module-build -module-cache-path /Users/iv/Developer/.build/Intermediates.noindex/SwiftExplicitPrecompiledModules -clang-scanner-module-cache-path /Users/iv/Developer/relux-tunnel/.temp/TASK-260715-1rsqrh/DerivedData-macOS/ModuleCache.noindex -sdk-module-cache-path /Users/iv/Developer/relux-tunnel/.temp/TASK-260715-1rsqrh/DerivedData-macOS/ModuleCache.noindex -serialize-diagnostics -emit-dependencies -emit-module -emit-module-path /Users/iv/Developer/.build/Intermediates.noindex/ReluxTunnel.build/Debug/ReluxTunnelCore.build/Objects-normal/arm64/ReluxTunnelCore.swiftmodule -validate-clang-modules-once -clang-build-session-file /Users/iv/Developer/relux-tunnel/.temp/TASK-260715-1rsqrh/DerivedData-macOS/ModuleCache.noindex/Session.modulevalidation -package-name relux_tunnel -Xcc -I/Users/iv/Developer/.build/Intermediates.noindex/ReluxTunnel.build/Debug/ReluxTunnelCore.build/swift-overrides.hmap -emit-const-values -Xfrontend -const-gather-protocols-file -Xfrontend /Users/iv/Developer/.build/Intermediates.noindex/ReluxTunnel.build/Debug/ReluxTunnelCore.build/Objects-normal/arm64/ReluxTunnelCore_const_extract_protocols.json -Xcc -I/Users/iv/Developer/.build/Products/Debug/include -Xcc -I/Users/iv/Developer/.build/Intermediates.noindex/ReluxTunnel.build/Debug/ReluxTunnelCore.build/DerivedSources-normal/arm64 -Xcc -I/Users/iv/Developer/.build/Intermediates.noindex/ReluxTunnel.build/Debug/ReluxTunnelCore.build/DerivedSources/arm64 -Xcc -I/Users/iv/Developer/.build/Intermediates.noindex/ReluxTunnel.build/Debug/ReluxTunnelCore.build/DerivedSources -Xcc -DSWIFT_PACKAGE -Xcc -DDEBUG\=1 -emit-objc-header -emit-objc-header-path /Users/iv/Developer/.build/Intermediates.noindex/ReluxTunnel.build/Debug/ReluxTunnelCore.build/Objects-normal/arm64/ReluxTunnelCore-Swift.h -working-directory /Users/iv/Developer/relux-tunnel/.swiftpm/xcode -experimental-emit-module-separately -disable-cmo

SwiftCompile normal arm64 Compiling\ RuntimeDiagnostics.swift /Users/iv/Developer/relux-tunnel/Sources/ReluxTunnelCore/RuntimeDiagnostics.swift (in target 'ReluxTunnelCore' from project 'ReluxTunnel')

SwiftCompile normal arm64 /Users/iv/Developer/relux-tunnel/Sources/ReluxTunnelCore/RuntimeDiagnostics.swift (in target 'ReluxTunnelCore' from project 'ReluxTunnel')
    cd /Users/iv/Developer/relux-tunnel/.swiftpm/xcode
    

Copy /Users/iv/Developer/.build/Products/Debug/ReluxTunnelCore.swiftmodule/x86_64-apple-macos.swiftmodule /Users/iv/Developer/.build/Intermediates.noindex/ReluxTunnel.build/Debug/ReluxTunnelCore.build/Objects-normal/x86_64/ReluxTunnelCore.swiftmodule (in target 'ReluxTunnelCore' from project 'ReluxTunnel')
    cd /Users/iv/Developer/relux-tunnel
    builtin-copy -exclude .DS_Store -exclude CVS -exclude .svn -exclude .git -exclude .hg -resolve-src-symlinks -rename /Users/iv/Developer/.build/Intermediates.noindex/ReluxTunnel.build/Debug/ReluxTunnelCore.build/Objects-normal/x86_64/ReluxTunnelCore.swiftmodule /Users/iv/Developer/.build/Products/Debug/ReluxTunnelCore.swiftmodule/x86_64-apple-macos.swiftmodule

SwiftDriverJobDiscovery normal x86_64 Compiling PacketContracts.swift, PacketFlowAdapterBoundary.swift (in target 'ReluxTunnelCore' from project 'ReluxTunnel')

Copy /Users/iv/Developer/.build/Products/Debug/ReluxTunnelCore.swiftmodule/x86_64-apple-macos.swiftdoc /Users/iv/Developer/.build/Intermediates.noindex/ReluxTunnel.build/Debug/ReluxTunnelCore.build/Objects-normal/x86_64/ReluxTunnelCore.swiftdoc (in target 'ReluxTunnelCore' from project 'ReluxTunnel')
    cd /Users/iv/Developer/relux-tunnel
    builtin-copy -exclude .DS_Store -exclude CVS -exclude .svn -exclude .git -exclude .hg -resolve-src-symlinks -rename /Users/iv/Developer/.build/Intermediates.noindex/ReluxTunnel.build/Debug/ReluxTunnelCore.build/Objects-normal/x86_64/ReluxTunnelCore.swiftdoc /Users/iv/Developer/.build/Products/Debug/ReluxTunnelCore.swiftmodule/x86_64-apple-macos.swiftdoc

Copy /Users/iv/Developer/.build/Products/Debug/ReluxTunnelCore.swiftmodule/x86_64-apple-macos.abi.json /Users/iv/Developer/.build/Intermediates.noindex/ReluxTunnel.build/Debug/ReluxTunnelCore.build/Objects-normal/x86_64/ReluxTunnelCore.abi.json (in target 'ReluxTunnelCore' from project 'ReluxTunnel')
    cd /Users/iv/Developer/relux-tunnel
    builtin-copy -exclude .DS_Store -exclude CVS -exclude .svn -exclude .git -exclude .hg -resolve-src-symlinks -rename /Users/iv/Developer/.build/Intermediates.noindex/ReluxTunnel.build/Debug/ReluxTunnelCore.build/Objects-normal/x86_64/ReluxTunnelCore.abi.json /Users/iv/Developer/.build/Products/Debug/ReluxTunnelCore.swiftmodule/x86_64-apple-macos.abi.json

Copy /Users/iv/Developer/.build/Products/Debug/ReluxTunnelCore.swiftmodule/arm64-apple-macos.swiftmodule /Users/iv/Developer/.build/Intermediates.noindex/ReluxTunnel.build/Debug/ReluxTunnelCore.build/Objects-normal/arm64/ReluxTunnelCore.swiftmodule (in target 'ReluxTunnelCore' from project 'ReluxTunnel')
    cd /Users/iv/Developer/relux-tunnel
    builtin-copy -exclude .DS_Store -exclude CVS -exclude .svn -exclude .git -exclude .hg -resolve-src-symlinks -rename /Users/iv/Developer/.build/Intermediates.noindex/ReluxTunnel.build/Debug/ReluxTunnelCore.build/Objects-normal/arm64/ReluxTunnelCore.swiftmodule /Users/iv/Developer/.build/Products/Debug/ReluxTunnelCore.swiftmodule/arm64-apple-macos.swiftmodule

Copy /Users/iv/Developer/.build/Products/Debug/ReluxTunnelCore.swiftmodule/arm64-apple-macos.swiftdoc /Users/iv/Developer/.build/Intermediates.noindex/ReluxTunnel.build/Debug/ReluxTunnelCore.build/Objects-normal/arm64/ReluxTunnelCore.swiftdoc (in target 'ReluxTunnelCore' from project 'ReluxTunnel')
    cd /Users/iv/Developer/relux-tunnel
    builtin-copy -exclude .DS_Store -exclude CVS -exclude .svn -exclude .git -exclude .hg -resolve-src-symlinks -rename /Users/iv/Developer/.build/Intermediates.noindex/ReluxTunnel.build/Debug/ReluxTunnelCore.build/Objects-normal/arm64/ReluxTunnelCore.swiftdoc /Users/iv/Developer/.build/Products/Debug/ReluxTunnelCore.swiftmodule/arm64-apple-macos.swiftdoc

Copy /Users/iv/Developer/.build/Products/Debug/ReluxTunnelCore.swiftmodule/arm64-apple-macos.abi.json /Users/iv/Developer/.build/Intermediates.noindex/ReluxTunnel.build/Debug/ReluxTunnelCore.build/Objects-normal/arm64/ReluxTunnelCore.abi.json (in target 'ReluxTunnelCore' from project 'ReluxTunnel')
    cd /Users/iv/Developer/relux-tunnel
    builtin-copy -exclude .DS_Store -exclude CVS -exclude .svn -exclude .git -exclude .hg -resolve-src-symlinks -rename /Users/iv/Developer/.build/Intermediates.noindex/ReluxTunnel.build/Debug/ReluxTunnelCore.build/Objects-normal/arm64/ReluxTunnelCore.abi.json /Users/iv/Developer/.build/Products/Debug/ReluxTunnelCore.swiftmodule/arm64-apple-macos.abi.json

Copy /Users/iv/Developer/.build/Products/Debug/ReluxTunnelCore.swiftmodule/Project/x86_64-apple-macos.swiftsourceinfo /Users/iv/Developer/.build/Intermediates.noindex/ReluxTunnel.build/Debug/ReluxTunnelCore.build/Objects-normal/x86_64/ReluxTunnelCore.swiftsourceinfo (in target 'ReluxTunnelCore' from project 'ReluxTunnel')
    cd /Users/iv/Developer/relux-tunnel
    builtin-copy -exclude .DS_Store -exclude CVS -exclude .svn -exclude .git -exclude .hg -resolve-src-symlinks -rename /Users/iv/Developer/.build/Intermediates.noindex/ReluxTunnel.build/Debug/ReluxTunnelCore.build/Objects-normal/x86_64/ReluxTunnelCore.swiftsourceinfo /Users/iv/Developer/.build/Products/Debug/ReluxTunnelCore.swiftmodule/Project/x86_64-apple-macos.swiftsourceinfo

SwiftDriverJobDiscovery normal x86_64 Compiling PacketFlowBridge.swift, PacketFlowBridgeContracts.swift (in target 'ReluxTunnelCore' from project 'ReluxTunnel')

Copy /Users/iv/Developer/.build/Products/Debug/ReluxTunnelCore.swiftmodule/Project/arm64-apple-macos.swiftsourceinfo /Users/iv/Developer/.build/Intermediates.noindex/ReluxTunnel.build/Debug/ReluxTunnelCore.build/Objects-normal/arm64/ReluxTunnelCore.swiftsourceinfo (in target 'ReluxTunnelCore' from project 'ReluxTunnel')
    cd /Users/iv/Developer/relux-tunnel
    builtin-copy -exclude .DS_Store -exclude CVS -exclude .svn -exclude .git -exclude .hg -resolve-src-symlinks -rename /Users/iv/Developer/.build/Intermediates.noindex/ReluxTunnel.build/Debug/ReluxTunnelCore.build/Objects-normal/arm64/ReluxTunnelCore.swiftsourceinfo /Users/iv/Developer/.build/Products/Debug/ReluxTunnelCore.swiftmodule/Project/arm64-apple-macos.swiftsourceinfo

SwiftCompile normal arm64 Compiling\ RelayHandshake.swift /Users/iv/Developer/relux-tunnel/Sources/ReluxTunnelCore/RelayProtocol/RelayHandshake.swift (in target 'ReluxTunnelCore' from project 'ReluxTunnel')
SwiftCompile normal arm64 /Users/iv/Developer/relux-tunnel/Sources/ReluxTunnelCore/RelayProtocol/RelayHandshake.swift (in target 'ReluxTunnelCore' from project 'ReluxTunnel')
    cd /Users/iv/Developer/relux-tunnel/.swiftpm/xcode
    

SwiftCompile normal arm64 Compiling\ PacketContracts.swift,\ PacketFlowAdapterBoundary.swift /Users/iv/Developer/relux-tunnel/Sources/ReluxTunnelCore/PacketContracts.swift /Users/iv/Developer/relux-tunnel/Sources/ReluxTunnelCore/PacketFlowAdapterBoundary.swift (in target 'ReluxTunnelCore' from project 'ReluxTunnel')

SwiftCompile normal arm64 /Users/iv/Developer/relux-tunnel/Sources/ReluxTunnelCore/PacketContracts.swift (in target 'ReluxTunnelCore' from project 'ReluxTunnel')
    cd /Users/iv/Developer/relux-tunnel/.swiftpm/xcode
    

SwiftCompile normal arm64 /Users/iv/Developer/relux-tunnel/Sources/ReluxTunnelCore/PacketFlowAdapterBoundary.swift (in target 'ReluxTunnelCore' from project 'ReluxTunnel')
    cd /Users/iv/Developer/relux-tunnel/.swiftpm/xcode
    

SwiftCompile normal arm64 Compiling\ PacketFlowBridge.swift,\ PacketFlowBridgeContracts.swift /Users/iv/Developer/relux-tunnel/Sources/ReluxTunnelCore/PacketFlowBridge.swift /Users/iv/Developer/relux-tunnel/Sources/ReluxTunnelCore/PacketFlowBridgeContracts.swift (in target 'ReluxTunnelCore' from project 'ReluxTunnel')
SwiftCompile normal arm64 /Users/iv/Developer/relux-tunnel/Sources/ReluxTunnelCore/PacketFlowBridge.swift (in target 'ReluxTunnelCore' from project 'ReluxTunnel')
    cd /Users/iv/Developer/relux-tunnel/.swiftpm/xcode
    

SwiftCompile normal arm64 /Users/iv/Developer/relux-tunnel/Sources/ReluxTunnelCore/PacketFlowBridgeContracts.swift (in target 'ReluxTunnelCore' from project 'ReluxTunnel')
    cd /Users/iv/Developer/relux-tunnel/.swiftpm/xcode
    

SwiftDriverJobDiscovery normal x86_64 Compiling ComponentContracts.swift, DarwinPacketBridgeIO.swift (in target 'ReluxTunnelCore' from project 'ReluxTunnel')

SwiftCompile normal arm64 Compiling\ RelayByteCodec.swift /Users/iv/Developer/relux-tunnel/Sources/ReluxTunnelCore/RelayProtocol/RelayByteCodec.swift (in target 'ReluxTunnelCore' from project 'ReluxTunnel')

SwiftCompile normal arm64 /Users/iv/Developer/relux-tunnel/Sources/ReluxTunnelCore/RelayProtocol/RelayByteCodec.swift (in target 'ReluxTunnelCore' from project 'ReluxTunnel')
    cd /Users/iv/Developer/relux-tunnel/.swiftpm/xcode
    

SwiftDriverJobDiscovery normal x86_64 Compiling RelayDatagramCodec.swift (in target 'ReluxTunnelCore' from project 'ReluxTunnel')

SwiftDriverJobDiscovery normal x86_64 Compiling RuntimeContracts.swift (in target 'ReluxTunnelCore' from project 'ReluxTunnel')

SwiftCompile normal arm64 Compiling\ VPNManagerRepository.swift /Users/iv/Developer/relux-tunnel/Sources/ReluxTunnelCore/VPNManagerRepository.swift (in target 'ReluxTunnelCore' from project 'ReluxTunnel')

SwiftCompile normal arm64 /Users/iv/Developer/relux-tunnel/Sources/ReluxTunnelCore/VPNManagerRepository.swift (in target 'ReluxTunnelCore' from project 'ReluxTunnel')
    cd /Users/iv/Developer/relux-tunnel/.swiftpm/xcode
    

SwiftDriver ReluxTunnelNativeAdapter normal arm64 com.apple.xcode.tools.swift.compiler (in target 'ReluxTunnelNativeAdapter' from project 'ReluxTunnel')
    cd /Users/iv/Developer/relux-tunnel/.swiftpm/xcode
    builtin-SwiftDriver -- /Applications/Xcode_26_5.app/Contents/Developer/Toolchains/XcodeDefault.xctoolchain/usr/bin/swiftc -module-name ReluxTunnelNativeAdapter -Onone @/Users/iv/Developer/.build/Intermediates.noindex/ReluxTunnel.build/Debug/ReluxTunnelNativeAdapter.build/Objects-normal/arm64/ReluxTunnelNativeAdapter.SwiftFileList -DSWIFT_PACKAGE -DDEBUG -DSWIFT_MODULE_RESOURCE_BUNDLE_UNAVAILABLE -DXcode -plugin-path /Applications/Xcode_26_5.app/Contents/Developer/Toolchains/XcodeDefault.xctoolchain/usr/lib/swift/host/plugins/testing -enable-experimental-feature DebugDescriptionMacro -sdk /Applications/Xcode_26_5.app/Contents/Developer/Platforms/MacOSX.platform/Developer/SDKs/MacOSX26.5.sdk -target arm64-apple-macos15.0 -g -module-cache-path /Users/iv/Developer/relux-tunnel/.temp/TASK-260715-1rsqrh/DerivedData-macOS/ModuleCache.noindex -Xfrontend -serialize-debugging-options -enable-testing -index-store-path /Users/iv/Developer/relux-tunnel/.temp/TASK-260715-1rsqrh/DerivedData-macOS/Index.noindex/DataStore -Xcc -D_LIBCPP_HARDENING_MODE\=_LIBCPP_HARDENING_MODE_DEBUG -swift-version 6 -I /Users/iv/Developer/.build/Products/Debug -Isystem /Applications/Xcode_26_5.app/Contents/Developer/Platforms/MacOSX.platform/Developer/usr/lib -F /Users/iv/Developer/.build/Products/Debug/PackageFrameworks -F /Users/iv/Developer/.build/Products/Debug -F /Applications/Xcode_26_5.app/Contents/Developer/Platforms/MacOSX.platform/Developer/Library/Frameworks -c -j16 -enable-batch-mode -incremental -Xcc -ivfsstatcache -Xcc /Users/iv/Developer/relux-tunnel/.temp/TASK-260715-1rsqrh/DerivedData-macOS/SDKStatCaches.noindex/macosx26.5-25F70-b64f947cdd770e773f3848253724d71e.sdkstatcache -output-file-map /Users/iv/Developer/.build/Intermediates.noindex/ReluxTunnel.build/Debug/ReluxTunnelNativeAdapter.build/Objects-normal/arm64/ReluxTunnelNativeAdapter-OutputFileMap.json -use-frontend-parseable-output -save-temps -no-color-diagnostics -explicit-module-build -module-cache-path /Users/iv/Developer/.build/Intermediates.noindex/SwiftExplicitPrecompiledModules -clang-scanner-module-cache-path /Users/iv/Developer/relux-tunnel/.temp/TASK-260715-1rsqrh/DerivedData-macOS/ModuleCache.noindex -sdk-module-cache-path /Users/iv/Developer/relux-tunnel/.temp/TASK-260715-1rsqrh/DerivedData-macOS/ModuleCache.noindex -serialize-diagnostics -emit-dependencies -emit-module -emit-module-path /Users/iv/Developer/.build/Intermediates.noindex/ReluxTunnel.build/Debug/ReluxTunnelNativeAdapter.build/Objects-normal/arm64/ReluxTunnelNativeAdapter.swiftmodule -validate-clang-modules-once -clang-build-session-file /Users/iv/Developer/relux-tunnel/.temp/TASK-260715-1rsqrh/DerivedData-macOS/ModuleCache.noindex/Session.modulevalidation -package-name relux_tunnel -Xcc -I/Users/iv/Developer/.build/Intermediates.noindex/ReluxTunnel.build/Debug/ReluxTunnelNativeAdapter.build/swift-overrides.hmap -emit-const-values -Xfrontend -const-gather-protocols-file -Xfrontend /Users/iv/Developer/.build/Intermediates.noindex/ReluxTunnel.build/Debug/ReluxTunnelNativeAdapter.build/Objects-normal/arm64/ReluxTunnelNativeAdapter_const_extract_protocols.json -Xcc -I/Users/iv/Developer/.build/Products/Debug/include -Xcc -I/Users/iv/Developer/.build/Intermediates.noindex/ReluxTunnel.build/Debug/ReluxTunnelNativeAdapter.build/DerivedSources-normal/arm64 -Xcc -I/Users/iv/Developer/.build/Intermediates.noindex/ReluxTunnel.build/Debug/ReluxTunnelNativeAdapter.build/DerivedSources/arm64 -Xcc -I/Users/iv/Developer/.build/Intermediates.noindex/ReluxTunnel.build/Debug/ReluxTunnelNativeAdapter.build/DerivedSources -Xcc -DSWIFT_PACKAGE -Xcc -DDEBUG\=1 -emit-objc-header -emit-objc-header-path /Users/iv/Developer/.build/Intermediates.noindex/ReluxTunnel.build/Debug/ReluxTunnelNativeAdapter.build/Objects-normal/arm64/ReluxTunnelNativeAdapter-Swift.h -working-directory /Users/iv/Developer/relux-tunnel/.swiftpm/xcode -experimental-emit-module-separately -disable-cmo

SwiftDriverJobDiscovery normal x86_64 Compiling RelayByteCodec.swift (in target 'ReluxTunnelCore' from project 'ReluxTunnel')

SwiftCompile normal arm64 Compiling\ ComponentContracts.swift,\ DarwinPacketBridgeIO.swift /Users/iv/Developer/relux-tunnel/Sources/ReluxTunnelCore/ComponentContracts.swift /Users/iv/Developer/relux-tunnel/Sources/ReluxTunnelCore/DarwinPacketBridgeIO.swift (in target 'ReluxTunnelCore' from project 'ReluxTunnel')

SwiftCompile normal arm64 /Users/iv/Developer/relux-tunnel/Sources/ReluxTunnelCore/ComponentContracts.swift (in target 'ReluxTunnelCore' from project 'ReluxTunnel')
    cd /Users/iv/Developer/relux-tunnel/.swiftpm/xcode
    

SwiftCompile normal arm64 /Users/iv/Developer/relux-tunnel/Sources/ReluxTunnelCore/DarwinPacketBridgeIO.swift (in target 'ReluxTunnelCore' from project 'ReluxTunnel')
    cd /Users/iv/Developer/relux-tunnel/.swiftpm/xcode
    

SwiftDriverJobDiscovery normal x86_64 Compiling RelaySession.swift (in target 'ReluxTunnelCore' from project 'ReluxTunnel')

SwiftCompile normal arm64 Compiling\ SSHContracts.swift /Users/iv/Developer/relux-tunnel/Sources/ReluxTunnelCore/SSHContracts.swift (in target 'ReluxTunnelCore' from project 'ReluxTunnel')

SwiftCompile normal arm64 /Users/iv/Developer/relux-tunnel/Sources/ReluxTunnelCore/SSHContracts.swift (in target 'ReluxTunnelCore' from project 'ReluxTunnel')
    cd /Users/iv/Developer/relux-tunnel/.swiftpm/xcode
    

SwiftDriverJobDiscovery normal x86_64 Compiling RuntimeDiagnostics.swift (in target 'ReluxTunnelCore' from project 'ReluxTunnel')

SwiftCompile normal arm64 Compiling\ VPNSessionController.swift /Users/iv/Developer/relux-tunnel/Sources/ReluxTunnelCore/VPNSessionController.swift (in target 'ReluxTunnelCore' from project 'ReluxTunnel')

SwiftCompile normal arm64 /Users/iv/Developer/relux-tunnel/Sources/ReluxTunnelCore/VPNSessionController.swift (in target 'ReluxTunnelCore' from project 'ReluxTunnel')
    cd /Users/iv/Developer/relux-tunnel/.swiftpm/xcode
    

SwiftDriverJobDiscovery normal x86_64 Compiling RelayHandshake.swift (in target 'ReluxTunnelCore' from project 'ReluxTunnel')

SwiftCompile normal arm64 Compiling\ RelayProtocolV1+Generated.swift /Users/iv/Developer/relux-tunnel/Sources/ReluxTunnelCore/RelayProtocol/Generated/RelayProtocolV1+Generated.swift (in target 'ReluxTunnelCore' from project 'ReluxTunnel')

SwiftCompile normal arm64 /Users/iv/Developer/relux-tunnel/Sources/ReluxTunnelCore/RelayProtocol/Generated/RelayProtocolV1+Generated.swift (in target 'ReluxTunnelCore' from project 'ReluxTunnel')
    cd /Users/iv/Developer/relux-tunnel/.swiftpm/xcode
    

SwiftDriverJobDiscovery normal x86_64 Compiling VPNManagerRepository.swift (in target 'ReluxTunnelCore' from project 'ReluxTunnel')

SwiftCompile normal arm64 Compiling\ ProviderLifecycle.swift /Users/iv/Developer/relux-tunnel/Sources/ReluxTunnelCore/ProviderLifecycle.swift (in target 'ReluxTunnelCore' from project 'ReluxTunnel')

SwiftCompile normal arm64 /Users/iv/Developer/relux-tunnel/Sources/ReluxTunnelCore/ProviderLifecycle.swift (in target 'ReluxTunnelCore' from project 'ReluxTunnel')
    cd /Users/iv/Developer/relux-tunnel/.swiftpm/xcode
    

SwiftDriverJobDiscovery normal x86_64 Compiling SSHContracts.swift (in target 'ReluxTunnelCore' from project 'ReluxTunnel')

SwiftCompile normal x86_64 Compiling\ ProviderLifecycle.swift /Users/iv/Developer/relux-tunnel/Sources/ReluxTunnelCore/ProviderLifecycle.swift (in target 'ReluxTunnelCore' from project 'ReluxTunnel')

SwiftCompile normal x86_64 /Users/iv/Developer/relux-tunnel/Sources/ReluxTunnelCore/ProviderLifecycle.swift (in target 'ReluxTunnelCore' from project 'ReluxTunnel')
    cd /Users/iv/Developer/relux-tunnel/.swiftpm/xcode
    

SwiftDriverJobDiscovery normal arm64 Compiling RuntimeDiagnostics.swift (in target 'ReluxTunnelCore' from project 'ReluxTunnel')

SwiftCompile normal arm64 Compiling\ RelayDatagramCodec.swift /Users/iv/Developer/relux-tunnel/Sources/ReluxTunnelCore/RelayProtocol/RelayDatagramCodec.swift (in target 'ReluxTunnelCore' from project 'ReluxTunnel')

SwiftCompile normal arm64 /Users/iv/Developer/relux-tunnel/Sources/ReluxTunnelCore/RelayProtocol/RelayDatagramCodec.swift (in target 'ReluxTunnelCore' from project 'ReluxTunnel')
    cd /Users/iv/Developer/relux-tunnel/.swiftpm/xcode
    

SwiftDriverJobDiscovery normal arm64 Compiling RelaySession.swift (in target 'ReluxTunnelCore' from project 'ReluxTunnel')

SwiftCompile normal arm64 Compiling\ RuntimeMessageModels.swift /Users/iv/Developer/relux-tunnel/Sources/ReluxTunnelCore/RuntimeMessageModels.swift (in target 'ReluxTunnelCore' from project 'ReluxTunnel')

SwiftCompile normal arm64 /Users/iv/Developer/relux-tunnel/Sources/ReluxTunnelCore/RuntimeMessageModels.swift (in target 'ReluxTunnelCore' from project 'ReluxTunnel')
    cd /Users/iv/Developer/relux-tunnel/.swiftpm/xcode
    

SwiftDriverJobDiscovery normal arm64 Compiling PacketContracts.swift, PacketFlowAdapterBoundary.swift (in target 'ReluxTunnelCore' from project 'ReluxTunnel')

SwiftCompile normal arm64 Compiling\ RuntimeContracts.swift /Users/iv/Developer/relux-tunnel/Sources/ReluxTunnelCore/RuntimeContracts.swift (in target 'ReluxTunnelCore' from project 'ReluxTunnel')

SwiftCompile normal arm64 /Users/iv/Developer/relux-tunnel/Sources/ReluxTunnelCore/RuntimeContracts.swift (in target 'ReluxTunnelCore' from project 'ReluxTunnel')
    cd /Users/iv/Developer/relux-tunnel/.swiftpm/xcode
    

SwiftDriverJobDiscovery normal x86_64 Compiling VPNSessionController.swift (in target 'ReluxTunnelCore' from project 'ReluxTunnel')

SwiftCompile normal arm64 Compiling\ TunnelRuntimeCoordinator.swift /Users/iv/Developer/relux-tunnel/Sources/ReluxTunnelCore/TunnelRuntimeCoordinator.swift (in target 'ReluxTunnelCore' from project 'ReluxTunnel')

SwiftCompile normal arm64 /Users/iv/Developer/relux-tunnel/Sources/ReluxTunnelCore/TunnelRuntimeCoordinator.swift (in target 'ReluxTunnelCore' from project 'ReluxTunnel')
    cd /Users/iv/Developer/relux-tunnel/.swiftpm/xcode
    

SwiftDriverJobDiscovery normal x86_64 Compiling RuntimeMessageModels.swift (in target 'ReluxTunnelCore' from project 'ReluxTunnel')

SwiftDriverJobDiscovery normal x86_64 Compiling TunnelRuntimeCoordinator.swift (in target 'ReluxTunnelCore' from project 'ReluxTunnel')

SwiftDriverJobDiscovery normal arm64 Compiling ComponentContracts.swift, DarwinPacketBridgeIO.swift (in target 'ReluxTunnelCore' from project 'ReluxTunnel')

SwiftExplicitDependencyGeneratePcm arm64 /Users/iv/Developer/.build/Intermediates.noindex/SwiftExplicitPrecompiledModules/HevSocks5Tunnel-B9SP6A5V0DXXSG5U5B4KEJ7IM.pcm

SwiftExplicitDependencyGeneratePcm arm64 /Users/iv/Developer/.build/Intermediates.noindex/SwiftExplicitPrecompiledModules/CReluxNativeFixture-DC98BEKP10OEN6M6QXWJT2180.pcm

SwiftDriverJobDiscovery normal arm64 Compiling RelayByteCodec.swift (in target 'ReluxTunnelCore' from project 'ReluxTunnel')

SwiftCompile normal arm64 Compiling\ HEVNoticeBundle.swift /Users/iv/Developer/relux-tunnel/Sources/ReluxTunnelNativeAdapter/HEVNoticeBundle.swift (in target 'ReluxTunnelNativeAdapter' from project 'ReluxTunnel')

SwiftCompile normal arm64 /Users/iv/Developer/relux-tunnel/Sources/ReluxTunnelNativeAdapter/HEVNoticeBundle.swift (in target 'ReluxTunnelNativeAdapter' from project 'ReluxTunnel')
    cd /Users/iv/Developer/relux-tunnel/.swiftpm/xcode
    

SwiftEmitModule normal arm64 Emitting\ module\ for\ ReluxTunnelNativeAdapter (in target 'ReluxTunnelNativeAdapter' from project 'ReluxTunnel')

EmitSwiftModule normal arm64 (in target 'ReluxTunnelNativeAdapter' from project 'ReluxTunnel')
    cd /Users/iv/Developer/relux-tunnel/.swiftpm/xcode
    

SwiftCompile normal arm64 Compiling\ HEVIntegration.swift /Users/iv/Developer/relux-tunnel/Sources/ReluxTunnelNativeAdapter/HEVIntegration.swift (in target 'ReluxTunnelNativeAdapter' from project 'ReluxTunnel')

SwiftCompile normal arm64 /Users/iv/Developer/relux-tunnel/Sources/ReluxTunnelNativeAdapter/HEVIntegration.swift (in target 'ReluxTunnelNativeAdapter' from project 'ReluxTunnel')
    cd /Users/iv/Developer/relux-tunnel/.swiftpm/xcode
    

SwiftCompile normal arm64 Compiling\ NativeDependencyPackaging.swift /Users/iv/Developer/relux-tunnel/Sources/ReluxTunnelNativeAdapter/NativeDependencyPackaging.swift (in target 'ReluxTunnelNativeAdapter' from project 'ReluxTunnel')

SwiftCompile normal arm64 /Users/iv/Developer/relux-tunnel/Sources/ReluxTunnelNativeAdapter/NativeDependencyPackaging.swift (in target 'ReluxTunnelNativeAdapter' from project 'ReluxTunnel')
    cd /Users/iv/Developer/relux-tunnel/.swiftpm/xcode
    

SwiftCompile normal arm64 Compiling\ HEVSOCKSBoundary.swift /Users/iv/Developer/relux-tunnel/Sources/ReluxTunnelNativeAdapter/HEVSOCKSBoundary.swift (in target 'ReluxTunnelNativeAdapter' from project 'ReluxTunnel')

SwiftCompile normal arm64 /Users/iv/Developer/relux-tunnel/Sources/ReluxTunnelNativeAdapter/HEVSOCKSBoundary.swift (in target 'ReluxTunnelNativeAdapter' from project 'ReluxTunnel')
    cd /Users/iv/Developer/relux-tunnel/.swiftpm/xcode
    

SwiftDriverJobDiscovery normal arm64 Compiling RelayProtocolV1+Generated.swift (in target 'ReluxTunnelCore' from project 'ReluxTunnel')

SwiftDriverJobDiscovery normal arm64 Compiling RuntimeContracts.swift (in target 'ReluxTunnelCore' from project 'ReluxTunnel')

SwiftDriverJobDiscovery normal arm64 Compiling RelayHandshake.swift (in target 'ReluxTunnelCore' from project 'ReluxTunnel')

SwiftDriverJobDiscovery normal arm64 Compiling HEVNoticeBundle.swift (in target 'ReluxTunnelNativeAdapter' from project 'ReluxTunnel')

SwiftDriverJobDiscovery normal arm64 Emitting module for ReluxTunnelNativeAdapter (in target 'ReluxTunnelNativeAdapter' from project 'ReluxTunnel')

SwiftDriver\ Compilation\ Requirements ReluxTunnelNativeAdapter normal arm64 com.apple.xcode.tools.swift.compiler (in target 'ReluxTunnelNativeAdapter' from project 'ReluxTunnel')
    cd /Users/iv/Developer/relux-tunnel/.swiftpm/xcode
    builtin-Swift-Compilation-Requirements -- /Applications/Xcode_26_5.app/Contents/Developer/Toolchains/XcodeDefault.xctoolchain/usr/bin/swiftc -module-name ReluxTunnelNativeAdapter -Onone @/Users/iv/Developer/.build/Intermediates.noindex/ReluxTunnel.build/Debug/ReluxTunnelNativeAdapter.build/Objects-normal/arm64/ReluxTunnelNativeAdapter.SwiftFileList -DSWIFT_PACKAGE -DDEBUG -DSWIFT_MODULE_RESOURCE_BUNDLE_UNAVAILABLE -DXcode -plugin-path /Applications/Xcode_26_5.app/Contents/Developer/Toolchains/XcodeDefault.xctoolchain/usr/lib/swift/host/plugins/testing -enable-experimental-feature DebugDescriptionMacro -sdk /Applications/Xcode_26_5.app/Contents/Developer/Platforms/MacOSX.platform/Developer/SDKs/MacOSX26.5.sdk -target arm64-apple-macos15.0 -g -module-cache-path /Users/iv/Developer/relux-tunnel/.temp/TASK-260715-1rsqrh/DerivedData-macOS/ModuleCache.noindex -Xfrontend -serialize-debugging-options -enable-testing -index-store-path /Users/iv/Developer/relux-tunnel/.temp/TASK-260715-1rsqrh/DerivedData-macOS/Index.noindex/DataStore -Xcc -D_LIBCPP_HARDENING_MODE\=_LIBCPP_HARDENING_MODE_DEBUG -swift-version 6 -I /Users/iv/Developer/.build/Products/Debug -Isystem /Applications/Xcode_26_5.app/Contents/Developer/Platforms/MacOSX.platform/Developer/usr/lib -F /Users/iv/Developer/.build/Products/Debug/PackageFrameworks -F /Users/iv/Developer/.build/Products/Debug -F /Applications/Xcode_26_5.app/Contents/Developer/Platforms/MacOSX.platform/Developer/Library/Frameworks -c -j16 -enable-batch-mode -incremental -Xcc -ivfsstatcache -Xcc /Users/iv/Developer/relux-tunnel/.temp/TASK-260715-1rsqrh/DerivedData-macOS/SDKStatCaches.noindex/macosx26.5-25F70-b64f947cdd770e773f3848253724d71e.sdkstatcache -output-file-map /Users/iv/Developer/.build/Intermediates.noindex/ReluxTunnel.build/Debug/ReluxTunnelNativeAdapter.build/Objects-normal/arm64/ReluxTunnelNativeAdapter-OutputFileMap.json -use-frontend-parseable-output -save-temps -no-color-diagnostics -explicit-module-build -module-cache-path /Users/iv/Developer/.build/Intermediates.noindex/SwiftExplicitPrecompiledModules -clang-scanner-module-cache-path /Users/iv/Developer/relux-tunnel/.temp/TASK-260715-1rsqrh/DerivedData-macOS/ModuleCache.noindex -sdk-module-cache-path /Users/iv/Developer/relux-tunnel/.temp/TASK-260715-1rsqrh/DerivedData-macOS/ModuleCache.noindex -serialize-diagnostics -emit-dependencies -emit-module -emit-module-path /Users/iv/Developer/.build/Intermediates.noindex/ReluxTunnel.build/Debug/ReluxTunnelNativeAdapter.build/Objects-normal/arm64/ReluxTunnelNativeAdapter.swiftmodule -validate-clang-modules-once -clang-build-session-file /Users/iv/Developer/relux-tunnel/.temp/TASK-260715-1rsqrh/DerivedData-macOS/ModuleCache.noindex/Session.modulevalidation -package-name relux_tunnel -Xcc -I/Users/iv/Developer/.build/Intermediates.noindex/ReluxTunnel.build/Debug/ReluxTunnelNativeAdapter.build/swift-overrides.hmap -emit-const-values -Xfrontend -const-gather-protocols-file -Xfrontend /Users/iv/Developer/.build/Intermediates.noindex/ReluxTunnel.build/Debug/ReluxTunnelNativeAdapter.build/Objects-normal/arm64/ReluxTunnelNativeAdapter_const_extract_protocols.json -Xcc -I/Users/iv/Developer/.build/Products/Debug/include -Xcc -I/Users/iv/Developer/.build/Intermediates.noindex/ReluxTunnel.build/Debug/ReluxTunnelNativeAdapter.build/DerivedSources-normal/arm64 -Xcc -I/Users/iv/Developer/.build/Intermediates.noindex/ReluxTunnel.build/Debug/ReluxTunnelNativeAdapter.build/DerivedSources/arm64 -Xcc -I/Users/iv/Developer/.build/Intermediates.noindex/ReluxTunnel.build/Debug/ReluxTunnelNativeAdapter.build/DerivedSources -Xcc -DSWIFT_PACKAGE -Xcc -DDEBUG\=1 -emit-objc-header -emit-objc-header-path /Users/iv/Developer/.build/Intermediates.noindex/ReluxTunnel.build/Debug/ReluxTunnelNativeAdapter.build/Objects-normal/arm64/ReluxTunnelNativeAdapter-Swift.h -working-directory /Users/iv/Developer/relux-tunnel/.swiftpm/xcode -experimental-emit-module-separately -disable-cmo

SwiftDriver ReluxTunnelNativeAdapter normal x86_64 com.apple.xcode.tools.swift.compiler (in target 'ReluxTunnelNativeAdapter' from project 'ReluxTunnel')
    cd /Users/iv/Developer/relux-tunnel/.swiftpm/xcode
    builtin-SwiftDriver -- /Applications/Xcode_26_5.app/Contents/Developer/Toolchains/XcodeDefault.xctoolchain/usr/bin/swiftc -module-name ReluxTunnelNativeAdapter -Onone @/Users/iv/Developer/.build/Intermediates.noindex/ReluxTunnel.build/Debug/ReluxTunnelNativeAdapter.build/Objects-normal/x86_64/ReluxTunnelNativeAdapter.SwiftFileList -DSWIFT_PACKAGE -DDEBUG -DSWIFT_MODULE_RESOURCE_BUNDLE_UNAVAILABLE -DXcode -plugin-path /Applications/Xcode_26_5.app/Contents/Developer/Toolchains/XcodeDefault.xctoolchain/usr/lib/swift/host/plugins/testing -enable-experimental-feature DebugDescriptionMacro -sdk /Applications/Xcode_26_5.app/Contents/Developer/Platforms/MacOSX.platform/Developer/SDKs/MacOSX26.5.sdk -target x86_64-apple-macos15.0 -g -module-cache-path /Users/iv/Developer/relux-tunnel/.temp/TASK-260715-1rsqrh/DerivedData-macOS/ModuleCache.noindex -Xfrontend -serialize-debugging-options -enable-testing -index-store-path /Users/iv/Developer/relux-tunnel/.temp/TASK-260715-1rsqrh/DerivedData-macOS/Index.noindex/DataStore -Xcc -D_LIBCPP_HARDENING_MODE\=_LIBCPP_HARDENING_MODE_DEBUG -swift-version 6 -I /Users/iv/Developer/.build/Products/Debug -Isystem /Applications/Xcode_26_5.app/Contents/Developer/Platforms/MacOSX.platform/Developer/usr/lib -F /Users/iv/Developer/.build/Products/Debug/PackageFrameworks -F /Users/iv/Developer/.build/Products/Debug -F /Applications/Xcode_26_5.app/Contents/Developer/Platforms/MacOSX.platform/Developer/Library/Frameworks -c -j16 -enable-batch-mode -incremental -Xcc -ivfsstatcache -Xcc /Users/iv/Developer/relux-tunnel/.temp/TASK-260715-1rsqrh/DerivedData-macOS/SDKStatCaches.noindex/macosx26.5-25F70-b64f947cdd770e773f3848253724d71e.sdkstatcache -output-file-map /Users/iv/Developer/.build/Intermediates.noindex/ReluxTunnel.build/Debug/ReluxTunnelNativeAdapter.build/Objects-normal/x86_64/ReluxTunnelNativeAdapter-OutputFileMap.json -use-frontend-parseable-output -save-temps -no-color-diagnostics -explicit-module-build -module-cache-path /Users/iv/Developer/.build/Intermediates.noindex/SwiftExplicitPrecompiledModules -clang-scanner-module-cache-path /Users/iv/Developer/relux-tunnel/.temp/TASK-260715-1rsqrh/DerivedData-macOS/ModuleCache.noindex -sdk-module-cache-path /Users/iv/Developer/relux-tunnel/.temp/TASK-260715-1rsqrh/DerivedData-macOS/ModuleCache.noindex -serialize-diagnostics -emit-dependencies -emit-module -emit-module-path /Users/iv/Developer/.build/Intermediates.noindex/ReluxTunnel.build/Debug/ReluxTunnelNativeAdapter.build/Objects-normal/x86_64/ReluxTunnelNativeAdapter.swiftmodule -validate-clang-modules-once -clang-build-session-file /Users/iv/Developer/relux-tunnel/.temp/TASK-260715-1rsqrh/DerivedData-macOS/ModuleCache.noindex/Session.modulevalidation -package-name relux_tunnel -Xcc -I/Users/iv/Developer/.build/Intermediates.noindex/ReluxTunnel.build/Debug/ReluxTunnelNativeAdapter.build/swift-overrides.hmap -emit-const-values -Xfrontend -const-gather-protocols-file -Xfrontend /Users/iv/Developer/.build/Intermediates.noindex/ReluxTunnel.build/Debug/ReluxTunnelNativeAdapter.build/Objects-normal/x86_64/ReluxTunnelNativeAdapter_const_extract_protocols.json -Xcc -I/Users/iv/Developer/.build/Products/Debug/include -Xcc -I/Users/iv/Developer/.build/Intermediates.noindex/ReluxTunnel.build/Debug/ReluxTunnelNativeAdapter.build/DerivedSources-normal/x86_64 -Xcc -I/Users/iv/Developer/.build/Intermediates.noindex/ReluxTunnel.build/Debug/ReluxTunnelNativeAdapter.build/DerivedSources/x86_64 -Xcc -I/Users/iv/Developer/.build/Intermediates.noindex/ReluxTunnel.build/Debug/ReluxTunnelNativeAdapter.build/DerivedSources -Xcc -DSWIFT_PACKAGE -Xcc -DDEBUG\=1 -emit-objc-header -emit-objc-header-path /Users/iv/Developer/.build/Intermediates.noindex/ReluxTunnel.build/Debug/ReluxTunnelNativeAdapter.build/Objects-normal/x86_64/ReluxTunnelNativeAdapter-Swift.h -working-directory /Users/iv/Developer/relux-tunnel/.swiftpm/xcode -experimental-emit-module-separately -disable-cmo

SwiftDriverJobDiscovery normal arm64 Compiling NativeDependencyPackaging.swift (in target 'ReluxTunnelNativeAdapter' from project 'ReluxTunnel')

SwiftDriverJobDiscovery normal arm64 Compiling VPNManagerRepository.swift (in target 'ReluxTunnelCore' from project 'ReluxTunnel')

SwiftDriverJobDiscovery normal arm64 Compiling RelayDatagramCodec.swift (in target 'ReluxTunnelCore' from project 'ReluxTunnel')

SwiftDriverJobDiscovery normal arm64 Compiling VPNSessionController.swift (in target 'ReluxTunnelCore' from project 'ReluxTunnel')

SwiftDriverJobDiscovery normal arm64 Compiling TunnelRuntimeCoordinator.swift (in target 'ReluxTunnelCore' from project 'ReluxTunnel')

SwiftDriverJobDiscovery normal arm64 Compiling HEVSOCKSBoundary.swift (in target 'ReluxTunnelNativeAdapter' from project 'ReluxTunnel')

SwiftExplicitDependencyGeneratePcm x86_64 /Users/iv/Developer/.build/Intermediates.noindex/SwiftExplicitPrecompiledModules/CReluxNativeFixture-BV9HN6MFD7MNQYDF8R319KDNB.pcm

SwiftExplicitDependencyGeneratePcm x86_64 /Users/iv/Developer/.build/Intermediates.noindex/SwiftExplicitPrecompiledModules/HevSocks5Tunnel-CN9GL3Y00PXOSVWYXYTEL7I78.pcm

SwiftDriverJobDiscovery normal arm64 Compiling ProviderLifecycle.swift (in target 'ReluxTunnelCore' from project 'ReluxTunnel')

SwiftDriverJobDiscovery normal x86_64 Compiling ProviderLifecycle.swift (in target 'ReluxTunnelCore' from project 'ReluxTunnel')

SwiftEmitModule normal x86_64 Emitting\ module\ for\ ReluxTunnelNativeAdapter (in target 'ReluxTunnelNativeAdapter' from project 'ReluxTunnel')

EmitSwiftModule normal x86_64 (in target 'ReluxTunnelNativeAdapter' from project 'ReluxTunnel')
    cd /Users/iv/Developer/relux-tunnel/.swiftpm/xcode
    

SwiftDriver\ Compilation ReluxTunnelCore normal x86_64 com.apple.xcode.tools.swift.compiler (in target 'ReluxTunnelCore' from project 'ReluxTunnel')
    cd /Users/iv/Developer/relux-tunnel/.swiftpm/xcode
    builtin-Swift-Compilation -- /Applications/Xcode_26_5.app/Contents/Developer/Toolchains/XcodeDefault.xctoolchain/usr/bin/swiftc -module-name ReluxTunnelCore -Onone @/Users/iv/Developer/.build/Intermediates.noindex/ReluxTunnel.build/Debug/ReluxTunnelCore.build/Objects-normal/x86_64/ReluxTunnelCore.SwiftFileList -DSWIFT_PACKAGE -DDEBUG -DSWIFT_MODULE_RESOURCE_BUNDLE_UNAVAILABLE -DXcode -plugin-path /Applications/Xcode_26_5.app/Contents/Developer/Toolchains/XcodeDefault.xctoolchain/usr/lib/swift/host/plugins/testing -enable-experimental-feature DebugDescriptionMacro -sdk /Applications/Xcode_26_5.app/Contents/Developer/Platforms/MacOSX.platform/Developer/SDKs/MacOSX26.5.sdk -target x86_64-apple-macos15.0 -g -module-cache-path /Users/iv/Developer/relux-tunnel/.temp/TASK-260715-1rsqrh/DerivedData-macOS/ModuleCache.noindex -Xfrontend -serialize-debugging-options -enable-testing -index-store-path /Users/iv/Developer/relux-tunnel/.temp/TASK-260715-1rsqrh/DerivedData-macOS/Index.noindex/DataStore -Xcc -D_LIBCPP_HARDENING_MODE\=_LIBCPP_HARDENING_MODE_DEBUG -swift-version 6 -I /Users/iv/Developer/.build/Products/Debug -Isystem /Applications/Xcode_26_5.app/Contents/Developer/Platforms/MacOSX.platform/Developer/usr/lib -F /Users/iv/Developer/.build/Products/Debug -F /Applications/Xcode_26_5.app/Contents/Developer/Platforms/MacOSX.platform/Developer/Library/Frameworks -c -j16 -enable-batch-mode -incremental -Xcc -ivfsstatcache -Xcc /Users/iv/Developer/relux-tunnel/.temp/TASK-260715-1rsqrh/DerivedData-macOS/SDKStatCaches.noindex/macosx26.5-25F70-b64f947cdd770e773f3848253724d71e.sdkstatcache -output-file-map /Users/iv/Developer/.build/Intermediates.noindex/ReluxTunnel.build/Debug/ReluxTunnelCore.build/Objects-normal/x86_64/ReluxTunnelCore-OutputFileMap.json -use-frontend-parseable-output -save-temps -no-color-diagnostics -explicit-module-build -module-cache-path /Users/iv/Developer/.build/Intermediates.noindex/SwiftExplicitPrecompiledModules -clang-scanner-module-cache-path /Users/iv/Developer/relux-tunnel/.temp/TASK-260715-1rsqrh/DerivedData-macOS/ModuleCache.noindex -sdk-module-cache-path /Users/iv/Developer/relux-tunnel/.temp/TASK-260715-1rsqrh/DerivedData-macOS/ModuleCache.noindex -serialize-diagnostics -emit-dependencies -emit-module -emit-module-path /Users/iv/Developer/.build/Intermediates.noindex/ReluxTunnel.build/Debug/ReluxTunnelCore.build/Objects-normal/x86_64/ReluxTunnelCore.swiftmodule -validate-clang-modules-once -clang-build-session-file /Users/iv/Developer/relux-tunnel/.temp/TASK-260715-1rsqrh/DerivedData-macOS/ModuleCache.noindex/Session.modulevalidation -package-name relux_tunnel -Xcc -I/Users/iv/Developer/.build/Intermediates.noindex/ReluxTunnel.build/Debug/ReluxTunnelCore.build/swift-overrides.hmap -emit-const-values -Xfrontend -const-gather-protocols-file -Xfrontend /Users/iv/Developer/.build/Intermediates.noindex/ReluxTunnel.build/Debug/ReluxTunnelCore.build/Objects-normal/x86_64/ReluxTunnelCore_const_extract_protocols.json -Xcc -I/Users/iv/Developer/.build/Products/Debug/include -Xcc -I/Users/iv/Developer/.build/Intermediates.noindex/ReluxTunnel.build/Debug/ReluxTunnelCore.build/DerivedSources-normal/x86_64 -Xcc -I/Users/iv/Developer/.build/Intermediates.noindex/ReluxTunnel.build/Debug/ReluxTunnelCore.build/DerivedSources/x86_64 -Xcc -I/Users/iv/Developer/.build/Intermediates.noindex/ReluxTunnel.build/Debug/ReluxTunnelCore.build/DerivedSources -Xcc -DSWIFT_PACKAGE -Xcc -DDEBUG\=1 -emit-objc-header -emit-objc-header-path /Users/iv/Developer/.build/Intermediates.noindex/ReluxTunnel.build/Debug/ReluxTunnelCore.build/Objects-normal/x86_64/ReluxTunnelCore-Swift.h -working-directory /Users/iv/Developer/relux-tunnel/.swiftpm/xcode -experimental-emit-module-separately -disable-cmo

Ld /Users/iv/Developer/.build/Intermediates.noindex/ReluxTunnel.build/Debug/ReluxTunnelCore.build/Objects-normal/x86_64/Binary/ReluxTunnelCore.o normal x86_64 (in target 'ReluxTunnelCore' from project 'ReluxTunnel')
    cd /Users/iv/Developer/relux-tunnel
    /Applications/Xcode_26_5.app/Contents/Developer/Toolchains/XcodeDefault.xctoolchain/usr/bin/clang -Xlinker -reproducible -target x86_64-apple-macos15.0 -r -isysroot /Applications/Xcode_26_5.app/Contents/Developer/Platforms/MacOSX.platform/Developer/SDKs/MacOSX26.5.sdk -O0 -F/Users/iv/Developer/.build/Intermediates.noindex/EagerLinkingTBDs/Debug -F/Users/iv/Developer/.build/Products/Debug -iframework /Applications/Xcode_26_5.app/Contents/Developer/Platforms/MacOSX.platform/Developer/Library/Frameworks -filelist /Users/iv/Developer/.build/Intermediates.noindex/ReluxTunnel.build/Debug/ReluxTunnelCore.build/Objects-normal/x86_64/ReluxTunnelCore.LinkFileList -nostdlib -Xlinker -object_path_lto -Xlinker /Users/iv/Developer/.build/Intermediates.noindex/ReluxTunnel.build/Debug/ReluxTunnelCore.build/Objects-normal/x86_64/ReluxTunnelCore_lto.o -Xlinker -no_deduplicate -Xlinker -dependency_info -Xlinker /Users/iv/Developer/.build/Intermediates.noindex/ReluxTunnel.build/Debug/ReluxTunnelCore.build/Objects-normal/x86_64/ReluxTunnelCore_dependency_info.dat -fobjc-link-runtime -L/Applications/Xcode_26_5.app/Contents/Developer/Toolchains/XcodeDefault.xctoolchain/usr/lib/swift/macosx -L/usr/lib/swift -Xlinker -add_ast_path -Xlinker /Users/iv/Developer/.build/Intermediates.noindex/ReluxTunnel.build/Debug/ReluxTunnelCore.build/Objects-normal/x86_64/ReluxTunnelCore.swiftmodule @/Users/iv/Developer/.build/Intermediates.noindex/ReluxTunnel.build/Debug/ReluxTunnelCore.build/Objects-normal/x86_64/ReluxTunnelCore-linker-args.resp -o /Users/iv/Developer/.build/Intermediates.noindex/ReluxTunnel.build/Debug/ReluxTunnelCore.build/Objects-normal/x86_64/Binary/ReluxTunnelCore.o

SwiftDriverJobDiscovery normal arm64 Compiling SSHContracts.swift (in target 'ReluxTunnelCore' from project 'ReluxTunnel')

SwiftDriverJobDiscovery normal arm64 Compiling HEVIntegration.swift (in target 'ReluxTunnelNativeAdapter' from project 'ReluxTunnel')

SwiftDriver\ Compilation ReluxTunnelNativeAdapter normal arm64 com.apple.xcode.tools.swift.compiler (in target 'ReluxTunnelNativeAdapter' from project 'ReluxTunnel')
    cd /Users/iv/Developer/relux-tunnel/.swiftpm/xcode
    builtin-Swift-Compilation -- /Applications/Xcode_26_5.app/Contents/Developer/Toolchains/XcodeDefault.xctoolchain/usr/bin/swiftc -module-name ReluxTunnelNativeAdapter -Onone @/Users/iv/Developer/.build/Intermediates.noindex/ReluxTunnel.build/Debug/ReluxTunnelNativeAdapter.build/Objects-normal/arm64/ReluxTunnelNativeAdapter.SwiftFileList -DSWIFT_PACKAGE -DDEBUG -DSWIFT_MODULE_RESOURCE_BUNDLE_UNAVAILABLE -DXcode -plugin-path /Applications/Xcode_26_5.app/Contents/Developer/Toolchains/XcodeDefault.xctoolchain/usr/lib/swift/host/plugins/testing -enable-experimental-feature DebugDescriptionMacro -sdk /Applications/Xcode_26_5.app/Contents/Developer/Platforms/MacOSX.platform/Developer/SDKs/MacOSX26.5.sdk -target arm64-apple-macos15.0 -g -module-cache-path /Users/iv/Developer/relux-tunnel/.temp/TASK-260715-1rsqrh/DerivedData-macOS/ModuleCache.noindex -Xfrontend -serialize-debugging-options -enable-testing -index-store-path /Users/iv/Developer/relux-tunnel/.temp/TASK-260715-1rsqrh/DerivedData-macOS/Index.noindex/DataStore -Xcc -D_LIBCPP_HARDENING_MODE\=_LIBCPP_HARDENING_MODE_DEBUG -swift-version 6 -I /Users/iv/Developer/.build/Products/Debug -Isystem /Applications/Xcode_26_5.app/Contents/Developer/Platforms/MacOSX.platform/Developer/usr/lib -F /Users/iv/Developer/.build/Products/Debug/PackageFrameworks -F /Users/iv/Developer/.build/Products/Debug -F /Applications/Xcode_26_5.app/Contents/Developer/Platforms/MacOSX.platform/Developer/Library/Frameworks -c -j16 -enable-batch-mode -incremental -Xcc -ivfsstatcache -Xcc /Users/iv/Developer/relux-tunnel/.temp/TASK-260715-1rsqrh/DerivedData-macOS/SDKStatCaches.noindex/macosx26.5-25F70-b64f947cdd770e773f3848253724d71e.sdkstatcache -output-file-map /Users/iv/Developer/.build/Intermediates.noindex/ReluxTunnel.build/Debug/ReluxTunnelNativeAdapter.build/Objects-normal/arm64/ReluxTunnelNativeAdapter-OutputFileMap.json -use-frontend-parseable-output -save-temps -no-color-diagnostics -explicit-module-build -module-cache-path /Users/iv/Developer/.build/Intermediates.noindex/SwiftExplicitPrecompiledModules -clang-scanner-module-cache-path /Users/iv/Developer/relux-tunnel/.temp/TASK-260715-1rsqrh/DerivedData-macOS/ModuleCache.noindex -sdk-module-cache-path /Users/iv/Developer/relux-tunnel/.temp/TASK-260715-1rsqrh/DerivedData-macOS/ModuleCache.noindex -serialize-diagnostics -emit-dependencies -emit-module -emit-module-path /Users/iv/Developer/.build/Intermediates.noindex/ReluxTunnel.build/Debug/ReluxTunnelNativeAdapter.build/Objects-normal/arm64/ReluxTunnelNativeAdapter.swiftmodule -validate-clang-modules-once -clang-build-session-file /Users/iv/Developer/relux-tunnel/.temp/TASK-260715-1rsqrh/DerivedData-macOS/ModuleCache.noindex/Session.modulevalidation -package-name relux_tunnel -Xcc -I/Users/iv/Developer/.build/Intermediates.noindex/ReluxTunnel.build/Debug/ReluxTunnelNativeAdapter.build/swift-overrides.hmap -emit-const-values -Xfrontend -const-gather-protocols-file -Xfrontend /Users/iv/Developer/.build/Intermediates.noindex/ReluxTunnel.build/Debug/ReluxTunnelNativeAdapter.build/Objects-normal/arm64/ReluxTunnelNativeAdapter_const_extract_protocols.json -Xcc -I/Users/iv/Developer/.build/Products/Debug/include -Xcc -I/Users/iv/Developer/.build/Intermediates.noindex/ReluxTunnel.build/Debug/ReluxTunnelNativeAdapter.build/DerivedSources-normal/arm64 -Xcc -I/Users/iv/Developer/.build/Intermediates.noindex/ReluxTunnel.build/Debug/ReluxTunnelNativeAdapter.build/DerivedSources/arm64 -Xcc -I/Users/iv/Developer/.build/Intermediates.noindex/ReluxTunnel.build/Debug/ReluxTunnelNativeAdapter.build/DerivedSources -Xcc -DSWIFT_PACKAGE -Xcc -DDEBUG\=1 -emit-objc-header -emit-objc-header-path /Users/iv/Developer/.build/Intermediates.noindex/ReluxTunnel.build/Debug/ReluxTunnelNativeAdapter.build/Objects-normal/arm64/ReluxTunnelNativeAdapter-Swift.h -working-directory /Users/iv/Developer/relux-tunnel/.swiftpm/xcode -experimental-emit-module-separately -disable-cmo

SwiftDriverJobDiscovery normal x86_64 Emitting module for ReluxTunnelNativeAdapter (in target 'ReluxTunnelNativeAdapter' from project 'ReluxTunnel')

SwiftDriver\ Compilation\ Requirements ReluxTunnelNativeAdapter normal x86_64 com.apple.xcode.tools.swift.compiler (in target 'ReluxTunnelNativeAdapter' from project 'ReluxTunnel')
    cd /Users/iv/Developer/relux-tunnel/.swiftpm/xcode
    builtin-Swift-Compilation-Requirements -- /Applications/Xcode_26_5.app/Contents/Developer/Toolchains/XcodeDefault.xctoolchain/usr/bin/swiftc -module-name ReluxTunnelNativeAdapter -Onone @/Users/iv/Developer/.build/Intermediates.noindex/ReluxTunnel.build/Debug/ReluxTunnelNativeAdapter.build/Objects-normal/x86_64/ReluxTunnelNativeAdapter.SwiftFileList -DSWIFT_PACKAGE -DDEBUG -DSWIFT_MODULE_RESOURCE_BUNDLE_UNAVAILABLE -DXcode -plugin-path /Applications/Xcode_26_5.app/Contents/Developer/Toolchains/XcodeDefault.xctoolchain/usr/lib/swift/host/plugins/testing -enable-experimental-feature DebugDescriptionMacro -sdk /Applications/Xcode_26_5.app/Contents/Developer/Platforms/MacOSX.platform/Developer/SDKs/MacOSX26.5.sdk -target x86_64-apple-macos15.0 -g -module-cache-path /Users/iv/Developer/relux-tunnel/.temp/TASK-260715-1rsqrh/DerivedData-macOS/ModuleCache.noindex -Xfrontend -serialize-debugging-options -enable-testing -index-store-path /Users/iv/Developer/relux-tunnel/.temp/TASK-260715-1rsqrh/DerivedData-macOS/Index.noindex/DataStore -Xcc -D_LIBCPP_HARDENING_MODE\=_LIBCPP_HARDENING_MODE_DEBUG -swift-version 6 -I /Users/iv/Developer/.build/Products/Debug -Isystem /Applications/Xcode_26_5.app/Contents/Developer/Platforms/MacOSX.platform/Developer/usr/lib -F /Users/iv/Developer/.build/Products/Debug/PackageFrameworks -F /Users/iv/Developer/.build/Products/Debug -F /Applications/Xcode_26_5.app/Contents/Developer/Platforms/MacOSX.platform/Developer/Library/Frameworks -c -j16 -enable-batch-mode -incremental -Xcc -ivfsstatcache -Xcc /Users/iv/Developer/relux-tunnel/.temp/TASK-260715-1rsqrh/DerivedData-macOS/SDKStatCaches.noindex/macosx26.5-25F70-b64f947cdd770e773f3848253724d71e.sdkstatcache -output-file-map /Users/iv/Developer/.build/Intermediates.noindex/ReluxTunnel.build/Debug/ReluxTunnelNativeAdapter.build/Objects-normal/x86_64/ReluxTunnelNativeAdapter-OutputFileMap.json -use-frontend-parseable-output -save-temps -no-color-diagnostics -explicit-module-build -module-cache-path /Users/iv/Developer/.build/Intermediates.noindex/SwiftExplicitPrecompiledModules -clang-scanner-module-cache-path /Users/iv/Developer/relux-tunnel/.temp/TASK-260715-1rsqrh/DerivedData-macOS/ModuleCache.noindex -sdk-module-cache-path /Users/iv/Developer/relux-tunnel/.temp/TASK-260715-1rsqrh/DerivedData-macOS/ModuleCache.noindex -serialize-diagnostics -emit-dependencies -emit-module -emit-module-path /Users/iv/Developer/.build/Intermediates.noindex/ReluxTunnel.build/Debug/ReluxTunnelNativeAdapter.build/Objects-normal/x86_64/ReluxTunnelNativeAdapter.swiftmodule -validate-clang-modules-once -clang-build-session-file /Users/iv/Developer/relux-tunnel/.temp/TASK-260715-1rsqrh/DerivedData-macOS/ModuleCache.noindex/Session.modulevalidation -package-name relux_tunnel -Xcc -I/Users/iv/Developer/.build/Intermediates.noindex/ReluxTunnel.build/Debug/ReluxTunnelNativeAdapter.build/swift-overrides.hmap -emit-const-values -Xfrontend -const-gather-protocols-file -Xfrontend /Users/iv/Developer/.build/Intermediates.noindex/ReluxTunnel.build/Debug/ReluxTunnelNativeAdapter.build/Objects-normal/x86_64/ReluxTunnelNativeAdapter_const_extract_protocols.json -Xcc -I/Users/iv/Developer/.build/Products/Debug/include -Xcc -I/Users/iv/Developer/.build/Intermediates.noindex/ReluxTunnel.build/Debug/ReluxTunnelNativeAdapter.build/DerivedSources-normal/x86_64 -Xcc -I/Users/iv/Developer/.build/Intermediates.noindex/ReluxTunnel.build/Debug/ReluxTunnelNativeAdapter.build/DerivedSources/x86_64 -Xcc -I/Users/iv/Developer/.build/Intermediates.noindex/ReluxTunnel.build/Debug/ReluxTunnelNativeAdapter.build/DerivedSources -Xcc -DSWIFT_PACKAGE -Xcc -DDEBUG\=1 -emit-objc-header -emit-objc-header-path /Users/iv/Developer/.build/Intermediates.noindex/ReluxTunnel.build/Debug/ReluxTunnelNativeAdapter.build/Objects-normal/x86_64/ReluxTunnelNativeAdapter-Swift.h -working-directory /Users/iv/Developer/relux-tunnel/.swiftpm/xcode -experimental-emit-module-separately -disable-cmo

Copy /Users/iv/Developer/.build/Products/Debug/ReluxTunnelNativeAdapter.swiftmodule/arm64-apple-macos.abi.json /Users/iv/Developer/.build/Intermediates.noindex/ReluxTunnel.build/Debug/ReluxTunnelNativeAdapter.build/Objects-normal/arm64/ReluxTunnelNativeAdapter.abi.json (in target 'ReluxTunnelNativeAdapter' from project 'ReluxTunnel')
    cd /Users/iv/Developer/relux-tunnel
    builtin-copy -exclude .DS_Store -exclude CVS -exclude .svn -exclude .git -exclude .hg -resolve-src-symlinks -rename /Users/iv/Developer/.build/Intermediates.noindex/ReluxTunnel.build/Debug/ReluxTunnelNativeAdapter.build/Objects-normal/arm64/ReluxTunnelNativeAdapter.abi.json /Users/iv/Developer/.build/Products/Debug/ReluxTunnelNativeAdapter.swiftmodule/arm64-apple-macos.abi.json

Copy /Users/iv/Developer/.build/Products/Debug/ReluxTunnelNativeAdapter.swiftmodule/arm64-apple-macos.swiftmodule /Users/iv/Developer/.build/Intermediates.noindex/ReluxTunnel.build/Debug/ReluxTunnelNativeAdapter.build/Objects-normal/arm64/ReluxTunnelNativeAdapter.swiftmodule (in target 'ReluxTunnelNativeAdapter' from project 'ReluxTunnel')
    cd /Users/iv/Developer/relux-tunnel
    builtin-copy -exclude .DS_Store -exclude CVS -exclude .svn -exclude .git -exclude .hg -resolve-src-symlinks -rename /Users/iv/Developer/.build/Intermediates.noindex/ReluxTunnel.build/Debug/ReluxTunnelNativeAdapter.build/Objects-normal/arm64/ReluxTunnelNativeAdapter.swiftmodule /Users/iv/Developer/.build/Products/Debug/ReluxTunnelNativeAdapter.swiftmodule/arm64-apple-macos.swiftmodule

Copy /Users/iv/Developer/.build/Products/Debug/ReluxTunnelNativeAdapter.swiftmodule/x86_64-apple-macos.abi.json /Users/iv/Developer/.build/Intermediates.noindex/ReluxTunnel.build/Debug/ReluxTunnelNativeAdapter.build/Objects-normal/x86_64/ReluxTunnelNativeAdapter.abi.json (in target 'ReluxTunnelNativeAdapter' from project 'ReluxTunnel')
    cd /Users/iv/Developer/relux-tunnel
    builtin-copy -exclude .DS_Store -exclude CVS -exclude .svn -exclude .git -exclude .hg -resolve-src-symlinks -rename /Users/iv/Developer/.build/Intermediates.noindex/ReluxTunnel.build/Debug/ReluxTunnelNativeAdapter.build/Objects-normal/x86_64/ReluxTunnelNativeAdapter.abi.json /Users/iv/Developer/.build/Products/Debug/ReluxTunnelNativeAdapter.swiftmodule/x86_64-apple-macos.abi.json

Copy /Users/iv/Developer/.build/Products/Debug/ReluxTunnelNativeAdapter.swiftmodule/x86_64-apple-macos.swiftmodule /Users/iv/Developer/.build/Intermediates.noindex/ReluxTunnel.build/Debug/ReluxTunnelNativeAdapter.build/Objects-normal/x86_64/ReluxTunnelNativeAdapter.swiftmodule (in target 'ReluxTunnelNativeAdapter' from project 'ReluxTunnel')
    cd /Users/iv/Developer/relux-tunnel
    builtin-copy -exclude .DS_Store -exclude CVS -exclude .svn -exclude .git -exclude .hg -resolve-src-symlinks -rename /Users/iv/Developer/.build/Intermediates.noindex/ReluxTunnel.build/Debug/ReluxTunnelNativeAdapter.build/Objects-normal/x86_64/ReluxTunnelNativeAdapter.swiftmodule /Users/iv/Developer/.build/Products/Debug/ReluxTunnelNativeAdapter.swiftmodule/x86_64-apple-macos.swiftmodule

SwiftDriver ReluxTunnelMacOSAdapter normal arm64 com.apple.xcode.tools.swift.compiler (in target 'ReluxTunnelMacOSAdapter' from project 'ReluxTunnel')
    cd /Users/iv/Developer/relux-tunnel/.swiftpm/xcode
    builtin-SwiftDriver -- /Applications/Xcode_26_5.app/Contents/Developer/Toolchains/XcodeDefault.xctoolchain/usr/bin/swiftc -module-name ReluxTunnelMacOSAdapter -Onone @/Users/iv/Developer/.build/Intermediates.noindex/ReluxTunnel.build/Debug/ReluxTunnelMacOSAdapter.build/Objects-normal/arm64/ReluxTunnelMacOSAdapter.SwiftFileList -DSWIFT_PACKAGE -DDEBUG -DSWIFT_MODULE_RESOURCE_BUNDLE_UNAVAILABLE -DXcode -plugin-path /Applications/Xcode_26_5.app/Contents/Developer/Toolchains/XcodeDefault.xctoolchain/usr/lib/swift/host/plugins/testing -enable-experimental-feature DebugDescriptionMacro -sdk /Applications/Xcode_26_5.app/Contents/Developer/Platforms/MacOSX.platform/Developer/SDKs/MacOSX26.5.sdk -target arm64-apple-macos15.0 -g -module-cache-path /Users/iv/Developer/relux-tunnel/.temp/TASK-260715-1rsqrh/DerivedData-macOS/ModuleCache.noindex -Xfrontend -serialize-debugging-options -enable-testing -index-store-path /Users/iv/Developer/relux-tunnel/.temp/TASK-260715-1rsqrh/DerivedData-macOS/Index.noindex/DataStore -Xcc -D_LIBCPP_HARDENING_MODE\=_LIBCPP_HARDENING_MODE_DEBUG -swift-version 6 -I /Users/iv/Developer/.build/Products/Debug -Isystem /Applications/Xcode_26_5.app/Contents/Developer/Platforms/MacOSX.platform/Developer/usr/lib -F /Users/iv/Developer/.build/Products/Debug/PackageFrameworks -F /Users/iv/Developer/.build/Products/Debug/PackageFrameworks -F /Users/iv/Developer/.build/Products/Debug -F /Applications/Xcode_26_5.app/Contents/Developer/Platforms/MacOSX.platform/Developer/Library/Frameworks -c -j16 -enable-batch-mode -incremental -Xcc -ivfsstatcache -Xcc /Users/iv/Developer/relux-tunnel/.temp/TASK-260715-1rsqrh/DerivedData-macOS/SDKStatCaches.noindex/macosx26.5-25F70-b64f947cdd770e773f3848253724d71e.sdkstatcache -output-file-map /Users/iv/Developer/.build/Intermediates.noindex/ReluxTunnel.build/Debug/ReluxTunnelMacOSAdapter.build/Objects-normal/arm64/ReluxTunnelMacOSAdapter-OutputFileMap.json -use-frontend-parseable-output -save-temps -no-color-diagnostics -explicit-module-build -module-cache-path /Users/iv/Developer/.build/Intermediates.noindex/SwiftExplicitPrecompiledModules -clang-scanner-module-cache-path /Users/iv/Developer/relux-tunnel/.temp/TASK-260715-1rsqrh/DerivedData-macOS/ModuleCache.noindex -sdk-module-cache-path /Users/iv/Developer/relux-tunnel/.temp/TASK-260715-1rsqrh/DerivedData-macOS/ModuleCache.noindex -serialize-diagnostics -emit-dependencies -emit-module -emit-module-path /Users/iv/Developer/.build/Intermediates.noindex/ReluxTunnel.build/Debug/ReluxTunnelMacOSAdapter.build/Objects-normal/arm64/ReluxTunnelMacOSAdapter.swiftmodule -validate-clang-modules-once -clang-build-session-file /Users/iv/Developer/relux-tunnel/.temp/TASK-260715-1rsqrh/DerivedData-macOS/ModuleCache.noindex/Session.modulevalidation -package-name relux_tunnel -Xcc -I/Users/iv/Developer/.build/Intermediates.noindex/ReluxTunnel.build/Debug/ReluxTunnelMacOSAdapter.build/swift-overrides.hmap -emit-const-values -Xfrontend -const-gather-protocols-file -Xfrontend /Users/iv/Developer/.build/Intermediates.noindex/ReluxTunnel.build/Debug/ReluxTunnelMacOSAdapter.build/Objects-normal/arm64/ReluxTunnelMacOSAdapter_const_extract_protocols.json -Xcc -I/Users/iv/Developer/.build/Products/Debug/include -Xcc -I/Users/iv/Developer/.build/Intermediates.noindex/ReluxTunnel.build/Debug/ReluxTunnelMacOSAdapter.build/DerivedSources-normal/arm64 -Xcc -I/Users/iv/Developer/.build/Intermediates.noindex/ReluxTunnel.build/Debug/ReluxTunnelMacOSAdapter.build/DerivedSources/arm64 -Xcc -I/Users/iv/Developer/.build/Intermediates.noindex/ReluxTunnel.build/Debug/ReluxTunnelMacOSAdapter.build/DerivedSources -Xcc -DSWIFT_PACKAGE -Xcc -DDEBUG\=1 -emit-objc-header -emit-objc-header-path /Users/iv/Developer/.build/Intermediates.noindex/ReluxTunnel.build/Debug/ReluxTunnelMacOSAdapter.build/Objects-normal/arm64/ReluxTunnelMacOSAdapter-Swift.h -working-directory /Users/iv/Developer/relux-tunnel/.swiftpm/xcode -experimental-emit-module-separately -disable-cmo

SwiftDriver ReluxTunnelMacOSAdapter normal x86_64 com.apple.xcode.tools.swift.compiler (in target 'ReluxTunnelMacOSAdapter' from project 'ReluxTunnel')
    cd /Users/iv/Developer/relux-tunnel/.swiftpm/xcode
    builtin-SwiftDriver -- /Applications/Xcode_26_5.app/Contents/Developer/Toolchains/XcodeDefault.xctoolchain/usr/bin/swiftc -module-name ReluxTunnelMacOSAdapter -Onone @/Users/iv/Developer/.build/Intermediates.noindex/ReluxTunnel.build/Debug/ReluxTunnelMacOSAdapter.build/Objects-normal/x86_64/ReluxTunnelMacOSAdapter.SwiftFileList -DSWIFT_PACKAGE -DDEBUG -DSWIFT_MODULE_RESOURCE_BUNDLE_UNAVAILABLE -DXcode -plugin-path /Applications/Xcode_26_5.app/Contents/Developer/Toolchains/XcodeDefault.xctoolchain/usr/lib/swift/host/plugins/testing -enable-experimental-feature DebugDescriptionMacro -sdk /Applications/Xcode_26_5.app/Contents/Developer/Platforms/MacOSX.platform/Developer/SDKs/MacOSX26.5.sdk -target x86_64-apple-macos15.0 -g -module-cache-path /Users/iv/Developer/relux-tunnel/.temp/TASK-260715-1rsqrh/DerivedData-macOS/ModuleCache.noindex -Xfrontend -serialize-debugging-options -enable-testing -index-store-path /Users/iv/Developer/relux-tunnel/.temp/TASK-260715-1rsqrh/DerivedData-macOS/Index.noindex/DataStore -Xcc -D_LIBCPP_HARDENING_MODE\=_LIBCPP_HARDENING_MODE_DEBUG -swift-version 6 -I /Users/iv/Developer/.build/Products/Debug -Isystem /Applications/Xcode_26_5.app/Contents/Developer/Platforms/MacOSX.platform/Developer/usr/lib -F /Users/iv/Developer/.build/Products/Debug/PackageFrameworks -F /Users/iv/Developer/.build/Products/Debug/PackageFrameworks -F /Users/iv/Developer/.build/Products/Debug -F /Applications/Xcode_26_5.app/Contents/Developer/Platforms/MacOSX.platform/Developer/Library/Frameworks -c -j16 -enable-batch-mode -incremental -Xcc -ivfsstatcache -Xcc /Users/iv/Developer/relux-tunnel/.temp/TASK-260715-1rsqrh/DerivedData-macOS/SDKStatCaches.noindex/macosx26.5-25F70-b64f947cdd770e773f3848253724d71e.sdkstatcache -output-file-map /Users/iv/Developer/.build/Intermediates.noindex/ReluxTunnel.build/Debug/ReluxTunnelMacOSAdapter.build/Objects-normal/x86_64/ReluxTunnelMacOSAdapter-OutputFileMap.json -use-frontend-parseable-output -save-temps -no-color-diagnostics -explicit-module-build -module-cache-path /Users/iv/Developer/.build/Intermediates.noindex/SwiftExplicitPrecompiledModules -clang-scanner-module-cache-path /Users/iv/Developer/relux-tunnel/.temp/TASK-260715-1rsqrh/DerivedData-macOS/ModuleCache.noindex -sdk-module-cache-path /Users/iv/Developer/relux-tunnel/.temp/TASK-260715-1rsqrh/DerivedData-macOS/ModuleCache.noindex -serialize-diagnostics -emit-dependencies -emit-module -emit-module-path /Users/iv/Developer/.build/Intermediates.noindex/ReluxTunnel.build/Debug/ReluxTunnelMacOSAdapter.build/Objects-normal/x86_64/ReluxTunnelMacOSAdapter.swiftmodule -validate-clang-modules-once -clang-build-session-file /Users/iv/Developer/relux-tunnel/.temp/TASK-260715-1rsqrh/DerivedData-macOS/ModuleCache.noindex/Session.modulevalidation -package-name relux_tunnel -Xcc -I/Users/iv/Developer/.build/Intermediates.noindex/ReluxTunnel.build/Debug/ReluxTunnelMacOSAdapter.build/swift-overrides.hmap -emit-const-values -Xfrontend -const-gather-protocols-file -Xfrontend /Users/iv/Developer/.build/Intermediates.noindex/ReluxTunnel.build/Debug/ReluxTunnelMacOSAdapter.build/Objects-normal/x86_64/ReluxTunnelMacOSAdapter_const_extract_protocols.json -Xcc -I/Users/iv/Developer/.build/Products/Debug/include -Xcc -I/Users/iv/Developer/.build/Intermediates.noindex/ReluxTunnel.build/Debug/ReluxTunnelMacOSAdapter.build/DerivedSources-normal/x86_64 -Xcc -I/Users/iv/Developer/.build/Intermediates.noindex/ReluxTunnel.build/Debug/ReluxTunnelMacOSAdapter.build/DerivedSources/x86_64 -Xcc -I/Users/iv/Developer/.build/Intermediates.noindex/ReluxTunnel.build/Debug/ReluxTunnelMacOSAdapter.build/DerivedSources -Xcc -DSWIFT_PACKAGE -Xcc -DDEBUG\=1 -emit-objc-header -emit-objc-header-path /Users/iv/Developer/.build/Intermediates.noindex/ReluxTunnel.build/Debug/ReluxTunnelMacOSAdapter.build/Objects-normal/x86_64/ReluxTunnelMacOSAdapter-Swift.h -working-directory /Users/iv/Developer/relux-tunnel/.swiftpm/xcode -experimental-emit-module-separately -disable-cmo

SwiftDriverJobDiscovery normal arm64 Compiling RuntimeMessageModels.swift (in target 'ReluxTunnelCore' from project 'ReluxTunnel')

SwiftDriverJobDiscovery normal arm64 Compiling PacketFlowBridge.swift, PacketFlowBridgeContracts.swift (in target 'ReluxTunnelCore' from project 'ReluxTunnel')

SwiftDriver\ Compilation ReluxTunnelCore normal arm64 com.apple.xcode.tools.swift.compiler (in target 'ReluxTunnelCore' from project 'ReluxTunnel')
    cd /Users/iv/Developer/relux-tunnel/.swiftpm/xcode
    builtin-Swift-Compilation -- /Applications/Xcode_26_5.app/Contents/Developer/Toolchains/XcodeDefault.xctoolchain/usr/bin/swiftc -module-name ReluxTunnelCore -Onone @/Users/iv/Developer/.build/Intermediates.noindex/ReluxTunnel.build/Debug/ReluxTunnelCore.build/Objects-normal/arm64/ReluxTunnelCore.SwiftFileList -DSWIFT_PACKAGE -DDEBUG -DSWIFT_MODULE_RESOURCE_BUNDLE_UNAVAILABLE -DXcode -plugin-path /Applications/Xcode_26_5.app/Contents/Developer/Toolchains/XcodeDefault.xctoolchain/usr/lib/swift/host/plugins/testing -enable-experimental-feature DebugDescriptionMacro -sdk /Applications/Xcode_26_5.app/Contents/Developer/Platforms/MacOSX.platform/Developer/SDKs/MacOSX26.5.sdk -target arm64-apple-macos15.0 -g -module-cache-path /Users/iv/Developer/relux-tunnel/.temp/TASK-260715-1rsqrh/DerivedData-macOS/ModuleCache.noindex -Xfrontend -serialize-debugging-options -enable-testing -index-store-path /Users/iv/Developer/relux-tunnel/.temp/TASK-260715-1rsqrh/DerivedData-macOS/Index.noindex/DataStore -Xcc -D_LIBCPP_HARDENING_MODE\=_LIBCPP_HARDENING_MODE_DEBUG -swift-version 6 -I /Users/iv/Developer/.build/Products/Debug -Isystem /Applications/Xcode_26_5.app/Contents/Developer/Platforms/MacOSX.platform/Developer/usr/lib -F /Users/iv/Developer/.build/Products/Debug -F /Applications/Xcode_26_5.app/Contents/Developer/Platforms/MacOSX.platform/Developer/Library/Frameworks -c -j16 -enable-batch-mode -incremental -Xcc -ivfsstatcache -Xcc /Users/iv/Developer/relux-tunnel/.temp/TASK-260715-1rsqrh/DerivedData-macOS/SDKStatCaches.noindex/macosx26.5-25F70-b64f947cdd770e773f3848253724d71e.sdkstatcache -output-file-map /Users/iv/Developer/.build/Intermediates.noindex/ReluxTunnel.build/Debug/ReluxTunnelCore.build/Objects-normal/arm64/ReluxTunnelCore-OutputFileMap.json -use-frontend-parseable-output -save-temps -no-color-diagnostics -explicit-module-build -module-cache-path /Users/iv/Developer/.build/Intermediates.noindex/SwiftExplicitPrecompiledModules -clang-scanner-module-cache-path /Users/iv/Developer/relux-tunnel/.temp/TASK-260715-1rsqrh/DerivedData-macOS/ModuleCache.noindex -sdk-module-cache-path /Users/iv/Developer/relux-tunnel/.temp/TASK-260715-1rsqrh/DerivedData-macOS/ModuleCache.noindex -serialize-diagnostics -emit-dependencies -emit-module -emit-module-path /Users/iv/Developer/.build/Intermediates.noindex/ReluxTunnel.build/Debug/ReluxTunnelCore.build/Objects-normal/arm64/ReluxTunnelCore.swiftmodule -validate-clang-modules-once -clang-build-session-file /Users/iv/Developer/relux-tunnel/.temp/TASK-260715-1rsqrh/DerivedData-macOS/ModuleCache.noindex/Session.modulevalidation -package-name relux_tunnel -Xcc -I/Users/iv/Developer/.build/Intermediates.noindex/ReluxTunnel.build/Debug/ReluxTunnelCore.build/swift-overrides.hmap -emit-const-values -Xfrontend -const-gather-protocols-file -Xfrontend /Users/iv/Developer/.build/Intermediates.noindex/ReluxTunnel.build/Debug/ReluxTunnelCore.build/Objects-normal/arm64/ReluxTunnelCore_const_extract_protocols.json -Xcc -I/Users/iv/Developer/.build/Products/Debug/include -Xcc -I/Users/iv/Developer/.build/Intermediates.noindex/ReluxTunnel.build/Debug/ReluxTunnelCore.build/DerivedSources-normal/arm64 -Xcc -I/Users/iv/Developer/.build/Intermediates.noindex/ReluxTunnel.build/Debug/ReluxTunnelCore.build/DerivedSources/arm64 -Xcc -I/Users/iv/Developer/.build/Intermediates.noindex/ReluxTunnel.build/Debug/ReluxTunnelCore.build/DerivedSources -Xcc -DSWIFT_PACKAGE -Xcc -DDEBUG\=1 -emit-objc-header -emit-objc-header-path /Users/iv/Developer/.build/Intermediates.noindex/ReluxTunnel.build/Debug/ReluxTunnelCore.build/Objects-normal/arm64/ReluxTunnelCore-Swift.h -working-directory /Users/iv/Developer/relux-tunnel/.swiftpm/xcode -experimental-emit-module-separately -disable-cmo

Ld /Users/iv/Developer/.build/Intermediates.noindex/ReluxTunnel.build/Debug/ReluxTunnelCore.build/Objects-normal/arm64/Binary/ReluxTunnelCore.o normal arm64 (in target 'ReluxTunnelCore' from project 'ReluxTunnel')
    cd /Users/iv/Developer/relux-tunnel
    /Applications/Xcode_26_5.app/Contents/Developer/Toolchains/XcodeDefault.xctoolchain/usr/bin/clang -Xlinker -reproducible -target arm64-apple-macos15.0 -r -isysroot /Applications/Xcode_26_5.app/Contents/Developer/Platforms/MacOSX.platform/Developer/SDKs/MacOSX26.5.sdk -O0 -F/Users/iv/Developer/.build/Intermediates.noindex/EagerLinkingTBDs/Debug -F/Users/iv/Developer/.build/Products/Debug -iframework /Applications/Xcode_26_5.app/Contents/Developer/Platforms/MacOSX.platform/Developer/Library/Frameworks -filelist /Users/iv/Developer/.build/Intermediates.noindex/ReluxTunnel.build/Debug/ReluxTunnelCore.build/Objects-normal/arm64/ReluxTunnelCore.LinkFileList -nostdlib -Xlinker -object_path_lto -Xlinker /Users/iv/Developer/.build/Intermediates.noindex/ReluxTunnel.build/Debug/ReluxTunnelCore.build/Objects-normal/arm64/ReluxTunnelCore_lto.o -Xlinker -no_deduplicate -Xlinker -dependency_info -Xlinker /Users/iv/Developer/.build/Intermediates.noindex/ReluxTunnel.build/Debug/ReluxTunnelCore.build/Objects-normal/arm64/ReluxTunnelCore_dependency_info.dat -fobjc-link-runtime -L/Applications/Xcode_26_5.app/Contents/Developer/Toolchains/XcodeDefault.xctoolchain/usr/lib/swift/macosx -L/usr/lib/swift -Xlinker -add_ast_path -Xlinker /Users/iv/Developer/.build/Intermediates.noindex/ReluxTunnel.build/Debug/ReluxTunnelCore.build/Objects-normal/arm64/ReluxTunnelCore.swiftmodule @/Users/iv/Developer/.build/Intermediates.noindex/ReluxTunnel.build/Debug/ReluxTunnelCore.build/Objects-normal/arm64/ReluxTunnelCore-linker-args.resp -o /Users/iv/Developer/.build/Intermediates.noindex/ReluxTunnel.build/Debug/ReluxTunnelCore.build/Objects-normal/arm64/Binary/ReluxTunnelCore.o

CreateUniversalBinary /Users/iv/Developer/.build/Products/Debug/ReluxTunnelCore.o normal arm64\ x86_64 (in target 'ReluxTunnelCore' from project 'ReluxTunnel')
    cd /Users/iv/Developer/relux-tunnel
    /Applications/Xcode_26_5.app/Contents/Developer/Toolchains/XcodeDefault.xctoolchain/usr/bin/lipo -create /Users/iv/Developer/.build/Intermediates.noindex/ReluxTunnel.build/Debug/ReluxTunnelCore.build/Objects-normal/arm64/Binary/ReluxTunnelCore.o /Users/iv/Developer/.build/Intermediates.noindex/ReluxTunnel.build/Debug/ReluxTunnelCore.build/Objects-normal/x86_64/Binary/ReluxTunnelCore.o -output /Users/iv/Developer/.build/Products/Debug/ReluxTunnelCore.o

ExtractAppIntentsMetadata (in target 'ReluxTunnelCore' from project 'ReluxTunnel')
    cd /Users/iv/Developer/relux-tunnel
    /Applications/Xcode_26_5.app/Contents/Developer/Toolchains/XcodeDefault.xctoolchain/usr/bin/appintentsmetadataprocessor --toolchain-dir /Applications/Xcode_26_5.app/Contents/Developer/Toolchains/XcodeDefault.xctoolchain --module-name ReluxTunnelCore --sdk-root /Applications/Xcode_26_5.app/Contents/Developer/Platforms/MacOSX.platform/Developer/SDKs/MacOSX26.5.sdk --xcode-version 17F42 --platform-family macOS --deployment-target 15.0 --bundle-identifier relux-tunnel.ReluxTunnelCore --output /Users/iv/Developer/.build/Products/Debug/ReluxTunnelCore.appintents --target-triple arm64-apple-macos15.0 --target-triple x86_64-apple-macos15.0 --binary-file /Users/iv/Developer/.build/Products/Debug/ReluxTunnelCore.o --dependency-file /Users/iv/Developer/.build/Intermediates.noindex/ReluxTunnel.build/Debug/ReluxTunnelCore.build/Objects-normal/arm64/ReluxTunnelCore_dependency_info.dat --dependency-file /Users/iv/Developer/.build/Intermediates.noindex/ReluxTunnel.build/Debug/ReluxTunnelCore.build/Objects-normal/x86_64/ReluxTunnelCore_dependency_info.dat --stringsdata-file /Users/iv/Developer/.build/Intermediates.noindex/ReluxTunnel.build/Debug/ReluxTunnelCore.build/Objects-normal/arm64/ExtractedAppShortcutsMetadata.stringsdata --stringsdata-file /Users/iv/Developer/.build/Intermediates.noindex/ReluxTunnel.build/Debug/ReluxTunnelCore.build/Objects-normal/x86_64/ExtractedAppShortcutsMetadata.stringsdata --source-file-list /Users/iv/Developer/.build/Intermediates.noindex/ReluxTunnel.build/Debug/ReluxTunnelCore.build/Objects-normal/arm64/ReluxTunnelCore.SwiftFileList --source-file-list /Users/iv/Developer/.build/Intermediates.noindex/ReluxTunnel.build/Debug/ReluxTunnelCore.build/Objects-normal/x86_64/ReluxTunnelCore.SwiftFileList --metadata-file-list /Users/iv/Developer/.build/Intermediates.noindex/ReluxTunnel.build/Debug/ReluxTunnelCore.build/ReluxTunnelCore.DependencyMetadataFileList --static-metadata-file-list /Users/iv/Developer/.build/Intermediates.noindex/ReluxTunnel.build/Debug/ReluxTunnelCore.build/ReluxTunnelCore.DependencyStaticMetadataFileList --swift-const-vals-list /Users/iv/Developer/.build/Intermediates.noindex/ReluxTunnel.build/Debug/ReluxTunnelCore.build/Objects-normal/arm64/ReluxTunnelCore.SwiftConstValuesFileList --swift-const-vals-list /Users/iv/Developer/.build/Intermediates.noindex/ReluxTunnel.build/Debug/ReluxTunnelCore.build/Objects-normal/x86_64/ReluxTunnelCore.SwiftConstValuesFileList --force --compile-time-extraction --deployment-aware-processing --validate-assistant-intents --no-app-shortcuts-localization
2026-07-21 05:17:24.274 appintentsmetadataprocessor[81429:98262486] Starting appintentsmetadataprocessor export
2026-07-21 05:17:24.283 appintentsmetadataprocessor[81429:98262486] Extracted no relevant App Intents symbols, skipping writing output

SwiftExplicitDependencyGeneratePcm arm64 /Users/iv/Developer/relux-tunnel/.temp/TASK-260715-1rsqrh/DerivedData-macOS/ModuleCache.noindex/ExtensionFoundation-AOILBR1IJ2HK4QNBMVJPO8BEI.pcm

SwiftExplicitDependencyGeneratePcm x86_64 /Users/iv/Developer/relux-tunnel/.temp/TASK-260715-1rsqrh/DerivedData-macOS/ModuleCache.noindex/ExtensionFoundation-C6J9KAV79V1D7XCFUD8LRPRX7.pcm

SwiftExplicitDependencyGeneratePcm x86_64 /Users/iv/Developer/relux-tunnel/.temp/TASK-260715-1rsqrh/DerivedData-macOS/ModuleCache.noindex/dnssd-A4A2D6M5VOI63XI1RUM1TZWHM.pcm

SwiftExplicitDependencyGeneratePcm arm64 /Users/iv/Developer/relux-tunnel/.temp/TASK-260715-1rsqrh/DerivedData-macOS/ModuleCache.noindex/dnssd-C8ES057VJS6GMGU6YK8GE21XP.pcm

SwiftExplicitDependencyGeneratePcm x86_64 /Users/iv/Developer/relux-tunnel/.temp/TASK-260715-1rsqrh/DerivedData-macOS/ModuleCache.noindex/_Builtin_stdatomic-4RTBDHV8X6FXGF3AOTXHAWSMN.pcm

SwiftExplicitDependencyGeneratePcm arm64 /Users/iv/Developer/relux-tunnel/.temp/TASK-260715-1rsqrh/DerivedData-macOS/ModuleCache.noindex/_Builtin_stdatomic-565QA2KI3I7TM3K3Z3QI4ZSDJ.pcm

RegisterExecutionPolicyException /Users/iv/Developer/.build/Products/Debug/ReluxTunnelCore.o (in target 'ReluxTunnelCore' from project 'ReluxTunnel')
    cd /Users/iv/Developer/relux-tunnel
    builtin-RegisterExecutionPolicyException /Users/iv/Developer/.build/Products/Debug/ReluxTunnelCore.o

Ld /Users/iv/Developer/.build/Intermediates.noindex/ReluxTunnel.build/Debug/ReluxTunnelNativeAdapter.build/Objects-normal/arm64/Binary/ReluxTunnelNativeAdapter.o normal arm64 (in target 'ReluxTunnelNativeAdapter' from project 'ReluxTunnel')
    cd /Users/iv/Developer/relux-tunnel
    /Applications/Xcode_26_5.app/Contents/Developer/Toolchains/XcodeDefault.xctoolchain/usr/bin/clang -Xlinker -reproducible -target arm64-apple-macos15.0 -r -isysroot /Applications/Xcode_26_5.app/Contents/Developer/Platforms/MacOSX.platform/Developer/SDKs/MacOSX26.5.sdk -O0 -F/Users/iv/Developer/.build/Intermediates.noindex/EagerLinkingTBDs/Debug -F/Users/iv/Developer/.build/Products/Debug/PackageFrameworks -F/Users/iv/Developer/.build/Products/Debug -iframework /Applications/Xcode_26_5.app/Contents/Developer/Platforms/MacOSX.platform/Developer/Library/Frameworks -filelist /Users/iv/Developer/.build/Intermediates.noindex/ReluxTunnel.build/Debug/ReluxTunnelNativeAdapter.build/Objects-normal/arm64/ReluxTunnelNativeAdapter.LinkFileList -nostdlib -Xlinker -object_path_lto -Xlinker /Users/iv/Developer/.build/Intermediates.noindex/ReluxTunnel.build/Debug/ReluxTunnelNativeAdapter.build/Objects-normal/arm64/ReluxTunnelNativeAdapter_lto.o -Xlinker -no_deduplicate -Xlinker -dependency_info -Xlinker /Users/iv/Developer/.build/Intermediates.noindex/ReluxTunnel.build/Debug/ReluxTunnelNativeAdapter.build/Objects-normal/arm64/ReluxTunnelNativeAdapter_dependency_info.dat -fobjc-link-runtime -L/Applications/Xcode_26_5.app/Contents/Developer/Toolchains/XcodeDefault.xctoolchain/usr/lib/swift/macosx -L/usr/lib/swift -Xlinker -add_ast_path -Xlinker /Users/iv/Developer/.build/Intermediates.noindex/ReluxTunnel.build/Debug/ReluxTunnelNativeAdapter.build/Objects-normal/arm64/ReluxTunnelNativeAdapter.swiftmodule @/Users/iv/Developer/.build/Intermediates.noindex/ReluxTunnel.build/Debug/ReluxTunnelNativeAdapter.build/Objects-normal/arm64/ReluxTunnelNativeAdapter-linker-args.resp -o /Users/iv/Developer/.build/Intermediates.noindex/ReluxTunnel.build/Debug/ReluxTunnelNativeAdapter.build/Objects-normal/arm64/Binary/ReluxTunnelNativeAdapter.o

SwiftExplicitDependencyGeneratePcm x86_64 /Users/iv/Developer/relux-tunnel/.temp/TASK-260715-1rsqrh/DerivedData-macOS/ModuleCache.noindex/os-38XWO37UR578T1JTUBOB9QL08.pcm

SwiftCompile normal x86_64 Compiling\ HEVIntegration.swift /Users/iv/Developer/relux-tunnel/Sources/ReluxTunnelNativeAdapter/HEVIntegration.swift (in target 'ReluxTunnelNativeAdapter' from project 'ReluxTunnel')
SwiftCompile normal x86_64 /Users/iv/Developer/relux-tunnel/Sources/ReluxTunnelNativeAdapter/HEVIntegration.swift (in target 'ReluxTunnelNativeAdapter' from project 'ReluxTunnel')
    cd /Users/iv/Developer/relux-tunnel/.swiftpm/xcode
    

SwiftCompile normal x86_64 Compiling\ HEVNoticeBundle.swift /Users/iv/Developer/relux-tunnel/Sources/ReluxTunnelNativeAdapter/HEVNoticeBundle.swift (in target 'ReluxTunnelNativeAdapter' from project 'ReluxTunnel')

SwiftCompile normal x86_64 /Users/iv/Developer/relux-tunnel/Sources/ReluxTunnelNativeAdapter/HEVNoticeBundle.swift (in target 'ReluxTunnelNativeAdapter' from project 'ReluxTunnel')
    cd /Users/iv/Developer/relux-tunnel/.swiftpm/xcode
    

SwiftCompile normal x86_64 Compiling\ HEVSOCKSBoundary.swift /Users/iv/Developer/relux-tunnel/Sources/ReluxTunnelNativeAdapter/HEVSOCKSBoundary.swift (in target 'ReluxTunnelNativeAdapter' from project 'ReluxTunnel')

SwiftCompile normal x86_64 /Users/iv/Developer/relux-tunnel/Sources/ReluxTunnelNativeAdapter/HEVSOCKSBoundary.swift (in target 'ReluxTunnelNativeAdapter' from project 'ReluxTunnel')
    cd /Users/iv/Developer/relux-tunnel/.swiftpm/xcode
    

SwiftCompile normal x86_64 Compiling\ NativeDependencyPackaging.swift /Users/iv/Developer/relux-tunnel/Sources/ReluxTunnelNativeAdapter/NativeDependencyPackaging.swift (in target 'ReluxTunnelNativeAdapter' from project 'ReluxTunnel')

SwiftCompile normal x86_64 /Users/iv/Developer/relux-tunnel/Sources/ReluxTunnelNativeAdapter/NativeDependencyPackaging.swift (in target 'ReluxTunnelNativeAdapter' from project 'ReluxTunnel')
    cd /Users/iv/Developer/relux-tunnel/.swiftpm/xcode
    

SwiftExplicitDependencyGeneratePcm arm64 /Users/iv/Developer/relux-tunnel/.temp/TASK-260715-1rsqrh/DerivedData-macOS/ModuleCache.noindex/os-7MD55Y0ARPIT7A7IH78R9MRP0.pcm

SwiftExplicitDependencyGeneratePcm arm64 /Users/iv/Developer/relux-tunnel/.temp/TASK-260715-1rsqrh/DerivedData-macOS/ModuleCache.noindex/Network-7WE7ELZJHE24NWXX573F4ZY7B.pcm

SwiftExplicitDependencyGeneratePcm x86_64 /Users/iv/Developer/relux-tunnel/.temp/TASK-260715-1rsqrh/DerivedData-macOS/ModuleCache.noindex/Network-2WSHFAJ549OPYYIGNT2MFRZFM.pcm

SwiftExplicitDependencyGeneratePcm x86_64 /Users/iv/Developer/relux-tunnel/.temp/TASK-260715-1rsqrh/DerivedData-macOS/ModuleCache.noindex/OSLog-2HC5PRKL3RRQGQ2IWRAGJZXSH.pcm

SwiftExplicitDependencyGeneratePcm arm64 /Users/iv/Developer/relux-tunnel/.temp/TASK-260715-1rsqrh/DerivedData-macOS/ModuleCache.noindex/OSLog-4NS6YX2X260ICBH7EP0TLBLT8.pcm

SwiftDriverJobDiscovery normal x86_64 Compiling HEVNoticeBundle.swift (in target 'ReluxTunnelNativeAdapter' from project 'ReluxTunnel')

SwiftExplicitDependencyGeneratePcm x86_64 /Users/iv/Developer/relux-tunnel/.temp/TASK-260715-1rsqrh/DerivedData-macOS/ModuleCache.noindex/NetworkExtension-DU4FN8EBO4T7EJ3W8QU7ARE2Q.pcm

SwiftExplicitDependencyGeneratePcm arm64 /Users/iv/Developer/relux-tunnel/.temp/TASK-260715-1rsqrh/DerivedData-macOS/ModuleCache.noindex/NetworkExtension-2FFQC1HZL3J8KZVCBTA6SOFX1.pcm

SwiftDriverJobDiscovery normal x86_64 Compiling NativeDependencyPackaging.swift (in target 'ReluxTunnelNativeAdapter' from project 'ReluxTunnel')

SwiftEmitModule normal x86_64 Emitting\ module\ for\ ReluxTunnelMacOSAdapter (in target 'ReluxTunnelMacOSAdapter' from project 'ReluxTunnel')

EmitSwiftModule normal x86_64 (in target 'ReluxTunnelMacOSAdapter' from project 'ReluxTunnel')
    cd /Users/iv/Developer/relux-tunnel/.swiftpm/xcode
    

SwiftCompile normal x86_64 Compiling\ NativePackagingAnchor.swift /Users/iv/Developer/relux-tunnel/Sources/ReluxTunnelMacOSAdapter/NativePackagingAnchor.swift (in target 'ReluxTunnelMacOSAdapter' from project 'ReluxTunnel')

SwiftCompile normal x86_64 /Users/iv/Developer/relux-tunnel/Sources/ReluxTunnelMacOSAdapter/NativePackagingAnchor.swift (in target 'ReluxTunnelMacOSAdapter' from project 'ReluxTunnel')
    cd /Users/iv/Developer/relux-tunnel/.swiftpm/xcode
    

SwiftCompile normal x86_64 Compiling\ MacOSProviderCompositionRoot.swift /Users/iv/Developer/relux-tunnel/Sources/ReluxTunnelMacOSAdapter/MacOSProviderCompositionRoot.swift (in target 'ReluxTunnelMacOSAdapter' from project 'ReluxTunnel')

SwiftCompile normal x86_64 /Users/iv/Developer/relux-tunnel/Sources/ReluxTunnelMacOSAdapter/MacOSProviderCompositionRoot.swift (in target 'ReluxTunnelMacOSAdapter' from project 'ReluxTunnel')
    cd /Users/iv/Developer/relux-tunnel/.swiftpm/xcode
    

SwiftCompile normal x86_64 Compiling\ MacOSVPNManagerPreferences.swift /Users/iv/Developer/relux-tunnel/Sources/ReluxTunnelMacOSAdapter/MacOSVPNManagerPreferences.swift (in target 'ReluxTunnelMacOSAdapter' from project 'ReluxTunnel')
SwiftCompile normal x86_64 /Users/iv/Developer/relux-tunnel/Sources/ReluxTunnelMacOSAdapter/MacOSVPNManagerPreferences.swift (in target 'ReluxTunnelMacOSAdapter' from project 'ReluxTunnel')
    cd /Users/iv/Developer/relux-tunnel/.swiftpm/xcode
    

SwiftEmitModule normal arm64 Emitting\ module\ for\ ReluxTunnelMacOSAdapter (in target 'ReluxTunnelMacOSAdapter' from project 'ReluxTunnel')

EmitSwiftModule normal arm64 (in target 'ReluxTunnelMacOSAdapter' from project 'ReluxTunnel')
    cd /Users/iv/Developer/relux-tunnel/.swiftpm/xcode
    

SwiftCompile normal arm64 Compiling\ NativePackagingAnchor.swift /Users/iv/Developer/relux-tunnel/Sources/ReluxTunnelMacOSAdapter/NativePackagingAnchor.swift (in target 'ReluxTunnelMacOSAdapter' from project 'ReluxTunnel')

SwiftCompile normal arm64 /Users/iv/Developer/relux-tunnel/Sources/ReluxTunnelMacOSAdapter/NativePackagingAnchor.swift (in target 'ReluxTunnelMacOSAdapter' from project 'ReluxTunnel')
    cd /Users/iv/Developer/relux-tunnel/.swiftpm/xcode
    

SwiftCompile normal arm64 Compiling\ MacOSProviderCompositionRoot.swift /Users/iv/Developer/relux-tunnel/Sources/ReluxTunnelMacOSAdapter/MacOSProviderCompositionRoot.swift (in target 'ReluxTunnelMacOSAdapter' from project 'ReluxTunnel')

SwiftCompile normal arm64 /Users/iv/Developer/relux-tunnel/Sources/ReluxTunnelMacOSAdapter/MacOSProviderCompositionRoot.swift (in target 'ReluxTunnelMacOSAdapter' from project 'ReluxTunnel')
    cd /Users/iv/Developer/relux-tunnel/.swiftpm/xcode
    

SwiftCompile normal arm64 Compiling\ MacOSVPNManagerPreferences.swift /Users/iv/Developer/relux-tunnel/Sources/ReluxTunnelMacOSAdapter/MacOSVPNManagerPreferences.swift (in target 'ReluxTunnelMacOSAdapter' from project 'ReluxTunnel')

SwiftCompile normal arm64 /Users/iv/Developer/relux-tunnel/Sources/ReluxTunnelMacOSAdapter/MacOSVPNManagerPreferences.swift (in target 'ReluxTunnelMacOSAdapter' from project 'ReluxTunnel')
    cd /Users/iv/Developer/relux-tunnel/.swiftpm/xcode
    

SwiftDriverJobDiscovery normal arm64 Compiling NativePackagingAnchor.swift (in target 'ReluxTunnelMacOSAdapter' from project 'ReluxTunnel')

SwiftDriverJobDiscovery normal x86_64 Compiling NativePackagingAnchor.swift (in target 'ReluxTunnelMacOSAdapter' from project 'ReluxTunnel')

SwiftDriverJobDiscovery normal arm64 Emitting module for ReluxTunnelMacOSAdapter (in target 'ReluxTunnelMacOSAdapter' from project 'ReluxTunnel')

SwiftDriver\ Compilation\ Requirements ReluxTunnelMacOSAdapter normal arm64 com.apple.xcode.tools.swift.compiler (in target 'ReluxTunnelMacOSAdapter' from project 'ReluxTunnel')
    cd /Users/iv/Developer/relux-tunnel/.swiftpm/xcode
    builtin-Swift-Compilation-Requirements -- /Applications/Xcode_26_5.app/Contents/Developer/Toolchains/XcodeDefault.xctoolchain/usr/bin/swiftc -module-name ReluxTunnelMacOSAdapter -Onone @/Users/iv/Developer/.build/Intermediates.noindex/ReluxTunnel.build/Debug/ReluxTunnelMacOSAdapter.build/Objects-normal/arm64/ReluxTunnelMacOSAdapter.SwiftFileList -DSWIFT_PACKAGE -DDEBUG -DSWIFT_MODULE_RESOURCE_BUNDLE_UNAVAILABLE -DXcode -plugin-path /Applications/Xcode_26_5.app/Contents/Developer/Toolchains/XcodeDefault.xctoolchain/usr/lib/swift/host/plugins/testing -enable-experimental-feature DebugDescriptionMacro -sdk /Applications/Xcode_26_5.app/Contents/Developer/Platforms/MacOSX.platform/Developer/SDKs/MacOSX26.5.sdk -target arm64-apple-macos15.0 -g -module-cache-path /Users/iv/Developer/relux-tunnel/.temp/TASK-260715-1rsqrh/DerivedData-macOS/ModuleCache.noindex -Xfrontend -serialize-debugging-options -enable-testing -index-store-path /Users/iv/Developer/relux-tunnel/.temp/TASK-260715-1rsqrh/DerivedData-macOS/Index.noindex/DataStore -Xcc -D_LIBCPP_HARDENING_MODE\=_LIBCPP_HARDENING_MODE_DEBUG -swift-version 6 -I /Users/iv/Developer/.build/Products/Debug -Isystem /Applications/Xcode_26_5.app/Contents/Developer/Platforms/MacOSX.platform/Developer/usr/lib -F /Users/iv/Developer/.build/Products/Debug/PackageFrameworks -F /Users/iv/Developer/.build/Products/Debug/PackageFrameworks -F /Users/iv/Developer/.build/Products/Debug -F /Applications/Xcode_26_5.app/Contents/Developer/Platforms/MacOSX.platform/Developer/Library/Frameworks -c -j16 -enable-batch-mode -incremental -Xcc -ivfsstatcache -Xcc /Users/iv/Developer/relux-tunnel/.temp/TASK-260715-1rsqrh/DerivedData-macOS/SDKStatCaches.noindex/macosx26.5-25F70-b64f947cdd770e773f3848253724d71e.sdkstatcache -output-file-map /Users/iv/Developer/.build/Intermediates.noindex/ReluxTunnel.build/Debug/ReluxTunnelMacOSAdapter.build/Objects-normal/arm64/ReluxTunnelMacOSAdapter-OutputFileMap.json -use-frontend-parseable-output -save-temps -no-color-diagnostics -explicit-module-build -module-cache-path /Users/iv/Developer/.build/Intermediates.noindex/SwiftExplicitPrecompiledModules -clang-scanner-module-cache-path /Users/iv/Developer/relux-tunnel/.temp/TASK-260715-1rsqrh/DerivedData-macOS/ModuleCache.noindex -sdk-module-cache-path /Users/iv/Developer/relux-tunnel/.temp/TASK-260715-1rsqrh/DerivedData-macOS/ModuleCache.noindex -serialize-diagnostics -emit-dependencies -emit-module -emit-module-path /Users/iv/Developer/.build/Intermediates.noindex/ReluxTunnel.build/Debug/ReluxTunnelMacOSAdapter.build/Objects-normal/arm64/ReluxTunnelMacOSAdapter.swiftmodule -validate-clang-modules-once -clang-build-session-file /Users/iv/Developer/relux-tunnel/.temp/TASK-260715-1rsqrh/DerivedData-macOS/ModuleCache.noindex/Session.modulevalidation -package-name relux_tunnel -Xcc -I/Users/iv/Developer/.build/Intermediates.noindex/ReluxTunnel.build/Debug/ReluxTunnelMacOSAdapter.build/swift-overrides.hmap -emit-const-values -Xfrontend -const-gather-protocols-file -Xfrontend /Users/iv/Developer/.build/Intermediates.noindex/ReluxTunnel.build/Debug/ReluxTunnelMacOSAdapter.build/Objects-normal/arm64/ReluxTunnelMacOSAdapter_const_extract_protocols.json -Xcc -I/Users/iv/Developer/.build/Products/Debug/include -Xcc -I/Users/iv/Developer/.build/Intermediates.noindex/ReluxTunnel.build/Debug/ReluxTunnelMacOSAdapter.build/DerivedSources-normal/arm64 -Xcc -I/Users/iv/Developer/.build/Intermediates.noindex/ReluxTunnel.build/Debug/ReluxTunnelMacOSAdapter.build/DerivedSources/arm64 -Xcc -I/Users/iv/Developer/.build/Intermediates.noindex/ReluxTunnel.build/Debug/ReluxTunnelMacOSAdapter.build/DerivedSources -Xcc -DSWIFT_PACKAGE -Xcc -DDEBUG\=1 -emit-objc-header -emit-objc-header-path /Users/iv/Developer/.build/Intermediates.noindex/ReluxTunnel.build/Debug/ReluxTunnelMacOSAdapter.build/Objects-normal/arm64/ReluxTunnelMacOSAdapter-Swift.h -working-directory /Users/iv/Developer/relux-tunnel/.swiftpm/xcode -experimental-emit-module-separately -disable-cmo

SwiftDriverJobDiscovery normal x86_64 Emitting module for ReluxTunnelMacOSAdapter (in target 'ReluxTunnelMacOSAdapter' from project 'ReluxTunnel')

Copy /Users/iv/Developer/.build/Products/Debug/ReluxTunnelMacOSAdapter.swiftmodule/Project/arm64-apple-macos.swiftsourceinfo /Users/iv/Developer/.build/Intermediates.noindex/ReluxTunnel.build/Debug/ReluxTunnelMacOSAdapter.build/Objects-normal/arm64/ReluxTunnelMacOSAdapter.swiftsourceinfo (in target 'ReluxTunnelMacOSAdapter' from project 'ReluxTunnel')
    cd /Users/iv/Developer/relux-tunnel
    builtin-copy -exclude .DS_Store -exclude CVS -exclude .svn -exclude .git -exclude .hg -resolve-src-symlinks -rename /Users/iv/Developer/.build/Intermediates.noindex/ReluxTunnel.build/Debug/ReluxTunnelMacOSAdapter.build/Objects-normal/arm64/ReluxTunnelMacOSAdapter.swiftsourceinfo /Users/iv/Developer/.build/Products/Debug/ReluxTunnelMacOSAdapter.swiftmodule/Project/arm64-apple-macos.swiftsourceinfo

SwiftDriver\ Compilation\ Requirements ReluxTunnelMacOSAdapter normal x86_64 com.apple.xcode.tools.swift.compiler (in target 'ReluxTunnelMacOSAdapter' from project 'ReluxTunnel')
    cd /Users/iv/Developer/relux-tunnel/.swiftpm/xcode
    builtin-Swift-Compilation-Requirements -- /Applications/Xcode_26_5.app/Contents/Developer/Toolchains/XcodeDefault.xctoolchain/usr/bin/swiftc -module-name ReluxTunnelMacOSAdapter -Onone @/Users/iv/Developer/.build/Intermediates.noindex/ReluxTunnel.build/Debug/ReluxTunnelMacOSAdapter.build/Objects-normal/x86_64/ReluxTunnelMacOSAdapter.SwiftFileList -DSWIFT_PACKAGE -DDEBUG -DSWIFT_MODULE_RESOURCE_BUNDLE_UNAVAILABLE -DXcode -plugin-path /Applications/Xcode_26_5.app/Contents/Developer/Toolchains/XcodeDefault.xctoolchain/usr/lib/swift/host/plugins/testing -enable-experimental-feature DebugDescriptionMacro -sdk /Applications/Xcode_26_5.app/Contents/Developer/Platforms/MacOSX.platform/Developer/SDKs/MacOSX26.5.sdk -target x86_64-apple-macos15.0 -g -module-cache-path /Users/iv/Developer/relux-tunnel/.temp/TASK-260715-1rsqrh/DerivedData-macOS/ModuleCache.noindex -Xfrontend -serialize-debugging-options -enable-testing -index-store-path /Users/iv/Developer/relux-tunnel/.temp/TASK-260715-1rsqrh/DerivedData-macOS/Index.noindex/DataStore -Xcc -D_LIBCPP_HARDENING_MODE\=_LIBCPP_HARDENING_MODE_DEBUG -swift-version 6 -I /Users/iv/Developer/.build/Products/Debug -Isystem /Applications/Xcode_26_5.app/Contents/Developer/Platforms/MacOSX.platform/Developer/usr/lib -F /Users/iv/Developer/.build/Products/Debug/PackageFrameworks -F /Users/iv/Developer/.build/Products/Debug/PackageFrameworks -F /Users/iv/Developer/.build/Products/Debug -F /Applications/Xcode_26_5.app/Contents/Developer/Platforms/MacOSX.platform/Developer/Library/Frameworks -c -j16 -enable-batch-mode -incremental -Xcc -ivfsstatcache -Xcc /Users/iv/Developer/relux-tunnel/.temp/TASK-260715-1rsqrh/DerivedData-macOS/SDKStatCaches.noindex/macosx26.5-25F70-b64f947cdd770e773f3848253724d71e.sdkstatcache -output-file-map /Users/iv/Developer/.build/Intermediates.noindex/ReluxTunnel.build/Debug/ReluxTunnelMacOSAdapter.build/Objects-normal/x86_64/ReluxTunnelMacOSAdapter-OutputFileMap.json -use-frontend-parseable-output -save-temps -no-color-diagnostics -explicit-module-build -module-cache-path /Users/iv/Developer/.build/Intermediates.noindex/SwiftExplicitPrecompiledModules -clang-scanner-module-cache-path /Users/iv/Developer/relux-tunnel/.temp/TASK-260715-1rsqrh/DerivedData-macOS/ModuleCache.noindex -sdk-module-cache-path /Users/iv/Developer/relux-tunnel/.temp/TASK-260715-1rsqrh/DerivedData-macOS/ModuleCache.noindex -serialize-diagnostics -emit-dependencies -emit-module -emit-module-path /Users/iv/Developer/.build/Intermediates.noindex/ReluxTunnel.build/Debug/ReluxTunnelMacOSAdapter.build/Objects-normal/x86_64/ReluxTunnelMacOSAdapter.swiftmodule -validate-clang-modules-once -clang-build-session-file /Users/iv/Developer/relux-tunnel/.temp/TASK-260715-1rsqrh/DerivedData-macOS/ModuleCache.noindex/Session.modulevalidation -package-name relux_tunnel -Xcc -I/Users/iv/Developer/.build/Intermediates.noindex/ReluxTunnel.build/Debug/ReluxTunnelMacOSAdapter.build/swift-overrides.hmap -emit-const-values -Xfrontend -const-gather-protocols-file -Xfrontend /Users/iv/Developer/.build/Intermediates.noindex/ReluxTunnel.build/Debug/ReluxTunnelMacOSAdapter.build/Objects-normal/x86_64/ReluxTunnelMacOSAdapter_const_extract_protocols.json -Xcc -I/Users/iv/Developer/.build/Products/Debug/include -Xcc -I/Users/iv/Developer/.build/Intermediates.noindex/ReluxTunnel.build/Debug/ReluxTunnelMacOSAdapter.build/DerivedSources-normal/x86_64 -Xcc -I/Users/iv/Developer/.build/Intermediates.noindex/ReluxTunnel.build/Debug/ReluxTunnelMacOSAdapter.build/DerivedSources/x86_64 -Xcc -I/Users/iv/Developer/.build/Intermediates.noindex/ReluxTunnel.build/Debug/ReluxTunnelMacOSAdapter.build/DerivedSources -Xcc -DSWIFT_PACKAGE -Xcc -DDEBUG\=1 -emit-objc-header -emit-objc-header-path /Users/iv/Developer/.build/Intermediates.noindex/ReluxTunnel.build/Debug/ReluxTunnelMacOSAdapter.build/Objects-normal/x86_64/ReluxTunnelMacOSAdapter-Swift.h -working-directory /Users/iv/Developer/relux-tunnel/.swiftpm/xcode -experimental-emit-module-separately -disable-cmo

Copy /Users/iv/Developer/.build/Products/Debug/ReluxTunnelMacOSAdapter.swiftmodule/x86_64-apple-macos.swiftmodule /Users/iv/Developer/.build/Intermediates.noindex/ReluxTunnel.build/Debug/ReluxTunnelMacOSAdapter.build/Objects-normal/x86_64/ReluxTunnelMacOSAdapter.swiftmodule (in target 'ReluxTunnelMacOSAdapter' from project 'ReluxTunnel')
    cd /Users/iv/Developer/relux-tunnel
    builtin-copy -exclude .DS_Store -exclude CVS -exclude .svn -exclude .git -exclude .hg -resolve-src-symlinks -rename /Users/iv/Developer/.build/Intermediates.noindex/ReluxTunnel.build/Debug/ReluxTunnelMacOSAdapter.build/Objects-normal/x86_64/ReluxTunnelMacOSAdapter.swiftmodule /Users/iv/Developer/.build/Products/Debug/ReluxTunnelMacOSAdapter.swiftmodule/x86_64-apple-macos.swiftmodule

Copy /Users/iv/Developer/.build/Products/Debug/ReluxTunnelMacOSAdapter.swiftmodule/x86_64-apple-macos.abi.json /Users/iv/Developer/.build/Intermediates.noindex/ReluxTunnel.build/Debug/ReluxTunnelMacOSAdapter.build/Objects-normal/x86_64/ReluxTunnelMacOSAdapter.abi.json (in target 'ReluxTunnelMacOSAdapter' from project 'ReluxTunnel')
    cd /Users/iv/Developer/relux-tunnel
    builtin-copy -exclude .DS_Store -exclude CVS -exclude .svn -exclude .git -exclude .hg -resolve-src-symlinks -rename /Users/iv/Developer/.build/Intermediates.noindex/ReluxTunnel.build/Debug/ReluxTunnelMacOSAdapter.build/Objects-normal/x86_64/ReluxTunnelMacOSAdapter.abi.json /Users/iv/Developer/.build/Products/Debug/ReluxTunnelMacOSAdapter.swiftmodule/x86_64-apple-macos.abi.json

Copy /Users/iv/Developer/.build/Products/Debug/ReluxTunnelMacOSAdapter.swiftmodule/arm64-apple-macos.abi.json /Users/iv/Developer/.build/Intermediates.noindex/ReluxTunnel.build/Debug/ReluxTunnelMacOSAdapter.build/Objects-normal/arm64/ReluxTunnelMacOSAdapter.abi.json (in target 'ReluxTunnelMacOSAdapter' from project 'ReluxTunnel')
    cd /Users/iv/Developer/relux-tunnel
    builtin-copy -exclude .DS_Store -exclude CVS -exclude .svn -exclude .git -exclude .hg -resolve-src-symlinks -rename /Users/iv/Developer/.build/Intermediates.noindex/ReluxTunnel.build/Debug/ReluxTunnelMacOSAdapter.build/Objects-normal/arm64/ReluxTunnelMacOSAdapter.abi.json /Users/iv/Developer/.build/Products/Debug/ReluxTunnelMacOSAdapter.swiftmodule/arm64-apple-macos.abi.json

Copy /Users/iv/Developer/.build/Products/Debug/ReluxTunnelMacOSAdapter.swiftmodule/arm64-apple-macos.swiftmodule /Users/iv/Developer/.build/Intermediates.noindex/ReluxTunnel.build/Debug/ReluxTunnelMacOSAdapter.build/Objects-normal/arm64/ReluxTunnelMacOSAdapter.swiftmodule (in target 'ReluxTunnelMacOSAdapter' from project 'ReluxTunnel')
    cd /Users/iv/Developer/relux-tunnel
    builtin-copy -exclude .DS_Store -exclude CVS -exclude .svn -exclude .git -exclude .hg -resolve-src-symlinks -rename /Users/iv/Developer/.build/Intermediates.noindex/ReluxTunnel.build/Debug/ReluxTunnelMacOSAdapter.build/Objects-normal/arm64/ReluxTunnelMacOSAdapter.swiftmodule /Users/iv/Developer/.build/Products/Debug/ReluxTunnelMacOSAdapter.swiftmodule/arm64-apple-macos.swiftmodule

Copy /Users/iv/Developer/.build/Products/Debug/ReluxTunnelMacOSAdapter.swiftmodule/Project/x86_64-apple-macos.swiftsourceinfo /Users/iv/Developer/.build/Intermediates.noindex/ReluxTunnel.build/Debug/ReluxTunnelMacOSAdapter.build/Objects-normal/x86_64/ReluxTunnelMacOSAdapter.swiftsourceinfo (in target 'ReluxTunnelMacOSAdapter' from project 'ReluxTunnel')
    cd /Users/iv/Developer/relux-tunnel
    builtin-copy -exclude .DS_Store -exclude CVS -exclude .svn -exclude .git -exclude .hg -resolve-src-symlinks -rename /Users/iv/Developer/.build/Intermediates.noindex/ReluxTunnel.build/Debug/ReluxTunnelMacOSAdapter.build/Objects-normal/x86_64/ReluxTunnelMacOSAdapter.swiftsourceinfo /Users/iv/Developer/.build/Products/Debug/ReluxTunnelMacOSAdapter.swiftmodule/Project/x86_64-apple-macos.swiftsourceinfo

SwiftDriverJobDiscovery normal x86_64 Compiling HEVSOCKSBoundary.swift (in target 'ReluxTunnelNativeAdapter' from project 'ReluxTunnel')

SwiftDriverJobDiscovery normal arm64 Compiling MacOSProviderCompositionRoot.swift (in target 'ReluxTunnelMacOSAdapter' from project 'ReluxTunnel')

SwiftDriverJobDiscovery normal x86_64 Compiling MacOSProviderCompositionRoot.swift (in target 'ReluxTunnelMacOSAdapter' from project 'ReluxTunnel')

SwiftDriverJobDiscovery normal x86_64 Compiling HEVIntegration.swift (in target 'ReluxTunnelNativeAdapter' from project 'ReluxTunnel')

SwiftDriver\ Compilation ReluxTunnelNativeAdapter normal x86_64 com.apple.xcode.tools.swift.compiler (in target 'ReluxTunnelNativeAdapter' from project 'ReluxTunnel')
    cd /Users/iv/Developer/relux-tunnel/.swiftpm/xcode
    builtin-Swift-Compilation -- /Applications/Xcode_26_5.app/Contents/Developer/Toolchains/XcodeDefault.xctoolchain/usr/bin/swiftc -module-name ReluxTunnelNativeAdapter -Onone @/Users/iv/Developer/.build/Intermediates.noindex/ReluxTunnel.build/Debug/ReluxTunnelNativeAdapter.build/Objects-normal/x86_64/ReluxTunnelNativeAdapter.SwiftFileList -DSWIFT_PACKAGE -DDEBUG -DSWIFT_MODULE_RESOURCE_BUNDLE_UNAVAILABLE -DXcode -plugin-path /Applications/Xcode_26_5.app/Contents/Developer/Toolchains/XcodeDefault.xctoolchain/usr/lib/swift/host/plugins/testing -enable-experimental-feature DebugDescriptionMacro -sdk /Applications/Xcode_26_5.app/Contents/Developer/Platforms/MacOSX.platform/Developer/SDKs/MacOSX26.5.sdk -target x86_64-apple-macos15.0 -g -module-cache-path /Users/iv/Developer/relux-tunnel/.temp/TASK-260715-1rsqrh/DerivedData-macOS/ModuleCache.noindex -Xfrontend -serialize-debugging-options -enable-testing -index-store-path /Users/iv/Developer/relux-tunnel/.temp/TASK-260715-1rsqrh/DerivedData-macOS/Index.noindex/DataStore -Xcc -D_LIBCPP_HARDENING_MODE\=_LIBCPP_HARDENING_MODE_DEBUG -swift-version 6 -I /Users/iv/Developer/.build/Products/Debug -Isystem /Applications/Xcode_26_5.app/Contents/Developer/Platforms/MacOSX.platform/Developer/usr/lib -F /Users/iv/Developer/.build/Products/Debug/PackageFrameworks -F /Users/iv/Developer/.build/Products/Debug -F /Applications/Xcode_26_5.app/Contents/Developer/Platforms/MacOSX.platform/Developer/Library/Frameworks -c -j16 -enable-batch-mode -incremental -Xcc -ivfsstatcache -Xcc /Users/iv/Developer/relux-tunnel/.temp/TASK-260715-1rsqrh/DerivedData-macOS/SDKStatCaches.noindex/macosx26.5-25F70-b64f947cdd770e773f3848253724d71e.sdkstatcache -output-file-map /Users/iv/Developer/.build/Intermediates.noindex/ReluxTunnel.build/Debug/ReluxTunnelNativeAdapter.build/Objects-normal/x86_64/ReluxTunnelNativeAdapter-OutputFileMap.json -use-frontend-parseable-output -save-temps -no-color-diagnostics -explicit-module-build -module-cache-path /Users/iv/Developer/.build/Intermediates.noindex/SwiftExplicitPrecompiledModules -clang-scanner-module-cache-path /Users/iv/Developer/relux-tunnel/.temp/TASK-260715-1rsqrh/DerivedData-macOS/ModuleCache.noindex -sdk-module-cache-path /Users/iv/Developer/relux-tunnel/.temp/TASK-260715-1rsqrh/DerivedData-macOS/ModuleCache.noindex -serialize-diagnostics -emit-dependencies -emit-module -emit-module-path /Users/iv/Developer/.build/Intermediates.noindex/ReluxTunnel.build/Debug/ReluxTunnelNativeAdapter.build/Objects-normal/x86_64/ReluxTunnelNativeAdapter.swiftmodule -validate-clang-modules-once -clang-build-session-file /Users/iv/Developer/relux-tunnel/.temp/TASK-260715-1rsqrh/DerivedData-macOS/ModuleCache.noindex/Session.modulevalidation -package-name relux_tunnel -Xcc -I/Users/iv/Developer/.build/Intermediates.noindex/ReluxTunnel.build/Debug/ReluxTunnelNativeAdapter.build/swift-overrides.hmap -emit-const-values -Xfrontend -const-gather-protocols-file -Xfrontend /Users/iv/Developer/.build/Intermediates.noindex/ReluxTunnel.build/Debug/ReluxTunnelNativeAdapter.build/Objects-normal/x86_64/ReluxTunnelNativeAdapter_const_extract_protocols.json -Xcc -I/Users/iv/Developer/.build/Products/Debug/include -Xcc -I/Users/iv/Developer/.build/Intermediates.noindex/ReluxTunnel.build/Debug/ReluxTunnelNativeAdapter.build/DerivedSources-normal/x86_64 -Xcc -I/Users/iv/Developer/.build/Intermediates.noindex/ReluxTunnel.build/Debug/ReluxTunnelNativeAdapter.build/DerivedSources/x86_64 -Xcc -I/Users/iv/Developer/.build/Intermediates.noindex/ReluxTunnel.build/Debug/ReluxTunnelNativeAdapter.build/DerivedSources -Xcc -DSWIFT_PACKAGE -Xcc -DDEBUG\=1 -emit-objc-header -emit-objc-header-path /Users/iv/Developer/.build/Intermediates.noindex/ReluxTunnel.build/Debug/ReluxTunnelNativeAdapter.build/Objects-normal/x86_64/ReluxTunnelNativeAdapter-Swift.h -working-directory /Users/iv/Developer/relux-tunnel/.swiftpm/xcode -experimental-emit-module-separately -disable-cmo

Ld /Users/iv/Developer/.build/Intermediates.noindex/ReluxTunnel.build/Debug/ReluxTunnelNativeAdapter.build/Objects-normal/x86_64/Binary/ReluxTunnelNativeAdapter.o normal x86_64 (in target 'ReluxTunnelNativeAdapter' from project 'ReluxTunnel')
    cd /Users/iv/Developer/relux-tunnel
    /Applications/Xcode_26_5.app/Contents/Developer/Toolchains/XcodeDefault.xctoolchain/usr/bin/clang -Xlinker -reproducible -target x86_64-apple-macos15.0 -r -isysroot /Applications/Xcode_26_5.app/Contents/Developer/Platforms/MacOSX.platform/Developer/SDKs/MacOSX26.5.sdk -O0 -F/Users/iv/Developer/.build/Intermediates.noindex/EagerLinkingTBDs/Debug -F/Users/iv/Developer/.build/Products/Debug/PackageFrameworks -F/Users/iv/Developer/.build/Products/Debug -iframework /Applications/Xcode_26_5.app/Contents/Developer/Platforms/MacOSX.platform/Developer/Library/Frameworks -filelist /Users/iv/Developer/.build/Intermediates.noindex/ReluxTunnel.build/Debug/ReluxTunnelNativeAdapter.build/Objects-normal/x86_64/ReluxTunnelNativeAdapter.LinkFileList -nostdlib -Xlinker -object_path_lto -Xlinker /Users/iv/Developer/.build/Intermediates.noindex/ReluxTunnel.build/Debug/ReluxTunnelNativeAdapter.build/Objects-normal/x86_64/ReluxTunnelNativeAdapter_lto.o -Xlinker -no_deduplicate -Xlinker -dependency_info -Xlinker /Users/iv/Developer/.build/Intermediates.noindex/ReluxTunnel.build/Debug/ReluxTunnelNativeAdapter.build/Objects-normal/x86_64/ReluxTunnelNativeAdapter_dependency_info.dat -fobjc-link-runtime -L/Applications/Xcode_26_5.app/Contents/Developer/Toolchains/XcodeDefault.xctoolchain/usr/lib/swift/macosx -L/usr/lib/swift -Xlinker -add_ast_path -Xlinker /Users/iv/Developer/.build/Intermediates.noindex/ReluxTunnel.build/Debug/ReluxTunnelNativeAdapter.build/Objects-normal/x86_64/ReluxTunnelNativeAdapter.swiftmodule @/Users/iv/Developer/.build/Intermediates.noindex/ReluxTunnel.build/Debug/ReluxTunnelNativeAdapter.build/Objects-normal/x86_64/ReluxTunnelNativeAdapter-linker-args.resp -o /Users/iv/Developer/.build/Intermediates.noindex/ReluxTunnel.build/Debug/ReluxTunnelNativeAdapter.build/Objects-normal/x86_64/Binary/ReluxTunnelNativeAdapter.o

SwiftDriverJobDiscovery normal arm64 Compiling MacOSVPNManagerPreferences.swift (in target 'ReluxTunnelMacOSAdapter' from project 'ReluxTunnel')

SwiftDriver\ Compilation ReluxTunnelMacOSAdapter normal arm64 com.apple.xcode.tools.swift.compiler (in target 'ReluxTunnelMacOSAdapter' from project 'ReluxTunnel')
    cd /Users/iv/Developer/relux-tunnel/.swiftpm/xcode
    builtin-Swift-Compilation -- /Applications/Xcode_26_5.app/Contents/Developer/Toolchains/XcodeDefault.xctoolchain/usr/bin/swiftc -module-name ReluxTunnelMacOSAdapter -Onone @/Users/iv/Developer/.build/Intermediates.noindex/ReluxTunnel.build/Debug/ReluxTunnelMacOSAdapter.build/Objects-normal/arm64/ReluxTunnelMacOSAdapter.SwiftFileList -DSWIFT_PACKAGE -DDEBUG -DSWIFT_MODULE_RESOURCE_BUNDLE_UNAVAILABLE -DXcode -plugin-path /Applications/Xcode_26_5.app/Contents/Developer/Toolchains/XcodeDefault.xctoolchain/usr/lib/swift/host/plugins/testing -enable-experimental-feature DebugDescriptionMacro -sdk /Applications/Xcode_26_5.app/Contents/Developer/Platforms/MacOSX.platform/Developer/SDKs/MacOSX26.5.sdk -target arm64-apple-macos15.0 -g -module-cache-path /Users/iv/Developer/relux-tunnel/.temp/TASK-260715-1rsqrh/DerivedData-macOS/ModuleCache.noindex -Xfrontend -serialize-debugging-options -enable-testing -index-store-path /Users/iv/Developer/relux-tunnel/.temp/TASK-260715-1rsqrh/DerivedData-macOS/Index.noindex/DataStore -Xcc -D_LIBCPP_HARDENING_MODE\=_LIBCPP_HARDENING_MODE_DEBUG -swift-version 6 -I /Users/iv/Developer/.build/Products/Debug -Isystem /Applications/Xcode_26_5.app/Contents/Developer/Platforms/MacOSX.platform/Developer/usr/lib -F /Users/iv/Developer/.build/Products/Debug/PackageFrameworks -F /Users/iv/Developer/.build/Products/Debug/PackageFrameworks -F /Users/iv/Developer/.build/Products/Debug -F /Applications/Xcode_26_5.app/Contents/Developer/Platforms/MacOSX.platform/Developer/Library/Frameworks -c -j16 -enable-batch-mode -incremental -Xcc -ivfsstatcache -Xcc /Users/iv/Developer/relux-tunnel/.temp/TASK-260715-1rsqrh/DerivedData-macOS/SDKStatCaches.noindex/macosx26.5-25F70-b64f947cdd770e773f3848253724d71e.sdkstatcache -output-file-map /Users/iv/Developer/.build/Intermediates.noindex/ReluxTunnel.build/Debug/ReluxTunnelMacOSAdapter.build/Objects-normal/arm64/ReluxTunnelMacOSAdapter-OutputFileMap.json -use-frontend-parseable-output -save-temps -no-color-diagnostics -explicit-module-build -module-cache-path /Users/iv/Developer/.build/Intermediates.noindex/SwiftExplicitPrecompiledModules -clang-scanner-module-cache-path /Users/iv/Developer/relux-tunnel/.temp/TASK-260715-1rsqrh/DerivedData-macOS/ModuleCache.noindex -sdk-module-cache-path /Users/iv/Developer/relux-tunnel/.temp/TASK-260715-1rsqrh/DerivedData-macOS/ModuleCache.noindex -serialize-diagnostics -emit-dependencies -emit-module -emit-module-path /Users/iv/Developer/.build/Intermediates.noindex/ReluxTunnel.build/Debug/ReluxTunnelMacOSAdapter.build/Objects-normal/arm64/ReluxTunnelMacOSAdapter.swiftmodule -validate-clang-modules-once -clang-build-session-file /Users/iv/Developer/relux-tunnel/.temp/TASK-260715-1rsqrh/DerivedData-macOS/ModuleCache.noindex/Session.modulevalidation -package-name relux_tunnel -Xcc -I/Users/iv/Developer/.build/Intermediates.noindex/ReluxTunnel.build/Debug/ReluxTunnelMacOSAdapter.build/swift-overrides.hmap -emit-const-values -Xfrontend -const-gather-protocols-file -Xfrontend /Users/iv/Developer/.build/Intermediates.noindex/ReluxTunnel.build/Debug/ReluxTunnelMacOSAdapter.build/Objects-normal/arm64/ReluxTunnelMacOSAdapter_const_extract_protocols.json -Xcc -I/Users/iv/Developer/.build/Products/Debug/include -Xcc -I/Users/iv/Developer/.build/Intermediates.noindex/ReluxTunnel.build/Debug/ReluxTunnelMacOSAdapter.build/DerivedSources-normal/arm64 -Xcc -I/Users/iv/Developer/.build/Intermediates.noindex/ReluxTunnel.build/Debug/ReluxTunnelMacOSAdapter.build/DerivedSources/arm64 -Xcc -I/Users/iv/Developer/.build/Intermediates.noindex/ReluxTunnel.build/Debug/ReluxTunnelMacOSAdapter.build/DerivedSources -Xcc -DSWIFT_PACKAGE -Xcc -DDEBUG\=1 -emit-objc-header -emit-objc-header-path /Users/iv/Developer/.build/Intermediates.noindex/ReluxTunnel.build/Debug/ReluxTunnelMacOSAdapter.build/Objects-normal/arm64/ReluxTunnelMacOSAdapter-Swift.h -working-directory /Users/iv/Developer/relux-tunnel/.swiftpm/xcode -experimental-emit-module-separately -disable-cmo

SwiftDriverJobDiscovery normal x86_64 Compiling MacOSVPNManagerPreferences.swift (in target 'ReluxTunnelMacOSAdapter' from project 'ReluxTunnel')

SwiftDriver\ Compilation ReluxTunnelMacOSAdapter normal x86_64 com.apple.xcode.tools.swift.compiler (in target 'ReluxTunnelMacOSAdapter' from project 'ReluxTunnel')
    cd /Users/iv/Developer/relux-tunnel/.swiftpm/xcode
    builtin-Swift-Compilation -- /Applications/Xcode_26_5.app/Contents/Developer/Toolchains/XcodeDefault.xctoolchain/usr/bin/swiftc -module-name ReluxTunnelMacOSAdapter -Onone @/Users/iv/Developer/.build/Intermediates.noindex/ReluxTunnel.build/Debug/ReluxTunnelMacOSAdapter.build/Objects-normal/x86_64/ReluxTunnelMacOSAdapter.SwiftFileList -DSWIFT_PACKAGE -DDEBUG -DSWIFT_MODULE_RESOURCE_BUNDLE_UNAVAILABLE -DXcode -plugin-path /Applications/Xcode_26_5.app/Contents/Developer/Toolchains/XcodeDefault.xctoolchain/usr/lib/swift/host/plugins/testing -enable-experimental-feature DebugDescriptionMacro -sdk /Applications/Xcode_26_5.app/Contents/Developer/Platforms/MacOSX.platform/Developer/SDKs/MacOSX26.5.sdk -target x86_64-apple-macos15.0 -g -module-cache-path /Users/iv/Developer/relux-tunnel/.temp/TASK-260715-1rsqrh/DerivedData-macOS/ModuleCache.noindex -Xfrontend -serialize-debugging-options -enable-testing -index-store-path /Users/iv/Developer/relux-tunnel/.temp/TASK-260715-1rsqrh/DerivedData-macOS/Index.noindex/DataStore -Xcc -D_LIBCPP_HARDENING_MODE\=_LIBCPP_HARDENING_MODE_DEBUG -swift-version 6 -I /Users/iv/Developer/.build/Products/Debug -Isystem /Applications/Xcode_26_5.app/Contents/Developer/Platforms/MacOSX.platform/Developer/usr/lib -F /Users/iv/Developer/.build/Products/Debug/PackageFrameworks -F /Users/iv/Developer/.build/Products/Debug/PackageFrameworks -F /Users/iv/Developer/.build/Products/Debug -F /Applications/Xcode_26_5.app/Contents/Developer/Platforms/MacOSX.platform/Developer/Library/Frameworks -c -j16 -enable-batch-mode -incremental -Xcc -ivfsstatcache -Xcc /Users/iv/Developer/relux-tunnel/.temp/TASK-260715-1rsqrh/DerivedData-macOS/SDKStatCaches.noindex/macosx26.5-25F70-b64f947cdd770e773f3848253724d71e.sdkstatcache -output-file-map /Users/iv/Developer/.build/Intermediates.noindex/ReluxTunnel.build/Debug/ReluxTunnelMacOSAdapter.build/Objects-normal/x86_64/ReluxTunnelMacOSAdapter-OutputFileMap.json -use-frontend-parseable-output -save-temps -no-color-diagnostics -explicit-module-build -module-cache-path /Users/iv/Developer/.build/Intermediates.noindex/SwiftExplicitPrecompiledModules -clang-scanner-module-cache-path /Users/iv/Developer/relux-tunnel/.temp/TASK-260715-1rsqrh/DerivedData-macOS/ModuleCache.noindex -sdk-module-cache-path /Users/iv/Developer/relux-tunnel/.temp/TASK-260715-1rsqrh/DerivedData-macOS/ModuleCache.noindex -serialize-diagnostics -emit-dependencies -emit-module -emit-module-path /Users/iv/Developer/.build/Intermediates.noindex/ReluxTunnel.build/Debug/ReluxTunnelMacOSAdapter.build/Objects-normal/x86_64/ReluxTunnelMacOSAdapter.swiftmodule -validate-clang-modules-once -clang-build-session-file /Users/iv/Developer/relux-tunnel/.temp/TASK-260715-1rsqrh/DerivedData-macOS/ModuleCache.noindex/Session.modulevalidation -package-name relux_tunnel -Xcc -I/Users/iv/Developer/.build/Intermediates.noindex/ReluxTunnel.build/Debug/ReluxTunnelMacOSAdapter.build/swift-overrides.hmap -emit-const-values -Xfrontend -const-gather-protocols-file -Xfrontend /Users/iv/Developer/.build/Intermediates.noindex/ReluxTunnel.build/Debug/ReluxTunnelMacOSAdapter.build/Objects-normal/x86_64/ReluxTunnelMacOSAdapter_const_extract_protocols.json -Xcc -I/Users/iv/Developer/.build/Products/Debug/include -Xcc -I/Users/iv/Developer/.build/Intermediates.noindex/ReluxTunnel.build/Debug/ReluxTunnelMacOSAdapter.build/DerivedSources-normal/x86_64 -Xcc -I/Users/iv/Developer/.build/Intermediates.noindex/ReluxTunnel.build/Debug/ReluxTunnelMacOSAdapter.build/DerivedSources/x86_64 -Xcc -I/Users/iv/Developer/.build/Intermediates.noindex/ReluxTunnel.build/Debug/ReluxTunnelMacOSAdapter.build/DerivedSources -Xcc -DSWIFT_PACKAGE -Xcc -DDEBUG\=1 -emit-objc-header -emit-objc-header-path /Users/iv/Developer/.build/Intermediates.noindex/ReluxTunnel.build/Debug/ReluxTunnelMacOSAdapter.build/Objects-normal/x86_64/ReluxTunnelMacOSAdapter-Swift.h -working-directory /Users/iv/Developer/relux-tunnel/.swiftpm/xcode -experimental-emit-module-separately -disable-cmo

CreateUniversalBinary /Users/iv/Developer/.build/Products/Debug/ReluxTunnelNativeAdapter.o normal arm64\ x86_64 (in target 'ReluxTunnelNativeAdapter' from project 'ReluxTunnel')
    cd /Users/iv/Developer/relux-tunnel
    /Applications/Xcode_26_5.app/Contents/Developer/Toolchains/XcodeDefault.xctoolchain/usr/bin/lipo -create /Users/iv/Developer/.build/Intermediates.noindex/ReluxTunnel.build/Debug/ReluxTunnelNativeAdapter.build/Objects-normal/arm64/Binary/ReluxTunnelNativeAdapter.o /Users/iv/Developer/.build/Intermediates.noindex/ReluxTunnel.build/Debug/ReluxTunnelNativeAdapter.build/Objects-normal/x86_64/Binary/ReluxTunnelNativeAdapter.o -output /Users/iv/Developer/.build/Products/Debug/ReluxTunnelNativeAdapter.o

ExtractAppIntentsMetadata (in target 'ReluxTunnelNativeAdapter' from project 'ReluxTunnel')
    cd /Users/iv/Developer/relux-tunnel
    /Applications/Xcode_26_5.app/Contents/Developer/Toolchains/XcodeDefault.xctoolchain/usr/bin/appintentsmetadataprocessor --toolchain-dir /Applications/Xcode_26_5.app/Contents/Developer/Toolchains/XcodeDefault.xctoolchain --module-name ReluxTunnelNativeAdapter --sdk-root /Applications/Xcode_26_5.app/Contents/Developer/Platforms/MacOSX.platform/Developer/SDKs/MacOSX26.5.sdk --xcode-version 17F42 --platform-family macOS --deployment-target 15.0 --bundle-identifier relux-tunnel.ReluxTunnelNativeAdapter --output /Users/iv/Developer/.build/Products/Debug/ReluxTunnelNativeAdapter.appintents --target-triple arm64-apple-macos15.0 --target-triple x86_64-apple-macos15.0 --binary-file /Users/iv/Developer/.build/Products/Debug/ReluxTunnelNativeAdapter.o --dependency-file /Users/iv/Developer/.build/Intermediates.noindex/ReluxTunnel.build/Debug/ReluxTunnelNativeAdapter.build/Objects-normal/arm64/ReluxTunnelNativeAdapter_dependency_info.dat --dependency-file /Users/iv/Developer/.build/Intermediates.noindex/ReluxTunnel.build/Debug/ReluxTunnelNativeAdapter.build/Objects-normal/x86_64/ReluxTunnelNativeAdapter_dependency_info.dat --stringsdata-file /Users/iv/Developer/.build/Intermediates.noindex/ReluxTunnel.build/Debug/ReluxTunnelNativeAdapter.build/Objects-normal/arm64/ExtractedAppShortcutsMetadata.stringsdata --stringsdata-file /Users/iv/Developer/.build/Intermediates.noindex/ReluxTunnel.build/Debug/ReluxTunnelNativeAdapter.build/Objects-normal/x86_64/ExtractedAppShortcutsMetadata.stringsdata --source-file-list /Users/iv/Developer/.build/Intermediates.noindex/ReluxTunnel.build/Debug/ReluxTunnelNativeAdapter.build/Objects-normal/arm64/ReluxTunnelNativeAdapter.SwiftFileList --source-file-list /Users/iv/Developer/.build/Intermediates.noindex/ReluxTunnel.build/Debug/ReluxTunnelNativeAdapter.build/Objects-normal/x86_64/ReluxTunnelNativeAdapter.SwiftFileList --metadata-file-list /Users/iv/Developer/.build/Intermediates.noindex/ReluxTunnel.build/Debug/ReluxTunnelNativeAdapter.build/ReluxTunnelNativeAdapter.DependencyMetadataFileList --static-metadata-file-list /Users/iv/Developer/.build/Intermediates.noindex/ReluxTunnel.build/Debug/ReluxTunnelNativeAdapter.build/ReluxTunnelNativeAdapter.DependencyStaticMetadataFileList --swift-const-vals-list /Users/iv/Developer/.build/Intermediates.noindex/ReluxTunnel.build/Debug/ReluxTunnelNativeAdapter.build/Objects-normal/arm64/ReluxTunnelNativeAdapter.SwiftConstValuesFileList --swift-const-vals-list /Users/iv/Developer/.build/Intermediates.noindex/ReluxTunnel.build/Debug/ReluxTunnelNativeAdapter.build/Objects-normal/x86_64/ReluxTunnelNativeAdapter.SwiftConstValuesFileList --force --compile-time-extraction --deployment-aware-processing --validate-assistant-intents --no-app-shortcuts-localization
2026-07-21 05:17:24.864 appintentsmetadataprocessor[81464:98262609] Starting appintentsmetadataprocessor export
2026-07-21 05:17:24.871 appintentsmetadataprocessor[81464:98262609] Extracted no relevant App Intents symbols, skipping writing output

RegisterExecutionPolicyException /Users/iv/Developer/.build/Products/Debug/ReluxTunnelNativeAdapter.o (in target 'ReluxTunnelNativeAdapter' from project 'ReluxTunnel')
    cd /Users/iv/Developer/relux-tunnel
    builtin-RegisterExecutionPolicyException /Users/iv/Developer/.build/Products/Debug/ReluxTunnelNativeAdapter.o

Ld /Users/iv/Developer/.build/Intermediates.noindex/ReluxTunnel.build/Debug/ReluxTunnelMacOSAdapter.build/Objects-normal/arm64/Binary/ReluxTunnelMacOSAdapter.o normal arm64 (in target 'ReluxTunnelMacOSAdapter' from project 'ReluxTunnel')
    cd /Users/iv/Developer/relux-tunnel
    /Applications/Xcode_26_5.app/Contents/Developer/Toolchains/XcodeDefault.xctoolchain/usr/bin/clang -Xlinker -reproducible -target arm64-apple-macos15.0 -r -isysroot /Applications/Xcode_26_5.app/Contents/Developer/Platforms/MacOSX.platform/Developer/SDKs/MacOSX26.5.sdk -O0 -F/Users/iv/Developer/.build/Intermediates.noindex/EagerLinkingTBDs/Debug -F/Users/iv/Developer/.build/Products/Debug/PackageFrameworks -F/Users/iv/Developer/.build/Products/Debug/PackageFrameworks -F/Users/iv/Developer/.build/Products/Debug -iframework /Applications/Xcode_26_5.app/Contents/Developer/Platforms/MacOSX.platform/Developer/Library/Frameworks -filelist /Users/iv/Developer/.build/Intermediates.noindex/ReluxTunnel.build/Debug/ReluxTunnelMacOSAdapter.build/Objects-normal/arm64/ReluxTunnelMacOSAdapter.LinkFileList -nostdlib -Xlinker -object_path_lto -Xlinker /Users/iv/Developer/.build/Intermediates.noindex/ReluxTunnel.build/Debug/ReluxTunnelMacOSAdapter.build/Objects-normal/arm64/ReluxTunnelMacOSAdapter_lto.o -Xlinker -no_deduplicate -Xlinker -dependency_info -Xlinker /Users/iv/Developer/.build/Intermediates.noindex/ReluxTunnel.build/Debug/ReluxTunnelMacOSAdapter.build/Objects-normal/arm64/ReluxTunnelMacOSAdapter_dependency_info.dat -fobjc-link-runtime -L/Applications/Xcode_26_5.app/Contents/Developer/Toolchains/XcodeDefault.xctoolchain/usr/lib/swift/macosx -L/usr/lib/swift -Xlinker -add_ast_path -Xlinker /Users/iv/Developer/.build/Intermediates.noindex/ReluxTunnel.build/Debug/ReluxTunnelMacOSAdapter.build/Objects-normal/arm64/ReluxTunnelMacOSAdapter.swiftmodule @/Users/iv/Developer/.build/Intermediates.noindex/ReluxTunnel.build/Debug/ReluxTunnelMacOSAdapter.build/Objects-normal/arm64/ReluxTunnelMacOSAdapter-linker-args.resp -o /Users/iv/Developer/.build/Intermediates.noindex/ReluxTunnel.build/Debug/ReluxTunnelMacOSAdapter.build/Objects-normal/arm64/Binary/ReluxTunnelMacOSAdapter.o

Ld /Users/iv/Developer/.build/Intermediates.noindex/ReluxTunnel.build/Debug/ReluxTunnelMacOSAdapter.build/Objects-normal/x86_64/Binary/ReluxTunnelMacOSAdapter.o normal x86_64 (in target 'ReluxTunnelMacOSAdapter' from project 'ReluxTunnel')
    cd /Users/iv/Developer/relux-tunnel
    /Applications/Xcode_26_5.app/Contents/Developer/Toolchains/XcodeDefault.xctoolchain/usr/bin/clang -Xlinker -reproducible -target x86_64-apple-macos15.0 -r -isysroot /Applications/Xcode_26_5.app/Contents/Developer/Platforms/MacOSX.platform/Developer/SDKs/MacOSX26.5.sdk -O0 -F/Users/iv/Developer/.build/Intermediates.noindex/EagerLinkingTBDs/Debug -F/Users/iv/Developer/.build/Products/Debug/PackageFrameworks -F/Users/iv/Developer/.build/Products/Debug/PackageFrameworks -F/Users/iv/Developer/.build/Products/Debug -iframework /Applications/Xcode_26_5.app/Contents/Developer/Platforms/MacOSX.platform/Developer/Library/Frameworks -filelist /Users/iv/Developer/.build/Intermediates.noindex/ReluxTunnel.build/Debug/ReluxTunnelMacOSAdapter.build/Objects-normal/x86_64/ReluxTunnelMacOSAdapter.LinkFileList -nostdlib -Xlinker -object_path_lto -Xlinker /Users/iv/Developer/.build/Intermediates.noindex/ReluxTunnel.build/Debug/ReluxTunnelMacOSAdapter.build/Objects-normal/x86_64/ReluxTunnelMacOSAdapter_lto.o -Xlinker -no_deduplicate -Xlinker -dependency_info -Xlinker /Users/iv/Developer/.build/Intermediates.noindex/ReluxTunnel.build/Debug/ReluxTunnelMacOSAdapter.build/Objects-normal/x86_64/ReluxTunnelMacOSAdapter_dependency_info.dat -fobjc-link-runtime -L/Applications/Xcode_26_5.app/Contents/Developer/Toolchains/XcodeDefault.xctoolchain/usr/lib/swift/macosx -L/usr/lib/swift -Xlinker -add_ast_path -Xlinker /Users/iv/Developer/.build/Intermediates.noindex/ReluxTunnel.build/Debug/ReluxTunnelMacOSAdapter.build/Objects-normal/x86_64/ReluxTunnelMacOSAdapter.swiftmodule @/Users/iv/Developer/.build/Intermediates.noindex/ReluxTunnel.build/Debug/ReluxTunnelMacOSAdapter.build/Objects-normal/x86_64/ReluxTunnelMacOSAdapter-linker-args.resp -o /Users/iv/Developer/.build/Intermediates.noindex/ReluxTunnel.build/Debug/ReluxTunnelMacOSAdapter.build/Objects-normal/x86_64/Binary/ReluxTunnelMacOSAdapter.o

CreateUniversalBinary /Users/iv/Developer/.build/Products/Debug/ReluxTunnelMacOSAdapter.o normal arm64\ x86_64 (in target 'ReluxTunnelMacOSAdapter' from project 'ReluxTunnel')
    cd /Users/iv/Developer/relux-tunnel
    /Applications/Xcode_26_5.app/Contents/Developer/Toolchains/XcodeDefault.xctoolchain/usr/bin/lipo -create /Users/iv/Developer/.build/Intermediates.noindex/ReluxTunnel.build/Debug/ReluxTunnelMacOSAdapter.build/Objects-normal/arm64/Binary/ReluxTunnelMacOSAdapter.o /Users/iv/Developer/.build/Intermediates.noindex/ReluxTunnel.build/Debug/ReluxTunnelMacOSAdapter.build/Objects-normal/x86_64/Binary/ReluxTunnelMacOSAdapter.o -output /Users/iv/Developer/.build/Products/Debug/ReluxTunnelMacOSAdapter.o

ExtractAppIntentsMetadata (in target 'ReluxTunnelMacOSAdapter' from project 'ReluxTunnel')
    cd /Users/iv/Developer/relux-tunnel
    /Applications/Xcode_26_5.app/Contents/Developer/Toolchains/XcodeDefault.xctoolchain/usr/bin/appintentsmetadataprocessor --toolchain-dir /Applications/Xcode_26_5.app/Contents/Developer/Toolchains/XcodeDefault.xctoolchain --module-name ReluxTunnelMacOSAdapter --sdk-root /Applications/Xcode_26_5.app/Contents/Developer/Platforms/MacOSX.platform/Developer/SDKs/MacOSX26.5.sdk --xcode-version 17F42 --platform-family macOS --deployment-target 15.0 --bundle-identifier relux-tunnel.ReluxTunnelMacOSAdapter --output /Users/iv/Developer/.build/Products/Debug/ReluxTunnelMacOSAdapter.appintents --target-triple arm64-apple-macos15.0 --target-triple x86_64-apple-macos15.0 --binary-file /Users/iv/Developer/.build/Products/Debug/ReluxTunnelMacOSAdapter.o --dependency-file /Users/iv/Developer/.build/Intermediates.noindex/ReluxTunnel.build/Debug/ReluxTunnelMacOSAdapter.build/Objects-normal/arm64/ReluxTunnelMacOSAdapter_dependency_info.dat --dependency-file /Users/iv/Developer/.build/Intermediates.noindex/ReluxTunnel.build/Debug/ReluxTunnelMacOSAdapter.build/Objects-normal/x86_64/ReluxTunnelMacOSAdapter_dependency_info.dat --stringsdata-file /Users/iv/Developer/.build/Intermediates.noindex/ReluxTunnel.build/Debug/ReluxTunnelMacOSAdapter.build/Objects-normal/arm64/ExtractedAppShortcutsMetadata.stringsdata --stringsdata-file /Users/iv/Developer/.build/Intermediates.noindex/ReluxTunnel.build/Debug/ReluxTunnelMacOSAdapter.build/Objects-normal/x86_64/ExtractedAppShortcutsMetadata.stringsdata --source-file-list /Users/iv/Developer/.build/Intermediates.noindex/ReluxTunnel.build/Debug/ReluxTunnelMacOSAdapter.build/Objects-normal/arm64/ReluxTunnelMacOSAdapter.SwiftFileList --source-file-list /Users/iv/Developer/.build/Intermediates.noindex/ReluxTunnel.build/Debug/ReluxTunnelMacOSAdapter.build/Objects-normal/x86_64/ReluxTunnelMacOSAdapter.SwiftFileList --metadata-file-list /Users/iv/Developer/.build/Intermediates.noindex/ReluxTunnel.build/Debug/ReluxTunnelMacOSAdapter.build/ReluxTunnelMacOSAdapter.DependencyMetadataFileList --static-metadata-file-list /Users/iv/Developer/.build/Intermediates.noindex/ReluxTunnel.build/Debug/ReluxTunnelMacOSAdapter.build/ReluxTunnelMacOSAdapter.DependencyStaticMetadataFileList --swift-const-vals-list /Users/iv/Developer/.build/Intermediates.noindex/ReluxTunnel.build/Debug/ReluxTunnelMacOSAdapter.build/Objects-normal/arm64/ReluxTunnelMacOSAdapter.SwiftConstValuesFileList --swift-const-vals-list /Users/iv/Developer/.build/Intermediates.noindex/ReluxTunnel.build/Debug/ReluxTunnelMacOSAdapter.build/Objects-normal/x86_64/ReluxTunnelMacOSAdapter.SwiftConstValuesFileList --force --compile-time-extraction --deployment-aware-processing --validate-assistant-intents --no-app-shortcuts-localization
2026-07-21 05:17:24.921 appintentsmetadataprocessor[81471:98262643] Starting appintentsmetadataprocessor export
2026-07-21 05:17:24.928 appintentsmetadataprocessor[81471:98262643] Extracted no relevant App Intents symbols, skipping writing output

RegisterExecutionPolicyException /Users/iv/Developer/.build/Products/Debug/ReluxTunnelMacOSAdapter.o (in target 'ReluxTunnelMacOSAdapter' from project 'ReluxTunnel')
    cd /Users/iv/Developer/relux-tunnel
    builtin-RegisterExecutionPolicyException /Users/iv/Developer/.build/Products/Debug/ReluxTunnelMacOSAdapter.o

** BUILD SUCCEEDED ** [8.663 sec]

