generated project credential-free validation	Set up job	﻿2026-09-16T02:29:38.9144590Z Current runner version: '2.337.0'
generated project credential-free validation	Set up job	2026-09-16T02:29:38.9173610Z ##[group]Runner Image Provisioner
generated project credential-free validation	Set up job	2026-09-16T02:29:38.9174460Z Hosted Compute Agent
generated project credential-free validation	Set up job	2026-09-16T02:29:38.9174930Z Version: 20260828.587
generated project credential-free validation	Set up job	2026-09-16T02:29:38.9176040Z Commit: abac92662cab4cc7352de4f9f9d2e2419aad9c29
generated project credential-free validation	Set up job	2026-09-16T02:29:38.9177010Z Build Date: 2026-08-28T16:44:25Z
generated project credential-free validation	Set up job	2026-09-16T02:29:38.9177620Z Worker ID: {c9d57974-a1ae-473a-ba34-2f1252a1ca3e}
generated project credential-free validation	Set up job	2026-09-16T02:29:38.9178160Z Azure Region: westus
generated project credential-free validation	Set up job	2026-09-16T02:29:38.9178560Z ##[endgroup]
generated project credential-free validation	Set up job	2026-09-16T02:29:38.9179830Z ##[group]Operating System
generated project credential-free validation	Set up job	2026-09-16T02:29:38.9180340Z macOS
generated project credential-free validation	Set up job	2026-09-16T02:29:38.9180760Z 15.7.9
generated project credential-free validation	Set up job	2026-09-16T02:29:38.9181100Z 24G830
generated project credential-free validation	Set up job	2026-09-16T02:29:38.9182020Z ##[endgroup]
generated project credential-free validation	Set up job	2026-09-16T02:29:38.9182550Z ##[group]Runner Image
generated project credential-free validation	Set up job	2026-09-16T02:29:38.9183090Z Image: macos-15-arm64
generated project credential-free validation	Set up job	2026-09-16T02:29:38.9183580Z Version: 20260907.0337.1
generated project credential-free validation	Set up job	2026-09-16T02:29:38.9184350Z Included Software: https://github.com/actions/runner-images/blob/macos-15-arm64/20260907.0337/images/macos/macos-15-arm64-Readme.md
generated project credential-free validation	Set up job	2026-09-16T02:29:38.9185800Z Image Release: https://github.com/actions/runner-images/releases/tag/macos-15-arm64%2F20260907.0337
generated project credential-free validation	Set up job	2026-09-16T02:29:38.9187080Z ##[endgroup]
generated project credential-free validation	Set up job	2026-09-16T02:29:38.9187900Z ##[group]GITHUB_TOKEN Permissions
generated project credential-free validation	Set up job	2026-09-16T02:29:38.9189510Z Contents: read
generated project credential-free validation	Set up job	2026-09-16T02:29:38.9189910Z Metadata: read
generated project credential-free validation	Set up job	2026-09-16T02:29:38.9190340Z ##[endgroup]
generated project credential-free validation	Set up job	2026-09-16T02:29:38.9192200Z Secret source: Actions
generated project credential-free validation	Set up job	2026-09-16T02:29:38.9193020Z Cache mode: write
generated project credential-free validation	Set up job	2026-09-16T02:29:38.9194040Z Prepare workflow directory
generated project credential-free validation	Set up job	2026-09-16T02:29:38.9503180Z Prepare all required actions
generated project credential-free validation	Set up job	2026-09-16T02:29:38.9546640Z Getting action download info
generated project credential-free validation	Set up job	2026-09-16T02:29:39.3813650Z Download action repository 'actions/checkout@3d3c42e5aac5ba805825da76410c181273ba90b1' (SHA:3d3c42e5aac5ba805825da76410c181273ba90b1)
generated project credential-free validation	Set up job	2026-09-16T02:29:39.8853710Z Download action repository 'jdx/mise-action@3c2e0cf82a5b2e5249f0d3635a4d83d0ae861518' (SHA:3c2e0cf82a5b2e5249f0d3635a4d83d0ae861518)
generated project credential-free validation	Set up job	2026-09-16T02:29:40.3800690Z Download action repository 'actions/upload-artifact@ea165f8d65b6e75b540449e92b4886f43607fa02' (SHA:ea165f8d65b6e75b540449e92b4886f43607fa02)
generated project credential-free validation	Set up job	2026-09-16T02:29:40.6352360Z Complete job name: generated project credential-free validation
generated project credential-free validation	Run actions/checkout@3d3c42e5aac5ba805825da76410c181273ba90b1	﻿2026-09-16T02:29:40.6918860Z ##[group]Run actions/checkout@3d3c42e5aac5ba805825da76410c181273ba90b1
generated project credential-free validation	Run actions/checkout@3d3c42e5aac5ba805825da76410c181273ba90b1	2026-09-16T02:29:40.6921030Z with:
generated project credential-free validation	Run actions/checkout@3d3c42e5aac5ba805825da76410c181273ba90b1	2026-09-16T02:29:40.6922050Z   persist-credentials: false
generated project credential-free validation	Run actions/checkout@3d3c42e5aac5ba805825da76410c181273ba90b1	2026-09-16T02:29:40.6922690Z   path: relux-tunnel
generated project credential-free validation	Run actions/checkout@3d3c42e5aac5ba805825da76410c181273ba90b1	2026-09-16T02:29:40.6923080Z   repository: relux-works/relux-tunnel
generated project credential-free validation	Run actions/checkout@3d3c42e5aac5ba805825da76410c181273ba90b1	2026-09-16T02:29:40.6925830Z   token: ***
generated project credential-free validation	Run actions/checkout@3d3c42e5aac5ba805825da76410c181273ba90b1	2026-09-16T02:29:40.6926140Z   ssh-strict: true
generated project credential-free validation	Run actions/checkout@3d3c42e5aac5ba805825da76410c181273ba90b1	2026-09-16T02:29:40.6926460Z   ssh-user: git
generated project credential-free validation	Run actions/checkout@3d3c42e5aac5ba805825da76410c181273ba90b1	2026-09-16T02:29:40.6926780Z   clean: true
generated project credential-free validation	Run actions/checkout@3d3c42e5aac5ba805825da76410c181273ba90b1	2026-09-16T02:29:40.6927110Z   sparse-checkout-cone-mode: true
generated project credential-free validation	Run actions/checkout@3d3c42e5aac5ba805825da76410c181273ba90b1	2026-09-16T02:29:40.6927490Z   fetch-depth: 1
generated project credential-free validation	Run actions/checkout@3d3c42e5aac5ba805825da76410c181273ba90b1	2026-09-16T02:29:40.6927810Z   fetch-tags: false
generated project credential-free validation	Run actions/checkout@3d3c42e5aac5ba805825da76410c181273ba90b1	2026-09-16T02:29:40.6928140Z   show-progress: true
generated project credential-free validation	Run actions/checkout@3d3c42e5aac5ba805825da76410c181273ba90b1	2026-09-16T02:29:40.6928460Z   lfs: false
generated project credential-free validation	Run actions/checkout@3d3c42e5aac5ba805825da76410c181273ba90b1	2026-09-16T02:29:40.6928800Z   submodules: false
generated project credential-free validation	Run actions/checkout@3d3c42e5aac5ba805825da76410c181273ba90b1	2026-09-16T02:29:40.6929200Z   set-safe-directory: true
generated project credential-free validation	Run actions/checkout@3d3c42e5aac5ba805825da76410c181273ba90b1	2026-09-16T02:29:40.6929660Z   allow-unsafe-pr-checkout: false
generated project credential-free validation	Run actions/checkout@3d3c42e5aac5ba805825da76410c181273ba90b1	2026-09-16T02:29:40.6930430Z ##[endgroup]
generated project credential-free validation	Run actions/checkout@3d3c42e5aac5ba805825da76410c181273ba90b1	2026-09-16T02:29:41.0778080Z Syncing repository: relux-works/relux-tunnel
generated project credential-free validation	Run actions/checkout@3d3c42e5aac5ba805825da76410c181273ba90b1	2026-09-16T02:29:41.0779770Z ##[group]Getting Git version info
generated project credential-free validation	Run actions/checkout@3d3c42e5aac5ba805825da76410c181273ba90b1	2026-09-16T02:29:41.0780780Z Working directory is '/Users/runner/work/relux-tunnel/relux-tunnel/relux-tunnel'
generated project credential-free validation	Run actions/checkout@3d3c42e5aac5ba805825da76410c181273ba90b1	2026-09-16T02:29:41.0783300Z [command]/opt/homebrew/bin/git version
generated project credential-free validation	Run actions/checkout@3d3c42e5aac5ba805825da76410c181273ba90b1	2026-09-16T02:29:41.1408280Z git version 2.55.0
generated project credential-free validation	Run actions/checkout@3d3c42e5aac5ba805825da76410c181273ba90b1	2026-09-16T02:29:41.1410870Z ##[endgroup]
generated project credential-free validation	Run actions/checkout@3d3c42e5aac5ba805825da76410c181273ba90b1	2026-09-16T02:29:41.1416410Z Copying '/Users/runner/.gitconfig' to '/Users/runner/work/_temp/fab35b79-ab40-4adb-9455-4288c3f23780/.gitconfig'
generated project credential-free validation	Run actions/checkout@3d3c42e5aac5ba805825da76410c181273ba90b1	2026-09-16T02:29:41.1417470Z Temporarily overriding HOME='/Users/runner/work/_temp/fab35b79-ab40-4adb-9455-4288c3f23780' before making global git config changes
generated project credential-free validation	Run actions/checkout@3d3c42e5aac5ba805825da76410c181273ba90b1	2026-09-16T02:29:41.1418440Z Adding repository directory to the temporary git global config as a safe directory
generated project credential-free validation	Run actions/checkout@3d3c42e5aac5ba805825da76410c181273ba90b1	2026-09-16T02:29:41.1419420Z [command]/opt/homebrew/bin/git config --global --add safe.directory /Users/runner/work/relux-tunnel/relux-tunnel/relux-tunnel
generated project credential-free validation	Run actions/checkout@3d3c42e5aac5ba805825da76410c181273ba90b1	2026-09-16T02:29:41.1521000Z ##[group]Determining repository object format
generated project credential-free validation	Run actions/checkout@3d3c42e5aac5ba805825da76410c181273ba90b1	2026-09-16T02:29:41.1522020Z ##[endgroup]
generated project credential-free validation	Run actions/checkout@3d3c42e5aac5ba805825da76410c181273ba90b1	2026-09-16T02:29:41.1522690Z ##[group]Initializing the repository
generated project credential-free validation	Run actions/checkout@3d3c42e5aac5ba805825da76410c181273ba90b1	2026-09-16T02:29:41.1525160Z [command]/opt/homebrew/bin/git init /Users/runner/work/relux-tunnel/relux-tunnel/relux-tunnel
generated project credential-free validation	Run actions/checkout@3d3c42e5aac5ba805825da76410c181273ba90b1	2026-09-16T02:29:41.1768650Z hint: Using 'master' as the name for the initial branch. This default branch name
generated project credential-free validation	Run actions/checkout@3d3c42e5aac5ba805825da76410c181273ba90b1	2026-09-16T02:29:41.1770980Z hint: will change to "main" in Git 3.0. To configure the initial branch name
generated project credential-free validation	Run actions/checkout@3d3c42e5aac5ba805825da76410c181273ba90b1	2026-09-16T02:29:41.1772900Z hint: to use in all of your new repositories, which will suppress this warning,
generated project credential-free validation	Run actions/checkout@3d3c42e5aac5ba805825da76410c181273ba90b1	2026-09-16T02:29:41.1774480Z hint: call:
generated project credential-free validation	Run actions/checkout@3d3c42e5aac5ba805825da76410c181273ba90b1	2026-09-16T02:29:41.1775350Z hint:
generated project credential-free validation	Run actions/checkout@3d3c42e5aac5ba805825da76410c181273ba90b1	2026-09-16T02:29:41.1776410Z hint: 	git config --global init.defaultBranch <name>
generated project credential-free validation	Run actions/checkout@3d3c42e5aac5ba805825da76410c181273ba90b1	2026-09-16T02:29:41.1777970Z hint:
generated project credential-free validation	Run actions/checkout@3d3c42e5aac5ba805825da76410c181273ba90b1	2026-09-16T02:29:41.1779350Z hint: Names commonly chosen instead of 'master' are 'main', 'trunk' and
generated project credential-free validation	Run actions/checkout@3d3c42e5aac5ba805825da76410c181273ba90b1	2026-09-16T02:29:41.1781300Z hint: 'development'. The just-created branch can be renamed via this command:
generated project credential-free validation	Run actions/checkout@3d3c42e5aac5ba805825da76410c181273ba90b1	2026-09-16T02:29:41.1810330Z hint:
generated project credential-free validation	Run actions/checkout@3d3c42e5aac5ba805825da76410c181273ba90b1	2026-09-16T02:29:41.1811750Z hint: 	git branch -m <name>
generated project credential-free validation	Run actions/checkout@3d3c42e5aac5ba805825da76410c181273ba90b1	2026-09-16T02:29:41.1812820Z hint:
generated project credential-free validation	Run actions/checkout@3d3c42e5aac5ba805825da76410c181273ba90b1	2026-09-16T02:29:41.1814240Z hint: Disable this message with "git config set advice.defaultBranchName false"
generated project credential-free validation	Run actions/checkout@3d3c42e5aac5ba805825da76410c181273ba90b1	2026-09-16T02:29:41.1816300Z Initialized empty Git repository in /Users/runner/work/relux-tunnel/relux-tunnel/relux-tunnel/.git/
generated project credential-free validation	Run actions/checkout@3d3c42e5aac5ba805825da76410c181273ba90b1	2026-09-16T02:29:41.1818080Z [command]/opt/homebrew/bin/git remote add origin https://github.com/relux-works/relux-tunnel
generated project credential-free validation	Run actions/checkout@3d3c42e5aac5ba805825da76410c181273ba90b1	2026-09-16T02:29:41.1872730Z ##[endgroup]
generated project credential-free validation	Run actions/checkout@3d3c42e5aac5ba805825da76410c181273ba90b1	2026-09-16T02:29:41.1873510Z ##[group]Disabling automatic garbage collection
generated project credential-free validation	Run actions/checkout@3d3c42e5aac5ba805825da76410c181273ba90b1	2026-09-16T02:29:41.1876340Z [command]/opt/homebrew/bin/git config --local gc.auto 0
generated project credential-free validation	Run actions/checkout@3d3c42e5aac5ba805825da76410c181273ba90b1	2026-09-16T02:29:41.1958810Z ##[endgroup]
generated project credential-free validation	Run actions/checkout@3d3c42e5aac5ba805825da76410c181273ba90b1	2026-09-16T02:29:41.1959470Z ##[group]Setting up auth
generated project credential-free validation	Run actions/checkout@3d3c42e5aac5ba805825da76410c181273ba90b1	2026-09-16T02:29:41.1960010Z Removing SSH command configuration
generated project credential-free validation	Run actions/checkout@3d3c42e5aac5ba805825da76410c181273ba90b1	2026-09-16T02:29:41.1961520Z [command]/opt/homebrew/bin/git config --local --name-only --get-regexp core\.sshCommand
generated project credential-free validation	Run actions/checkout@3d3c42e5aac5ba805825da76410c181273ba90b1	2026-09-16T02:29:41.2035750Z [command]/opt/homebrew/bin/git submodule foreach --recursive sh -c "git config --local --name-only --get-regexp 'core\.sshCommand' && git config --local --unset-all 'core.sshCommand' || :"
generated project credential-free validation	Run actions/checkout@3d3c42e5aac5ba805825da76410c181273ba90b1	2026-09-16T02:29:41.3333380Z Removing HTTP extra header
generated project credential-free validation	Run actions/checkout@3d3c42e5aac5ba805825da76410c181273ba90b1	2026-09-16T02:29:41.3344600Z [command]/opt/homebrew/bin/git config --local --name-only --get-regexp http\.https\:\/\/github\.com\/\.extraheader
generated project credential-free validation	Run actions/checkout@3d3c42e5aac5ba805825da76410c181273ba90b1	2026-09-16T02:29:41.3463810Z [command]/opt/homebrew/bin/git submodule foreach --recursive sh -c "git config --local --name-only --get-regexp 'http\.https\:\/\/github\.com\/\.extraheader' && git config --local --unset-all 'http.https://github.com/.extraheader' || :"
generated project credential-free validation	Run actions/checkout@3d3c42e5aac5ba805825da76410c181273ba90b1	2026-09-16T02:29:41.4445050Z Removing includeIf entries pointing to credentials config files
generated project credential-free validation	Run actions/checkout@3d3c42e5aac5ba805825da76410c181273ba90b1	2026-09-16T02:29:41.4445950Z [command]/opt/homebrew/bin/git config --local --name-only --get-regexp ^includeIf\.gitdir:
generated project credential-free validation	Run actions/checkout@3d3c42e5aac5ba805825da76410c181273ba90b1	2026-09-16T02:29:41.4520570Z [command]/opt/homebrew/bin/git submodule foreach --recursive git config --local --show-origin --name-only --get-regexp remote.origin.url
generated project credential-free validation	Run actions/checkout@3d3c42e5aac5ba805825da76410c181273ba90b1	2026-09-16T02:29:41.5689640Z [command]/opt/homebrew/bin/git config --file /Users/runner/work/_temp/git-credentials-3b045aa8-5097-4149-a64a-3c5b2d1fb3ea.config http.https://github.com/.extraheader AUTHORIZATION: basic ***
generated project credential-free validation	Run actions/checkout@3d3c42e5aac5ba805825da76410c181273ba90b1	2026-09-16T02:29:41.5811640Z [command]/opt/homebrew/bin/git config --local includeIf.gitdir:/Users/runner/work/relux-tunnel/relux-tunnel/relux-tunnel/.git.path /Users/runner/work/_temp/git-credentials-3b045aa8-5097-4149-a64a-3c5b2d1fb3ea.config
generated project credential-free validation	Run actions/checkout@3d3c42e5aac5ba805825da76410c181273ba90b1	2026-09-16T02:29:41.5925260Z [command]/opt/homebrew/bin/git config --local includeIf.gitdir:/Users/runner/work/relux-tunnel/relux-tunnel/relux-tunnel/.git/worktrees/*.path /Users/runner/work/_temp/git-credentials-3b045aa8-5097-4149-a64a-3c5b2d1fb3ea.config
generated project credential-free validation	Run actions/checkout@3d3c42e5aac5ba805825da76410c181273ba90b1	2026-09-16T02:29:41.6042470Z [command]/opt/homebrew/bin/git config --local includeIf.gitdir:/github/workspace/relux-tunnel/.git.path /github/runner_temp/git-credentials-3b045aa8-5097-4149-a64a-3c5b2d1fb3ea.config
generated project credential-free validation	Run actions/checkout@3d3c42e5aac5ba805825da76410c181273ba90b1	2026-09-16T02:29:41.6158980Z [command]/opt/homebrew/bin/git config --local includeIf.gitdir:/github/workspace/relux-tunnel/.git/worktrees/*.path /github/runner_temp/git-credentials-3b045aa8-5097-4149-a64a-3c5b2d1fb3ea.config
generated project credential-free validation	Run actions/checkout@3d3c42e5aac5ba805825da76410c181273ba90b1	2026-09-16T02:29:41.6223800Z ##[endgroup]
generated project credential-free validation	Run actions/checkout@3d3c42e5aac5ba805825da76410c181273ba90b1	2026-09-16T02:29:41.6224580Z ##[group]Fetching the repository
generated project credential-free validation	Run actions/checkout@3d3c42e5aac5ba805825da76410c181273ba90b1	2026-09-16T02:29:41.6228980Z [command]/opt/homebrew/bin/git -c protocol.version=2 fetch --no-tags --prune --no-recurse-submodules --depth=1 origin +1dcec88b5fa407cfc78280ba758b431a715ddeef:refs/remotes/pull/6/merge
generated project credential-free validation	Run actions/checkout@3d3c42e5aac5ba805825da76410c181273ba90b1	2026-09-16T02:29:53.3656660Z From https://github.com/relux-works/relux-tunnel
generated project credential-free validation	Run actions/checkout@3d3c42e5aac5ba805825da76410c181273ba90b1	2026-09-16T02:29:53.3659820Z  * [new ref]         1dcec88b5fa407cfc78280ba758b431a715ddeef -> pull/6/merge
generated project credential-free validation	Run actions/checkout@3d3c42e5aac5ba805825da76410c181273ba90b1	2026-09-16T02:29:53.3668140Z ##[endgroup]
generated project credential-free validation	Run actions/checkout@3d3c42e5aac5ba805825da76410c181273ba90b1	2026-09-16T02:29:53.3669980Z ##[group]Determining the checkout info
generated project credential-free validation	Run actions/checkout@3d3c42e5aac5ba805825da76410c181273ba90b1	2026-09-16T02:29:53.3671880Z ##[endgroup]
generated project credential-free validation	Run actions/checkout@3d3c42e5aac5ba805825da76410c181273ba90b1	2026-09-16T02:29:53.3676210Z [command]/opt/homebrew/bin/git sparse-checkout disable
generated project credential-free validation	Run actions/checkout@3d3c42e5aac5ba805825da76410c181273ba90b1	2026-09-16T02:29:53.3798520Z [command]/opt/homebrew/bin/git config --local --unset-all extensions.worktreeConfig
generated project credential-free validation	Run actions/checkout@3d3c42e5aac5ba805825da76410c181273ba90b1	2026-09-16T02:29:53.3902220Z ##[group]Checking out the ref
generated project credential-free validation	Run actions/checkout@3d3c42e5aac5ba805825da76410c181273ba90b1	2026-09-16T02:29:53.3905500Z [command]/opt/homebrew/bin/git checkout --progress --force refs/remotes/pull/6/merge
generated project credential-free validation	Run actions/checkout@3d3c42e5aac5ba805825da76410c181273ba90b1	2026-09-16T02:29:54.4507170Z Updating files:  26% (895/3422)
generated project credential-free validation	Run actions/checkout@3d3c42e5aac5ba805825da76410c181273ba90b1	2026-09-16T02:29:54.4697400Z Updating files:  27% (924/3422)
generated project credential-free validation	Run actions/checkout@3d3c42e5aac5ba805825da76410c181273ba90b1	2026-09-16T02:29:54.5065940Z Updating files:  28% (959/3422)
generated project credential-free validation	Run actions/checkout@3d3c42e5aac5ba805825da76410c181273ba90b1	2026-09-16T02:29:54.5833240Z Updating files:  29% (993/3422)
generated project credential-free validation	Run actions/checkout@3d3c42e5aac5ba805825da76410c181273ba90b1	2026-09-16T02:29:54.6064420Z Updating files:  30% (1027/3422)
generated project credential-free validation	Run actions/checkout@3d3c42e5aac5ba805825da76410c181273ba90b1	2026-09-16T02:29:54.6533310Z Updating files:  31% (1061/3422)
generated project credential-free validation	Run actions/checkout@3d3c42e5aac5ba805825da76410c181273ba90b1	2026-09-16T02:29:54.6890020Z Updating files:  32% (1096/3422)
generated project credential-free validation	Run actions/checkout@3d3c42e5aac5ba805825da76410c181273ba90b1	2026-09-16T02:29:54.7895460Z Updating files:  33% (1130/3422)
generated project credential-free validation	Run actions/checkout@3d3c42e5aac5ba805825da76410c181273ba90b1	2026-09-16T02:29:54.8972760Z Updating files:  34% (1164/3422)
generated project credential-free validation	Run actions/checkout@3d3c42e5aac5ba805825da76410c181273ba90b1	2026-09-16T02:29:54.9108610Z Updating files:  35% (1198/3422)
generated project credential-free validation	Run actions/checkout@3d3c42e5aac5ba805825da76410c181273ba90b1	2026-09-16T02:29:54.9252650Z Updating files:  36% (1232/3422)
generated project credential-free validation	Run actions/checkout@3d3c42e5aac5ba805825da76410c181273ba90b1	2026-09-16T02:29:54.9445110Z Updating files:  37% (1267/3422)
generated project credential-free validation	Run actions/checkout@3d3c42e5aac5ba805825da76410c181273ba90b1	2026-09-16T02:29:54.9733260Z Updating files:  38% (1301/3422)
generated project credential-free validation	Run actions/checkout@3d3c42e5aac5ba805825da76410c181273ba90b1	2026-09-16T02:29:54.9811910Z Updating files:  39% (1335/3422)
generated project credential-free validation	Run actions/checkout@3d3c42e5aac5ba805825da76410c181273ba90b1	2026-09-16T02:29:55.0566280Z Updating files:  40% (1369/3422)
generated project credential-free validation	Run actions/checkout@3d3c42e5aac5ba805825da76410c181273ba90b1	2026-09-16T02:29:55.0976670Z Updating files:  41% (1404/3422)
generated project credential-free validation	Run actions/checkout@3d3c42e5aac5ba805825da76410c181273ba90b1	2026-09-16T02:29:55.1398760Z Updating files:  42% (1438/3422)
generated project credential-free validation	Run actions/checkout@3d3c42e5aac5ba805825da76410c181273ba90b1	2026-09-16T02:29:55.1662300Z Updating files:  43% (1472/3422)
generated project credential-free validation	Run actions/checkout@3d3c42e5aac5ba805825da76410c181273ba90b1	2026-09-16T02:29:55.2113790Z Updating files:  44% (1506/3422)
generated project credential-free validation	Run actions/checkout@3d3c42e5aac5ba805825da76410c181273ba90b1	2026-09-16T02:29:55.2251660Z Updating files:  45% (1540/3422)
generated project credential-free validation	Run actions/checkout@3d3c42e5aac5ba805825da76410c181273ba90b1	2026-09-16T02:29:55.2482460Z Updating files:  46% (1575/3422)
generated project credential-free validation	Run actions/checkout@3d3c42e5aac5ba805825da76410c181273ba90b1	2026-09-16T02:29:55.2682010Z Updating files:  47% (1609/3422)
generated project credential-free validation	Run actions/checkout@3d3c42e5aac5ba805825da76410c181273ba90b1	2026-09-16T02:29:55.2727710Z Updating files:  48% (1643/3422)
generated project credential-free validation	Run actions/checkout@3d3c42e5aac5ba805825da76410c181273ba90b1	2026-09-16T02:29:55.3102710Z Updating files:  49% (1677/3422)
generated project credential-free validation	Run actions/checkout@3d3c42e5aac5ba805825da76410c181273ba90b1	2026-09-16T02:29:55.3138500Z Updating files:  50% (1711/3422)
generated project credential-free validation	Run actions/checkout@3d3c42e5aac5ba805825da76410c181273ba90b1	2026-09-16T02:29:55.3178800Z Updating files:  51% (1746/3422)
generated project credential-free validation	Run actions/checkout@3d3c42e5aac5ba805825da76410c181273ba90b1	2026-09-16T02:29:55.3572400Z Updating files:  52% (1780/3422)
generated project credential-free validation	Run actions/checkout@3d3c42e5aac5ba805825da76410c181273ba90b1	2026-09-16T02:29:55.3935910Z Updating files:  53% (1814/3422)
generated project credential-free validation	Run actions/checkout@3d3c42e5aac5ba805825da76410c181273ba90b1	2026-09-16T02:29:55.3978510Z Updating files:  54% (1848/3422)
generated project credential-free validation	Run actions/checkout@3d3c42e5aac5ba805825da76410c181273ba90b1	2026-09-16T02:29:55.4081520Z Updating files:  55% (1883/3422)
generated project credential-free validation	Run actions/checkout@3d3c42e5aac5ba805825da76410c181273ba90b1	2026-09-16T02:29:55.4095890Z Updating files:  55% (1913/3422)
generated project credential-free validation	Run actions/checkout@3d3c42e5aac5ba805825da76410c181273ba90b1	2026-09-16T02:29:55.4992040Z Updating files:  56% (1917/3422)
generated project credential-free validation	Run actions/checkout@3d3c42e5aac5ba805825da76410c181273ba90b1	2026-09-16T02:29:55.5476820Z Updating files:  57% (1951/3422)
generated project credential-free validation	Run actions/checkout@3d3c42e5aac5ba805825da76410c181273ba90b1	2026-09-16T02:29:55.5516180Z Updating files:  58% (1985/3422)
generated project credential-free validation	Run actions/checkout@3d3c42e5aac5ba805825da76410c181273ba90b1	2026-09-16T02:29:55.5680940Z Updating files:  59% (2019/3422)
generated project credential-free validation	Run actions/checkout@3d3c42e5aac5ba805825da76410c181273ba90b1	2026-09-16T02:29:55.5725310Z Updating files:  60% (2054/3422)
generated project credential-free validation	Run actions/checkout@3d3c42e5aac5ba805825da76410c181273ba90b1	2026-09-16T02:29:55.5754070Z Updating files:  61% (2088/3422)
generated project credential-free validation	Run actions/checkout@3d3c42e5aac5ba805825da76410c181273ba90b1	2026-09-16T02:29:55.5789430Z Updating files:  62% (2122/3422)
generated project credential-free validation	Run actions/checkout@3d3c42e5aac5ba805825da76410c181273ba90b1	2026-09-16T02:29:55.5828660Z Updating files:  63% (2156/3422)
generated project credential-free validation	Run actions/checkout@3d3c42e5aac5ba805825da76410c181273ba90b1	2026-09-16T02:29:55.6199220Z Updating files:  64% (2191/3422)
generated project credential-free validation	Run actions/checkout@3d3c42e5aac5ba805825da76410c181273ba90b1	2026-09-16T02:29:55.6234050Z Updating files:  65% (2225/3422)
generated project credential-free validation	Run actions/checkout@3d3c42e5aac5ba805825da76410c181273ba90b1	2026-09-16T02:29:55.6277390Z Updating files:  66% (2259/3422)
generated project credential-free validation	Run actions/checkout@3d3c42e5aac5ba805825da76410c181273ba90b1	2026-09-16T02:29:55.6310860Z Updating files:  67% (2293/3422)
generated project credential-free validation	Run actions/checkout@3d3c42e5aac5ba805825da76410c181273ba90b1	2026-09-16T02:29:55.6346630Z Updating files:  68% (2327/3422)
generated project credential-free validation	Run actions/checkout@3d3c42e5aac5ba805825da76410c181273ba90b1	2026-09-16T02:29:55.6402740Z Updating files:  69% (2362/3422)
generated project credential-free validation	Run actions/checkout@3d3c42e5aac5ba805825da76410c181273ba90b1	2026-09-16T02:29:55.6800400Z Updating files:  70% (2396/3422)
generated project credential-free validation	Run actions/checkout@3d3c42e5aac5ba805825da76410c181273ba90b1	2026-09-16T02:29:55.6842060Z Updating files:  71% (2430/3422)
generated project credential-free validation	Run actions/checkout@3d3c42e5aac5ba805825da76410c181273ba90b1	2026-09-16T02:29:55.6897950Z Updating files:  72% (2464/3422)
generated project credential-free validation	Run actions/checkout@3d3c42e5aac5ba805825da76410c181273ba90b1	2026-09-16T02:29:55.6963050Z Updating files:  73% (2499/3422)
generated project credential-free validation	Run actions/checkout@3d3c42e5aac5ba805825da76410c181273ba90b1	2026-09-16T02:29:55.7012530Z Updating files:  74% (2533/3422)
generated project credential-free validation	Run actions/checkout@3d3c42e5aac5ba805825da76410c181273ba90b1	2026-09-16T02:29:55.7429540Z Updating files:  75% (2567/3422)
generated project credential-free validation	Run actions/checkout@3d3c42e5aac5ba805825da76410c181273ba90b1	2026-09-16T02:29:55.7467170Z Updating files:  76% (2601/3422)
generated project credential-free validation	Run actions/checkout@3d3c42e5aac5ba805825da76410c181273ba90b1	2026-09-16T02:29:55.7520370Z Updating files:  77% (2635/3422)
generated project credential-free validation	Run actions/checkout@3d3c42e5aac5ba805825da76410c181273ba90b1	2026-09-16T02:29:55.7749120Z Updating files:  78% (2670/3422)
generated project credential-free validation	Run actions/checkout@3d3c42e5aac5ba805825da76410c181273ba90b1	2026-09-16T02:29:55.7861910Z Updating files:  79% (2704/3422)
generated project credential-free validation	Run actions/checkout@3d3c42e5aac5ba805825da76410c181273ba90b1	2026-09-16T02:29:55.7925580Z Updating files:  80% (2738/3422)
generated project credential-free validation	Run actions/checkout@3d3c42e5aac5ba805825da76410c181273ba90b1	2026-09-16T02:29:55.8292460Z Updating files:  81% (2772/3422)
generated project credential-free validation	Run actions/checkout@3d3c42e5aac5ba805825da76410c181273ba90b1	2026-09-16T02:29:55.8340070Z Updating files:  82% (2807/3422)
generated project credential-free validation	Run actions/checkout@3d3c42e5aac5ba805825da76410c181273ba90b1	2026-09-16T02:29:55.8396350Z Updating files:  83% (2841/3422)
generated project credential-free validation	Run actions/checkout@3d3c42e5aac5ba805825da76410c181273ba90b1	2026-09-16T02:29:55.8427990Z Updating files:  84% (2875/3422)
generated project credential-free validation	Run actions/checkout@3d3c42e5aac5ba805825da76410c181273ba90b1	2026-09-16T02:29:55.8461560Z Updating files:  85% (2909/3422)
generated project credential-free validation	Run actions/checkout@3d3c42e5aac5ba805825da76410c181273ba90b1	2026-09-16T02:29:55.8512970Z Updating files:  86% (2943/3422)
generated project credential-free validation	Run actions/checkout@3d3c42e5aac5ba805825da76410c181273ba90b1	2026-09-16T02:29:55.8636060Z Updating files:  87% (2978/3422)
generated project credential-free validation	Run actions/checkout@3d3c42e5aac5ba805825da76410c181273ba90b1	2026-09-16T02:29:55.9024210Z Updating files:  88% (3012/3422)
generated project credential-free validation	Run actions/checkout@3d3c42e5aac5ba805825da76410c181273ba90b1	2026-09-16T02:29:55.9217950Z Updating files:  89% (3046/3422)
generated project credential-free validation	Run actions/checkout@3d3c42e5aac5ba805825da76410c181273ba90b1	2026-09-16T02:29:56.0637740Z Updating files:  90% (3080/3422)
generated project credential-free validation	Run actions/checkout@3d3c42e5aac5ba805825da76410c181273ba90b1	2026-09-16T02:29:56.0771820Z Updating files:  91% (3115/3422)
generated project credential-free validation	Run actions/checkout@3d3c42e5aac5ba805825da76410c181273ba90b1	2026-09-16T02:29:56.0838370Z Updating files:  92% (3149/3422)
generated project credential-free validation	Run actions/checkout@3d3c42e5aac5ba805825da76410c181273ba90b1	2026-09-16T02:29:56.0901620Z Updating files:  93% (3183/3422)
generated project credential-free validation	Run actions/checkout@3d3c42e5aac5ba805825da76410c181273ba90b1	2026-09-16T02:29:56.1249990Z Updating files:  94% (3217/3422)
generated project credential-free validation	Run actions/checkout@3d3c42e5aac5ba805825da76410c181273ba90b1	2026-09-16T02:29:56.1320340Z Updating files:  95% (3251/3422)
generated project credential-free validation	Run actions/checkout@3d3c42e5aac5ba805825da76410c181273ba90b1	2026-09-16T02:29:56.1381700Z Updating files:  96% (3286/3422)
generated project credential-free validation	Run actions/checkout@3d3c42e5aac5ba805825da76410c181273ba90b1	2026-09-16T02:29:56.1431920Z Updating files:  97% (3320/3422)
generated project credential-free validation	Run actions/checkout@3d3c42e5aac5ba805825da76410c181273ba90b1	2026-09-16T02:29:56.1483480Z Updating files:  98% (3354/3422)
generated project credential-free validation	Run actions/checkout@3d3c42e5aac5ba805825da76410c181273ba90b1	2026-09-16T02:29:56.1526100Z Updating files:  99% (3388/3422)
generated project credential-free validation	Run actions/checkout@3d3c42e5aac5ba805825da76410c181273ba90b1	2026-09-16T02:29:56.1526670Z Updating files: 100% (3422/3422)
generated project credential-free validation	Run actions/checkout@3d3c42e5aac5ba805825da76410c181273ba90b1	2026-09-16T02:29:56.1527190Z Updating files: 100% (3422/3422), done.
generated project credential-free validation	Run actions/checkout@3d3c42e5aac5ba805825da76410c181273ba90b1	2026-09-16T02:29:56.1589170Z HEAD is now at 1dcec88 Merge a46e2ba351a81e42f2907805b4cda2c313af7bd1 into b3422b05226253a17676b9b84c764071fe3dbe74
generated project credential-free validation	Run actions/checkout@3d3c42e5aac5ba805825da76410c181273ba90b1	2026-09-16T02:29:56.1665450Z ##[endgroup]
generated project credential-free validation	Run actions/checkout@3d3c42e5aac5ba805825da76410c181273ba90b1	2026-09-16T02:29:56.1799450Z [command]/opt/homebrew/bin/git log -1 --format=%H
generated project credential-free validation	Run actions/checkout@3d3c42e5aac5ba805825da76410c181273ba90b1	2026-09-16T02:29:56.1874950Z 1dcec88b5fa407cfc78280ba758b431a715ddeef
generated project credential-free validation	Run actions/checkout@3d3c42e5aac5ba805825da76410c181273ba90b1	2026-09-16T02:29:56.1890240Z ##[group]Removing auth
generated project credential-free validation	Run actions/checkout@3d3c42e5aac5ba805825da76410c181273ba90b1	2026-09-16T02:29:56.1891010Z Removing SSH command configuration
generated project credential-free validation	Run actions/checkout@3d3c42e5aac5ba805825da76410c181273ba90b1	2026-09-16T02:29:56.1894370Z [command]/opt/homebrew/bin/git config --local --name-only --get-regexp core\.sshCommand
generated project credential-free validation	Run actions/checkout@3d3c42e5aac5ba805825da76410c181273ba90b1	2026-09-16T02:29:56.1990570Z [command]/opt/homebrew/bin/git submodule foreach --recursive sh -c "git config --local --name-only --get-regexp 'core\.sshCommand' && git config --local --unset-all 'core.sshCommand' || :"
generated project credential-free validation	Run actions/checkout@3d3c42e5aac5ba805825da76410c181273ba90b1	2026-09-16T02:29:56.3105050Z Removing HTTP extra header
generated project credential-free validation	Run actions/checkout@3d3c42e5aac5ba805825da76410c181273ba90b1	2026-09-16T02:29:56.3106830Z [command]/opt/homebrew/bin/git config --local --name-only --get-regexp http\.https\:\/\/github\.com\/\.extraheader
generated project credential-free validation	Run actions/checkout@3d3c42e5aac5ba805825da76410c181273ba90b1	2026-09-16T02:29:56.3183680Z [command]/opt/homebrew/bin/git submodule foreach --recursive sh -c "git config --local --name-only --get-regexp 'http\.https\:\/\/github\.com\/\.extraheader' && git config --local --unset-all 'http.https://github.com/.extraheader' || :"
generated project credential-free validation	Run actions/checkout@3d3c42e5aac5ba805825da76410c181273ba90b1	2026-09-16T02:29:56.4054720Z Removing includeIf entries pointing to credentials config files
generated project credential-free validation	Run actions/checkout@3d3c42e5aac5ba805825da76410c181273ba90b1	2026-09-16T02:29:56.4058860Z [command]/opt/homebrew/bin/git config --local --name-only --get-regexp ^includeIf\.gitdir:
generated project credential-free validation	Run actions/checkout@3d3c42e5aac5ba805825da76410c181273ba90b1	2026-09-16T02:29:56.4121880Z includeif.gitdir:/Users/runner/work/relux-tunnel/relux-tunnel/relux-tunnel/.git.path
generated project credential-free validation	Run actions/checkout@3d3c42e5aac5ba805825da76410c181273ba90b1	2026-09-16T02:29:56.4123370Z includeif.gitdir:/Users/runner/work/relux-tunnel/relux-tunnel/relux-tunnel/.git/worktrees/*.path
generated project credential-free validation	Run actions/checkout@3d3c42e5aac5ba805825da76410c181273ba90b1	2026-09-16T02:29:56.4124840Z includeif.gitdir:/github/workspace/relux-tunnel/.git.path
generated project credential-free validation	Run actions/checkout@3d3c42e5aac5ba805825da76410c181273ba90b1	2026-09-16T02:29:56.4125820Z includeif.gitdir:/github/workspace/relux-tunnel/.git/worktrees/*.path
generated project credential-free validation	Run actions/checkout@3d3c42e5aac5ba805825da76410c181273ba90b1	2026-09-16T02:29:56.4129000Z [command]/opt/homebrew/bin/git config --local --get-all includeif.gitdir:/Users/runner/work/relux-tunnel/relux-tunnel/relux-tunnel/.git.path
generated project credential-free validation	Run actions/checkout@3d3c42e5aac5ba805825da76410c181273ba90b1	2026-09-16T02:29:56.4200820Z /Users/runner/work/_temp/git-credentials-3b045aa8-5097-4149-a64a-3c5b2d1fb3ea.config
generated project credential-free validation	Run actions/checkout@3d3c42e5aac5ba805825da76410c181273ba90b1	2026-09-16T02:29:56.4208210Z [command]/opt/homebrew/bin/git config --local --unset includeif.gitdir:/Users/runner/work/relux-tunnel/relux-tunnel/relux-tunnel/.git.path \/Users\/runner\/work\/_temp\/git\-credentials\-3b045aa8\-5097\-4149\-a64a\-3c5b2d1fb3ea\.config
generated project credential-free validation	Run actions/checkout@3d3c42e5aac5ba805825da76410c181273ba90b1	2026-09-16T02:29:56.4304320Z [command]/opt/homebrew/bin/git config --local --get-all includeif.gitdir:/Users/runner/work/relux-tunnel/relux-tunnel/relux-tunnel/.git/worktrees/*.path
generated project credential-free validation	Run actions/checkout@3d3c42e5aac5ba805825da76410c181273ba90b1	2026-09-16T02:29:56.4363900Z /Users/runner/work/_temp/git-credentials-3b045aa8-5097-4149-a64a-3c5b2d1fb3ea.config
generated project credential-free validation	Run actions/checkout@3d3c42e5aac5ba805825da76410c181273ba90b1	2026-09-16T02:29:56.4374230Z [command]/opt/homebrew/bin/git config --local --unset includeif.gitdir:/Users/runner/work/relux-tunnel/relux-tunnel/relux-tunnel/.git/worktrees/*.path \/Users\/runner\/work\/_temp\/git\-credentials\-3b045aa8\-5097\-4149\-a64a\-3c5b2d1fb3ea\.config
generated project credential-free validation	Run actions/checkout@3d3c42e5aac5ba805825da76410c181273ba90b1	2026-09-16T02:29:56.4446570Z [command]/opt/homebrew/bin/git config --local --get-all includeif.gitdir:/github/workspace/relux-tunnel/.git.path
generated project credential-free validation	Run actions/checkout@3d3c42e5aac5ba805825da76410c181273ba90b1	2026-09-16T02:29:56.4511070Z /github/runner_temp/git-credentials-3b045aa8-5097-4149-a64a-3c5b2d1fb3ea.config
generated project credential-free validation	Run actions/checkout@3d3c42e5aac5ba805825da76410c181273ba90b1	2026-09-16T02:29:56.4522490Z [command]/opt/homebrew/bin/git config --local --unset includeif.gitdir:/github/workspace/relux-tunnel/.git.path \/github\/runner_temp\/git\-credentials\-3b045aa8\-5097\-4149\-a64a\-3c5b2d1fb3ea\.config
generated project credential-free validation	Run actions/checkout@3d3c42e5aac5ba805825da76410c181273ba90b1	2026-09-16T02:29:56.4598410Z [command]/opt/homebrew/bin/git config --local --get-all includeif.gitdir:/github/workspace/relux-tunnel/.git/worktrees/*.path
generated project credential-free validation	Run actions/checkout@3d3c42e5aac5ba805825da76410c181273ba90b1	2026-09-16T02:29:56.4664810Z /github/runner_temp/git-credentials-3b045aa8-5097-4149-a64a-3c5b2d1fb3ea.config
generated project credential-free validation	Run actions/checkout@3d3c42e5aac5ba805825da76410c181273ba90b1	2026-09-16T02:29:56.4670690Z [command]/opt/homebrew/bin/git config --local --unset includeif.gitdir:/github/workspace/relux-tunnel/.git/worktrees/*.path \/github\/runner_temp\/git\-credentials\-3b045aa8\-5097\-4149\-a64a\-3c5b2d1fb3ea\.config
generated project credential-free validation	Run actions/checkout@3d3c42e5aac5ba805825da76410c181273ba90b1	2026-09-16T02:29:56.4759860Z [command]/opt/homebrew/bin/git submodule foreach --recursive git config --local --show-origin --name-only --get-regexp remote.origin.url
generated project credential-free validation	Run actions/checkout@3d3c42e5aac5ba805825da76410c181273ba90b1	2026-09-16T02:29:56.5776670Z Removing credentials config '/Users/runner/work/_temp/git-credentials-3b045aa8-5097-4149-a64a-3c5b2d1fb3ea.config'
generated project credential-free validation	Run actions/checkout@3d3c42e5aac5ba805825da76410c181273ba90b1	2026-09-16T02:29:56.5786050Z ##[endgroup]
generated project credential-free validation	Run actions/checkout@3d3c42e5aac5ba805825da76410c181273ba90b1	﻿2026-09-16T02:29:56.6181600Z ##[group]Run actions/checkout@3d3c42e5aac5ba805825da76410c181273ba90b1
generated project credential-free validation	Run actions/checkout@3d3c42e5aac5ba805825da76410c181273ba90b1	2026-09-16T02:29:56.6181930Z with:
generated project credential-free validation	Run actions/checkout@3d3c42e5aac5ba805825da76410c181273ba90b1	2026-09-16T02:29:56.6182080Z   repository: relux-works/relux-proxy
generated project credential-free validation	Run actions/checkout@3d3c42e5aac5ba805825da76410c181273ba90b1	2026-09-16T02:29:56.6182310Z   ref: 2557aba1c030d0643d76e0bc3b185f6d5fd172e1
generated project credential-free validation	Run actions/checkout@3d3c42e5aac5ba805825da76410c181273ba90b1	2026-09-16T02:29:56.6182520Z   fetch-depth: 0
generated project credential-free validation	Run actions/checkout@3d3c42e5aac5ba805825da76410c181273ba90b1	2026-09-16T02:29:56.6182680Z   persist-credentials: false
generated project credential-free validation	Run actions/checkout@3d3c42e5aac5ba805825da76410c181273ba90b1	2026-09-16T02:29:56.6182860Z   path: relux-proxy
generated project credential-free validation	Run actions/checkout@3d3c42e5aac5ba805825da76410c181273ba90b1	2026-09-16T02:29:56.6184710Z   token: ***
generated project credential-free validation	Run actions/checkout@3d3c42e5aac5ba805825da76410c181273ba90b1	2026-09-16T02:29:56.6184850Z   ssh-strict: true
generated project credential-free validation	Run actions/checkout@3d3c42e5aac5ba805825da76410c181273ba90b1	2026-09-16T02:29:56.6184980Z   ssh-user: git
generated project credential-free validation	Run actions/checkout@3d3c42e5aac5ba805825da76410c181273ba90b1	2026-09-16T02:29:56.6185120Z   clean: true
generated project credential-free validation	Run actions/checkout@3d3c42e5aac5ba805825da76410c181273ba90b1	2026-09-16T02:29:56.6185270Z   sparse-checkout-cone-mode: true
generated project credential-free validation	Run actions/checkout@3d3c42e5aac5ba805825da76410c181273ba90b1	2026-09-16T02:29:56.6185450Z   fetch-tags: false
generated project credential-free validation	Run actions/checkout@3d3c42e5aac5ba805825da76410c181273ba90b1	2026-09-16T02:29:56.6185610Z   show-progress: true
generated project credential-free validation	Run actions/checkout@3d3c42e5aac5ba805825da76410c181273ba90b1	2026-09-16T02:29:56.6185750Z   lfs: false
generated project credential-free validation	Run actions/checkout@3d3c42e5aac5ba805825da76410c181273ba90b1	2026-09-16T02:29:56.6185890Z   submodules: false
generated project credential-free validation	Run actions/checkout@3d3c42e5aac5ba805825da76410c181273ba90b1	2026-09-16T02:29:56.6186040Z   set-safe-directory: true
generated project credential-free validation	Run actions/checkout@3d3c42e5aac5ba805825da76410c181273ba90b1	2026-09-16T02:29:56.6186240Z   allow-unsafe-pr-checkout: false
generated project credential-free validation	Run actions/checkout@3d3c42e5aac5ba805825da76410c181273ba90b1	2026-09-16T02:29:56.6186450Z ##[endgroup]
generated project credential-free validation	Run actions/checkout@3d3c42e5aac5ba805825da76410c181273ba90b1	2026-09-16T02:29:56.7522360Z Syncing repository: relux-works/relux-proxy
generated project credential-free validation	Run actions/checkout@3d3c42e5aac5ba805825da76410c181273ba90b1	2026-09-16T02:29:56.7532270Z ##[group]Getting Git version info
generated project credential-free validation	Run actions/checkout@3d3c42e5aac5ba805825da76410c181273ba90b1	2026-09-16T02:29:56.7534460Z Working directory is '/Users/runner/work/relux-tunnel/relux-tunnel/relux-proxy'
generated project credential-free validation	Run actions/checkout@3d3c42e5aac5ba805825da76410c181273ba90b1	2026-09-16T02:29:56.7568680Z [command]/opt/homebrew/bin/git version
generated project credential-free validation	Run actions/checkout@3d3c42e5aac5ba805825da76410c181273ba90b1	2026-09-16T02:29:56.7657630Z git version 2.55.0
generated project credential-free validation	Run actions/checkout@3d3c42e5aac5ba805825da76410c181273ba90b1	2026-09-16T02:29:56.7671710Z ##[endgroup]
generated project credential-free validation	Run actions/checkout@3d3c42e5aac5ba805825da76410c181273ba90b1	2026-09-16T02:29:56.7675430Z Copying '/Users/runner/.gitconfig' to '/Users/runner/work/_temp/8791494f-7df4-4897-b843-9f893993f02c/.gitconfig'
generated project credential-free validation	Run actions/checkout@3d3c42e5aac5ba805825da76410c181273ba90b1	2026-09-16T02:29:56.7686490Z Temporarily overriding HOME='/Users/runner/work/_temp/8791494f-7df4-4897-b843-9f893993f02c' before making global git config changes
generated project credential-free validation	Run actions/checkout@3d3c42e5aac5ba805825da76410c181273ba90b1	2026-09-16T02:29:56.7688390Z Adding repository directory to the temporary git global config as a safe directory
generated project credential-free validation	Run actions/checkout@3d3c42e5aac5ba805825da76410c181273ba90b1	2026-09-16T02:29:56.7690050Z [command]/opt/homebrew/bin/git config --global --add safe.directory /Users/runner/work/relux-tunnel/relux-tunnel/relux-proxy
generated project credential-free validation	Run actions/checkout@3d3c42e5aac5ba805825da76410c181273ba90b1	2026-09-16T02:29:56.7772160Z ##[group]Determining repository object format
generated project credential-free validation	Run actions/checkout@3d3c42e5aac5ba805825da76410c181273ba90b1	2026-09-16T02:29:56.7774850Z ##[endgroup]
generated project credential-free validation	Run actions/checkout@3d3c42e5aac5ba805825da76410c181273ba90b1	2026-09-16T02:29:56.7775520Z ##[group]Initializing the repository
generated project credential-free validation	Run actions/checkout@3d3c42e5aac5ba805825da76410c181273ba90b1	2026-09-16T02:29:56.7782340Z [command]/opt/homebrew/bin/git init /Users/runner/work/relux-tunnel/relux-tunnel/relux-proxy
generated project credential-free validation	Run actions/checkout@3d3c42e5aac5ba805825da76410c181273ba90b1	2026-09-16T02:29:56.7967430Z hint: Using 'master' as the name for the initial branch. This default branch name
generated project credential-free validation	Run actions/checkout@3d3c42e5aac5ba805825da76410c181273ba90b1	2026-09-16T02:29:56.7968830Z hint: will change to "main" in Git 3.0. To configure the initial branch name
generated project credential-free validation	Run actions/checkout@3d3c42e5aac5ba805825da76410c181273ba90b1	2026-09-16T02:29:56.7969970Z hint: to use in all of your new repositories, which will suppress this warning,
generated project credential-free validation	Run actions/checkout@3d3c42e5aac5ba805825da76410c181273ba90b1	2026-09-16T02:29:56.7970860Z hint: call:
generated project credential-free validation	Run actions/checkout@3d3c42e5aac5ba805825da76410c181273ba90b1	2026-09-16T02:29:56.7971250Z hint:
generated project credential-free validation	Run actions/checkout@3d3c42e5aac5ba805825da76410c181273ba90b1	2026-09-16T02:29:56.7971810Z hint: 	git config --global init.defaultBranch <name>
generated project credential-free validation	Run actions/checkout@3d3c42e5aac5ba805825da76410c181273ba90b1	2026-09-16T02:29:56.7972480Z hint:
generated project credential-free validation	Run actions/checkout@3d3c42e5aac5ba805825da76410c181273ba90b1	2026-09-16T02:29:56.7973160Z hint: Names commonly chosen instead of 'master' are 'main', 'trunk' and
generated project credential-free validation	Run actions/checkout@3d3c42e5aac5ba805825da76410c181273ba90b1	2026-09-16T02:29:56.7974510Z hint: 'development'. The just-created branch can be renamed via this command:
generated project credential-free validation	Run actions/checkout@3d3c42e5aac5ba805825da76410c181273ba90b1	2026-09-16T02:29:56.7975450Z hint:
generated project credential-free validation	Run actions/checkout@3d3c42e5aac5ba805825da76410c181273ba90b1	2026-09-16T02:29:56.7975890Z hint: 	git branch -m <name>
generated project credential-free validation	Run actions/checkout@3d3c42e5aac5ba805825da76410c181273ba90b1	2026-09-16T02:29:56.7976410Z hint:
generated project credential-free validation	Run actions/checkout@3d3c42e5aac5ba805825da76410c181273ba90b1	2026-09-16T02:29:56.7977090Z hint: Disable this message with "git config set advice.defaultBranchName false"
generated project credential-free validation	Run actions/checkout@3d3c42e5aac5ba805825da76410c181273ba90b1	2026-09-16T02:29:56.7978690Z Initialized empty Git repository in /Users/runner/work/relux-tunnel/relux-tunnel/relux-proxy/.git/
generated project credential-free validation	Run actions/checkout@3d3c42e5aac5ba805825da76410c181273ba90b1	2026-09-16T02:29:56.7981450Z [command]/opt/homebrew/bin/git remote add origin https://github.com/relux-works/relux-proxy
generated project credential-free validation	Run actions/checkout@3d3c42e5aac5ba805825da76410c181273ba90b1	2026-09-16T02:29:56.8062580Z ##[endgroup]
generated project credential-free validation	Run actions/checkout@3d3c42e5aac5ba805825da76410c181273ba90b1	2026-09-16T02:29:56.8062970Z ##[group]Disabling automatic garbage collection
generated project credential-free validation	Run actions/checkout@3d3c42e5aac5ba805825da76410c181273ba90b1	2026-09-16T02:29:56.8067190Z [command]/opt/homebrew/bin/git config --local gc.auto 0
generated project credential-free validation	Run actions/checkout@3d3c42e5aac5ba805825da76410c181273ba90b1	2026-09-16T02:29:56.8149350Z ##[endgroup]
generated project credential-free validation	Run actions/checkout@3d3c42e5aac5ba805825da76410c181273ba90b1	2026-09-16T02:29:56.8150200Z ##[group]Setting up auth
generated project credential-free validation	Run actions/checkout@3d3c42e5aac5ba805825da76410c181273ba90b1	2026-09-16T02:29:56.8150800Z Removing SSH command configuration
generated project credential-free validation	Run actions/checkout@3d3c42e5aac5ba805825da76410c181273ba90b1	2026-09-16T02:29:56.8155310Z [command]/opt/homebrew/bin/git config --local --name-only --get-regexp core\.sshCommand
generated project credential-free validation	Run actions/checkout@3d3c42e5aac5ba805825da76410c181273ba90b1	2026-09-16T02:29:56.8235430Z [command]/opt/homebrew/bin/git submodule foreach --recursive sh -c "git config --local --name-only --get-regexp 'core\.sshCommand' && git config --local --unset-all 'core.sshCommand' || :"
generated project credential-free validation	Run actions/checkout@3d3c42e5aac5ba805825da76410c181273ba90b1	2026-09-16T02:29:56.9231140Z Removing HTTP extra header
generated project credential-free validation	Run actions/checkout@3d3c42e5aac5ba805825da76410c181273ba90b1	2026-09-16T02:29:56.9236990Z [command]/opt/homebrew/bin/git config --local --name-only --get-regexp http\.https\:\/\/github\.com\/\.extraheader
generated project credential-free validation	Run actions/checkout@3d3c42e5aac5ba805825da76410c181273ba90b1	2026-09-16T02:29:56.9321040Z [command]/opt/homebrew/bin/git submodule foreach --recursive sh -c "git config --local --name-only --get-regexp 'http\.https\:\/\/github\.com\/\.extraheader' && git config --local --unset-all 'http.https://github.com/.extraheader' || :"
generated project credential-free validation	Run actions/checkout@3d3c42e5aac5ba805825da76410c181273ba90b1	2026-09-16T02:29:57.0594440Z Removing includeIf entries pointing to credentials config files
generated project credential-free validation	Run actions/checkout@3d3c42e5aac5ba805825da76410c181273ba90b1	2026-09-16T02:29:57.0696370Z [command]/opt/homebrew/bin/git config --local --name-only --get-regexp ^includeIf\.gitdir:
generated project credential-free validation	Run actions/checkout@3d3c42e5aac5ba805825da76410c181273ba90b1	2026-09-16T02:29:57.1005900Z [command]/opt/homebrew/bin/git submodule foreach --recursive git config --local --show-origin --name-only --get-regexp remote.origin.url
generated project credential-free validation	Run actions/checkout@3d3c42e5aac5ba805825da76410c181273ba90b1	2026-09-16T02:29:57.1610650Z [command]/opt/homebrew/bin/git config --file /Users/runner/work/_temp/git-credentials-d75755b8-be09-4619-b72e-f3bae3b670a0.config http.https://github.com/.extraheader AUTHORIZATION: basic ***
generated project credential-free validation	Run actions/checkout@3d3c42e5aac5ba805825da76410c181273ba90b1	2026-09-16T02:29:57.1683590Z [command]/opt/homebrew/bin/git config --local includeIf.gitdir:/Users/runner/work/relux-tunnel/relux-tunnel/relux-proxy/.git.path /Users/runner/work/_temp/git-credentials-d75755b8-be09-4619-b72e-f3bae3b670a0.config
generated project credential-free validation	Run actions/checkout@3d3c42e5aac5ba805825da76410c181273ba90b1	2026-09-16T02:29:57.1744070Z [command]/opt/homebrew/bin/git config --local includeIf.gitdir:/Users/runner/work/relux-tunnel/relux-tunnel/relux-proxy/.git/worktrees/*.path /Users/runner/work/_temp/git-credentials-d75755b8-be09-4619-b72e-f3bae3b670a0.config
generated project credential-free validation	Run actions/checkout@3d3c42e5aac5ba805825da76410c181273ba90b1	2026-09-16T02:29:57.1807270Z [command]/opt/homebrew/bin/git config --local includeIf.gitdir:/github/workspace/relux-proxy/.git.path /github/runner_temp/git-credentials-d75755b8-be09-4619-b72e-f3bae3b670a0.config
generated project credential-free validation	Run actions/checkout@3d3c42e5aac5ba805825da76410c181273ba90b1	2026-09-16T02:29:57.1870520Z [command]/opt/homebrew/bin/git config --local includeIf.gitdir:/github/workspace/relux-proxy/.git/worktrees/*.path /github/runner_temp/git-credentials-d75755b8-be09-4619-b72e-f3bae3b670a0.config
generated project credential-free validation	Run actions/checkout@3d3c42e5aac5ba805825da76410c181273ba90b1	2026-09-16T02:29:57.1931170Z ##[endgroup]
generated project credential-free validation	Run actions/checkout@3d3c42e5aac5ba805825da76410c181273ba90b1	2026-09-16T02:29:57.1931540Z ##[group]Fetching the repository
generated project credential-free validation	Run actions/checkout@3d3c42e5aac5ba805825da76410c181273ba90b1	2026-09-16T02:29:57.1936590Z [command]/opt/homebrew/bin/git -c protocol.version=2 fetch --no-tags --prune --no-recurse-submodules origin +refs/heads/*:refs/remotes/origin/* +refs/tags/*:refs/tags/*
generated project credential-free validation	Run actions/checkout@3d3c42e5aac5ba805825da76410c181273ba90b1	2026-09-16T02:29:59.0579210Z From https://github.com/relux-works/relux-proxy
generated project credential-free validation	Run actions/checkout@3d3c42e5aac5ba805825da76410c181273ba90b1	2026-09-16T02:29:59.0579680Z  * [new branch]      main       -> origin/main
generated project credential-free validation	Run actions/checkout@3d3c42e5aac5ba805825da76410c181273ba90b1	2026-09-16T02:29:59.0580000Z  * [new tag]         v0.1.0     -> v0.1.0
generated project credential-free validation	Run actions/checkout@3d3c42e5aac5ba805825da76410c181273ba90b1	2026-09-16T02:29:59.0580370Z  * [new tag]         v0.2.0     -> v0.2.0
generated project credential-free validation	Run actions/checkout@3d3c42e5aac5ba805825da76410c181273ba90b1	2026-09-16T02:29:59.0643270Z [command]/opt/homebrew/bin/git rev-parse --verify --quiet 2557aba1c030d0643d76e0bc3b185f6d5fd172e1^{object}
generated project credential-free validation	Run actions/checkout@3d3c42e5aac5ba805825da76410c181273ba90b1	2026-09-16T02:29:59.0704270Z 2557aba1c030d0643d76e0bc3b185f6d5fd172e1
generated project credential-free validation	Run actions/checkout@3d3c42e5aac5ba805825da76410c181273ba90b1	2026-09-16T02:29:59.0707230Z ##[endgroup]
generated project credential-free validation	Run actions/checkout@3d3c42e5aac5ba805825da76410c181273ba90b1	2026-09-16T02:29:59.0707700Z ##[group]Determining the checkout info
generated project credential-free validation	Run actions/checkout@3d3c42e5aac5ba805825da76410c181273ba90b1	2026-09-16T02:29:59.0709620Z ##[endgroup]
generated project credential-free validation	Run actions/checkout@3d3c42e5aac5ba805825da76410c181273ba90b1	2026-09-16T02:29:59.0712670Z [command]/opt/homebrew/bin/git sparse-checkout disable
generated project credential-free validation	Run actions/checkout@3d3c42e5aac5ba805825da76410c181273ba90b1	2026-09-16T02:29:59.0829190Z [command]/opt/homebrew/bin/git config --local --unset-all extensions.worktreeConfig
generated project credential-free validation	Run actions/checkout@3d3c42e5aac5ba805825da76410c181273ba90b1	2026-09-16T02:29:59.0913380Z ##[group]Checking out the ref
generated project credential-free validation	Run actions/checkout@3d3c42e5aac5ba805825da76410c181273ba90b1	2026-09-16T02:29:59.0920350Z [command]/opt/homebrew/bin/git checkout --progress --force 2557aba1c030d0643d76e0bc3b185f6d5fd172e1
generated project credential-free validation	Run actions/checkout@3d3c42e5aac5ba805825da76410c181273ba90b1	2026-09-16T02:29:59.1112680Z HEAD is now at 2557aba Update GitHub Actions runtimes
generated project credential-free validation	Run actions/checkout@3d3c42e5aac5ba805825da76410c181273ba90b1	2026-09-16T02:29:59.1122690Z ##[endgroup]
generated project credential-free validation	Run actions/checkout@3d3c42e5aac5ba805825da76410c181273ba90b1	2026-09-16T02:29:59.1208300Z [command]/opt/homebrew/bin/git log -1 --format=%H
generated project credential-free validation	Run actions/checkout@3d3c42e5aac5ba805825da76410c181273ba90b1	2026-09-16T02:29:59.1276190Z 2557aba1c030d0643d76e0bc3b185f6d5fd172e1
generated project credential-free validation	Run actions/checkout@3d3c42e5aac5ba805825da76410c181273ba90b1	2026-09-16T02:29:59.1287370Z ##[group]Removing auth
generated project credential-free validation	Run actions/checkout@3d3c42e5aac5ba805825da76410c181273ba90b1	2026-09-16T02:29:59.1287690Z Removing SSH command configuration
generated project credential-free validation	Run actions/checkout@3d3c42e5aac5ba805825da76410c181273ba90b1	2026-09-16T02:29:59.1290180Z [command]/opt/homebrew/bin/git config --local --name-only --get-regexp core\.sshCommand
generated project credential-free validation	Run actions/checkout@3d3c42e5aac5ba805825da76410c181273ba90b1	2026-09-16T02:29:59.1356820Z [command]/opt/homebrew/bin/git submodule foreach --recursive sh -c "git config --local --name-only --get-regexp 'core\.sshCommand' && git config --local --unset-all 'core.sshCommand' || :"
generated project credential-free validation	Run actions/checkout@3d3c42e5aac5ba805825da76410c181273ba90b1	2026-09-16T02:29:59.2182650Z Removing HTTP extra header
generated project credential-free validation	Run actions/checkout@3d3c42e5aac5ba805825da76410c181273ba90b1	2026-09-16T02:29:59.2184430Z [command]/opt/homebrew/bin/git config --local --name-only --get-regexp http\.https\:\/\/github\.com\/\.extraheader
generated project credential-free validation	Run actions/checkout@3d3c42e5aac5ba805825da76410c181273ba90b1	2026-09-16T02:29:59.2241410Z [command]/opt/homebrew/bin/git submodule foreach --recursive sh -c "git config --local --name-only --get-regexp 'http\.https\:\/\/github\.com\/\.extraheader' && git config --local --unset-all 'http.https://github.com/.extraheader' || :"
generated project credential-free validation	Run actions/checkout@3d3c42e5aac5ba805825da76410c181273ba90b1	2026-09-16T02:29:59.4203600Z Removing includeIf entries pointing to credentials config files
generated project credential-free validation	Run actions/checkout@3d3c42e5aac5ba805825da76410c181273ba90b1	2026-09-16T02:29:59.4305010Z [command]/opt/homebrew/bin/git config --local --name-only --get-regexp ^includeIf\.gitdir:
generated project credential-free validation	Run actions/checkout@3d3c42e5aac5ba805825da76410c181273ba90b1	2026-09-16T02:29:59.4406220Z includeif.gitdir:/Users/runner/work/relux-tunnel/relux-tunnel/relux-proxy/.git.path
generated project credential-free validation	Run actions/checkout@3d3c42e5aac5ba805825da76410c181273ba90b1	2026-09-16T02:29:59.4468620Z includeif.gitdir:/Users/runner/work/relux-tunnel/relux-tunnel/relux-proxy/.git/worktrees/*.path
generated project credential-free validation	Run actions/checkout@3d3c42e5aac5ba805825da76410c181273ba90b1	2026-09-16T02:29:59.4469360Z includeif.gitdir:/github/workspace/relux-proxy/.git.path
generated project credential-free validation	Run actions/checkout@3d3c42e5aac5ba805825da76410c181273ba90b1	2026-09-16T02:29:59.4469850Z includeif.gitdir:/github/workspace/relux-proxy/.git/worktrees/*.path
generated project credential-free validation	Run actions/checkout@3d3c42e5aac5ba805825da76410c181273ba90b1	2026-09-16T02:29:59.4495430Z [command]/opt/homebrew/bin/git config --local --get-all includeif.gitdir:/Users/runner/work/relux-tunnel/relux-tunnel/relux-proxy/.git.path
generated project credential-free validation	Run actions/checkout@3d3c42e5aac5ba805825da76410c181273ba90b1	2026-09-16T02:29:59.4501560Z /Users/runner/work/_temp/git-credentials-d75755b8-be09-4619-b72e-f3bae3b670a0.config
generated project credential-free validation	Run actions/checkout@3d3c42e5aac5ba805825da76410c181273ba90b1	2026-09-16T02:29:59.4503230Z [command]/opt/homebrew/bin/git config --local --unset includeif.gitdir:/Users/runner/work/relux-tunnel/relux-tunnel/relux-proxy/.git.path \/Users\/runner\/work\/_temp\/git\-credentials\-d75755b8\-be09\-4619\-b72e\-f3bae3b670a0\.config
generated project credential-free validation	Run actions/checkout@3d3c42e5aac5ba805825da76410c181273ba90b1	2026-09-16T02:29:59.4504960Z [command]/opt/homebrew/bin/git config --local --get-all includeif.gitdir:/Users/runner/work/relux-tunnel/relux-tunnel/relux-proxy/.git/worktrees/*.path
generated project credential-free validation	Run actions/checkout@3d3c42e5aac5ba805825da76410c181273ba90b1	2026-09-16T02:29:59.4506160Z /Users/runner/work/_temp/git-credentials-d75755b8-be09-4619-b72e-f3bae3b670a0.config
generated project credential-free validation	Run actions/checkout@3d3c42e5aac5ba805825da76410c181273ba90b1	2026-09-16T02:29:59.4507590Z [command]/opt/homebrew/bin/git config --local --unset includeif.gitdir:/Users/runner/work/relux-tunnel/relux-tunnel/relux-proxy/.git/worktrees/*.path \/Users\/runner\/work\/_temp\/git\-credentials\-d75755b8\-be09\-4619\-b72e\-f3bae3b670a0\.config
generated project credential-free validation	Run actions/checkout@3d3c42e5aac5ba805825da76410c181273ba90b1	2026-09-16T02:29:59.4509090Z [command]/opt/homebrew/bin/git config --local --get-all includeif.gitdir:/github/workspace/relux-proxy/.git.path
generated project credential-free validation	Run actions/checkout@3d3c42e5aac5ba805825da76410c181273ba90b1	2026-09-16T02:29:59.4555610Z /github/runner_temp/git-credentials-d75755b8-be09-4619-b72e-f3bae3b670a0.config
generated project credential-free validation	Run actions/checkout@3d3c42e5aac5ba805825da76410c181273ba90b1	2026-09-16T02:29:59.4593220Z [command]/opt/homebrew/bin/git config --local --unset includeif.gitdir:/github/workspace/relux-proxy/.git.path \/github\/runner_temp\/git\-credentials\-d75755b8\-be09\-4619\-b72e\-f3bae3b670a0\.config
generated project credential-free validation	Run actions/checkout@3d3c42e5aac5ba805825da76410c181273ba90b1	2026-09-16T02:29:59.4670710Z [command]/opt/homebrew/bin/git config --local --get-all includeif.gitdir:/github/workspace/relux-proxy/.git/worktrees/*.path
generated project credential-free validation	Run actions/checkout@3d3c42e5aac5ba805825da76410c181273ba90b1	2026-09-16T02:29:59.4769140Z /github/runner_temp/git-credentials-d75755b8-be09-4619-b72e-f3bae3b670a0.config
generated project credential-free validation	Run actions/checkout@3d3c42e5aac5ba805825da76410c181273ba90b1	2026-09-16T02:29:59.4777730Z [command]/opt/homebrew/bin/git config --local --unset includeif.gitdir:/github/workspace/relux-proxy/.git/worktrees/*.path \/github\/runner_temp\/git\-credentials\-d75755b8\-be09\-4619\-b72e\-f3bae3b670a0\.config
generated project credential-free validation	Run actions/checkout@3d3c42e5aac5ba805825da76410c181273ba90b1	2026-09-16T02:29:59.4839540Z [command]/opt/homebrew/bin/git submodule foreach --recursive git config --local --show-origin --name-only --get-regexp remote.origin.url
generated project credential-free validation	Run actions/checkout@3d3c42e5aac5ba805825da76410c181273ba90b1	2026-09-16T02:29:59.5745540Z Removing credentials config '/Users/runner/work/_temp/git-credentials-d75755b8-be09-4619-b72e-f3bae3b670a0.config'
generated project credential-free validation	Run actions/checkout@3d3c42e5aac5ba805825da76410c181273ba90b1	2026-09-16T02:29:59.5750990Z ##[endgroup]
generated project credential-free validation	Run jdx/mise-action@3c2e0cf82a5b2e5249f0d3635a4d83d0ae861518	﻿2026-09-16T02:29:59.5879760Z ##[group]Run jdx/mise-action@3c2e0cf82a5b2e5249f0d3635a4d83d0ae861518
generated project credential-free validation	Run jdx/mise-action@3c2e0cf82a5b2e5249f0d3635a4d83d0ae861518	2026-09-16T02:29:59.5880070Z with:
generated project credential-free validation	Run jdx/mise-action@3c2e0cf82a5b2e5249f0d3635a4d83d0ae861518	2026-09-16T02:29:59.5880200Z   version: 2026.3.10
generated project credential-free validation	Run jdx/mise-action@3c2e0cf82a5b2e5249f0d3635a4d83d0ae861518	2026-09-16T02:29:59.5880450Z   sha256: c7a0eb1035de974b42d36b69c4b55b836c06b455b990dd6ac530aaf05d4a8a17
generated project credential-free validation	Run jdx/mise-action@3c2e0cf82a5b2e5249f0d3635a4d83d0ae861518	2026-09-16T02:29:59.5880730Z   install: false
generated project credential-free validation	Run jdx/mise-action@3c2e0cf82a5b2e5249f0d3635a4d83d0ae861518	2026-09-16T02:29:59.5880880Z   cache: false
generated project credential-free validation	Run jdx/mise-action@3c2e0cf82a5b2e5249f0d3635a4d83d0ae861518	2026-09-16T02:29:59.5881010Z   bootstrap: false
generated project credential-free validation	Run jdx/mise-action@3c2e0cf82a5b2e5249f0d3635a4d83d0ae861518	2026-09-16T02:29:59.5881150Z   cache_save: true
generated project credential-free validation	Run jdx/mise-action@3c2e0cf82a5b2e5249f0d3635a4d83d0ae861518	2026-09-16T02:29:59.5881290Z   cache_key_prefix: mise-v1
generated project credential-free validation	Run jdx/mise-action@3c2e0cf82a5b2e5249f0d3635a4d83d0ae861518	2026-09-16T02:29:59.5881450Z   experimental: false
generated project credential-free validation	Run jdx/mise-action@3c2e0cf82a5b2e5249f0d3635a4d83d0ae861518	2026-09-16T02:29:59.5881600Z   log_level: info
generated project credential-free validation	Run jdx/mise-action@3c2e0cf82a5b2e5249f0d3635a4d83d0ae861518	2026-09-16T02:29:59.5881730Z   reshim: false
generated project credential-free validation	Run jdx/mise-action@3c2e0cf82a5b2e5249f0d3635a4d83d0ae861518	2026-09-16T02:29:59.5881860Z   add_shims_to_path: true
generated project credential-free validation	Run jdx/mise-action@3c2e0cf82a5b2e5249f0d3635a4d83d0ae861518	2026-09-16T02:29:59.5883550Z   github_token: ***
generated project credential-free validation	Run jdx/mise-action@3c2e0cf82a5b2e5249f0d3635a4d83d0ae861518	2026-09-16T02:29:59.5883700Z   fetch_from_github: true
generated project credential-free validation	Run jdx/mise-action@3c2e0cf82a5b2e5249f0d3635a4d83d0ae861518	2026-09-16T02:29:59.5883890Z   env: true
generated project credential-free validation	Run jdx/mise-action@3c2e0cf82a5b2e5249f0d3635a4d83d0ae861518	2026-09-16T02:29:59.5884020Z   export_path: true
generated project credential-free validation	Run jdx/mise-action@3c2e0cf82a5b2e5249f0d3635a4d83d0ae861518	2026-09-16T02:29:59.5884160Z   wings_enabled: false
generated project credential-free validation	Run jdx/mise-action@3c2e0cf82a5b2e5249f0d3635a4d83d0ae861518	2026-09-16T02:29:59.5884310Z ##[endgroup]
generated project credential-free validation	Run jdx/mise-action@3c2e0cf82a5b2e5249f0d3635a4d83d0ae861518	2026-09-16T02:29:59.7702870Z ##[group]Download mise@2026.3.10
generated project credential-free validation	Run jdx/mise-action@3c2e0cf82a5b2e5249f0d3635a4d83d0ae861518	2026-09-16T02:29:59.7756600Z [command]/opt/homebrew/bin/zstd --version
generated project credential-free validation	Run jdx/mise-action@3c2e0cf82a5b2e5249f0d3635a4d83d0ae861518	2026-09-16T02:29:59.7994440Z *** Zstandard CLI (64-bit) v1.5.7, by Yann Collet ***
generated project credential-free validation	Run jdx/mise-action@3c2e0cf82a5b2e5249f0d3635a4d83d0ae861518	2026-09-16T02:29:59.8024080Z [command]/usr/bin/tar --zstd --version
generated project credential-free validation	Run jdx/mise-action@3c2e0cf82a5b2e5249f0d3635a4d83d0ae861518	2026-09-16T02:29:59.8106490Z bsdtar 3.5.3 - libarchive 3.7.4 zlib/1.2.12 liblzma/5.4.3 bz2lib/1.0.8 
generated project credential-free validation	Run jdx/mise-action@3c2e0cf82a5b2e5249f0d3635a4d83d0ae861518	2026-09-16T02:29:59.8139570Z Using curl to download mise
generated project credential-free validation	Run jdx/mise-action@3c2e0cf82a5b2e5249f0d3635a4d83d0ae861518	2026-09-16T02:29:59.8160010Z [command]/usr/bin/curl -fsSL https://github.com/jdx/mise/releases/download/v2026.3.10/mise-v2026.3.10-macos-arm64.tar.zst --output /var/folders/nj/vtw8zd2j31d1gdrtntc5y4600000gn/T/mise-action-ERZZDg/mise-v2026.3.10-macos-arm64.tar.zst
generated project credential-free validation	Run jdx/mise-action@3c2e0cf82a5b2e5249f0d3635a4d83d0ae861518	2026-09-16T02:30:00.8315110Z [command]/usr/bin/tar --zstd -xf /var/folders/nj/vtw8zd2j31d1gdrtntc5y4600000gn/T/mise-action-ERZZDg/mise-v2026.3.10-macos-arm64.tar.zst -C /var/folders/nj/vtw8zd2j31d1gdrtntc5y4600000gn/T/mise-action-ERZZDg
generated project credential-free validation	Run jdx/mise-action@3c2e0cf82a5b2e5249f0d3635a4d83d0ae861518	2026-09-16T02:30:00.9506550Z [command]/bin/mv /var/folders/nj/vtw8zd2j31d1gdrtntc5y4600000gn/T/mise-action-ERZZDg/mise/bin/mise /Users/runner/.local/share/mise/bin/mise
generated project credential-free validation	Run jdx/mise-action@3c2e0cf82a5b2e5249f0d3635a4d83d0ae861518	2026-09-16T02:30:01.0345930Z ##[group]Setting env vars
generated project credential-free validation	Run jdx/mise-action@3c2e0cf82a5b2e5249f0d3635a4d83d0ae861518	2026-09-16T02:30:01.0346750Z Setting MISE_LOG_LEVEL=info
generated project credential-free validation	Run jdx/mise-action@3c2e0cf82a5b2e5249f0d3635a4d83d0ae861518	2026-09-16T02:30:01.0352640Z Setting MISE_GITHUB_TOKEN=***
generated project credential-free validation	Run jdx/mise-action@3c2e0cf82a5b2e5249f0d3635a4d83d0ae861518	2026-09-16T02:30:01.0354510Z Setting MISE_TRUSTED_CONFIG_PATHS=/Users/runner/work/relux-tunnel/relux-tunnel
generated project credential-free validation	Run jdx/mise-action@3c2e0cf82a5b2e5249f0d3635a4d83d0ae861518	2026-09-16T02:30:01.0358880Z Setting MISE_YES=1
generated project credential-free validation	Run jdx/mise-action@3c2e0cf82a5b2e5249f0d3635a4d83d0ae861518	2026-09-16T02:30:01.0361390Z Adding /Users/runner/.local/share/mise/shims to PATH
generated project credential-free validation	Run jdx/mise-action@3c2e0cf82a5b2e5249f0d3635a4d83d0ae861518	2026-09-16T02:30:01.0366380Z ##[group]Running mise --version
generated project credential-free validation	Run jdx/mise-action@3c2e0cf82a5b2e5249f0d3635a4d83d0ae861518	2026-09-16T02:30:01.0402390Z [command]/Users/runner/.local/share/mise/bin/mise --version
generated project credential-free validation	Run jdx/mise-action@3c2e0cf82a5b2e5249f0d3635a4d83d0ae861518	2026-09-16T02:30:01.0663970Z 2026.3.10 macos-arm64 (2026-03-21)
generated project credential-free validation	Run jdx/mise-action@3c2e0cf82a5b2e5249f0d3635a4d83d0ae861518	2026-09-16T02:30:01.0730090Z ##[endgroup]
generated project credential-free validation	Run jdx/mise-action@3c2e0cf82a5b2e5249f0d3635a4d83d0ae861518	2026-09-16T02:30:01.0730590Z ##[group]Running mise ls
generated project credential-free validation	Run jdx/mise-action@3c2e0cf82a5b2e5249f0d3635a4d83d0ae861518	2026-09-16T02:30:01.0744900Z [command]/Users/runner/.local/share/mise/bin/mise ls
generated project credential-free validation	Run jdx/mise-action@3c2e0cf82a5b2e5249f0d3635a4d83d0ae861518	2026-09-16T02:30:01.0935100Z ##[endgroup]
generated project credential-free validation	Run jdx/mise-action@3c2e0cf82a5b2e5249f0d3635a4d83d0ae861518	2026-09-16T02:30:01.0938790Z ##[group]Exporting mise environment variables
generated project credential-free validation	Run jdx/mise-action@3c2e0cf82a5b2e5249f0d3635a4d83d0ae861518	2026-09-16T02:30:01.1157060Z [command]/Users/runner/.local/share/mise/bin/mise env --json
generated project credential-free validation	Run jdx/mise-action@3c2e0cf82a5b2e5249f0d3635a4d83d0ae861518	2026-09-16T02:30:01.1319540Z {
generated project credential-free validation	Run jdx/mise-action@3c2e0cf82a5b2e5249f0d3635a4d83d0ae861518	2026-09-16T02:30:01.1325650Z   "PATH": "/Users/runner/.local/share/mise/shims:/Users/runner/.local/share/mise/bin:/opt/homebrew/lib/ruby/gems/3.3.0/bin:/opt/homebrew/opt/ruby@3.3/bin:/Users/runner/.local/bin:/opt/homebrew/bin:/opt/homebrew/sbin:/Users/runner/.cargo/bin:/usr/local/opt/curl/bin:/usr/local/bin:/usr/local/sbin:/Users/runner/bin:/Users/runner/.yarn/bin:/Users/runner/Library/Android/sdk/tools:/Users/runner/Library/Android/sdk/platform-tools:/Library/Frameworks/Python.framework/Versions/Current/bin:/Library/Frameworks/Mono.framework/Versions/Current/Commands:/usr/bin:/bin:/usr/sbin:/sbin:/Users/runner/.dotnet/tools"
generated project credential-free validation	Run jdx/mise-action@3c2e0cf82a5b2e5249f0d3635a4d83d0ae861518	2026-09-16T02:30:01.1333060Z }
generated project credential-free validation	Run jdx/mise-action@3c2e0cf82a5b2e5249f0d3635a4d83d0ae861518	2026-09-16T02:30:01.1339630Z ##[endgroup]
generated project credential-free validation	Exercise validation boundary narrowing mutants	﻿2026-09-16T02:30:01.1487080Z ##[group]Run python3 scripts/tests/test_pr6_boundary_mutants.py
generated project credential-free validation	Exercise validation boundary narrowing mutants	2026-09-16T02:30:01.1487560Z ^[[36;1mpython3 scripts/tests/test_pr6_boundary_mutants.py^[[0m
generated project credential-free validation	Exercise validation boundary narrowing mutants	2026-09-16T02:30:01.1585290Z shell: /bin/bash -e {0}
generated project credential-free validation	Exercise validation boundary narrowing mutants	2026-09-16T02:30:01.1585650Z env:
generated project credential-free validation	Exercise validation boundary narrowing mutants	2026-09-16T02:30:01.1585840Z   MISE_LOG_LEVEL: info
generated project credential-free validation	Exercise validation boundary narrowing mutants	2026-09-16T02:30:01.1587940Z   MISE_GITHUB_TOKEN: ***
generated project credential-free validation	Exercise validation boundary narrowing mutants	2026-09-16T02:30:01.1588240Z   MISE_TRUSTED_CONFIG_PATHS: /Users/runner/work/relux-tunnel/relux-tunnel
generated project credential-free validation	Exercise validation boundary narrowing mutants	2026-09-16T02:30:01.1588720Z   MISE_YES: 1
generated project credential-free validation	Exercise validation boundary narrowing mutants	2026-09-16T02:30:01.1588900Z ##[endgroup]
generated project credential-free validation	Exercise validation boundary narrowing mutants	2026-09-16T02:30:27.5232150Z COMMAND: /opt/homebrew/opt/python@3.14/bin/python3.14 -m unittest -v scripts.tests.test_check_board_structure.BoardStructureTests.test_unknown_hidden_directory_is_not_exempt EXIT: 0
generated project credential-free validation	Exercise validation boundary narrowing mutants	2026-09-16T02:30:27.5451380Z test_unknown_hidden_directory_is_not_exempt (scripts.tests.test_check_board_structure.BoardStructureTests.test_unknown_hidden_directory_is_not_exempt) ... ok
generated project credential-free validation	Exercise validation boundary narrowing mutants	2026-09-16T02:30:27.5549240Z 
generated project credential-free validation	Exercise validation boundary narrowing mutants	2026-09-16T02:30:27.5651640Z ----------------------------------------------------------------------
generated project credential-free validation	Exercise validation boundary narrowing mutants	2026-09-16T02:30:27.5754960Z Ran 1 test in 0.051s
generated project credential-free validation	Exercise validation boundary narrowing mutants	2026-09-16T02:30:27.5855420Z 
generated project credential-free validation	Exercise validation boundary narrowing mutants	2026-09-16T02:30:27.5957210Z OK
generated project credential-free validation	Exercise validation boundary narrowing mutants	2026-09-16T02:30:27.6057010Z 
generated project credential-free validation	Exercise validation boundary narrowing mutants	2026-09-16T02:30:27.6158710Z COMMAND: /opt/homebrew/opt/python@3.14/bin/python3.14 -m unittest -v scripts.tests.test_check_board_structure.BoardStructureTests.test_unknown_hidden_directory_is_not_exempt EXIT: 1
generated project credential-free validation	Exercise validation boundary narrowing mutants	2026-09-16T02:30:27.6259390Z test_unknown_hidden_directory_is_not_exempt (scripts.tests.test_check_board_structure.BoardStructureTests.test_unknown_hidden_directory_is_not_exempt) ... FAIL
generated project credential-free validation	Exercise validation boundary narrowing mutants	2026-09-16T02:30:27.6358930Z 
generated project credential-free validation	Exercise validation boundary narrowing mutants	2026-09-16T02:30:27.6460340Z ======================================================================
generated project credential-free validation	Exercise validation boundary narrowing mutants	2026-09-16T02:30:27.6561130Z FAIL: test_unknown_hidden_directory_is_not_exempt (scripts.tests.test_check_board_structure.BoardStructureTests.test_unknown_hidden_directory_is_not_exempt)
generated project credential-free validation	Exercise validation boundary narrowing mutants	2026-09-16T02:30:27.6661590Z ----------------------------------------------------------------------
generated project credential-free validation	Exercise validation boundary narrowing mutants	2026-09-16T02:30:27.6764370Z Traceback (most recent call last):
generated project credential-free validation	Exercise validation boundary narrowing mutants	2026-09-16T02:30:27.6867520Z   File "/private/var/folders/nj/vtw8zd2j31d1gdrtntc5y4600000gn/T/pr6-boundary-mutants-lorevy4k/scripts/tests/test_check_board_structure.py", line 55, in test_unknown_hidden_directory_is_not_exempt
generated project credential-free validation	Exercise validation boundary narrowing mutants	2026-09-16T02:30:27.6974820Z     self.assertEqual(result.returncode, 1)
generated project credential-free validation	Exercise validation boundary narrowing mutants	2026-09-16T02:30:27.7097830Z     ~~~~~~~~~~~~~~~~^^^^^^^^^^^^^^^^^^^^^^
generated project credential-free validation	Exercise validation boundary narrowing mutants	2026-09-16T02:30:27.7199090Z AssertionError: 0 != 1
generated project credential-free validation	Exercise validation boundary narrowing mutants	2026-09-16T02:30:27.7301690Z 
generated project credential-free validation	Exercise validation boundary narrowing mutants	2026-09-16T02:30:27.7403000Z ----------------------------------------------------------------------
generated project credential-free validation	Exercise validation boundary narrowing mutants	2026-09-16T02:30:27.7503560Z Ran 1 test in 0.056s
generated project credential-free validation	Exercise validation boundary narrowing mutants	2026-09-16T02:30:27.7569070Z 
generated project credential-free validation	Exercise validation boundary narrowing mutants	2026-09-16T02:30:27.7670400Z FAILED (failures=1)
generated project credential-free validation	Exercise validation boundary narrowing mutants	2026-09-16T02:30:27.7771090Z 
generated project credential-free validation	Exercise validation boundary narrowing mutants	2026-09-16T02:30:27.7872690Z COMMAND: /opt/homebrew/opt/python@3.14/bin/python3.14 -m unittest -v scripts.tests.test_relay_supply_chain.RelaySupplyChainTests.test_snapshot_support_network_mutants_preserve_file_tokens_and_fail EXIT: 0
generated project credential-free validation	Exercise validation boundary narrowing mutants	2026-09-16T02:30:27.7975100Z test_snapshot_support_network_mutants_preserve_file_tokens_and_fail (scripts.tests.test_relay_supply_chain.RelaySupplyChainTests.test_snapshot_support_network_mutants_preserve_file_tokens_and_fail) ... ok
generated project credential-free validation	Exercise validation boundary narrowing mutants	2026-09-16T02:30:27.8076440Z 
generated project credential-free validation	Exercise validation boundary narrowing mutants	2026-09-16T02:30:27.8177510Z ----------------------------------------------------------------------
generated project credential-free validation	Exercise validation boundary narrowing mutants	2026-09-16T02:30:27.8280200Z Ran 1 test in 0.008s
generated project credential-free validation	Exercise validation boundary narrowing mutants	2026-09-16T02:30:27.8382010Z 
generated project credential-free validation	Exercise validation boundary narrowing mutants	2026-09-16T02:30:27.8482990Z OK
generated project credential-free validation	Exercise validation boundary narrowing mutants	2026-09-16T02:30:27.8583690Z 
generated project credential-free validation	Exercise validation boundary narrowing mutants	2026-09-16T02:30:27.8685210Z COMMAND: /opt/homebrew/opt/python@3.14/bin/python3.14 -m unittest -v scripts.tests.test_relay_supply_chain.RelaySupplyChainTests.test_snapshot_support_network_mutants_preserve_file_tokens_and_fail EXIT: 1
generated project credential-free validation	Exercise validation boundary narrowing mutants	2026-09-16T02:30:27.8787290Z test_snapshot_support_network_mutants_preserve_file_tokens_and_fail (scripts.tests.test_relay_supply_chain.RelaySupplyChainTests.test_snapshot_support_network_mutants_preserve_file_tokens_and_fail) ... 
generated project credential-free validation	Exercise validation boundary narrowing mutants	2026-09-16T02:30:27.8867460Z   test_snapshot_support_network_mutants_preserve_file_tokens_and_fail (scripts.tests.test_relay_supply_chain.RelaySupplyChainTests.test_snapshot_support_network_mutants_preserve_file_tokens_and_fail) (mutation='Data(contentsOf: referenceURL) /* URL(filePath: referenceURL.path) */') ... FAIL
generated project credential-free validation	Exercise validation boundary narrowing mutants	2026-09-16T02:30:27.8971610Z 
generated project credential-free validation	Exercise validation boundary narrowing mutants	2026-09-16T02:30:27.9002530Z ======================================================================
generated project credential-free validation	Exercise validation boundary narrowing mutants	2026-09-16T02:30:27.9105650Z FAIL: test_snapshot_support_network_mutants_preserve_file_tokens_and_fail (scripts.tests.test_relay_supply_chain.RelaySupplyChainTests.test_snapshot_support_network_mutants_preserve_file_tokens_and_fail) (mutation='Data(contentsOf: referenceURL) /* URL(filePath: referenceURL.path) */')
generated project credential-free validation	Exercise validation boundary narrowing mutants	2026-09-16T02:30:27.9191150Z ----------------------------------------------------------------------
generated project credential-free validation	Exercise validation boundary narrowing mutants	2026-09-16T02:30:27.9245600Z Traceback (most recent call last):
generated project credential-free validation	Exercise validation boundary narrowing mutants	2026-09-16T02:30:27.9308060Z   File "/private/var/folders/nj/vtw8zd2j31d1gdrtntc5y4600000gn/T/pr6-boundary-mutants-lorevy4k/scripts/tests/test_relay_supply_chain.py", line 769, in test_snapshot_support_network_mutants_preserve_file_tokens_and_fail
generated project credential-free validation	Exercise validation boundary narrowing mutants	2026-09-16T02:30:27.9333110Z     with self.assertRaisesRegex(
generated project credential-free validation	Exercise validation boundary narrowing mutants	2026-09-16T02:30:27.9335550Z          ~~~~~~~~~~~~~~~~~~~~~~^
generated project credential-free validation	Exercise validation boundary narrowing mutants	2026-09-16T02:30:27.9337530Z         supply_chain.SupplyChainError, "Foundation Data URL loader"
generated project credential-free validation	Exercise validation boundary narrowing mutants	2026-09-16T02:30:27.9339600Z         ^^^^^^^^^^^^^^^^^^^^^^^^^^^^^^^^^^^^^^^^^^^^^^^^^^^^^^^^^^^
generated project credential-free validation	Exercise validation boundary narrowing mutants	2026-09-16T02:30:27.9340500Z     ):
generated project credential-free validation	Exercise validation boundary narrowing mutants	2026-09-16T02:30:27.9341050Z     ^
generated project credential-free validation	Exercise validation boundary narrowing mutants	2026-09-16T02:30:27.9350210Z AssertionError: SupplyChainError not raised
generated project credential-free validation	Exercise validation boundary narrowing mutants	2026-09-16T02:30:27.9351780Z 
generated project credential-free validation	Exercise validation boundary narrowing mutants	2026-09-16T02:30:27.9377080Z ----------------------------------------------------------------------
generated project credential-free validation	Exercise validation boundary narrowing mutants	2026-09-16T02:30:27.9382930Z Ran 1 test in 0.011s
generated project credential-free validation	Exercise validation boundary narrowing mutants	2026-09-16T02:30:27.9389130Z 
generated project credential-free validation	Exercise validation boundary narrowing mutants	2026-09-16T02:30:27.9419900Z FAILED (failures=1)
generated project credential-free validation	Exercise validation boundary narrowing mutants	2026-09-16T02:30:27.9428670Z 
generated project credential-free validation	Exercise validation boundary narrowing mutants	2026-09-16T02:30:27.9430100Z COMMAND: swift test --package-path /var/folders/nj/vtw8zd2j31d1gdrtntc5y4600000gn/T/pr6-boundary-mutants-lorevy4k/snapshot EXIT: 0
generated project credential-free validation	Exercise validation boundary narrowing mutants	2026-09-16T02:30:27.9433150Z Building for debugging...
generated project credential-free validation	Exercise validation boundary narrowing mutants	2026-09-16T02:30:27.9435750Z [0/7] /private/var/folders/nj/vtw8zd2j31d1gdrtntc5y4600000gn/T/pr6-boundary-mutants-lorevy4k/snapshot/.build/arm64-apple-macosx/debug/SnapshotBoundaryProofPackageTests.derived/runner.swift
generated project credential-free validation	Exercise validation boundary narrowing mutants	2026-09-16T02:30:27.9438300Z [0/7] Write sources
generated project credential-free validation	Exercise validation boundary narrowing mutants	2026-09-16T02:30:27.9451300Z [4/7] Write swift-version--79AA4F9932D1E87A.txt
generated project credential-free validation	Exercise validation boundary narrowing mutants	2026-09-16T02:30:27.9452220Z [6/9] Compiling ReluxSnapshotDiffSupport SnapshotDiff.swift
generated project credential-free validation	Exercise validation boundary narrowing mutants	2026-09-16T02:30:27.9452800Z [7/9] Emitting module ReluxSnapshotDiffSupport
generated project credential-free validation	Exercise validation boundary narrowing mutants	2026-09-16T02:30:27.9454390Z [8/11] Compiling ReluxSnapshotDiffSupportTests SnapshotDiffSupportTests.swift
generated project credential-free validation	Exercise validation boundary narrowing mutants	2026-09-16T02:30:27.9476770Z [9/11] Emitting module ReluxSnapshotDiffSupportTests
generated project credential-free validation	Exercise validation boundary narrowing mutants	2026-09-16T02:30:27.9484430Z [10/13] Compiling SnapshotBoundaryProofPackageTests runner.swift
generated project credential-free validation	Exercise validation boundary narrowing mutants	2026-09-16T02:30:27.9490820Z [11/13] Emitting module SnapshotBoundaryProofPackageTests
generated project credential-free validation	Exercise validation boundary narrowing mutants	2026-09-16T02:30:27.9507720Z [11/13] Write Objects.LinkFileList
generated project credential-free validation	Exercise validation boundary narrowing mutants	2026-09-16T02:30:27.9523420Z [12/13] Linking SnapshotBoundaryProofPackageTests
generated project credential-free validation	Exercise validation boundary narrowing mutants	2026-09-16T02:30:27.9529150Z Build complete! (15.67s)
generated project credential-free validation	Exercise validation boundary narrowing mutants	2026-09-16T02:30:27.9534380Z Test Suite 'All tests' started at 2026-09-16 02:30:24.628.
generated project credential-free validation	Exercise validation boundary narrowing mutants	2026-09-16T02:30:27.9539130Z Test Suite 'All tests' passed at 2026-09-16 02:30:24.634.
generated project credential-free validation	Exercise validation boundary narrowing mutants	2026-09-16T02:30:27.9539880Z 	 Executed 0 tests, with 0 failures (0 unexpected) in 0.000 (0.005) seconds
generated project credential-free validation	Exercise validation boundary narrowing mutants	2026-09-16T02:30:27.9541780Z ◇ Test run started.
generated project credential-free validation	Exercise validation boundary narrowing mutants	2026-09-16T02:30:27.9580880Z ↳ Testing Library Version: 124.4
generated project credential-free validation	Exercise validation boundary narrowing mutants	2026-09-16T02:30:27.9595370Z ↳ Target Platform: arm64e-apple-macos14.0
generated project credential-free validation	Exercise validation boundary narrowing mutants	2026-09-16T02:30:27.9597600Z ◇ Suite "Snapshot failure artifacts" started.
generated project credential-free validation	Exercise validation boundary narrowing mutants	2026-09-16T02:30:27.9599590Z ◇ Test "identical local images match" started.
generated project credential-free validation	Exercise validation boundary narrowing mutants	2026-09-16T02:30:27.9601790Z ◇ Test "non-file URLs are refused before reading either image or writing output" started.
generated project credential-free validation	Exercise validation boundary narrowing mutants	2026-09-16T02:30:27.9603650Z ◇ Test "mismatch writes reference failed and visual diff images" started.
generated project credential-free validation	Exercise validation boundary narrowing mutants	2026-09-16T02:30:27.9606310Z ✔ Test "non-file URLs are refused before reading either image or writing output" passed after 0.002 seconds.
generated project credential-free validation	Exercise validation boundary narrowing mutants	2026-09-16T02:30:27.9613940Z ✔ Test "identical local images match" passed after 0.110 seconds.
generated project credential-free validation	Exercise validation boundary narrowing mutants	2026-09-16T02:30:27.9617530Z ✔ Test "mismatch writes reference failed and visual diff images" passed after 0.112 seconds.
generated project credential-free validation	Exercise validation boundary narrowing mutants	2026-09-16T02:30:27.9619510Z ✔ Suite "Snapshot failure artifacts" passed after 0.113 seconds.
generated project credential-free validation	Exercise validation boundary narrowing mutants	2026-09-16T02:30:27.9621710Z ✔ Test run with 3 tests passed after 0.113 seconds.
generated project credential-free validation	Exercise validation boundary narrowing mutants	2026-09-16T02:30:27.9622450Z 
generated project credential-free validation	Exercise validation boundary narrowing mutants	2026-09-16T02:30:27.9623680Z COMMAND: swift test --package-path /var/folders/nj/vtw8zd2j31d1gdrtntc5y4600000gn/T/pr6-boundary-mutants-lorevy4k/snapshot EXIT: 1
generated project credential-free validation	Exercise validation boundary narrowing mutants	2026-09-16T02:30:27.9624470Z [0/1] Planning build
generated project credential-free validation	Exercise validation boundary narrowing mutants	2026-09-16T02:30:27.9625830Z Building for debugging...
generated project credential-free validation	Exercise validation boundary narrowing mutants	2026-09-16T02:30:27.9626100Z [0/3] Write sources
generated project credential-free validation	Exercise validation boundary narrowing mutants	2026-09-16T02:30:27.9626530Z [1/3] Write swift-version--79AA4F9932D1E87A.txt
generated project credential-free validation	Exercise validation boundary narrowing mutants	2026-09-16T02:30:27.9627360Z [3/5] Compiling ReluxSnapshotDiffSupport SnapshotDiff.swift
generated project credential-free validation	Exercise validation boundary narrowing mutants	2026-09-16T02:30:27.9629060Z [4/5] Emitting module ReluxSnapshotDiffSupport
generated project credential-free validation	Exercise validation boundary narrowing mutants	2026-09-16T02:30:27.9631890Z [4/6] Write Objects.LinkFileList
generated project credential-free validation	Exercise validation boundary narrowing mutants	2026-09-16T02:30:27.9632280Z [5/6] Linking SnapshotBoundaryProofPackageTests
generated project credential-free validation	Exercise validation boundary narrowing mutants	2026-09-16T02:30:27.9632650Z Build complete! (1.33s)
generated project credential-free validation	Exercise validation boundary narrowing mutants	2026-09-16T02:30:27.9632920Z Test Suite 'All tests' started at 2026-09-16 02:30:26.945.
generated project credential-free validation	Exercise validation boundary narrowing mutants	2026-09-16T02:30:27.9634800Z Test Suite 'All tests' passed at 2026-09-16 02:30:26.947.
generated project credential-free validation	Exercise validation boundary narrowing mutants	2026-09-16T02:30:27.9636810Z 	 Executed 0 tests, with 0 failures (0 unexpected) in 0.000 (0.001) seconds
generated project credential-free validation	Exercise validation boundary narrowing mutants	2026-09-16T02:30:27.9637340Z ◇ Test run started.
generated project credential-free validation	Exercise validation boundary narrowing mutants	2026-09-16T02:30:27.9637670Z ↳ Testing Library Version: 124.4
generated project credential-free validation	Exercise validation boundary narrowing mutants	2026-09-16T02:30:27.9638360Z ↳ Target Platform: arm64e-apple-macos14.0
generated project credential-free validation	Exercise validation boundary narrowing mutants	2026-09-16T02:30:27.9640290Z ◇ Suite "Snapshot failure artifacts" started.
generated project credential-free validation	Exercise validation boundary narrowing mutants	2026-09-16T02:30:27.9640820Z ◇ Test "mismatch writes reference failed and visual diff images" started.
generated project credential-free validation	Exercise validation boundary narrowing mutants	2026-09-16T02:30:27.9641530Z ◇ Test "non-file URLs are refused before reading either image or writing output" started.
generated project credential-free validation	Exercise validation boundary narrowing mutants	2026-09-16T02:30:27.9642700Z ◇ Test "identical local images match" started.
generated project credential-free validation	Exercise validation boundary narrowing mutants	2026-09-16T02:30:27.9643450Z ✘ Test "non-file URLs are refused before reading either image or writing output" recorded an issue at SnapshotDiffSupportTests.swift:42:23: Issue recorded
generated project credential-free validation	Exercise validation boundary narrowing mutants	2026-09-16T02:30:27.9645040Z ↳ expected nonFileURL before I/O, received unreadableImage(http://example.invalid/image.png)
generated project credential-free validation	Exercise validation boundary narrowing mutants	2026-09-16T02:30:27.9646690Z ✘ Test "non-file URLs are refused before reading either image or writing output" recorded an issue at SnapshotDiffSupportTests.swift:42:23: Issue recorded
generated project credential-free validation	Exercise validation boundary narrowing mutants	2026-09-16T02:30:27.9729160Z ↳ expected nonFileURL before I/O, received unreadableImage(file:///nonexistent-snapshot.png)
generated project credential-free validation	Exercise validation boundary narrowing mutants	2026-09-16T02:30:27.9734790Z ✘ Test "non-file URLs are refused before reading either image or writing output" recorded an issue at SnapshotDiffSupportTests.swift:42:23: Issue recorded
generated project credential-free validation	Exercise validation boundary narrowing mutants	2026-09-16T02:30:27.9737230Z ↳ expected nonFileURL before I/O, received unreadableImage(file:///nonexistent-snapshot.png)
generated project credential-free validation	Exercise validation boundary narrowing mutants	2026-09-16T02:30:27.9739730Z ✘ Test "non-file URLs are refused before reading either image or writing output" failed after 0.001 seconds with 3 issues.
generated project credential-free validation	Exercise validation boundary narrowing mutants	2026-09-16T02:30:27.9742060Z ✔ Test "identical local images match" passed after 0.035 seconds.
generated project credential-free validation	Exercise validation boundary narrowing mutants	2026-09-16T02:30:27.9743570Z ✔ Test "mismatch writes reference failed and visual diff images" passed after 0.036 seconds.
generated project credential-free validation	Exercise validation boundary narrowing mutants	2026-09-16T02:30:27.9744400Z ✘ Suite "Snapshot failure artifacts" failed after 0.036 seconds with 3 issues.
generated project credential-free validation	Exercise validation boundary narrowing mutants	2026-09-16T02:30:27.9745320Z ✘ Test run with 3 tests failed after 0.037 seconds with 3 issues.
generated project credential-free validation	Exercise validation boundary narrowing mutants	2026-09-16T02:30:27.9746260Z 
generated project credential-free validation	Exercise validation boundary narrowing mutants	2026-09-16T02:30:27.9746460Z All three narrowing mutants killed by named behavioral regressions.
generated project credential-free validation	Run the local credential-free gate	﻿2026-09-16T02:30:27.9942950Z ##[group]Run make credential-free-validate LEGACY_ROOT="$GITHUB_WORKSPACE/relux-proxy"
generated project credential-free validation	Run the local credential-free gate	2026-09-16T02:30:27.9943750Z ^[[36;1mmake credential-free-validate LEGACY_ROOT="$GITHUB_WORKSPACE/relux-proxy"^[[0m
generated project credential-free validation	Run the local credential-free gate	2026-09-16T02:30:28.0001330Z shell: /bin/bash -e {0}
generated project credential-free validation	Run the local credential-free gate	2026-09-16T02:30:28.0001840Z env:
generated project credential-free validation	Run the local credential-free gate	2026-09-16T02:30:28.0002070Z   MISE_LOG_LEVEL: info
generated project credential-free validation	Run the local credential-free gate	2026-09-16T02:30:28.0004370Z   MISE_GITHUB_TOKEN: ***
generated project credential-free validation	Run the local credential-free gate	2026-09-16T02:30:28.0004890Z   MISE_TRUSTED_CONFIG_PATHS: /Users/runner/work/relux-tunnel/relux-tunnel
generated project credential-free validation	Run the local credential-free gate	2026-09-16T02:30:28.0005290Z   MISE_YES: 1
generated project credential-free validation	Run the local credential-free gate	2026-09-16T02:30:28.0005630Z ##[endgroup]
generated project credential-free validation	Run the local credential-free gate	2026-09-16T02:30:28.9215190Z ./scripts/validate-credential-free.sh --legacy-root "/Users/runner/work/relux-tunnel/relux-tunnel/relux-proxy"
generated project credential-free validation	Run the local credential-free gate	2026-09-16T02:30:29.3342540Z RUN: relay-tool-bootstrap
generated project credential-free validation	Run the local credential-free gate	2026-09-16T02:30:44.4955500Z PASS: relay-tool-bootstrap (log: .temp/TASK-260715-sbrrp7/credential-free-validation/logs/relay-tool-bootstrap.log)
generated project credential-free validation	Run the local credential-free gate	2026-09-16T02:30:45.2421980Z ^[[2mmise^[[0m ^[[34mtuist^[[0m@4.202.5   [1/3] install
generated project credential-free validation	Run the local credential-free gate	2026-09-16T02:30:46.3998960Z ^[[2mmise^[[0m ^[[34mtuist^[[0m@4.202.5   [1/3] download tuist.zip
generated project credential-free validation	Run the local credential-free gate	2026-09-16T02:30:48.0770400Z ^[[2mmise^[[0m ^[[34mtuist^[[0m@4.202.5   [2/3] checksum tuist.zip
generated project credential-free validation	Run the local credential-free gate	2026-09-16T02:30:48.2934880Z ^[[2mmise^[[0m ^[[34mtuist^[[0m@4.202.5   [3/3] extract tuist.zip
generated project credential-free validation	Run the local credential-free gate	2026-09-16T02:30:49.1726640Z ^[[2mmise^[[0m ^[[34mtuist^[[0m@4.202.5 ^[[38;5;10m✓^[[0m installed
generated project credential-free validation	Run the local credential-free gate	2026-09-16T02:30:51.3673730Z RUN: relay-packaging
generated project credential-free validation	Run the local credential-free gate	2026-09-16T02:32:54.7612100Z PASS: relay-packaging (log: .temp/TASK-260715-sbrrp7/credential-free-validation/logs/relay-packaging.log)
generated project credential-free validation	Run the local credential-free gate	2026-09-16T02:32:54.7640580Z RUN: validation-contract-tests
generated project credential-free validation	Run the local credential-free gate	2026-09-16T02:33:19.2540930Z PASS: validation-contract-tests (log: .temp/TASK-260715-sbrrp7/credential-free-validation/logs/validation-contract-tests.log)
generated project credential-free validation	Run the local credential-free gate	2026-09-16T02:33:19.2574550Z RUN: deterministic-generation
generated project credential-free validation	Run the local credential-free gate	2026-09-16T02:33:40.0710880Z PASS: deterministic-generation (log: .temp/TASK-260715-sbrrp7/credential-free-validation/logs/deterministic-generation.log)
generated project credential-free validation	Run the local credential-free gate	2026-09-16T02:33:40.0747550Z RUN: macos-target-builds-and-contracts
generated project credential-free validation	Run the local credential-free gate	2026-09-16T02:34:24.5803140Z FAIL: macos-target-builds-and-contracts (exit 65; log: .temp/TASK-260715-sbrrp7/credential-free-validation/logs/macos-target-builds-and-contracts.log)
generated project credential-free validation	Run the local credential-free gate	2026-09-16T02:34:24.5905150Z     cd /Users/runner/work/relux-tunnel/relux-tunnel/relux-tunnel
generated project credential-free validation	Run the local credential-free gate	2026-09-16T02:34:24.6007330Z     builtin-copy -exclude .DS_Store -exclude CVS -exclude .svn -exclude .git -exclude .hg -resolve-src-symlinks -rename /Users/runner/work/relux-tunnel/relux-tunnel/relux-tunnel/.temp/TASK-260715-uyju7n/Intermediates/ReluxTunnel.build/Debug/ReluxTunnelMacOSAdapter.build/Objects-normal/x86_64/ReluxTunnelMacOSAdapter.swiftsourceinfo /Users/runner/work/relux-tunnel/relux-tunnel/relux-tunnel/.temp/TASK-260715-uyju7n/Products/Debug/ReluxTunnelMacOSAdapter.swiftmodule/Project/x86_64-apple-macos.swiftsourceinfo
generated project credential-free validation	Run the local credential-free gate	2026-09-16T02:34:24.6107730Z 
generated project credential-free validation	Run the local credential-free gate	2026-09-16T02:34:24.6209980Z Copy /Users/runner/work/relux-tunnel/relux-tunnel/relux-tunnel/.temp/TASK-260715-uyju7n/Products/Debug/ReluxTunnelMacOSAdapter.swiftmodule/Project/arm64-apple-macos.swiftsourceinfo /Users/runner/work/relux-tunnel/relux-tunnel/relux-tunnel/.temp/TASK-260715-uyju7n/Intermediates/ReluxTunnel.build/Debug/ReluxTunnelMacOSAdapter.build/Objects-normal/arm64/ReluxTunnelMacOSAdapter.swiftsourceinfo (in target 'ReluxTunnelMacOSAdapter' from project 'ReluxTunnel')
generated project credential-free validation	Run the local credential-free gate	2026-09-16T02:34:24.6309300Z     cd /Users/runner/work/relux-tunnel/relux-tunnel/relux-tunnel
generated project credential-free validation	Run the local credential-free gate	2026-09-16T02:34:24.6412190Z     builtin-copy -exclude .DS_Store -exclude CVS -exclude .svn -exclude .git -exclude .hg -resolve-src-symlinks -rename /Users/runner/work/relux-tunnel/relux-tunnel/relux-tunnel/.temp/TASK-260715-uyju7n/Intermediates/ReluxTunnel.build/Debug/ReluxTunnelMacOSAdapter.build/Objects-normal/arm64/ReluxTunnelMacOSAdapter.swiftsourceinfo /Users/runner/work/relux-tunnel/relux-tunnel/relux-tunnel/.temp/TASK-260715-uyju7n/Products/Debug/ReluxTunnelMacOSAdapter.swiftmodule/Project/arm64-apple-macos.swiftsourceinfo
generated project credential-free validation	Run the local credential-free gate	2026-09-16T02:34:24.6510620Z 
generated project credential-free validation	Run the local credential-free gate	2026-09-16T02:34:24.6613140Z SwiftCompile normal x86_64 Compiling\ MacOSVPNManagerPreferences.swift,\ NativePackagingAnchor.swift /Users/runner/work/relux-tunnel/relux-tunnel/relux-tunnel/Sources/ReluxTunnelMacOSAdapter/MacOSVPNManagerPreferences.swift /Users/runner/work/relux-tunnel/relux-tunnel/relux-tunnel/Sources/ReluxTunnelMacOSAdapter/NativePackagingAnchor.swift (in target 'ReluxTunnelMacOSAdapter' from project 'ReluxTunnel')
generated project credential-free validation	Run the local credential-free gate	2026-09-16T02:34:24.6716050Z 
generated project credential-free validation	Run the local credential-free gate	2026-09-16T02:34:24.6817710Z SwiftCompile normal x86_64 /Users/runner/work/relux-tunnel/relux-tunnel/relux-tunnel/Sources/ReluxTunnelMacOSAdapter/MacOSVPNManagerPreferences.swift (in target 'ReluxTunnelMacOSAdapter' from project 'ReluxTunnel')
generated project credential-free validation	Run the local credential-free gate	2026-09-16T02:34:24.6920440Z     cd /Users/runner/work/relux-tunnel/relux-tunnel/relux-tunnel
generated project credential-free validation	Run the local credential-free gate	2026-09-16T02:34:24.7021650Z     
generated project credential-free validation	Run the local credential-free gate	2026-09-16T02:34:24.7122770Z 
generated project credential-free validation	Run the local credential-free gate	2026-09-16T02:34:24.7224000Z SwiftCompile normal x86_64 /Users/runner/work/relux-tunnel/relux-tunnel/relux-tunnel/Sources/ReluxTunnelMacOSAdapter/NativePackagingAnchor.swift (in target 'ReluxTunnelMacOSAdapter' from project 'ReluxTunnel')
generated project credential-free validation	Run the local credential-free gate	2026-09-16T02:34:24.7324890Z     cd /Users/runner/work/relux-tunnel/relux-tunnel/relux-tunnel
generated project credential-free validation	Run the local credential-free gate	2026-09-16T02:34:24.7426500Z     
generated project credential-free validation	Run the local credential-free gate	2026-09-16T02:34:24.7526300Z 
generated project credential-free validation	Run the local credential-free gate	2026-09-16T02:34:24.7628350Z SwiftCompile normal arm64 Compiling\ MacOSVPNManagerPreferences.swift,\ NativePackagingAnchor.swift /Users/runner/work/relux-tunnel/relux-tunnel/relux-tunnel/Sources/ReluxTunnelMacOSAdapter/MacOSVPNManagerPreferences.swift /Users/runner/work/relux-tunnel/relux-tunnel/relux-tunnel/Sources/ReluxTunnelMacOSAdapter/NativePackagingAnchor.swift (in target 'ReluxTunnelMacOSAdapter' from project 'ReluxTunnel')
generated project credential-free validation	Run the local credential-free gate	2026-09-16T02:34:24.7728050Z 
generated project credential-free validation	Run the local credential-free gate	2026-09-16T02:34:24.7829360Z SwiftCompile normal arm64 /Users/runner/work/relux-tunnel/relux-tunnel/relux-tunnel/Sources/ReluxTunnelMacOSAdapter/MacOSVPNManagerPreferences.swift (in target 'ReluxTunnelMacOSAdapter' from project 'ReluxTunnel')
generated project credential-free validation	Run the local credential-free gate	2026-09-16T02:34:24.7930690Z     cd /Users/runner/work/relux-tunnel/relux-tunnel/relux-tunnel
generated project credential-free validation	Run the local credential-free gate	2026-09-16T02:34:24.8032840Z     
generated project credential-free validation	Run the local credential-free gate	2026-09-16T02:34:24.8132120Z 
generated project credential-free validation	Run the local credential-free gate	2026-09-16T02:34:24.8236530Z SwiftCompile normal arm64 /Users/runner/work/relux-tunnel/relux-tunnel/relux-tunnel/Sources/ReluxTunnelMacOSAdapter/NativePackagingAnchor.swift (in target 'ReluxTunnelMacOSAdapter' from project 'ReluxTunnel')
generated project credential-free validation	Run the local credential-free gate	2026-09-16T02:34:24.8333630Z     cd /Users/runner/work/relux-tunnel/relux-tunnel/relux-tunnel
generated project credential-free validation	Run the local credential-free gate	2026-09-16T02:34:24.8435060Z     
generated project credential-free validation	Run the local credential-free gate	2026-09-16T02:34:24.8535850Z 
generated project credential-free validation	Run the local credential-free gate	2026-09-16T02:34:24.8637300Z SwiftDriverJobDiscovery normal x86_64 Compiling MacOSVPNManagerPreferences.swift, NativePackagingAnchor.swift (in target 'ReluxTunnelMacOSAdapter' from project 'ReluxTunnel')
generated project credential-free validation	Run the local credential-free gate	2026-09-16T02:34:24.8737150Z 
generated project credential-free validation	Run the local credential-free gate	2026-09-16T02:34:24.8841020Z SwiftCompile normal arm64 Compiling\ MacOSSSHBootstrapErrorMapper.swift,\ MacOSSSHProfileSnapshotLoader.swift,\ MacOSSystemKeychainCredentialResolver.swift /Users/runner/work/relux-tunnel/relux-tunnel/relux-tunnel/Sources/ReluxTunnelMacOSAdapter/MacOSSSHBootstrapErrorMapper.swift /Users/runner/work/relux-tunnel/relux-tunnel/relux-tunnel/Sources/ReluxTunnelMacOSAdapter/MacOSSSHProfileSnapshotLoader.swift /Users/runner/work/relux-tunnel/relux-tunnel/relux-tunnel/Sources/ReluxTunnelMacOSAdapter/MacOSSystemKeychainCredentialResolver.swift (in target 'ReluxTunnelMacOSAdapter' from project 'ReluxTunnel')
generated project credential-free validation	Run the local credential-free gate	2026-09-16T02:34:24.8943540Z Failed frontend command:
generated project credential-free validation	Run the local credential-free gate	2026-09-16T02:34:24.9072810Z /Applications/Xcode_16.4.app/Contents/Developer/Toolchains/XcodeDefault.xctoolchain/usr/bin/swift-frontend -frontend -c /Users/runner/work/relux-tunnel/relux-tunnel/relux-tunnel/Sources/ReluxTunnelMacOSAdapter/MacOSProductionDependencyFactory.swift /Users/runner/work/relux-tunnel/relux-tunnel/relux-tunnel/Sources/ReluxTunnelMacOSAdapter/MacOSProductionSSHBootstrap.swift /Users/runner/work/relux-tunnel/relux-tunnel/relux-tunnel/Sources/ReluxTunnelMacOSAdapter/MacOSProviderCompositionRoot.swift -primary-file /Users/runner/work/relux-tunnel/relux-tunnel/relux-tunnel/Sources/ReluxTunnelMacOSAdapter/MacOSSSHBootstrapErrorMapper.swift -primary-file /Users/runner/work/relux-tunnel/relux-tunnel/relux-tunnel/Sources/ReluxTunnelMacOSAdapter/MacOSSSHProfileSnapshotLoader.swift -primary-file /Users/runner/work/relux-tunnel/relux-tunnel/relux-tunnel/Sources/ReluxTunnelMacOSAdapter/MacOSSystemKeychainCredentialResolver.swift /Users/runner/work/relux-tunnel/relux-tunnel/relux-tunnel/Sources/ReluxTunnelMacOSAdapter/MacOSVPNManagerPreferences.swift /Users/runner/work/relux-tunnel/relux-tunnel/relux-tunnel/Sources/ReluxTunnelMacOSAdapter/NativePackagingAnchor.swift -supplementary-output-file-map /Users/runner/work/relux-tunnel/relux-tunnel/relux-tunnel/.temp/TASK-260715-uyju7n/Intermediates/ReluxTunnel.build/Debug/ReluxTunnelMacOSAdapter.build/Objects-normal/arm64/supplementaryOutputs-14 -target arm64-apple-macos15.0 -Xllvm -aarch64-use-tbi -enable-objc-interop -stack-check -sdk /Applications/Xcode_16.4.app/Contents/Developer/Platforms/MacOSX.platform/Developer/SDKs/MacOSX15.5.sdk -I /Users/runner/work/relux-tunnel/relux-tunnel/relux-tunnel/.temp/TASK-260715-uyju7n/Products/Debug -I /Applications/Xcode_16.4.app/Contents/Developer/Platforms/MacOSX.platform/Developer/usr/lib -F /Users/runner/work/relux-tunnel/relux-tunnel/relux-tunnel/.temp/TASK-260715-uyju7n/Products/Debug/PackageFrameworks -F /Users/runner/work/relux-tunnel/relux-tunnel/relux-tunnel/.temp/TASK-260715-uyju7n/Products/Debug/PackageFrameworks -F /Users/runner/work/relux-tunnel/relux-tunnel/relux-tunnel/.temp/TASK-260715-uyju7n/Products/Debug/PackageFrameworks -F /Users/runner/work/relux-tunnel/relux-tunnel/relux-tunnel/.temp/TASK-260715-uyju7n/Products/Debug -F /Applications/Xcode_16.4.app/Contents/Developer/Platforms/MacOSX.platform/Developer/Library/Frameworks -no-color-diagnostics -enable-testing -g -debug-info-format\=dwarf -dwarf-version\=5 -module-cache-path /Users/runner/work/relux-tunnel/relux-tunnel/relux-tunnel/.temp/TASK-260715-uyju7n/DerivedData-validation/ModuleCache.noindex -swift-version 6 -enforce-exclusivity\=checked -Onone -D SWIFT_PACKAGE -D DEBUG -D Xcode -serialize-debugging-options -const-gather-protocols-file /Users/runner/work/relux-tunnel/relux-tunnel/relux-tunnel/.temp/TASK-260715-uyju7n/Intermediates/ReluxTunnel.build/Debug/ReluxTunnelMacOSAdapter.build/Objects-normal/arm64/ReluxTunnelMacOSAdapter_const_extract_protocols.json -enable-experimental-feature DebugDescriptionMacro -empty-abi-descriptor -plugin-path /Applications/Xcode_16.4.app/Contents/Developer/Toolchains/XcodeDefault.xctoolchain/usr/lib/swift/host/plugins/testing -validate-clang-modules-once -clang-build-session-file /Users/runner/work/relux-tunnel/relux-tunnel/relux-tunnel/.temp/TASK-260715-uyju7n/DerivedData-validation/ModuleCache.noindex/Session.modulevalidation -Xcc -working-directory -Xcc /Users/runner/work/relux-tunnel/relux-tunnel/relux-tunnel -resource-dir /Applications/Xcode_16.4.app/Contents/Developer/Toolchains/XcodeDefault.xctoolchain/usr/lib/swift -enable-anonymous-context-mangled-names -file-compilation-dir /Users/runner/work/relux-tunnel/relux-tunnel/relux-tunnel -Xcc -ivfsstatcache -Xcc /Users/runner/work/relux-tunnel/relux-tunnel/relux-tunnel/.temp/TASK-260715-uyju7n/DerivedData-validation/SDKStatCaches.noindex/macosx15.5-24F74-a403186ba963133a54a0e0cacd566b0b.sdkstatcache -Xcc -I/Users/runner/work/relux-tunnel/relux-tunnel/relux-tunnel/.temp/TASK-260715-uyju7n/Intermediates/ReluxTunnel.build/Debug/ReluxTunnelMacOSAdapter.build/swift-overrides.hmap -Xcc -I/Users/runner/work/relux-tunnel/relux-tunnel/relux-tunnel/.temp/TASK-260715-uyju7n/Products/Debug/include -Xcc -I/Users/runner/work/relux-tunnel/relux-tunnel/relux-tunnel/.temp/TASK-260715-uyju7n/Intermediates/ReluxTunnel.build/Debug/ReluxTunnelMacOSAdapter.build/DerivedSources-normal/arm64 -Xcc -I/Users/runner/work/relux-tunnel/relux-tunnel/relux-tunnel/.temp/TASK-260715-uyju7n/Intermediates/ReluxTunnel.build/Debug/ReluxTunnelMacOSAdapter.build/DerivedSources/arm64 -Xcc -I/Users/runner/work/relux-tunnel/relux-tunnel/relux-tunnel/.temp/TASK-260715-uyju7n/Intermediates/ReluxTunnel.build/Debug/ReluxTunnelMacOSAdapter.build/DerivedSources -Xcc -DSWIFT_PACKAGE -Xcc -DDEBUG\=1 -module-name ReluxTunnelMacOSAdapter -package-name relux_tunnel -frontend-parseable-output -disable-clang-spi -target-sdk-version 15.5 -target-sdk-name macosx15.5 -external-plugin-path /Applications/Xcode_16.4.app/Contents/Developer/Platforms/MacOSX.platform/Developer/usr/lib/swift/host/plugins\#/Applications/Xcode_16.4.app/Contents/Developer/Platforms/MacOSX.platform/Developer/usr/bin/swift-plugin-server -external-plugin-path /Applications/Xcode_16.4.app/Contents/Developer/Platforms/MacOSX.platform/Developer/usr/local/lib/swift/host/plugins\#/Applications/Xcode_16.4.app/Contents/Developer/Platforms/MacOSX.platform/Developer/usr/bin/swift-plugin-server -in-process-plugin-server-path /Applications/Xcode_16.4.app/Contents/Developer/Toolchains/XcodeDefault.xctoolchain/usr/lib/swift/host/libSwiftInProcPluginServer.dylib -plugin-path /Applications/Xcode_16.4.app/Contents/Developer/Toolchains/XcodeDefault.xctoolchain/usr/lib/swift/host/plugins -plugin-path /Applications/Xcode_16.4.app/Contents/Developer/Toolchains/XcodeDefault.xctoolchain/usr/local/lib/swift/host/plugins -o /Users/runner/work/relux-tunnel/relux-tunnel/relux-tunnel/.temp/TASK-260715-uyju7n/Intermediates/ReluxTunnel.build/Debug/ReluxTunnelMacOSAdapter.build/Objects-normal/arm64/MacOSSSHBootstrapErrorMapper.o -o /Users/runner/work/relux-tunnel/relux-tunnel/relux-tunnel/.temp/TASK-260715-uyju7n/Intermediates/ReluxTunnel.build/Debug/ReluxTunnelMacOSAdapter.build/Objects-normal/arm64/MacOSSSHProfileSnapshotLoader.o -o /Users/runner/work/relux-tunnel/relux-tunnel/relux-tunnel/.temp/TASK-260715-uyju7n/Intermediates/ReluxTunnel.build/Debug/ReluxTunnelMacOSAdapter.build/Objects-normal/arm64/MacOSSystemKeychainCredentialResolver.o -index-unit-output-path /ReluxTunnel.build/Debug/ReluxTunnelMacOSAdapter.build/Objects-normal/arm64/MacOSSSHBootstrapErrorMapper.o -index-unit-output-path /ReluxTunnel.build/Debug/ReluxTunnelMacOSAdapter.build/Objects-normal/arm64/MacOSSSHProfileSnapshotLoader.o -index-unit-output-path /ReluxTunnel.build/Debug/ReluxTunnelMacOSAdapter.build/Objects-normal/arm64/MacOSSystemKeychainCredentialResolver.o -index-store-path /Users/runner/work/relux-tunnel/relux-tunnel/relux-tunnel/.temp/TASK-260715-uyju7n/DerivedData-validation/Index.noindex/DataStore -index-system-modules
generated project credential-free validation	Run the local credential-free gate	2026-09-16T02:34:24.9146120Z 
generated project credential-free validation	Run the local credential-free gate	2026-09-16T02:34:24.9248610Z SwiftCompile normal arm64 /Users/runner/work/relux-tunnel/relux-tunnel/relux-tunnel/Sources/ReluxTunnelMacOSAdapter/MacOSSSHBootstrapErrorMapper.swift (in target 'ReluxTunnelMacOSAdapter' from project 'ReluxTunnel')
generated project credential-free validation	Run the local credential-free gate	2026-09-16T02:34:24.9351540Z     cd /Users/runner/work/relux-tunnel/relux-tunnel/relux-tunnel
generated project credential-free validation	Run the local credential-free gate	2026-09-16T02:34:24.9454110Z     
generated project credential-free validation	Run the local credential-free gate	2026-09-16T02:34:24.9555960Z /Users/runner/work/relux-tunnel/relux-tunnel/relux-tunnel/Sources/ReluxTunnelMacOSAdapter/MacOSSSHBootstrapErrorMapper.swift:37:11: error: type 'NWError' has no member 'wifiAware'
generated project credential-free validation	Run the local credential-free gate	2026-09-16T02:34:24.9658280Z     case .wifiAware:
generated project credential-free validation	Run the local credential-free gate	2026-09-16T02:34:24.9760240Z          ~^~~~~~~~~
generated project credential-free validation	Run the local credential-free gate	2026-09-16T02:34:24.9861640Z 
generated project credential-free validation	Run the local credential-free gate	2026-09-16T02:34:24.9963320Z SwiftCompile normal arm64 /Users/runner/work/relux-tunnel/relux-tunnel/relux-tunnel/Sources/ReluxTunnelMacOSAdapter/MacOSSSHProfileSnapshotLoader.swift (in target 'ReluxTunnelMacOSAdapter' from project 'ReluxTunnel')
generated project credential-free validation	Run the local credential-free gate	2026-09-16T02:34:25.0065870Z     cd /Users/runner/work/relux-tunnel/relux-tunnel/relux-tunnel
generated project credential-free validation	Run the local credential-free gate	2026-09-16T02:34:25.0165970Z     
generated project credential-free validation	Run the local credential-free gate	2026-09-16T02:34:25.0266830Z 
generated project credential-free validation	Run the local credential-free gate	2026-09-16T02:34:25.0368630Z SwiftCompile normal arm64 /Users/runner/work/relux-tunnel/relux-tunnel/relux-tunnel/Sources/ReluxTunnelMacOSAdapter/MacOSSystemKeychainCredentialResolver.swift (in target 'ReluxTunnelMacOSAdapter' from project 'ReluxTunnel')
generated project credential-free validation	Run the local credential-free gate	2026-09-16T02:34:25.0468350Z     cd /Users/runner/work/relux-tunnel/relux-tunnel/relux-tunnel
generated project credential-free validation	Run the local credential-free gate	2026-09-16T02:34:25.0569930Z     
generated project credential-free validation	Run the local credential-free gate	2026-09-16T02:34:25.0671600Z /Users/runner/work/relux-tunnel/relux-tunnel/relux-tunnel/Sources/ReluxTunnelMacOSAdapter/MacOSSystemKeychainCredentialResolver.swift:317:18: warning: 'SecKeychainCopyDomainDefault' was deprecated in macOS 10.10: SecKeychain is deprecated
generated project credential-free validation	Run the local credential-free gate	2026-09-16T02:34:25.0772220Z     let status = SecKeychainCopyDomainDefault(.system, &keychain)
generated project credential-free validation	Run the local credential-free gate	2026-09-16T02:34:25.0874090Z                  ^
generated project credential-free validation	Run the local credential-free gate	2026-09-16T02:34:25.0974880Z 
generated project credential-free validation	Run the local credential-free gate	2026-09-16T02:34:25.1076520Z SwiftDriverJobDiscovery normal arm64 Compiling MacOSProductionDependencyFactory.swift, MacOSProductionSSHBootstrap.swift, MacOSProviderCompositionRoot.swift (in target 'ReluxTunnelMacOSAdapter' from project 'ReluxTunnel')
generated project credential-free validation	Run the local credential-free gate	2026-09-16T02:34:25.1176080Z 
generated project credential-free validation	Run the local credential-free gate	2026-09-16T02:34:25.1278880Z SwiftCompile normal x86_64 Compiling\ MacOSSSHBootstrapErrorMapper.swift,\ MacOSSSHProfileSnapshotLoader.swift,\ MacOSSystemKeychainCredentialResolver.swift /Users/runner/work/relux-tunnel/relux-tunnel/relux-tunnel/Sources/ReluxTunnelMacOSAdapter/MacOSSSHBootstrapErrorMapper.swift /Users/runner/work/relux-tunnel/relux-tunnel/relux-tunnel/Sources/ReluxTunnelMacOSAdapter/MacOSSSHProfileSnapshotLoader.swift /Users/runner/work/relux-tunnel/relux-tunnel/relux-tunnel/Sources/ReluxTunnelMacOSAdapter/MacOSSystemKeychainCredentialResolver.swift (in target 'ReluxTunnelMacOSAdapter' from project 'ReluxTunnel')
generated project credential-free validation	Run the local credential-free gate	2026-09-16T02:34:25.1379200Z SwiftCompile normal x86_64 /Users/runner/work/relux-tunnel/relux-tunnel/relux-tunnel/Sources/ReluxTunnelMacOSAdapter/MacOSSSHBootstrapErrorMapper.swift (in target 'ReluxTunnelMacOSAdapter' from project 'ReluxTunnel')
generated project credential-free validation	Run the local credential-free gate	2026-09-16T02:34:25.1481840Z     cd /Users/runner/work/relux-tunnel/relux-tunnel/relux-tunnel
generated project credential-free validation	Run the local credential-free gate	2026-09-16T02:34:25.1618800Z     
generated project credential-free validation	Run the local credential-free gate	2026-09-16T02:34:25.1642510Z 
generated project credential-free validation	Run the local credential-free gate	2026-09-16T02:34:25.1741810Z SwiftCompile normal x86_64 /Users/runner/work/relux-tunnel/relux-tunnel/relux-tunnel/Sources/ReluxTunnelMacOSAdapter/MacOSSSHProfileSnapshotLoader.swift (in target 'ReluxTunnelMacOSAdapter' from project 'ReluxTunnel')
generated project credential-free validation	Run the local credential-free gate	2026-09-16T02:34:25.1832150Z     cd /Users/runner/work/relux-tunnel/relux-tunnel/relux-tunnel
generated project credential-free validation	Run the local credential-free gate	2026-09-16T02:34:25.1933630Z     
generated project credential-free validation	Run the local credential-free gate	2026-09-16T02:34:25.2034400Z 
generated project credential-free validation	Run the local credential-free gate	2026-09-16T02:34:25.2135960Z SwiftCompile normal x86_64 /Users/runner/work/relux-tunnel/relux-tunnel/relux-tunnel/Sources/ReluxTunnelMacOSAdapter/MacOSSystemKeychainCredentialResolver.swift (in target 'ReluxTunnelMacOSAdapter' from project 'ReluxTunnel')
generated project credential-free validation	Run the local credential-free gate	2026-09-16T02:34:25.2237520Z     cd /Users/runner/work/relux-tunnel/relux-tunnel/relux-tunnel
generated project credential-free validation	Run the local credential-free gate	2026-09-16T02:34:25.2337920Z     
generated project credential-free validation	Run the local credential-free gate	2026-09-16T02:34:25.2403000Z 
generated project credential-free validation	Run the local credential-free gate	2026-09-16T02:34:25.2503240Z SwiftDriverJobDiscovery normal arm64 Compiling MacOSVPNManagerPreferences.swift, NativePackagingAnchor.swift (in target 'ReluxTunnelMacOSAdapter' from project 'ReluxTunnel')
generated project credential-free validation	Run the local credential-free gate	2026-09-16T02:34:25.2565550Z 
generated project credential-free validation	Run the local credential-free gate	2026-09-16T02:34:25.2634220Z SwiftCompile normal x86_64 Compiling\ MacOSProductionDependencyFactory.swift,\ MacOSProductionSSHBootstrap.swift,\ MacOSProviderCompositionRoot.swift /Users/runner/work/relux-tunnel/relux-tunnel/relux-tunnel/Sources/ReluxTunnelMacOSAdapter/MacOSProductionDependencyFactory.swift /Users/runner/work/relux-tunnel/relux-tunnel/relux-tunnel/Sources/ReluxTunnelMacOSAdapter/MacOSProductionSSHBootstrap.swift /Users/runner/work/relux-tunnel/relux-tunnel/relux-tunnel/Sources/ReluxTunnelMacOSAdapter/MacOSProviderCompositionRoot.swift (in target 'ReluxTunnelMacOSAdapter' from project 'ReluxTunnel')
generated project credential-free validation	Run the local credential-free gate	2026-09-16T02:34:25.2672320Z Command SwiftCompile failed with a nonzero exit code
generated project credential-free validation	Run the local credential-free gate	2026-09-16T02:34:25.2685270Z 
generated project credential-free validation	Run the local credential-free gate	2026-09-16T02:34:25.2686890Z ** BUILD FAILED **
generated project credential-free validation	Run the local credential-free gate	2026-09-16T02:34:25.2687020Z 
generated project credential-free validation	Run the local credential-free gate	2026-09-16T02:34:25.2687100Z 
generated project credential-free validation	Run the local credential-free gate	2026-09-16T02:34:25.2687540Z The following build commands failed:
generated project credential-free validation	Run the local credential-free gate	2026-09-16T02:34:25.2689670Z 	SwiftCompile normal arm64 Compiling\ MacOSSSHBootstrapErrorMapper.swift,\ MacOSSSHProfileSnapshotLoader.swift,\ MacOSSystemKeychainCredentialResolver.swift /Users/runner/work/relux-tunnel/relux-tunnel/relux-tunnel/Sources/ReluxTunnelMacOSAdapter/MacOSSSHBootstrapErrorMapper.swift /Users/runner/work/relux-tunnel/relux-tunnel/relux-tunnel/Sources/ReluxTunnelMacOSAdapter/MacOSSSHProfileSnapshotLoader.swift /Users/runner/work/relux-tunnel/relux-tunnel/relux-tunnel/Sources/ReluxTunnelMacOSAdapter/MacOSSystemKeychainCredentialResolver.swift (in target 'ReluxTunnelMacOSAdapter' from project 'ReluxTunnel')
generated project credential-free validation	Run the local credential-free gate	2026-09-16T02:34:25.2692810Z 	SwiftCompile normal arm64 /Users/runner/work/relux-tunnel/relux-tunnel/relux-tunnel/Sources/ReluxTunnelMacOSAdapter/MacOSSSHBootstrapErrorMapper.swift (in target 'ReluxTunnelMacOSAdapter' from project 'ReluxTunnel')
generated project credential-free validation	Run the local credential-free gate	2026-09-16T02:34:25.2695780Z 	SwiftCompile normal x86_64 Compiling\ MacOSProductionDependencyFactory.swift,\ MacOSProductionSSHBootstrap.swift,\ MacOSProviderCompositionRoot.swift /Users/runner/work/relux-tunnel/relux-tunnel/relux-tunnel/Sources/ReluxTunnelMacOSAdapter/MacOSProductionDependencyFactory.swift /Users/runner/work/relux-tunnel/relux-tunnel/relux-tunnel/Sources/ReluxTunnelMacOSAdapter/MacOSProductionSSHBootstrap.swift /Users/runner/work/relux-tunnel/relux-tunnel/relux-tunnel/Sources/ReluxTunnelMacOSAdapter/MacOSProviderCompositionRoot.swift (in target 'ReluxTunnelMacOSAdapter' from project 'ReluxTunnel')
generated project credential-free validation	Run the local credential-free gate	2026-09-16T02:34:25.2697930Z 	Building workspace ReluxTunnel with scheme ReluxProxyMac and configuration Debug
generated project credential-free validation	Run the local credential-free gate	2026-09-16T02:34:25.2698390Z (4 failures)
generated project credential-free validation	Run the local credential-free gate	2026-09-16T02:34:25.2698610Z make: *** [credential-free-validate] Error 65
generated project credential-free validation	Run the local credential-free gate	2026-09-16T02:34:25.2719260Z ##[error]Process completed with exit code 2.
generated project credential-free validation	Upload privacy-safe validation evidence	﻿2026-09-16T02:34:25.2997110Z Node 20 is being deprecated. This workflow is running with Node 24 by default. If you need to temporarily use Node 20, you can set the ACTIONS_ALLOW_USE_UNSECURE_NODE_VERSION=true environment variable. For more information see: https://github.blog/changelog/2025-09-19-deprecation-of-node-20-on-github-actions-runners/
generated project credential-free validation	Upload privacy-safe validation evidence	2026-09-16T02:34:25.2998680Z ##[group]Run actions/upload-artifact@ea165f8d65b6e75b540449e92b4886f43607fa02
generated project credential-free validation	Upload privacy-safe validation evidence	2026-09-16T02:34:25.2999160Z with:
generated project credential-free validation	Upload privacy-safe validation evidence	2026-09-16T02:34:25.2999370Z   name: credential-free-generated-project-35048178384
generated project credential-free validation	Upload privacy-safe validation evidence	2026-09-16T02:34:25.3000260Z   path: relux-tunnel/.temp/TASK-260715-sbrrp7/credential-free-validation/summary.log
generated project credential-free validation	Upload privacy-safe validation evidence	relux-tunnel/.temp/TASK-260715-sbrrp7/credential-free-validation/environment.log
generated project credential-free validation	Upload privacy-safe validation evidence	relux-tunnel/.temp/TASK-260715-sbrrp7/credential-free-validation/logs
generated project credential-free validation	Upload privacy-safe validation evidence	
generated project credential-free validation	Upload privacy-safe validation evidence	2026-09-16T02:34:25.3001180Z   if-no-files-found: error
generated project credential-free validation	Upload privacy-safe validation evidence	2026-09-16T02:34:25.3001440Z   retention-days: 14
generated project credential-free validation	Upload privacy-safe validation evidence	2026-09-16T02:34:25.3001620Z   compression-level: 6
generated project credential-free validation	Upload privacy-safe validation evidence	2026-09-16T02:34:25.3001910Z   overwrite: false
generated project credential-free validation	Upload privacy-safe validation evidence	2026-09-16T02:34:25.3002260Z   include-hidden-files: false
generated project credential-free validation	Upload privacy-safe validation evidence	2026-09-16T02:34:25.3002500Z env:
generated project credential-free validation	Upload privacy-safe validation evidence	2026-09-16T02:34:25.3002710Z   MISE_LOG_LEVEL: info
generated project credential-free validation	Upload privacy-safe validation evidence	2026-09-16T02:34:25.3005120Z   MISE_GITHUB_TOKEN: ***
generated project credential-free validation	Upload privacy-safe validation evidence	2026-09-16T02:34:25.3005390Z   MISE_TRUSTED_CONFIG_PATHS: /Users/runner/work/relux-tunnel/relux-tunnel
generated project credential-free validation	Upload privacy-safe validation evidence	2026-09-16T02:34:25.3005800Z   MISE_YES: 1
generated project credential-free validation	Upload privacy-safe validation evidence	2026-09-16T02:34:25.3006020Z ##[endgroup]
generated project credential-free validation	Upload privacy-safe validation evidence	2026-09-16T02:34:25.8149640Z (node:20063) [DEP0040] DeprecationWarning: The `punycode` module is deprecated. Please use a userland alternative instead.
generated project credential-free validation	Upload privacy-safe validation evidence	2026-09-16T02:34:25.8150660Z (Use `node --trace-deprecation ...` to show where the warning was created)
generated project credential-free validation	Upload privacy-safe validation evidence	2026-09-16T02:34:25.8236500Z Multiple search paths detected. Calculating the least common ancestor of all paths
generated project credential-free validation	Upload privacy-safe validation evidence	2026-09-16T02:34:25.8239530Z The least common ancestor is /Users/runner/work/relux-tunnel/relux-tunnel/relux-tunnel/.temp/TASK-260715-sbrrp7/credential-free-validation. This will be the root directory of the artifact
generated project credential-free validation	Upload privacy-safe validation evidence	2026-09-16T02:34:25.8241980Z With the provided path, there will be 8 files uploaded
generated project credential-free validation	Upload privacy-safe validation evidence	2026-09-16T02:34:25.8242760Z Artifact name is valid!
generated project credential-free validation	Upload privacy-safe validation evidence	2026-09-16T02:34:25.8243180Z Root directory input is valid!
generated project credential-free validation	Upload privacy-safe validation evidence	2026-09-16T02:34:26.2341830Z Beginning upload of artifact content to blob storage
generated project credential-free validation	Upload privacy-safe validation evidence	2026-09-16T02:34:26.2695050Z (node:20063) [DEP0169] DeprecationWarning: `url.parse()` behavior is not standardized and prone to errors that have security implications. Use the WHATWG URL API instead. CVEs are not issued for `url.parse()` vulnerabilities.
generated project credential-free validation	Upload privacy-safe validation evidence	2026-09-16T02:34:26.6017060Z Uploaded bytes 28315
generated project credential-free validation	Upload privacy-safe validation evidence	2026-09-16T02:34:26.6779320Z Finished uploading artifact content to blob storage!
generated project credential-free validation	Upload privacy-safe validation evidence	2026-09-16T02:34:26.6780280Z SHA256 digest of uploaded artifact zip is 6046af0237b9c4a1ee185f98624a4f3823ef70129a333683fc5298f5b92d528d
generated project credential-free validation	Upload privacy-safe validation evidence	2026-09-16T02:34:26.6781490Z Finalizing artifact upload
generated project credential-free validation	Upload privacy-safe validation evidence	2026-09-16T02:34:26.9118250Z Artifact credential-free-generated-project-35048178384.zip successfully finalized. Artifact ID 10428136353
generated project credential-free validation	Upload privacy-safe validation evidence	2026-09-16T02:34:26.9119530Z Artifact credential-free-generated-project-35048178384 has been successfully uploaded! Final size is 28315 bytes. Artifact ID is 10428136353
generated project credential-free validation	Upload privacy-safe validation evidence	2026-09-16T02:34:26.9127890Z Artifact download URL: https://github.com/relux-works/relux-tunnel/actions/runs/35048178384/artifacts/10428136353
generated project credential-free validation	Post Run actions/checkout@3d3c42e5aac5ba805825da76410c181273ba90b1	﻿2026-09-16T02:34:26.9321080Z Post job cleanup.
generated project credential-free validation	Post Run actions/checkout@3d3c42e5aac5ba805825da76410c181273ba90b1	2026-09-16T02:34:27.0498150Z [command]/opt/homebrew/bin/git version
generated project credential-free validation	Post Run actions/checkout@3d3c42e5aac5ba805825da76410c181273ba90b1	2026-09-16T02:34:27.0768620Z git version 2.55.0
generated project credential-free validation	Post Run actions/checkout@3d3c42e5aac5ba805825da76410c181273ba90b1	2026-09-16T02:34:27.0795720Z Copying '/Users/runner/.gitconfig' to '/Users/runner/work/_temp/a6a3796e-2abf-42a9-a14c-2ffe189ce4b5/.gitconfig'
generated project credential-free validation	Post Run actions/checkout@3d3c42e5aac5ba805825da76410c181273ba90b1	2026-09-16T02:34:27.0803480Z Temporarily overriding HOME='/Users/runner/work/_temp/a6a3796e-2abf-42a9-a14c-2ffe189ce4b5' before making global git config changes
generated project credential-free validation	Post Run actions/checkout@3d3c42e5aac5ba805825da76410c181273ba90b1	2026-09-16T02:34:27.0804380Z Adding repository directory to the temporary git global config as a safe directory
generated project credential-free validation	Post Run actions/checkout@3d3c42e5aac5ba805825da76410c181273ba90b1	2026-09-16T02:34:27.0807810Z [command]/opt/homebrew/bin/git config --global --add safe.directory /Users/runner/work/relux-tunnel/relux-tunnel/relux-proxy
generated project credential-free validation	Post Run actions/checkout@3d3c42e5aac5ba805825da76410c181273ba90b1	2026-09-16T02:34:27.0936060Z Removing SSH command configuration
generated project credential-free validation	Post Run actions/checkout@3d3c42e5aac5ba805825da76410c181273ba90b1	2026-09-16T02:34:27.0941970Z [command]/opt/homebrew/bin/git config --local --name-only --get-regexp core\.sshCommand
generated project credential-free validation	Post Run actions/checkout@3d3c42e5aac5ba805825da76410c181273ba90b1	2026-09-16T02:34:27.1014000Z [command]/opt/homebrew/bin/git submodule foreach --recursive sh -c "git config --local --name-only --get-regexp 'core\.sshCommand' && git config --local --unset-all 'core.sshCommand' || :"
generated project credential-free validation	Post Run actions/checkout@3d3c42e5aac5ba805825da76410c181273ba90b1	2026-09-16T02:34:27.2274200Z Removing HTTP extra header
generated project credential-free validation	Post Run actions/checkout@3d3c42e5aac5ba805825da76410c181273ba90b1	2026-09-16T02:34:27.2275290Z [command]/opt/homebrew/bin/git config --local --name-only --get-regexp http\.https\:\/\/github\.com\/\.extraheader
generated project credential-free validation	Post Run actions/checkout@3d3c42e5aac5ba805825da76410c181273ba90b1	2026-09-16T02:34:27.2368250Z [command]/opt/homebrew/bin/git submodule foreach --recursive sh -c "git config --local --name-only --get-regexp 'http\.https\:\/\/github\.com\/\.extraheader' && git config --local --unset-all 'http.https://github.com/.extraheader' || :"
generated project credential-free validation	Post Run actions/checkout@3d3c42e5aac5ba805825da76410c181273ba90b1	2026-09-16T02:34:27.3456430Z Removing includeIf entries pointing to credentials config files
generated project credential-free validation	Post Run actions/checkout@3d3c42e5aac5ba805825da76410c181273ba90b1	2026-09-16T02:34:27.3465640Z [command]/opt/homebrew/bin/git config --local --name-only --get-regexp ^includeIf\.gitdir:
generated project credential-free validation	Post Run actions/checkout@3d3c42e5aac5ba805825da76410c181273ba90b1	2026-09-16T02:34:27.3587870Z [command]/opt/homebrew/bin/git submodule foreach --recursive git config --local --show-origin --name-only --get-regexp remote.origin.url
generated project credential-free validation	Post Run actions/checkout@3d3c42e5aac5ba805825da76410c181273ba90b1	﻿2026-09-16T02:34:27.4626780Z Post job cleanup.
generated project credential-free validation	Post Run actions/checkout@3d3c42e5aac5ba805825da76410c181273ba90b1	2026-09-16T02:34:27.5643990Z [command]/opt/homebrew/bin/git version
generated project credential-free validation	Post Run actions/checkout@3d3c42e5aac5ba805825da76410c181273ba90b1	2026-09-16T02:34:27.5709720Z git version 2.55.0
generated project credential-free validation	Post Run actions/checkout@3d3c42e5aac5ba805825da76410c181273ba90b1	2026-09-16T02:34:27.5726010Z Copying '/Users/runner/.gitconfig' to '/Users/runner/work/_temp/f11dd207-9c2b-4292-9b1f-ad1dfa714869/.gitconfig'
generated project credential-free validation	Post Run actions/checkout@3d3c42e5aac5ba805825da76410c181273ba90b1	2026-09-16T02:34:27.5732400Z Temporarily overriding HOME='/Users/runner/work/_temp/f11dd207-9c2b-4292-9b1f-ad1dfa714869' before making global git config changes
generated project credential-free validation	Post Run actions/checkout@3d3c42e5aac5ba805825da76410c181273ba90b1	2026-09-16T02:34:27.5733190Z Adding repository directory to the temporary git global config as a safe directory
generated project credential-free validation	Post Run actions/checkout@3d3c42e5aac5ba805825da76410c181273ba90b1	2026-09-16T02:34:27.5735850Z [command]/opt/homebrew/bin/git config --global --add safe.directory /Users/runner/work/relux-tunnel/relux-tunnel/relux-tunnel
generated project credential-free validation	Post Run actions/checkout@3d3c42e5aac5ba805825da76410c181273ba90b1	2026-09-16T02:34:27.5812090Z Removing SSH command configuration
generated project credential-free validation	Post Run actions/checkout@3d3c42e5aac5ba805825da76410c181273ba90b1	2026-09-16T02:34:27.5816990Z [command]/opt/homebrew/bin/git config --local --name-only --get-regexp core\.sshCommand
generated project credential-free validation	Post Run actions/checkout@3d3c42e5aac5ba805825da76410c181273ba90b1	2026-09-16T02:34:27.5894470Z [command]/opt/homebrew/bin/git submodule foreach --recursive sh -c "git config --local --name-only --get-regexp 'core\.sshCommand' && git config --local --unset-all 'core.sshCommand' || :"
generated project credential-free validation	Post Run actions/checkout@3d3c42e5aac5ba805825da76410c181273ba90b1	2026-09-16T02:34:27.6867090Z Removing HTTP extra header
generated project credential-free validation	Post Run actions/checkout@3d3c42e5aac5ba805825da76410c181273ba90b1	2026-09-16T02:34:27.6872120Z [command]/opt/homebrew/bin/git config --local --name-only --get-regexp http\.https\:\/\/github\.com\/\.extraheader
generated project credential-free validation	Post Run actions/checkout@3d3c42e5aac5ba805825da76410c181273ba90b1	2026-09-16T02:34:27.6947860Z [command]/opt/homebrew/bin/git submodule foreach --recursive sh -c "git config --local --name-only --get-regexp 'http\.https\:\/\/github\.com\/\.extraheader' && git config --local --unset-all 'http.https://github.com/.extraheader' || :"
generated project credential-free validation	Post Run actions/checkout@3d3c42e5aac5ba805825da76410c181273ba90b1	2026-09-16T02:34:27.8063340Z Removing includeIf entries pointing to credentials config files
generated project credential-free validation	Post Run actions/checkout@3d3c42e5aac5ba805825da76410c181273ba90b1	2026-09-16T02:34:27.8070360Z [command]/opt/homebrew/bin/git config --local --name-only --get-regexp ^includeIf\.gitdir:
generated project credential-free validation	Post Run actions/checkout@3d3c42e5aac5ba805825da76410c181273ba90b1	2026-09-16T02:34:27.8147480Z [command]/opt/homebrew/bin/git submodule foreach --recursive git config --local --show-origin --name-only --get-regexp remote.origin.url
generated project credential-free validation	Complete job	﻿2026-09-16T02:34:27.9362100Z Cleaning up orphan processes
generated project credential-free validation	Complete job	2026-09-16T02:34:29.3612780Z ##[warning]Node.js 20 is deprecated. The following actions target Node.js 20 but are being forced to run on Node.js 24: actions/upload-artifact@ea165f8d65b6e75b540449e92b4886f43607fa02. For more information see: https://github.blog/changelog/2025-09-19-deprecation-of-node-20-on-github-actions-runners/
