=====================================
=== SESSION START: 2026-07-16_14-34-41 ===
Time: 2026-07-16T14:34:41+04:00
Working dir: /Users/iv/Developer/relux-proxy
=====================================

[14:34:41.801] [INFO] task-board-tui version 0.20.1-13-g3c2b0d6 (commit 3c2b0d6)
[14:34:41.802] [INFO] Config loaded, refresh interval: 10s
[14:34:41.802] [INFO] Startup context: cwd=/Users/iv/Developer/relux-proxy remote="" board="" user="" insecure=false
[14:34:41.913] [DEBUG] loadTreeCmd start: cwd=/Users/iv/Developer/relux-proxy remote="" board="" user=""
[14:34:42.231] [INFO] loadTreeCmd success: roots=6
[14:34:42.231] [INFO] treeLoadedMsg applied: roots=6 rows=11 loadErr=<nil>
[14:34:51.913] [DEBUG] loadTreeCmd start: cwd=/Users/iv/Developer/relux-proxy remote="" board="" user=""
[14:34:52.206] [INFO] loadTreeCmd success: roots=6
[14:34:52.206] [INFO] treeLoadedMsg applied: roots=6 rows=11 loadErr=<nil>
[14:35:01.915] [DEBUG] loadTreeCmd start: cwd=/Users/iv/Developer/relux-proxy remote="" board="" user=""
[14:35:02.206] [INFO] loadTreeCmd success: roots=6
[14:35:02.206] [INFO] treeLoadedMsg applied: roots=6 rows=11 loadErr=<nil>
[14:35:11.915] [DEBUG] loadTreeCmd start: cwd=/Users/iv/Developer/relux-proxy remote="" board="" user=""
[14:35:12.200] [INFO] loadTreeCmd success: roots=6
[14:35:12.200] [INFO] treeLoadedMsg applied: roots=6 rows=11 loadErr=<nil>
[14:35:21.916] [DEBUG] loadTreeCmd start: cwd=/Users/iv/Developer/relux-proxy remote="" board="" user=""
[14:35:22.202] [INFO] loadTreeCmd success: roots=6
[14:35:22.203] [INFO] treeLoadedMsg applied: roots=6 rows=11 loadErr=<nil>
[14:35:31.917] [DEBUG] loadTreeCmd start: cwd=/Users/iv/Developer/relux-proxy remote="" board="" user=""
[14:35:32.206] [INFO] loadTreeCmd success: roots=6
[14:35:32.207] [INFO] treeLoadedMsg applied: roots=6 rows=11 loadErr=<nil>
[14:35:41.919] [DEBUG] loadTreeCmd start: cwd=/Users/iv/Developer/relux-proxy remote="" board="" user=""
[14:35:42.206] [INFO] loadTreeCmd success: roots=6
[14:35:42.206] [INFO] treeLoadedMsg applied: roots=6 rows=11 loadErr=<nil>
[14:35:51.920] [DEBUG] loadTreeCmd start: cwd=/Users/iv/Developer/relux-proxy remote="" board="" user=""
[14:35:52.208] [INFO] loadTreeCmd success: roots=6
[14:35:52.209] [INFO] treeLoadedMsg applied: roots=6 rows=11 loadErr=<nil>
[14:36:01.921] [DEBUG] loadTreeCmd start: cwd=/Users/iv/Developer/relux-proxy remote="" board="" user=""
[14:36:02.208] [INFO] loadTreeCmd success: roots=6
[14:36:02.208] [INFO] treeLoadedMsg applied: roots=6 rows=11 loadErr=<nil>
[14:36:11.921] [DEBUG] loadTreeCmd start: cwd=/Users/iv/Developer/relux-proxy remote="" board="" user=""
[14:36:12.208] [INFO] loadTreeCmd success: roots=6
[14:36:12.209] [INFO] treeLoadedMsg applied: roots=6 rows=11 loadErr=<nil>
[14:36:21.921] [DEBUG] loadTreeCmd start: cwd=/Users/iv/Developer/relux-proxy remote="" board="" user=""
[14:36:22.205] [INFO] loadTreeCmd success: roots=6
[14:36:22.206] [INFO] treeLoadedMsg applied: roots=6 rows=11 loadErr=<nil>
[14:36:31.922] [DEBUG] loadTreeCmd start: cwd=/Users/iv/Developer/relux-proxy remote="" board="" user=""
[14:36:32.206] [INFO] loadTreeCmd success: roots=6
[14:36:32.206] [INFO] treeLoadedMsg applied: roots=6 rows=11 loadErr=<nil>
[14:36:41.922] [DEBUG] loadTreeCmd start: cwd=/Users/iv/Developer/relux-proxy remote="" board="" user=""
[14:36:42.214] [INFO] loadTreeCmd success: roots=6
[14:36:42.214] [INFO] treeLoadedMsg applied: roots=6 rows=11 loadErr=<nil>
[14:36:51.922] [DEBUG] loadTreeCmd start: cwd=/Users/iv/Developer/relux-proxy remote="" board="" user=""
[14:36:52.215] [INFO] loadTreeCmd success: roots=6
[14:36:52.215] [INFO] treeLoadedMsg applied: roots=6 rows=11 loadErr=<nil>
[14:37:01.923] [DEBUG] loadTreeCmd start: cwd=/Users/iv/Developer/relux-proxy remote="" board="" user=""
[14:37:02.206] [INFO] loadTreeCmd success: roots=6
[14:37:02.206] [INFO] treeLoadedMsg applied: roots=6 rows=11 loadErr=<nil>
[14:37:11.923] [DEBUG] loadTreeCmd start: cwd=/Users/iv/Developer/relux-proxy remote="" board="" user=""
[14:37:12.212] [INFO] loadTreeCmd success: roots=6
[14:37:12.212] [INFO] treeLoadedMsg applied: roots=6 rows=11 loadErr=<nil>
[14:37:21.923] [DEBUG] loadTreeCmd start: cwd=/Users/iv/Developer/relux-proxy remote="" board="" user=""
[14:37:22.213] [INFO] loadTreeCmd success: roots=6
[14:37:22.213] [INFO] treeLoadedMsg applied: roots=6 rows=11 loadErr=<nil>
[14:37:31.923] [DEBUG] loadTreeCmd start: cwd=/Users/iv/Developer/relux-proxy remote="" board="" user=""
[14:37:32.010] [INFO] loadTreeCmd success: roots=6
[14:37:32.010] [INFO] treeLoadedMsg applied: roots=6 rows=11 loadErr=<nil>
[14:37:41.924] [DEBUG] loadTreeCmd start: cwd=/Users/iv/Developer/relux-proxy remote="" board="" user=""
[14:37:42.008] [INFO] loadTreeCmd success: roots=6
[14:37:42.008] [INFO] treeLoadedMsg applied: roots=6 rows=11 loadErr=<nil>
[14:37:51.924] [DEBUG] loadTreeCmd start: cwd=/Users/iv/Developer/relux-proxy remote="" board="" user=""
[14:37:52.011] [INFO] loadTreeCmd success: roots=6
[14:37:52.011] [INFO] treeLoadedMsg applied: roots=6 rows=11 loadErr=<nil>
[14:38:01.924] [DEBUG] loadTreeCmd start: cwd=/Users/iv/Developer/relux-proxy remote="" board="" user=""
[14:38:02.007] [INFO] loadTreeCmd success: roots=6
[14:38:02.007] [INFO] treeLoadedMsg applied: roots=6 rows=11 loadErr=<nil>
[14:38:11.925] [DEBUG] loadTreeCmd start: cwd=/Users/iv/Developer/relux-proxy remote="" board="" user=""
[14:38:12.008] [INFO] loadTreeCmd success: roots=6
[14:38:12.008] [INFO] treeLoadedMsg applied: roots=6 rows=11 loadErr=<nil>
[14:38:21.925] [DEBUG] loadTreeCmd start: cwd=/Users/iv/Developer/relux-proxy remote="" board="" user=""
[14:38:22.004] [INFO] loadTreeCmd success: roots=6
[14:38:22.004] [INFO] treeLoadedMsg applied: roots=6 rows=11 loadErr=<nil>
[14:38:31.926] [DEBUG] loadTreeCmd start: cwd=/Users/iv/Developer/relux-proxy remote="" board="" user=""
[14:38:32.010] [INFO] loadTreeCmd success: roots=6
[14:38:32.010] [INFO] treeLoadedMsg applied: roots=6 rows=11 loadErr=<nil>
[14:38:41.926] [DEBUG] loadTreeCmd start: cwd=/Users/iv/Developer/relux-proxy remote="" board="" user=""
[14:38:42.008] [INFO] loadTreeCmd success: roots=6
[14:38:42.008] [INFO] treeLoadedMsg applied: roots=6 rows=11 loadErr=<nil>
[14:38:51.927] [DEBUG] loadTreeCmd start: cwd=/Users/iv/Developer/relux-proxy remote="" board="" user=""
[14:38:52.026] [INFO] loadTreeCmd success: roots=6
[14:38:52.026] [INFO] treeLoadedMsg applied: roots=6 rows=11 loadErr=<nil>
[14:39:01.928] [DEBUG] loadTreeCmd start: cwd=/Users/iv/Developer/relux-proxy remote="" board="" user=""
[14:39:02.017] [INFO] loadTreeCmd success: roots=6
[14:39:02.018] [INFO] treeLoadedMsg applied: roots=6 rows=11 loadErr=<nil>
[14:39:11.928] [DEBUG] loadTreeCmd start: cwd=/Users/iv/Developer/relux-proxy remote="" board="" user=""
[14:39:12.011] [INFO] loadTreeCmd success: roots=6
[14:39:12.011] [INFO] treeLoadedMsg applied: roots=6 rows=11 loadErr=<nil>
[14:39:21.929] [DEBUG] loadTreeCmd start: cwd=/Users/iv/Developer/relux-proxy remote="" board="" user=""
[14:39:22.010] [INFO] loadTreeCmd success: roots=6
[14:39:22.011] [INFO] treeLoadedMsg applied: roots=6 rows=11 loadErr=<nil>
[14:39:31.930] [DEBUG] loadTreeCmd start: cwd=/Users/iv/Developer/relux-proxy remote="" board="" user=""
[14:39:32.009] [INFO] loadTreeCmd success: roots=6
[14:39:32.009] [INFO] treeLoadedMsg applied: roots=6 rows=11 loadErr=<nil>
[14:39:41.930] [DEBUG] loadTreeCmd start: cwd=/Users/iv/Developer/relux-proxy remote="" board="" user=""
[14:39:42.009] [INFO] loadTreeCmd success: roots=6
[14:39:42.009] [INFO] treeLoadedMsg applied: roots=6 rows=11 loadErr=<nil>
[14:39:51.931] [DEBUG] loadTreeCmd start: cwd=/Users/iv/Developer/relux-proxy remote="" board="" user=""
[14:39:52.017] [INFO] loadTreeCmd success: roots=6
[14:39:52.017] [INFO] treeLoadedMsg applied: roots=6 rows=11 loadErr=<nil>
[14:40:01.933] [DEBUG] loadTreeCmd start: cwd=/Users/iv/Developer/relux-proxy remote="" board="" user=""
[14:40:02.017] [INFO] loadTreeCmd success: roots=6
[14:40:02.017] [INFO] treeLoadedMsg applied: roots=6 rows=11 loadErr=<nil>
[14:40:11.934] [DEBUG] loadTreeCmd start: cwd=/Users/iv/Developer/relux-proxy remote="" board="" user=""
[14:40:12.019] [INFO] loadTreeCmd success: roots=6
[14:40:12.019] [INFO] treeLoadedMsg applied: roots=6 rows=11 loadErr=<nil>
[14:40:21.935] [DEBUG] loadTreeCmd start: cwd=/Users/iv/Developer/relux-proxy remote="" board="" user=""
[14:40:22.018] [INFO] loadTreeCmd success: roots=6
[14:40:22.018] [INFO] treeLoadedMsg applied: roots=6 rows=11 loadErr=<nil>
[14:40:31.936] [DEBUG] loadTreeCmd start: cwd=/Users/iv/Developer/relux-proxy remote="" board="" user=""
[14:40:32.019] [INFO] loadTreeCmd success: roots=6
[14:40:32.019] [INFO] treeLoadedMsg applied: roots=6 rows=11 loadErr=<nil>
[14:40:41.937] [DEBUG] loadTreeCmd start: cwd=/Users/iv/Developer/relux-proxy remote="" board="" user=""
[14:40:42.027] [INFO] loadTreeCmd success: roots=6
[14:40:42.028] [INFO] treeLoadedMsg applied: roots=6 rows=11 loadErr=<nil>
[14:40:51.938] [DEBUG] loadTreeCmd start: cwd=/Users/iv/Developer/relux-proxy remote="" board="" user=""
[14:40:52.026] [INFO] loadTreeCmd success: roots=6
[14:40:52.026] [INFO] treeLoadedMsg applied: roots=6 rows=11 loadErr=<nil>
[14:41:01.939] [DEBUG] loadTreeCmd start: cwd=/Users/iv/Developer/relux-proxy remote="" board="" user=""
[14:41:02.020] [INFO] loadTreeCmd success: roots=6
[14:41:02.020] [INFO] treeLoadedMsg applied: roots=6 rows=11 loadErr=<nil>
[14:41:11.940] [DEBUG] loadTreeCmd start: cwd=/Users/iv/Developer/relux-proxy remote="" board="" user=""
[14:41:12.024] [INFO] loadTreeCmd success: roots=6
[14:41:12.024] [INFO] treeLoadedMsg applied: roots=6 rows=11 loadErr=<nil>
[14:41:21.941] [DEBUG] loadTreeCmd start: cwd=/Users/iv/Developer/relux-proxy remote="" board="" user=""
[14:41:22.030] [INFO] loadTreeCmd success: roots=6
[14:41:22.030] [INFO] treeLoadedMsg applied: roots=6 rows=11 loadErr=<nil>
[14:41:31.942] [DEBUG] loadTreeCmd start: cwd=/Users/iv/Developer/relux-proxy remote="" board="" user=""
[14:41:32.019] [INFO] loadTreeCmd success: roots=6
[14:41:32.019] [INFO] treeLoadedMsg applied: roots=6 rows=11 loadErr=<nil>
[14:41:41.943] [DEBUG] loadTreeCmd start: cwd=/Users/iv/Developer/relux-proxy remote="" board="" user=""
[14:41:42.026] [INFO] loadTreeCmd success: roots=6
[14:41:42.026] [INFO] treeLoadedMsg applied: roots=6 rows=11 loadErr=<nil>
[14:41:51.943] [DEBUG] loadTreeCmd start: cwd=/Users/iv/Developer/relux-proxy remote="" board="" user=""
[14:41:52.030] [INFO] loadTreeCmd success: roots=6
[14:41:52.030] [INFO] treeLoadedMsg applied: roots=6 rows=11 loadErr=<nil>
[14:42:01.943] [DEBUG] loadTreeCmd start: cwd=/Users/iv/Developer/relux-proxy remote="" board="" user=""
[14:42:02.029] [INFO] loadTreeCmd success: roots=6
[14:42:02.030] [INFO] treeLoadedMsg applied: roots=6 rows=11 loadErr=<nil>
[14:42:11.943] [DEBUG] loadTreeCmd start: cwd=/Users/iv/Developer/relux-proxy remote="" board="" user=""
[14:42:12.024] [INFO] loadTreeCmd success: roots=6
[14:42:12.024] [INFO] treeLoadedMsg applied: roots=6 rows=11 loadErr=<nil>
[14:42:21.944] [DEBUG] loadTreeCmd start: cwd=/Users/iv/Developer/relux-proxy remote="" board="" user=""
[14:42:22.024] [INFO] loadTreeCmd success: roots=6
[14:42:22.024] [INFO] treeLoadedMsg applied: roots=6 rows=11 loadErr=<nil>
[14:42:31.944] [DEBUG] loadTreeCmd start: cwd=/Users/iv/Developer/relux-proxy remote="" board="" user=""
[14:42:32.029] [INFO] loadTreeCmd success: roots=6
[14:42:32.029] [INFO] treeLoadedMsg applied: roots=6 rows=11 loadErr=<nil>
[14:42:41.944] [DEBUG] loadTreeCmd start: cwd=/Users/iv/Developer/relux-proxy remote="" board="" user=""
[14:42:42.027] [INFO] loadTreeCmd success: roots=6
[14:42:42.027] [INFO] treeLoadedMsg applied: roots=6 rows=11 loadErr=<nil>
[14:42:51.944] [DEBUG] loadTreeCmd start: cwd=/Users/iv/Developer/relux-proxy remote="" board="" user=""
[14:42:52.028] [INFO] loadTreeCmd success: roots=6
[14:42:52.029] [INFO] treeLoadedMsg applied: roots=6 rows=11 loadErr=<nil>
[14:43:01.945] [DEBUG] loadTreeCmd start: cwd=/Users/iv/Developer/relux-proxy remote="" board="" user=""
[14:43:02.024] [INFO] loadTreeCmd success: roots=6
[14:43:02.024] [INFO] treeLoadedMsg applied: roots=6 rows=11 loadErr=<nil>
[14:43:11.945] [DEBUG] loadTreeCmd start: cwd=/Users/iv/Developer/relux-proxy remote="" board="" user=""
[14:43:12.033] [INFO] loadTreeCmd success: roots=6
[14:43:12.033] [INFO] treeLoadedMsg applied: roots=6 rows=11 loadErr=<nil>
[14:43:21.945] [DEBUG] loadTreeCmd start: cwd=/Users/iv/Developer/relux-proxy remote="" board="" user=""
[14:43:22.030] [INFO] loadTreeCmd success: roots=6
[14:43:22.030] [INFO] treeLoadedMsg applied: roots=6 rows=11 loadErr=<nil>
[14:43:31.945] [DEBUG] loadTreeCmd start: cwd=/Users/iv/Developer/relux-proxy remote="" board="" user=""
[14:43:32.025] [INFO] loadTreeCmd success: roots=6
[14:43:32.025] [INFO] treeLoadedMsg applied: roots=6 rows=11 loadErr=<nil>
[14:43:41.946] [DEBUG] loadTreeCmd start: cwd=/Users/iv/Developer/relux-proxy remote="" board="" user=""
[14:43:42.027] [INFO] loadTreeCmd success: roots=6
[14:43:42.027] [INFO] treeLoadedMsg applied: roots=6 rows=11 loadErr=<nil>
[14:43:51.946] [DEBUG] loadTreeCmd start: cwd=/Users/iv/Developer/relux-proxy remote="" board="" user=""
[14:43:52.029] [INFO] loadTreeCmd success: roots=6
[14:43:52.029] [INFO] treeLoadedMsg applied: roots=6 rows=11 loadErr=<nil>
[14:44:01.947] [DEBUG] loadTreeCmd start: cwd=/Users/iv/Developer/relux-proxy remote="" board="" user=""
[14:44:02.034] [INFO] loadTreeCmd success: roots=6
[14:44:02.034] [INFO] treeLoadedMsg applied: roots=6 rows=11 loadErr=<nil>
[14:44:11.947] [DEBUG] loadTreeCmd start: cwd=/Users/iv/Developer/relux-proxy remote="" board="" user=""
[14:44:12.034] [INFO] loadTreeCmd success: roots=6
[14:44:12.034] [INFO] treeLoadedMsg applied: roots=6 rows=11 loadErr=<nil>
[14:44:21.947] [DEBUG] loadTreeCmd start: cwd=/Users/iv/Developer/relux-proxy remote="" board="" user=""
[14:44:22.030] [INFO] loadTreeCmd success: roots=6
[14:44:22.030] [INFO] treeLoadedMsg applied: roots=6 rows=11 loadErr=<nil>
[14:44:31.948] [DEBUG] loadTreeCmd start: cwd=/Users/iv/Developer/relux-proxy remote="" board="" user=""
[14:44:32.031] [INFO] loadTreeCmd success: roots=6
[14:44:32.031] [INFO] treeLoadedMsg applied: roots=6 rows=11 loadErr=<nil>
[14:44:41.948] [DEBUG] loadTreeCmd start: cwd=/Users/iv/Developer/relux-proxy remote="" board="" user=""
[14:44:42.028] [INFO] loadTreeCmd success: roots=6
[14:44:42.028] [INFO] treeLoadedMsg applied: roots=6 rows=11 loadErr=<nil>
[14:44:51.949] [DEBUG] loadTreeCmd start: cwd=/Users/iv/Developer/relux-proxy remote="" board="" user=""
[14:44:52.029] [INFO] loadTreeCmd success: roots=6
[14:44:52.029] [INFO] treeLoadedMsg applied: roots=6 rows=11 loadErr=<nil>
[14:45:01.949] [DEBUG] loadTreeCmd start: cwd=/Users/iv/Developer/relux-proxy remote="" board="" user=""
[14:45:02.028] [INFO] loadTreeCmd success: roots=6
[14:45:02.029] [INFO] treeLoadedMsg applied: roots=6 rows=11 loadErr=<nil>
[14:45:11.950] [DEBUG] loadTreeCmd start: cwd=/Users/iv/Developer/relux-proxy remote="" board="" user=""
[14:45:12.035] [INFO] loadTreeCmd success: roots=6
[14:45:12.036] [INFO] treeLoadedMsg applied: roots=6 rows=11 loadErr=<nil>
[14:45:21.950] [DEBUG] loadTreeCmd start: cwd=/Users/iv/Developer/relux-proxy remote="" board="" user=""
[14:45:22.040] [INFO] loadTreeCmd success: roots=6
[14:45:22.041] [INFO] treeLoadedMsg applied: roots=6 rows=11 loadErr=<nil>
[14:45:31.951] [DEBUG] loadTreeCmd start: cwd=/Users/iv/Developer/relux-proxy remote="" board="" user=""
[14:45:32.038] [INFO] loadTreeCmd success: roots=6
[14:45:32.038] [INFO] treeLoadedMsg applied: roots=6 rows=11 loadErr=<nil>
[14:45:41.952] [DEBUG] loadTreeCmd start: cwd=/Users/iv/Developer/relux-proxy remote="" board="" user=""
[14:45:42.040] [INFO] loadTreeCmd success: roots=6
[14:45:42.040] [INFO] treeLoadedMsg applied: roots=6 rows=11 loadErr=<nil>
[14:45:51.953] [DEBUG] loadTreeCmd start: cwd=/Users/iv/Developer/relux-proxy remote="" board="" user=""
[14:45:52.038] [INFO] loadTreeCmd success: roots=6
[14:45:52.038] [INFO] treeLoadedMsg applied: roots=6 rows=11 loadErr=<nil>
[14:46:01.954] [DEBUG] loadTreeCmd start: cwd=/Users/iv/Developer/relux-proxy remote="" board="" user=""
[14:46:02.042] [INFO] loadTreeCmd success: roots=6
[14:46:02.042] [INFO] treeLoadedMsg applied: roots=6 rows=11 loadErr=<nil>
[14:46:11.955] [DEBUG] loadTreeCmd start: cwd=/Users/iv/Developer/relux-proxy remote="" board="" user=""
[14:46:12.037] [INFO] loadTreeCmd success: roots=6
[14:46:12.037] [INFO] treeLoadedMsg applied: roots=6 rows=11 loadErr=<nil>
[14:46:21.956] [DEBUG] loadTreeCmd start: cwd=/Users/iv/Developer/relux-proxy remote="" board="" user=""
[14:46:22.041] [INFO] loadTreeCmd success: roots=6
[14:46:22.041] [INFO] treeLoadedMsg applied: roots=6 rows=11 loadErr=<nil>
[14:46:31.957] [DEBUG] loadTreeCmd start: cwd=/Users/iv/Developer/relux-proxy remote="" board="" user=""
[14:46:32.041] [INFO] loadTreeCmd success: roots=6
[14:46:32.042] [INFO] treeLoadedMsg applied: roots=6 rows=11 loadErr=<nil>
[14:46:41.958] [DEBUG] loadTreeCmd start: cwd=/Users/iv/Developer/relux-proxy remote="" board="" user=""
[14:46:42.036] [INFO] loadTreeCmd success: roots=6
[14:46:42.037] [INFO] treeLoadedMsg applied: roots=6 rows=11 loadErr=<nil>
[14:46:51.960] [DEBUG] loadTreeCmd start: cwd=/Users/iv/Developer/relux-proxy remote="" board="" user=""
[14:46:52.043] [INFO] loadTreeCmd success: roots=6
[14:46:52.043] [INFO] treeLoadedMsg applied: roots=6 rows=11 loadErr=<nil>
[14:47:01.960] [DEBUG] loadTreeCmd start: cwd=/Users/iv/Developer/relux-proxy remote="" board="" user=""
[14:47:02.048] [INFO] loadTreeCmd success: roots=6
[14:47:02.048] [INFO] treeLoadedMsg applied: roots=6 rows=11 loadErr=<nil>
[14:47:11.961] [DEBUG] loadTreeCmd start: cwd=/Users/iv/Developer/relux-proxy remote="" board="" user=""
[14:47:12.042] [INFO] loadTreeCmd success: roots=6
[14:47:12.043] [INFO] treeLoadedMsg applied: roots=6 rows=11 loadErr=<nil>
[14:47:21.963] [DEBUG] loadTreeCmd start: cwd=/Users/iv/Developer/relux-proxy remote="" board="" user=""
[14:47:22.044] [INFO] loadTreeCmd success: roots=6
[14:47:22.044] [INFO] treeLoadedMsg applied: roots=6 rows=11 loadErr=<nil>
[14:47:31.965] [DEBUG] loadTreeCmd start: cwd=/Users/iv/Developer/relux-proxy remote="" board="" user=""
[14:47:32.043] [INFO] loadTreeCmd success: roots=6
[14:47:32.043] [INFO] treeLoadedMsg applied: roots=6 rows=11 loadErr=<nil>
[14:47:41.850] [DEBUG] loadTreeCmd start: cwd=/Users/iv/Developer/relux-proxy remote="" board="" user=""
[14:47:41.932] [INFO] loadTreeCmd success: roots=6
[14:47:41.932] [INFO] treeLoadedMsg applied: roots=6 rows=11 loadErr=<nil>
[14:47:51.850] [DEBUG] loadTreeCmd start: cwd=/Users/iv/Developer/relux-proxy remote="" board="" user=""
[14:47:51.928] [INFO] loadTreeCmd success: roots=6
[14:47:51.928] [INFO] treeLoadedMsg applied: roots=6 rows=11 loadErr=<nil>
[14:48:01.851] [DEBUG] loadTreeCmd start: cwd=/Users/iv/Developer/relux-proxy remote="" board="" user=""
[14:48:01.934] [INFO] loadTreeCmd success: roots=6
[14:48:01.934] [INFO] treeLoadedMsg applied: roots=6 rows=11 loadErr=<nil>
[14:48:11.851] [DEBUG] loadTreeCmd start: cwd=/Users/iv/Developer/relux-proxy remote="" board="" user=""
[14:48:11.931] [INFO] loadTreeCmd success: roots=6
[14:48:11.931] [INFO] treeLoadedMsg applied: roots=6 rows=11 loadErr=<nil>
[14:48:21.851] [DEBUG] loadTreeCmd start: cwd=/Users/iv/Developer/relux-proxy remote="" board="" user=""
[14:48:21.930] [INFO] loadTreeCmd success: roots=6
[14:48:21.930] [INFO] treeLoadedMsg applied: roots=6 rows=11 loadErr=<nil>
[14:48:31.851] [DEBUG] loadTreeCmd start: cwd=/Users/iv/Developer/relux-proxy remote="" board="" user=""
[14:48:31.936] [INFO] loadTreeCmd success: roots=6
[14:48:31.937] [INFO] treeLoadedMsg applied: roots=6 rows=11 loadErr=<nil>
[14:48:41.851] [DEBUG] loadTreeCmd start: cwd=/Users/iv/Developer/relux-proxy remote="" board="" user=""
[14:48:41.933] [INFO] loadTreeCmd success: roots=6
[14:48:41.934] [INFO] treeLoadedMsg applied: roots=6 rows=11 loadErr=<nil>
[14:48:51.852] [DEBUG] loadTreeCmd start: cwd=/Users/iv/Developer/relux-proxy remote="" board="" user=""
[14:48:51.933] [INFO] loadTreeCmd success: roots=6
[14:48:51.933] [INFO] treeLoadedMsg applied: roots=6 rows=11 loadErr=<nil>
[14:49:01.852] [DEBUG] loadTreeCmd start: cwd=/Users/iv/Developer/relux-proxy remote="" board="" user=""
[14:49:01.936] [INFO] loadTreeCmd success: roots=6
[14:49:01.936] [INFO] treeLoadedMsg applied: roots=6 rows=11 loadErr=<nil>
[14:49:11.852] [DEBUG] loadTreeCmd start: cwd=/Users/iv/Developer/relux-proxy remote="" board="" user=""
[14:49:11.931] [INFO] loadTreeCmd success: roots=6
[14:49:11.931] [INFO] treeLoadedMsg applied: roots=6 rows=11 loadErr=<nil>
[14:49:21.862] [DEBUG] loadTreeCmd start: cwd=/Users/iv/Developer/relux-proxy remote="" board="" user=""
[14:49:22.096] [INFO] loadTreeCmd success: roots=6
[14:49:22.096] [INFO] treeLoadedMsg applied: roots=6 rows=11 loadErr=<nil>
[14:49:31.856] [DEBUG] loadTreeCmd start: cwd=/Users/iv/Developer/relux-proxy remote="" board="" user=""
[14:49:31.940] [INFO] loadTreeCmd success: roots=6
[14:49:31.940] [INFO] treeLoadedMsg applied: roots=6 rows=11 loadErr=<nil>
[14:49:41.857] [DEBUG] loadTreeCmd start: cwd=/Users/iv/Developer/relux-proxy remote="" board="" user=""
[14:49:41.934] [INFO] loadTreeCmd success: roots=6
[14:49:41.935] [INFO] treeLoadedMsg applied: roots=6 rows=11 loadErr=<nil>
[14:49:51.857] [DEBUG] loadTreeCmd start: cwd=/Users/iv/Developer/relux-proxy remote="" board="" user=""
[14:49:51.943] [INFO] loadTreeCmd success: roots=6
[14:49:51.944] [INFO] treeLoadedMsg applied: roots=6 rows=11 loadErr=<nil>
[14:50:01.859] [DEBUG] loadTreeCmd start: cwd=/Users/iv/Developer/relux-proxy remote="" board="" user=""
[14:50:01.950] [INFO] loadTreeCmd success: roots=6
[14:50:01.950] [INFO] treeLoadedMsg applied: roots=6 rows=11 loadErr=<nil>
[14:50:11.861] [DEBUG] loadTreeCmd start: cwd=/Users/iv/Developer/relux-proxy remote="" board="" user=""
[14:50:11.943] [INFO] loadTreeCmd success: roots=6
[14:50:11.943] [INFO] treeLoadedMsg applied: roots=6 rows=11 loadErr=<nil>
[14:50:21.863] [DEBUG] loadTreeCmd start: cwd=/Users/iv/Developer/relux-proxy remote="" board="" user=""
[14:50:21.947] [INFO] loadTreeCmd success: roots=6
[14:50:21.947] [INFO] treeLoadedMsg applied: roots=6 rows=11 loadErr=<nil>
[14:50:31.865] [DEBUG] loadTreeCmd start: cwd=/Users/iv/Developer/relux-proxy remote="" board="" user=""
[14:50:31.951] [INFO] loadTreeCmd success: roots=6
[14:50:31.951] [INFO] treeLoadedMsg applied: roots=6 rows=11 loadErr=<nil>
[14:50:41.865] [DEBUG] loadTreeCmd start: cwd=/Users/iv/Developer/relux-proxy remote="" board="" user=""
[14:50:41.952] [INFO] loadTreeCmd success: roots=6
[14:50:41.952] [INFO] treeLoadedMsg applied: roots=6 rows=11 loadErr=<nil>
[14:50:51.865] [DEBUG] loadTreeCmd start: cwd=/Users/iv/Developer/relux-proxy remote="" board="" user=""
[14:50:51.951] [INFO] loadTreeCmd success: roots=6
[14:50:51.951] [INFO] treeLoadedMsg applied: roots=6 rows=11 loadErr=<nil>
[14:51:01.867] [DEBUG] loadTreeCmd start: cwd=/Users/iv/Developer/relux-proxy remote="" board="" user=""
[14:51:01.952] [INFO] loadTreeCmd success: roots=6
[14:51:01.952] [INFO] treeLoadedMsg applied: roots=6 rows=11 loadErr=<nil>
[14:51:11.867] [DEBUG] loadTreeCmd start: cwd=/Users/iv/Developer/relux-proxy remote="" board="" user=""
[14:51:11.950] [INFO] loadTreeCmd success: roots=6
[14:51:11.951] [INFO] treeLoadedMsg applied: roots=6 rows=11 loadErr=<nil>
[14:51:21.867] [DEBUG] loadTreeCmd start: cwd=/Users/iv/Developer/relux-proxy remote="" board="" user=""
[14:51:21.954] [INFO] loadTreeCmd success: roots=6
[14:51:21.954] [INFO] treeLoadedMsg applied: roots=6 rows=11 loadErr=<nil>
[14:51:31.867] [DEBUG] loadTreeCmd start: cwd=/Users/iv/Developer/relux-proxy remote="" board="" user=""
[14:51:31.950] [INFO] loadTreeCmd success: roots=6
[14:51:31.950] [INFO] treeLoadedMsg applied: roots=6 rows=11 loadErr=<nil>
[14:51:41.867] [DEBUG] loadTreeCmd start: cwd=/Users/iv/Developer/relux-proxy remote="" board="" user=""
[14:51:41.950] [INFO] loadTreeCmd success: roots=6
[14:51:41.950] [INFO] treeLoadedMsg applied: roots=6 rows=11 loadErr=<nil>
[14:51:51.867] [DEBUG] loadTreeCmd start: cwd=/Users/iv/Developer/relux-proxy remote="" board="" user=""
[14:51:51.954] [INFO] loadTreeCmd success: roots=6
[14:51:51.954] [INFO] treeLoadedMsg applied: roots=6 rows=11 loadErr=<nil>
[14:52:01.867] [DEBUG] loadTreeCmd start: cwd=/Users/iv/Developer/relux-proxy remote="" board="" user=""
[14:52:01.951] [INFO] loadTreeCmd success: roots=6
[14:52:01.951] [INFO] treeLoadedMsg applied: roots=6 rows=11 loadErr=<nil>
[14:52:11.867] [DEBUG] loadTreeCmd start: cwd=/Users/iv/Developer/relux-proxy remote="" board="" user=""
[14:52:11.949] [INFO] loadTreeCmd success: roots=6
[14:52:11.949] [INFO] treeLoadedMsg applied: roots=6 rows=11 loadErr=<nil>
[14:52:21.868] [DEBUG] loadTreeCmd start: cwd=/Users/iv/Developer/relux-proxy remote="" board="" user=""
[14:52:21.952] [INFO] loadTreeCmd success: roots=6
[14:52:21.952] [INFO] treeLoadedMsg applied: roots=6 rows=11 loadErr=<nil>
[14:52:31.868] [DEBUG] loadTreeCmd start: cwd=/Users/iv/Developer/relux-proxy remote="" board="" user=""
[14:52:31.950] [INFO] loadTreeCmd success: roots=6
[14:52:31.950] [INFO] treeLoadedMsg applied: roots=6 rows=11 loadErr=<nil>
[14:52:41.869] [DEBUG] loadTreeCmd start: cwd=/Users/iv/Developer/relux-proxy remote="" board="" user=""
[14:52:41.951] [INFO] loadTreeCmd success: roots=6
[14:52:41.951] [INFO] treeLoadedMsg applied: roots=6 rows=11 loadErr=<nil>
[14:52:51.869] [DEBUG] loadTreeCmd start: cwd=/Users/iv/Developer/relux-proxy remote="" board="" user=""
[14:52:51.957] [INFO] loadTreeCmd success: roots=6
[14:52:51.957] [INFO] treeLoadedMsg applied: roots=6 rows=11 loadErr=<nil>
[14:53:01.869] [DEBUG] loadTreeCmd start: cwd=/Users/iv/Developer/relux-proxy remote="" board="" user=""
[14:53:01.954] [INFO] loadTreeCmd success: roots=7
[14:53:01.954] [INFO] treeLoadedMsg applied: roots=7 rows=13 loadErr=<nil>
[14:53:11.871] [DEBUG] loadTreeCmd start: cwd=/Users/iv/Developer/relux-proxy remote="" board="" user=""
[14:53:11.961] [INFO] loadTreeCmd success: roots=7
[14:53:11.962] [INFO] treeLoadedMsg applied: roots=7 rows=13 loadErr=<nil>
[14:53:21.872] [DEBUG] loadTreeCmd start: cwd=/Users/iv/Developer/relux-proxy remote="" board="" user=""
[14:53:21.956] [INFO] loadTreeCmd success: roots=7
[14:53:21.957] [INFO] treeLoadedMsg applied: roots=7 rows=13 loadErr=<nil>
[14:53:31.873] [DEBUG] loadTreeCmd start: cwd=/Users/iv/Developer/relux-proxy remote="" board="" user=""
[14:53:31.958] [INFO] loadTreeCmd success: roots=7
[14:53:31.958] [INFO] treeLoadedMsg applied: roots=7 rows=13 loadErr=<nil>
[14:53:41.874] [DEBUG] loadTreeCmd start: cwd=/Users/iv/Developer/relux-proxy remote="" board="" user=""
[14:53:41.965] [INFO] loadTreeCmd success: roots=7
[14:53:41.965] [INFO] treeLoadedMsg applied: roots=7 rows=13 loadErr=<nil>
[14:53:51.875] [DEBUG] loadTreeCmd start: cwd=/Users/iv/Developer/relux-proxy remote="" board="" user=""
[14:53:51.961] [INFO] loadTreeCmd success: roots=7
[14:53:51.961] [INFO] treeLoadedMsg applied: roots=7 rows=13 loadErr=<nil>
[14:54:01.877] [DEBUG] loadTreeCmd start: cwd=/Users/iv/Developer/relux-proxy remote="" board="" user=""
[14:54:01.962] [INFO] loadTreeCmd success: roots=7
[14:54:01.962] [INFO] treeLoadedMsg applied: roots=7 rows=13 loadErr=<nil>
[14:54:11.879] [DEBUG] loadTreeCmd start: cwd=/Users/iv/Developer/relux-proxy remote="" board="" user=""
[14:54:11.965] [INFO] loadTreeCmd success: roots=7
[14:54:11.965] [INFO] treeLoadedMsg applied: roots=7 rows=13 loadErr=<nil>
[14:54:21.880] [DEBUG] loadTreeCmd start: cwd=/Users/iv/Developer/relux-proxy remote="" board="" user=""
[14:54:21.967] [INFO] loadTreeCmd success: roots=7
[14:54:21.967] [INFO] treeLoadedMsg applied: roots=7 rows=13 loadErr=<nil>
[14:54:31.881] [DEBUG] loadTreeCmd start: cwd=/Users/iv/Developer/relux-proxy remote="" board="" user=""
[14:54:31.970] [INFO] loadTreeCmd success: roots=7
[14:54:31.970] [INFO] treeLoadedMsg applied: roots=7 rows=13 loadErr=<nil>
[14:54:41.882] [DEBUG] loadTreeCmd start: cwd=/Users/iv/Developer/relux-proxy remote="" board="" user=""
[14:54:41.972] [INFO] loadTreeCmd success: roots=7
[14:54:41.972] [INFO] treeLoadedMsg applied: roots=7 rows=13 loadErr=<nil>
[14:54:51.883] [DEBUG] loadTreeCmd start: cwd=/Users/iv/Developer/relux-proxy remote="" board="" user=""
[14:54:51.969] [INFO] loadTreeCmd success: roots=7
[14:54:51.969] [INFO] treeLoadedMsg applied: roots=7 rows=13 loadErr=<nil>
[14:55:01.883] [DEBUG] loadTreeCmd start: cwd=/Users/iv/Developer/relux-proxy remote="" board="" user=""
[14:55:01.966] [INFO] loadTreeCmd success: roots=7
[14:55:01.966] [INFO] treeLoadedMsg applied: roots=7 rows=13 loadErr=<nil>
[14:55:11.883] [DEBUG] loadTreeCmd start: cwd=/Users/iv/Developer/relux-proxy remote="" board="" user=""
[14:55:11.969] [INFO] loadTreeCmd success: roots=7
[14:55:11.969] [INFO] treeLoadedMsg applied: roots=7 rows=13 loadErr=<nil>
[14:55:21.883] [DEBUG] loadTreeCmd start: cwd=/Users/iv/Developer/relux-proxy remote="" board="" user=""
[14:55:21.968] [INFO] loadTreeCmd success: roots=7
[14:55:21.968] [INFO] treeLoadedMsg applied: roots=7 rows=13 loadErr=<nil>
[14:55:31.883] [DEBUG] loadTreeCmd start: cwd=/Users/iv/Developer/relux-proxy remote="" board="" user=""
[14:55:31.967] [INFO] loadTreeCmd success: roots=7
[14:55:31.967] [INFO] treeLoadedMsg applied: roots=7 rows=13 loadErr=<nil>
[14:55:41.884] [DEBUG] loadTreeCmd start: cwd=/Users/iv/Developer/relux-proxy remote="" board="" user=""
[14:55:41.969] [INFO] loadTreeCmd success: roots=7
[14:55:41.970] [INFO] treeLoadedMsg applied: roots=7 rows=13 loadErr=<nil>
[14:55:51.884] [DEBUG] loadTreeCmd start: cwd=/Users/iv/Developer/relux-proxy remote="" board="" user=""
[14:55:51.965] [INFO] loadTreeCmd success: roots=7
[14:55:51.965] [INFO] treeLoadedMsg applied: roots=7 rows=13 loadErr=<nil>
[14:56:01.885] [DEBUG] loadTreeCmd start: cwd=/Users/iv/Developer/relux-proxy remote="" board="" user=""
[14:56:01.969] [INFO] loadTreeCmd success: roots=7
[14:56:01.970] [INFO] treeLoadedMsg applied: roots=7 rows=13 loadErr=<nil>
[14:56:11.886] [DEBUG] loadTreeCmd start: cwd=/Users/iv/Developer/relux-proxy remote="" board="" user=""
[14:56:11.975] [INFO] loadTreeCmd success: roots=7
[14:56:11.975] [INFO] treeLoadedMsg applied: roots=7 rows=13 loadErr=<nil>
[14:56:21.887] [DEBUG] loadTreeCmd start: cwd=/Users/iv/Developer/relux-proxy remote="" board="" user=""
[14:56:21.970] [INFO] loadTreeCmd success: roots=7
[14:56:21.970] [INFO] treeLoadedMsg applied: roots=7 rows=13 loadErr=<nil>
[14:56:31.889] [DEBUG] loadTreeCmd start: cwd=/Users/iv/Developer/relux-proxy remote="" board="" user=""
[14:56:31.979] [INFO] loadTreeCmd success: roots=7
[14:56:31.979] [INFO] treeLoadedMsg applied: roots=7 rows=13 loadErr=<nil>
[14:56:41.891] [DEBUG] loadTreeCmd start: cwd=/Users/iv/Developer/relux-proxy remote="" board="" user=""
[14:56:41.973] [INFO] loadTreeCmd success: roots=7
[14:56:41.973] [INFO] treeLoadedMsg applied: roots=7 rows=13 loadErr=<nil>
[14:56:51.893] [DEBUG] loadTreeCmd start: cwd=/Users/iv/Developer/relux-proxy remote="" board="" user=""
[14:56:52.146] [INFO] loadTreeCmd success: roots=7
[14:56:52.146] [INFO] treeLoadedMsg applied: roots=7 rows=13 loadErr=<nil>
[14:57:01.895] [DEBUG] loadTreeCmd start: cwd=/Users/iv/Developer/relux-proxy remote="" board="" user=""
[14:57:01.981] [INFO] loadTreeCmd success: roots=7
[14:57:01.981] [INFO] treeLoadedMsg applied: roots=7 rows=13 loadErr=<nil>
[14:57:11.897] [DEBUG] loadTreeCmd start: cwd=/Users/iv/Developer/relux-proxy remote="" board="" user=""
[14:57:11.980] [INFO] loadTreeCmd success: roots=7
[14:57:11.980] [INFO] treeLoadedMsg applied: roots=7 rows=13 loadErr=<nil>
[14:57:21.897] [DEBUG] loadTreeCmd start: cwd=/Users/iv/Developer/relux-proxy remote="" board="" user=""
[14:57:21.977] [INFO] loadTreeCmd success: roots=7
[14:57:21.978] [INFO] treeLoadedMsg applied: roots=7 rows=13 loadErr=<nil>
[14:57:31.897] [DEBUG] loadTreeCmd start: cwd=/Users/iv/Developer/relux-proxy remote="" board="" user=""
[14:57:31.978] [INFO] loadTreeCmd success: roots=7
[14:57:31.978] [INFO] treeLoadedMsg applied: roots=7 rows=13 loadErr=<nil>
[14:57:41.898] [DEBUG] loadTreeCmd start: cwd=/Users/iv/Developer/relux-proxy remote="" board="" user=""
[14:57:41.982] [INFO] loadTreeCmd success: roots=7
[14:57:41.982] [INFO] treeLoadedMsg applied: roots=7 rows=13 loadErr=<nil>
[14:57:51.898] [DEBUG] loadTreeCmd start: cwd=/Users/iv/Developer/relux-proxy remote="" board="" user=""
[14:57:51.978] [INFO] loadTreeCmd success: roots=7
[14:57:51.978] [INFO] treeLoadedMsg applied: roots=7 rows=13 loadErr=<nil>
[14:58:01.898] [DEBUG] loadTreeCmd start: cwd=/Users/iv/Developer/relux-proxy remote="" board="" user=""
[14:58:01.985] [INFO] loadTreeCmd success: roots=7
[14:58:01.985] [INFO] treeLoadedMsg applied: roots=7 rows=13 loadErr=<nil>
[14:58:11.899] [DEBUG] loadTreeCmd start: cwd=/Users/iv/Developer/relux-proxy remote="" board="" user=""
[14:58:11.983] [INFO] loadTreeCmd success: roots=7
[14:58:11.984] [INFO] treeLoadedMsg applied: roots=7 rows=13 loadErr=<nil>
[14:58:21.899] [DEBUG] loadTreeCmd start: cwd=/Users/iv/Developer/relux-proxy remote="" board="" user=""
[14:58:21.985] [INFO] loadTreeCmd success: roots=7
[14:58:21.985] [INFO] treeLoadedMsg applied: roots=7 rows=13 loadErr=<nil>
[14:58:31.900] [DEBUG] loadTreeCmd start: cwd=/Users/iv/Developer/relux-proxy remote="" board="" user=""
[14:58:31.980] [INFO] loadTreeCmd success: roots=7
[14:58:31.980] [INFO] treeLoadedMsg applied: roots=7 rows=13 loadErr=<nil>
[14:58:41.900] [DEBUG] loadTreeCmd start: cwd=/Users/iv/Developer/relux-proxy remote="" board="" user=""
[14:58:41.985] [INFO] loadTreeCmd success: roots=7
[14:58:41.985] [INFO] treeLoadedMsg applied: roots=7 rows=13 loadErr=<nil>
[14:58:51.901] [DEBUG] loadTreeCmd start: cwd=/Users/iv/Developer/relux-proxy remote="" board="" user=""
[14:58:51.988] [INFO] loadTreeCmd success: roots=7
[14:58:51.988] [INFO] treeLoadedMsg applied: roots=7 rows=13 loadErr=<nil>
[14:59:01.902] [DEBUG] loadTreeCmd start: cwd=/Users/iv/Developer/relux-proxy remote="" board="" user=""
[14:59:01.989] [INFO] loadTreeCmd success: roots=7
[14:59:01.989] [INFO] treeLoadedMsg applied: roots=7 rows=13 loadErr=<nil>
[14:59:11.903] [DEBUG] loadTreeCmd start: cwd=/Users/iv/Developer/relux-proxy remote="" board="" user=""
[14:59:11.988] [INFO] loadTreeCmd success: roots=7
[14:59:11.988] [INFO] treeLoadedMsg applied: roots=7 rows=13 loadErr=<nil>
[14:59:21.904] [DEBUG] loadTreeCmd start: cwd=/Users/iv/Developer/relux-proxy remote="" board="" user=""
[14:59:21.995] [INFO] loadTreeCmd success: roots=7
[14:59:21.996] [INFO] treeLoadedMsg applied: roots=7 rows=13 loadErr=<nil>
[14:59:31.905] [DEBUG] loadTreeCmd start: cwd=/Users/iv/Developer/relux-proxy remote="" board="" user=""
[14:59:31.990] [INFO] loadTreeCmd success: roots=7
[14:59:31.990] [INFO] treeLoadedMsg applied: roots=7 rows=13 loadErr=<nil>
[14:59:41.906] [DEBUG] loadTreeCmd start: cwd=/Users/iv/Developer/relux-proxy remote="" board="" user=""
[14:59:41.993] [INFO] loadTreeCmd success: roots=7
[14:59:41.993] [INFO] treeLoadedMsg applied: roots=7 rows=13 loadErr=<nil>
[14:59:51.907] [DEBUG] loadTreeCmd start: cwd=/Users/iv/Developer/relux-proxy remote="" board="" user=""
[14:59:52.107] [INFO] loadTreeCmd success: roots=7
[14:59:52.107] [INFO] treeLoadedMsg applied: roots=7 rows=13 loadErr=<nil>
[15:00:01.909] [DEBUG] loadTreeCmd start: cwd=/Users/iv/Developer/relux-proxy remote="" board="" user=""
[15:00:02.012] [INFO] loadTreeCmd success: roots=7
[15:00:02.012] [INFO] treeLoadedMsg applied: roots=7 rows=13 loadErr=<nil>
[15:00:11.911] [DEBUG] loadTreeCmd start: cwd=/Users/iv/Developer/relux-proxy remote="" board="" user=""
[15:00:11.994] [INFO] loadTreeCmd success: roots=7
[15:00:11.994] [INFO] treeLoadedMsg applied: roots=7 rows=13 loadErr=<nil>
[15:00:21.913] [DEBUG] loadTreeCmd start: cwd=/Users/iv/Developer/relux-proxy remote="" board="" user=""
[15:00:21.995] [INFO] loadTreeCmd success: roots=7
[15:00:21.995] [INFO] treeLoadedMsg applied: roots=7 rows=13 loadErr=<nil>
[15:00:31.913] [DEBUG] loadTreeCmd start: cwd=/Users/iv/Developer/relux-proxy remote="" board="" user=""
[15:00:31.998] [INFO] loadTreeCmd success: roots=7
[15:00:31.999] [INFO] treeLoadedMsg applied: roots=7 rows=13 loadErr=<nil>
[15:00:41.914] [DEBUG] loadTreeCmd start: cwd=/Users/iv/Developer/relux-proxy remote="" board="" user=""
[15:00:42.001] [INFO] loadTreeCmd success: roots=7
[15:00:42.001] [INFO] treeLoadedMsg applied: roots=7 rows=13 loadErr=<nil>
[15:00:51.914] [DEBUG] loadTreeCmd start: cwd=/Users/iv/Developer/relux-proxy remote="" board="" user=""
[15:00:52.001] [INFO] loadTreeCmd success: roots=7
[15:00:52.002] [INFO] treeLoadedMsg applied: roots=7 rows=13 loadErr=<nil>
[15:01:01.914] [DEBUG] loadTreeCmd start: cwd=/Users/iv/Developer/relux-proxy remote="" board="" user=""
[15:01:02.000] [INFO] loadTreeCmd success: roots=7
[15:01:02.000] [INFO] treeLoadedMsg applied: roots=7 rows=13 loadErr=<nil>
[15:01:11.914] [DEBUG] loadTreeCmd start: cwd=/Users/iv/Developer/relux-proxy remote="" board="" user=""
[15:01:11.998] [INFO] loadTreeCmd success: roots=7
[15:01:11.998] [INFO] treeLoadedMsg applied: roots=7 rows=13 loadErr=<nil>
[15:01:21.914] [DEBUG] loadTreeCmd start: cwd=/Users/iv/Developer/relux-proxy remote="" board="" user=""
[15:01:22.000] [INFO] loadTreeCmd success: roots=7
[15:01:22.000] [INFO] treeLoadedMsg applied: roots=7 rows=13 loadErr=<nil>
[15:01:31.915] [DEBUG] loadTreeCmd start: cwd=/Users/iv/Developer/relux-proxy remote="" board="" user=""
[15:01:32.002] [INFO] loadTreeCmd success: roots=7
[15:01:32.002] [INFO] treeLoadedMsg applied: roots=7 rows=13 loadErr=<nil>
[15:01:41.915] [DEBUG] loadTreeCmd start: cwd=/Users/iv/Developer/relux-proxy remote="" board="" user=""
[15:01:42.000] [INFO] loadTreeCmd success: roots=7
[15:01:42.000] [INFO] treeLoadedMsg applied: roots=7 rows=13 loadErr=<nil>
[15:01:51.916] [DEBUG] loadTreeCmd start: cwd=/Users/iv/Developer/relux-proxy remote="" board="" user=""
[15:01:52.001] [INFO] loadTreeCmd success: roots=7
[15:01:52.001] [INFO] treeLoadedMsg applied: roots=7 rows=13 loadErr=<nil>
[15:02:01.916] [DEBUG] loadTreeCmd start: cwd=/Users/iv/Developer/relux-proxy remote="" board="" user=""
[15:02:02.002] [INFO] loadTreeCmd success: roots=7
[15:02:02.002] [INFO] treeLoadedMsg applied: roots=7 rows=13 loadErr=<nil>
[15:02:11.917] [DEBUG] loadTreeCmd start: cwd=/Users/iv/Developer/relux-proxy remote="" board="" user=""
[15:02:12.000] [INFO] loadTreeCmd success: roots=7
[15:02:12.001] [INFO] treeLoadedMsg applied: roots=7 rows=13 loadErr=<nil>
[15:02:21.918] [DEBUG] loadTreeCmd start: cwd=/Users/iv/Developer/relux-proxy remote="" board="" user=""
[15:02:21.998] [INFO] loadTreeCmd success: roots=7
[15:02:21.998] [INFO] treeLoadedMsg applied: roots=7 rows=13 loadErr=<nil>
[15:02:31.919] [DEBUG] loadTreeCmd start: cwd=/Users/iv/Developer/relux-proxy remote="" board="" user=""
[15:02:31.998] [INFO] loadTreeCmd success: roots=7
[15:02:31.999] [INFO] treeLoadedMsg applied: roots=7 rows=13 loadErr=<nil>
[15:02:41.920] [DEBUG] loadTreeCmd start: cwd=/Users/iv/Developer/relux-proxy remote="" board="" user=""
[15:02:42.005] [INFO] loadTreeCmd success: roots=7
[15:02:42.005] [INFO] treeLoadedMsg applied: roots=7 rows=13 loadErr=<nil>
[15:02:51.921] [DEBUG] loadTreeCmd start: cwd=/Users/iv/Developer/relux-proxy remote="" board="" user=""
[15:02:52.002] [INFO] loadTreeCmd success: roots=7
[15:02:52.002] [INFO] treeLoadedMsg applied: roots=7 rows=13 loadErr=<nil>
[15:03:01.922] [DEBUG] loadTreeCmd start: cwd=/Users/iv/Developer/relux-proxy remote="" board="" user=""
[15:03:02.008] [INFO] loadTreeCmd success: roots=7
[15:03:02.009] [INFO] treeLoadedMsg applied: roots=7 rows=13 loadErr=<nil>
[15:03:11.923] [DEBUG] loadTreeCmd start: cwd=/Users/iv/Developer/relux-proxy remote="" board="" user=""
[15:03:12.009] [INFO] loadTreeCmd success: roots=7
[15:03:12.009] [INFO] treeLoadedMsg applied: roots=7 rows=13 loadErr=<nil>
[15:03:21.923] [DEBUG] loadTreeCmd start: cwd=/Users/iv/Developer/relux-proxy remote="" board="" user=""
[15:03:22.009] [INFO] loadTreeCmd success: roots=7
[15:03:22.009] [INFO] treeLoadedMsg applied: roots=7 rows=13 loadErr=<nil>
[15:03:31.925] [DEBUG] loadTreeCmd start: cwd=/Users/iv/Developer/relux-proxy remote="" board="" user=""
[15:03:32.011] [INFO] loadTreeCmd success: roots=7
[15:03:32.011] [INFO] treeLoadedMsg applied: roots=7 rows=13 loadErr=<nil>
[15:03:41.931] [DEBUG] loadTreeCmd start: cwd=/Users/iv/Developer/relux-proxy remote="" board="" user=""
[15:03:42.012] [INFO] loadTreeCmd success: roots=7
[15:03:42.013] [INFO] treeLoadedMsg applied: roots=7 rows=13 loadErr=<nil>
[15:03:51.939] [DEBUG] loadTreeCmd start: cwd=/Users/iv/Developer/relux-proxy remote="" board="" user=""
[15:03:52.025] [INFO] loadTreeCmd success: roots=7
[15:03:52.026] [INFO] treeLoadedMsg applied: roots=7 rows=13 loadErr=<nil>
[15:04:01.944] [DEBUG] loadTreeCmd start: cwd=/Users/iv/Developer/relux-proxy remote="" board="" user=""
[15:04:02.034] [INFO] loadTreeCmd success: roots=7
[15:04:02.035] [INFO] treeLoadedMsg applied: roots=7 rows=13 loadErr=<nil>
[15:04:11.946] [DEBUG] loadTreeCmd start: cwd=/Users/iv/Developer/relux-proxy remote="" board="" user=""
[15:04:12.032] [INFO] loadTreeCmd success: roots=7
[15:04:12.032] [INFO] treeLoadedMsg applied: roots=7 rows=13 loadErr=<nil>
[15:04:21.947] [DEBUG] loadTreeCmd start: cwd=/Users/iv/Developer/relux-proxy remote="" board="" user=""
[15:04:22.039] [INFO] loadTreeCmd success: roots=7
[15:04:22.040] [INFO] treeLoadedMsg applied: roots=7 rows=13 loadErr=<nil>
[15:04:31.948] [DEBUG] loadTreeCmd start: cwd=/Users/iv/Developer/relux-proxy remote="" board="" user=""
[15:04:32.031] [INFO] loadTreeCmd success: roots=7
[15:04:32.031] [INFO] treeLoadedMsg applied: roots=7 rows=13 loadErr=<nil>
[15:04:41.951] [DEBUG] loadTreeCmd start: cwd=/Users/iv/Developer/relux-proxy remote="" board="" user=""
[15:04:42.033] [INFO] loadTreeCmd success: roots=7
[15:04:42.033] [INFO] treeLoadedMsg applied: roots=7 rows=13 loadErr=<nil>
[15:04:51.952] [DEBUG] loadTreeCmd start: cwd=/Users/iv/Developer/relux-proxy remote="" board="" user=""
[15:04:52.036] [INFO] loadTreeCmd success: roots=7
[15:04:52.036] [INFO] treeLoadedMsg applied: roots=7 rows=13 loadErr=<nil>
[15:05:01.952] [DEBUG] loadTreeCmd start: cwd=/Users/iv/Developer/relux-proxy remote="" board="" user=""
[15:05:02.038] [INFO] loadTreeCmd success: roots=7
[15:05:02.038] [INFO] treeLoadedMsg applied: roots=7 rows=13 loadErr=<nil>
[15:05:11.954] [DEBUG] loadTreeCmd start: cwd=/Users/iv/Developer/relux-proxy remote="" board="" user=""
[15:05:12.048] [INFO] loadTreeCmd success: roots=7
[15:05:12.048] [INFO] treeLoadedMsg applied: roots=7 rows=13 loadErr=<nil>
[15:05:21.956] [DEBUG] loadTreeCmd start: cwd=/Users/iv/Developer/relux-proxy remote="" board="" user=""
[15:05:22.040] [INFO] loadTreeCmd success: roots=7
[15:05:22.040] [INFO] treeLoadedMsg applied: roots=7 rows=13 loadErr=<nil>
[15:05:31.958] [DEBUG] loadTreeCmd start: cwd=/Users/iv/Developer/relux-proxy remote="" board="" user=""
[15:05:32.038] [INFO] loadTreeCmd success: roots=7
[15:05:32.038] [INFO] treeLoadedMsg applied: roots=7 rows=13 loadErr=<nil>
[15:05:41.960] [DEBUG] loadTreeCmd start: cwd=/Users/iv/Developer/relux-proxy remote="" board="" user=""
[15:05:42.041] [INFO] loadTreeCmd success: roots=7
[15:05:42.041] [INFO] treeLoadedMsg applied: roots=7 rows=13 loadErr=<nil>
[15:05:51.960] [DEBUG] loadTreeCmd start: cwd=/Users/iv/Developer/relux-proxy remote="" board="" user=""
[15:05:52.049] [INFO] loadTreeCmd success: roots=7
[15:05:52.049] [INFO] treeLoadedMsg applied: roots=7 rows=13 loadErr=<nil>
[15:06:01.962] [DEBUG] loadTreeCmd start: cwd=/Users/iv/Developer/relux-proxy remote="" board="" user=""
[15:06:02.047] [INFO] loadTreeCmd success: roots=7
[15:06:02.048] [INFO] treeLoadedMsg applied: roots=7 rows=13 loadErr=<nil>
[15:06:11.964] [DEBUG] loadTreeCmd start: cwd=/Users/iv/Developer/relux-proxy remote="" board="" user=""
[15:06:12.052] [INFO] loadTreeCmd success: roots=7
[15:06:12.053] [INFO] treeLoadedMsg applied: roots=7 rows=13 loadErr=<nil>
[15:06:21.964] [DEBUG] loadTreeCmd start: cwd=/Users/iv/Developer/relux-proxy remote="" board="" user=""
[15:06:22.046] [INFO] loadTreeCmd success: roots=7
[15:06:22.047] [INFO] treeLoadedMsg applied: roots=7 rows=13 loadErr=<nil>
[15:06:31.964] [DEBUG] loadTreeCmd start: cwd=/Users/iv/Developer/relux-proxy remote="" board="" user=""
[15:06:32.050] [INFO] loadTreeCmd success: roots=7
[15:06:32.050] [INFO] treeLoadedMsg applied: roots=7 rows=13 loadErr=<nil>
[15:06:41.964] [DEBUG] loadTreeCmd start: cwd=/Users/iv/Developer/relux-proxy remote="" board="" user=""
[15:06:42.051] [INFO] loadTreeCmd success: roots=7
[15:06:42.051] [INFO] treeLoadedMsg applied: roots=7 rows=13 loadErr=<nil>
[15:06:51.965] [DEBUG] loadTreeCmd start: cwd=/Users/iv/Developer/relux-proxy remote="" board="" user=""
[15:06:52.049] [INFO] loadTreeCmd success: roots=7
[15:06:52.049] [INFO] treeLoadedMsg applied: roots=7 rows=13 loadErr=<nil>
[15:07:01.965] [DEBUG] loadTreeCmd start: cwd=/Users/iv/Developer/relux-proxy remote="" board="" user=""
[15:07:02.050] [INFO] loadTreeCmd success: roots=7
[15:07:02.050] [INFO] treeLoadedMsg applied: roots=7 rows=13 loadErr=<nil>
[15:07:11.965] [DEBUG] loadTreeCmd start: cwd=/Users/iv/Developer/relux-proxy remote="" board="" user=""
[15:07:12.051] [INFO] loadTreeCmd success: roots=7
[15:07:12.051] [INFO] treeLoadedMsg applied: roots=7 rows=13 loadErr=<nil>
[15:07:21.966] [DEBUG] loadTreeCmd start: cwd=/Users/iv/Developer/relux-proxy remote="" board="" user=""
[15:07:22.048] [INFO] loadTreeCmd success: roots=7
[15:07:22.048] [INFO] treeLoadedMsg applied: roots=7 rows=13 loadErr=<nil>
[15:07:31.966] [DEBUG] loadTreeCmd start: cwd=/Users/iv/Developer/relux-proxy remote="" board="" user=""
[15:07:32.048] [INFO] loadTreeCmd success: roots=7
[15:07:32.048] [INFO] treeLoadedMsg applied: roots=7 rows=13 loadErr=<nil>
[15:07:41.966] [DEBUG] loadTreeCmd start: cwd=/Users/iv/Developer/relux-proxy remote="" board="" user=""
[15:07:42.055] [INFO] loadTreeCmd success: roots=7
[15:07:42.055] [INFO] treeLoadedMsg applied: roots=7 rows=13 loadErr=<nil>
[15:07:51.967] [DEBUG] loadTreeCmd start: cwd=/Users/iv/Developer/relux-proxy remote="" board="" user=""
[15:07:52.053] [INFO] loadTreeCmd success: roots=7
[15:07:52.053] [INFO] treeLoadedMsg applied: roots=7 rows=13 loadErr=<nil>
[15:08:01.968] [DEBUG] loadTreeCmd start: cwd=/Users/iv/Developer/relux-proxy remote="" board="" user=""
[15:08:02.057] [INFO] loadTreeCmd success: roots=7
[15:08:02.058] [INFO] treeLoadedMsg applied: roots=7 rows=13 loadErr=<nil>
[15:08:11.969] [DEBUG] loadTreeCmd start: cwd=/Users/iv/Developer/relux-proxy remote="" board="" user=""
[15:08:12.058] [INFO] loadTreeCmd success: roots=7
[15:08:12.058] [INFO] treeLoadedMsg applied: roots=7 rows=13 loadErr=<nil>
[15:08:21.971] [DEBUG] loadTreeCmd start: cwd=/Users/iv/Developer/relux-proxy remote="" board="" user=""
[15:08:22.057] [INFO] loadTreeCmd success: roots=7
[15:08:22.057] [INFO] treeLoadedMsg applied: roots=7 rows=13 loadErr=<nil>
[15:08:31.971] [DEBUG] loadTreeCmd start: cwd=/Users/iv/Developer/relux-proxy remote="" board="" user=""
[15:08:32.052] [INFO] loadTreeCmd success: roots=7
[15:08:32.052] [INFO] treeLoadedMsg applied: roots=7 rows=13 loadErr=<nil>
[15:08:41.973] [DEBUG] loadTreeCmd start: cwd=/Users/iv/Developer/relux-proxy remote="" board="" user=""
[15:08:42.054] [INFO] loadTreeCmd success: roots=7
[15:08:42.055] [INFO] treeLoadedMsg applied: roots=7 rows=13 loadErr=<nil>
[15:08:51.975] [DEBUG] loadTreeCmd start: cwd=/Users/iv/Developer/relux-proxy remote="" board="" user=""
[15:08:52.059] [INFO] loadTreeCmd success: roots=7
[15:08:52.059] [INFO] treeLoadedMsg applied: roots=7 rows=13 loadErr=<nil>
[15:09:01.977] [DEBUG] loadTreeCmd start: cwd=/Users/iv/Developer/relux-proxy remote="" board="" user=""
[15:09:02.059] [INFO] loadTreeCmd success: roots=7
[15:09:02.059] [INFO] treeLoadedMsg applied: roots=7 rows=13 loadErr=<nil>
[15:09:11.978] [DEBUG] loadTreeCmd start: cwd=/Users/iv/Developer/relux-proxy remote="" board="" user=""
[15:09:12.077] [INFO] loadTreeCmd success: roots=7
[15:09:12.078] [INFO] treeLoadedMsg applied: roots=7 rows=13 loadErr=<nil>
[15:09:21.980] [DEBUG] loadTreeCmd start: cwd=/Users/iv/Developer/relux-proxy remote="" board="" user=""
[15:09:22.074] [INFO] loadTreeCmd success: roots=7
[15:09:22.074] [INFO] treeLoadedMsg applied: roots=7 rows=13 loadErr=<nil>
[15:09:31.981] [DEBUG] loadTreeCmd start: cwd=/Users/iv/Developer/relux-proxy remote="" board="" user=""
[15:09:32.071] [INFO] loadTreeCmd success: roots=7
[15:09:32.071] [INFO] treeLoadedMsg applied: roots=7 rows=13 loadErr=<nil>
[15:09:41.981] [DEBUG] loadTreeCmd start: cwd=/Users/iv/Developer/relux-proxy remote="" board="" user=""
[15:09:42.071] [INFO] loadTreeCmd success: roots=7
[15:09:42.071] [INFO] treeLoadedMsg applied: roots=7 rows=13 loadErr=<nil>
[15:09:51.981] [DEBUG] loadTreeCmd start: cwd=/Users/iv/Developer/relux-proxy remote="" board="" user=""
[15:09:52.066] [INFO] loadTreeCmd success: roots=7
[15:09:52.066] [INFO] treeLoadedMsg applied: roots=7 rows=13 loadErr=<nil>
[15:10:01.982] [DEBUG] loadTreeCmd start: cwd=/Users/iv/Developer/relux-proxy remote="" board="" user=""
[15:10:02.072] [INFO] loadTreeCmd success: roots=7
[15:10:02.072] [INFO] treeLoadedMsg applied: roots=7 rows=13 loadErr=<nil>
[15:10:11.982] [DEBUG] loadTreeCmd start: cwd=/Users/iv/Developer/relux-proxy remote="" board="" user=""
[15:10:12.069] [INFO] loadTreeCmd success: roots=7
[15:10:12.069] [INFO] treeLoadedMsg applied: roots=7 rows=13 loadErr=<nil>
[15:10:21.983] [DEBUG] loadTreeCmd start: cwd=/Users/iv/Developer/relux-proxy remote="" board="" user=""
[15:10:22.067] [INFO] loadTreeCmd success: roots=7
[15:10:22.067] [INFO] treeLoadedMsg applied: roots=7 rows=13 loadErr=<nil>
[15:10:31.983] [DEBUG] loadTreeCmd start: cwd=/Users/iv/Developer/relux-proxy remote="" board="" user=""
[15:10:32.071] [INFO] loadTreeCmd success: roots=7
[15:10:32.071] [INFO] treeLoadedMsg applied: roots=7 rows=13 loadErr=<nil>
[15:10:41.984] [DEBUG] loadTreeCmd start: cwd=/Users/iv/Developer/relux-proxy remote="" board="" user=""
[15:10:42.071] [INFO] loadTreeCmd success: roots=7
[15:10:42.072] [INFO] treeLoadedMsg applied: roots=7 rows=13 loadErr=<nil>
[15:10:51.986] [DEBUG] loadTreeCmd start: cwd=/Users/iv/Developer/relux-proxy remote="" board="" user=""
[15:10:52.066] [INFO] loadTreeCmd success: roots=7
[15:10:52.066] [INFO] treeLoadedMsg applied: roots=7 rows=13 loadErr=<nil>
[15:11:01.987] [DEBUG] loadTreeCmd start: cwd=/Users/iv/Developer/relux-proxy remote="" board="" user=""
[15:11:02.075] [INFO] loadTreeCmd success: roots=7
[15:11:02.075] [INFO] treeLoadedMsg applied: roots=7 rows=13 loadErr=<nil>
[15:11:11.988] [DEBUG] loadTreeCmd start: cwd=/Users/iv/Developer/relux-proxy remote="" board="" user=""
[15:11:12.078] [INFO] loadTreeCmd success: roots=7
[15:11:12.078] [INFO] treeLoadedMsg applied: roots=7 rows=13 loadErr=<nil>
[15:11:21.990] [DEBUG] loadTreeCmd start: cwd=/Users/iv/Developer/relux-proxy remote="" board="" user=""
[15:11:22.076] [INFO] loadTreeCmd success: roots=7
[15:11:22.076] [INFO] treeLoadedMsg applied: roots=7 rows=13 loadErr=<nil>
[15:11:31.991] [DEBUG] loadTreeCmd start: cwd=/Users/iv/Developer/relux-proxy remote="" board="" user=""
[15:11:32.077] [INFO] loadTreeCmd success: roots=7
[15:11:32.077] [INFO] treeLoadedMsg applied: roots=7 rows=13 loadErr=<nil>
[15:11:41.993] [DEBUG] loadTreeCmd start: cwd=/Users/iv/Developer/relux-proxy remote="" board="" user=""
[15:11:42.075] [INFO] loadTreeCmd success: roots=7
[15:11:42.075] [INFO] treeLoadedMsg applied: roots=7 rows=13 loadErr=<nil>
[15:11:51.993] [DEBUG] loadTreeCmd start: cwd=/Users/iv/Developer/relux-proxy remote="" board="" user=""
[15:11:52.080] [INFO] loadTreeCmd success: roots=7
[15:11:52.080] [INFO] treeLoadedMsg applied: roots=7 rows=13 loadErr=<nil>
[15:12:01.994] [DEBUG] loadTreeCmd start: cwd=/Users/iv/Developer/relux-proxy remote="" board="" user=""
[15:12:02.086] [INFO] loadTreeCmd success: roots=7
[15:12:02.087] [INFO] treeLoadedMsg applied: roots=7 rows=13 loadErr=<nil>
[15:12:11.995] [DEBUG] loadTreeCmd start: cwd=/Users/iv/Developer/relux-proxy remote="" board="" user=""
[15:12:12.086] [INFO] loadTreeCmd success: roots=7
[15:12:12.086] [INFO] treeLoadedMsg applied: roots=7 rows=13 loadErr=<nil>
[15:12:21.995] [DEBUG] loadTreeCmd start: cwd=/Users/iv/Developer/relux-proxy remote="" board="" user=""
[15:12:22.081] [INFO] loadTreeCmd success: roots=7
[15:12:22.081] [INFO] treeLoadedMsg applied: roots=7 rows=13 loadErr=<nil>
[15:12:31.996] [DEBUG] loadTreeCmd start: cwd=/Users/iv/Developer/relux-proxy remote="" board="" user=""
[15:12:32.081] [INFO] loadTreeCmd success: roots=7
[15:12:32.082] [INFO] treeLoadedMsg applied: roots=7 rows=13 loadErr=<nil>
[15:12:41.997] [DEBUG] loadTreeCmd start: cwd=/Users/iv/Developer/relux-proxy remote="" board="" user=""
[15:12:42.097] [INFO] loadTreeCmd success: roots=7
[15:12:42.097] [INFO] treeLoadedMsg applied: roots=7 rows=13 loadErr=<nil>
[15:12:51.997] [DEBUG] loadTreeCmd start: cwd=/Users/iv/Developer/relux-proxy remote="" board="" user=""
[15:12:52.086] [INFO] loadTreeCmd success: roots=7
[15:12:52.087] [INFO] treeLoadedMsg applied: roots=7 rows=13 loadErr=<nil>
[15:13:01.997] [DEBUG] loadTreeCmd start: cwd=/Users/iv/Developer/relux-proxy remote="" board="" user=""
[15:13:02.089] [INFO] loadTreeCmd success: roots=7
[15:13:02.089] [INFO] treeLoadedMsg applied: roots=7 rows=13 loadErr=<nil>
[15:13:11.997] [DEBUG] loadTreeCmd start: cwd=/Users/iv/Developer/relux-proxy remote="" board="" user=""
[15:13:12.083] [INFO] loadTreeCmd success: roots=7
[15:13:12.083] [INFO] treeLoadedMsg applied: roots=7 rows=13 loadErr=<nil>
[15:13:21.998] [DEBUG] loadTreeCmd start: cwd=/Users/iv/Developer/relux-proxy remote="" board="" user=""
[15:13:22.080] [INFO] loadTreeCmd success: roots=7
[15:13:22.080] [INFO] treeLoadedMsg applied: roots=7 rows=13 loadErr=<nil>
[15:13:31.998] [DEBUG] loadTreeCmd start: cwd=/Users/iv/Developer/relux-proxy remote="" board="" user=""
[15:13:32.083] [INFO] loadTreeCmd success: roots=7
[15:13:32.083] [INFO] treeLoadedMsg applied: roots=7 rows=13 loadErr=<nil>
[15:13:41.998] [DEBUG] loadTreeCmd start: cwd=/Users/iv/Developer/relux-proxy remote="" board="" user=""
[15:13:42.086] [INFO] loadTreeCmd success: roots=7
[15:13:42.086] [INFO] treeLoadedMsg applied: roots=7 rows=13 loadErr=<nil>
[15:13:51.998] [DEBUG] loadTreeCmd start: cwd=/Users/iv/Developer/relux-proxy remote="" board="" user=""
[15:13:52.085] [INFO] loadTreeCmd success: roots=7
[15:13:52.085] [INFO] treeLoadedMsg applied: roots=7 rows=13 loadErr=<nil>
[15:14:01.999] [DEBUG] loadTreeCmd start: cwd=/Users/iv/Developer/relux-proxy remote="" board="" user=""
[15:14:02.085] [INFO] loadTreeCmd success: roots=7
[15:14:02.085] [INFO] treeLoadedMsg applied: roots=7 rows=13 loadErr=<nil>
[15:14:12.000] [DEBUG] loadTreeCmd start: cwd=/Users/iv/Developer/relux-proxy remote="" board="" user=""
[15:14:12.085] [INFO] loadTreeCmd success: roots=7
[15:14:12.085] [INFO] treeLoadedMsg applied: roots=7 rows=13 loadErr=<nil>
[15:14:22.001] [DEBUG] loadTreeCmd start: cwd=/Users/iv/Developer/relux-proxy remote="" board="" user=""
[15:14:22.091] [INFO] loadTreeCmd success: roots=7
[15:14:22.091] [INFO] treeLoadedMsg applied: roots=7 rows=13 loadErr=<nil>
[15:14:32.002] [DEBUG] loadTreeCmd start: cwd=/Users/iv/Developer/relux-proxy remote="" board="" user=""
[15:14:32.088] [INFO] loadTreeCmd success: roots=7
[15:14:32.088] [INFO] treeLoadedMsg applied: roots=7 rows=13 loadErr=<nil>
[15:14:42.004] [DEBUG] loadTreeCmd start: cwd=/Users/iv/Developer/relux-proxy remote="" board="" user=""
[15:14:42.089] [INFO] loadTreeCmd success: roots=7
[15:14:42.089] [INFO] treeLoadedMsg applied: roots=7 rows=13 loadErr=<nil>
[15:14:52.005] [DEBUG] loadTreeCmd start: cwd=/Users/iv/Developer/relux-proxy remote="" board="" user=""
[15:14:52.094] [INFO] loadTreeCmd success: roots=7
[15:14:52.094] [INFO] treeLoadedMsg applied: roots=7 rows=13 loadErr=<nil>
[15:15:02.007] [DEBUG] loadTreeCmd start: cwd=/Users/iv/Developer/relux-proxy remote="" board="" user=""
[15:15:02.092] [INFO] loadTreeCmd success: roots=7
[15:15:02.092] [INFO] treeLoadedMsg applied: roots=7 rows=13 loadErr=<nil>
[15:15:12.008] [DEBUG] loadTreeCmd start: cwd=/Users/iv/Developer/relux-proxy remote="" board="" user=""
[15:15:12.094] [INFO] loadTreeCmd success: roots=7
[15:15:12.094] [INFO] treeLoadedMsg applied: roots=7 rows=13 loadErr=<nil>
[15:15:22.009] [DEBUG] loadTreeCmd start: cwd=/Users/iv/Developer/relux-proxy remote="" board="" user=""
[15:15:22.096] [INFO] loadTreeCmd success: roots=7
[15:15:22.097] [INFO] treeLoadedMsg applied: roots=7 rows=13 loadErr=<nil>
[15:15:32.011] [DEBUG] loadTreeCmd start: cwd=/Users/iv/Developer/relux-proxy remote="" board="" user=""
[15:15:32.097] [INFO] loadTreeCmd success: roots=7
[15:15:32.097] [INFO] treeLoadedMsg applied: roots=7 rows=13 loadErr=<nil>
[15:15:42.013] [DEBUG] loadTreeCmd start: cwd=/Users/iv/Developer/relux-proxy remote="" board="" user=""
[15:15:42.100] [INFO] loadTreeCmd success: roots=7
[15:15:42.100] [INFO] treeLoadedMsg applied: roots=7 rows=13 loadErr=<nil>
[15:15:52.013] [DEBUG] loadTreeCmd start: cwd=/Users/iv/Developer/relux-proxy remote="" board="" user=""
[15:15:52.099] [INFO] loadTreeCmd success: roots=7
[15:15:52.099] [INFO] treeLoadedMsg applied: roots=7 rows=13 loadErr=<nil>
[15:16:02.013] [DEBUG] loadTreeCmd start: cwd=/Users/iv/Developer/relux-proxy remote="" board="" user=""
[15:16:02.101] [INFO] loadTreeCmd success: roots=7
[15:16:02.101] [INFO] treeLoadedMsg applied: roots=7 rows=13 loadErr=<nil>
[15:16:12.014] [DEBUG] loadTreeCmd start: cwd=/Users/iv/Developer/relux-proxy remote="" board="" user=""
[15:16:12.100] [INFO] loadTreeCmd success: roots=7
[15:16:12.101] [INFO] treeLoadedMsg applied: roots=7 rows=13 loadErr=<nil>
[15:16:22.014] [DEBUG] loadTreeCmd start: cwd=/Users/iv/Developer/relux-proxy remote="" board="" user=""
[15:16:22.100] [INFO] loadTreeCmd success: roots=7
[15:16:22.100] [INFO] treeLoadedMsg applied: roots=7 rows=13 loadErr=<nil>
[15:16:32.015] [DEBUG] loadTreeCmd start: cwd=/Users/iv/Developer/relux-proxy remote="" board="" user=""
[15:16:32.095] [INFO] loadTreeCmd success: roots=7
[15:16:32.095] [INFO] treeLoadedMsg applied: roots=7 rows=13 loadErr=<nil>
[15:16:42.015] [DEBUG] loadTreeCmd start: cwd=/Users/iv/Developer/relux-proxy remote="" board="" user=""
[15:16:42.102] [INFO] loadTreeCmd success: roots=7
[15:16:42.102] [INFO] treeLoadedMsg applied: roots=7 rows=13 loadErr=<nil>
[15:16:52.015] [DEBUG] loadTreeCmd start: cwd=/Users/iv/Developer/relux-proxy remote="" board="" user=""
[15:16:52.103] [INFO] loadTreeCmd success: roots=7
[15:16:52.103] [INFO] treeLoadedMsg applied: roots=7 rows=13 loadErr=<nil>
[15:17:02.015] [DEBUG] loadTreeCmd start: cwd=/Users/iv/Developer/relux-proxy remote="" board="" user=""
[15:17:02.102] [INFO] loadTreeCmd success: roots=7
[15:17:02.102] [INFO] treeLoadedMsg applied: roots=7 rows=13 loadErr=<nil>
[15:17:12.016] [DEBUG] loadTreeCmd start: cwd=/Users/iv/Developer/relux-proxy remote="" board="" user=""
[15:17:12.104] [INFO] loadTreeCmd success: roots=7
[15:17:12.104] [INFO] treeLoadedMsg applied: roots=7 rows=13 loadErr=<nil>
[15:17:22.017] [DEBUG] loadTreeCmd start: cwd=/Users/iv/Developer/relux-proxy remote="" board="" user=""
[15:17:22.103] [INFO] loadTreeCmd success: roots=7
[15:17:22.103] [INFO] treeLoadedMsg applied: roots=7 rows=13 loadErr=<nil>
[15:17:32.018] [DEBUG] loadTreeCmd start: cwd=/Users/iv/Developer/relux-proxy remote="" board="" user=""
[15:17:32.106] [INFO] loadTreeCmd success: roots=7
[15:17:32.106] [INFO] treeLoadedMsg applied: roots=7 rows=13 loadErr=<nil>
[15:17:42.020] [DEBUG] loadTreeCmd start: cwd=/Users/iv/Developer/relux-proxy remote="" board="" user=""
[15:17:42.106] [INFO] loadTreeCmd success: roots=7
[15:17:42.106] [INFO] treeLoadedMsg applied: roots=7 rows=13 loadErr=<nil>
[15:17:52.021] [DEBUG] loadTreeCmd start: cwd=/Users/iv/Developer/relux-proxy remote="" board="" user=""
[15:17:52.102] [INFO] loadTreeCmd success: roots=7
[15:17:52.102] [INFO] treeLoadedMsg applied: roots=7 rows=13 loadErr=<nil>
[15:18:02.025] [DEBUG] loadTreeCmd start: cwd=/Users/iv/Developer/relux-proxy remote="" board="" user=""
[15:18:02.141] [INFO] loadTreeCmd success: roots=7
[15:18:02.141] [INFO] treeLoadedMsg applied: roots=7 rows=13 loadErr=<nil>
[15:18:12.026] [DEBUG] loadTreeCmd start: cwd=/Users/iv/Developer/relux-proxy remote="" board="" user=""
[15:18:12.115] [INFO] loadTreeCmd success: roots=7
[15:18:12.115] [INFO] treeLoadedMsg applied: roots=7 rows=13 loadErr=<nil>
[15:18:22.028] [DEBUG] loadTreeCmd start: cwd=/Users/iv/Developer/relux-proxy remote="" board="" user=""
[15:18:22.114] [INFO] loadTreeCmd success: roots=7
[15:18:22.114] [INFO] treeLoadedMsg applied: roots=7 rows=13 loadErr=<nil>
[15:18:32.030] [DEBUG] loadTreeCmd start: cwd=/Users/iv/Developer/relux-proxy remote="" board="" user=""
[15:18:32.116] [INFO] loadTreeCmd success: roots=7
[15:18:32.116] [INFO] treeLoadedMsg applied: roots=7 rows=13 loadErr=<nil>
[15:18:42.030] [DEBUG] loadTreeCmd start: cwd=/Users/iv/Developer/relux-proxy remote="" board="" user=""
[15:18:42.114] [INFO] loadTreeCmd success: roots=7
[15:18:42.114] [INFO] treeLoadedMsg applied: roots=7 rows=13 loadErr=<nil>
[15:18:52.030] [DEBUG] loadTreeCmd start: cwd=/Users/iv/Developer/relux-proxy remote="" board="" user=""
[15:18:52.117] [INFO] loadTreeCmd success: roots=7
[15:18:52.117] [INFO] treeLoadedMsg applied: roots=7 rows=13 loadErr=<nil>
[15:19:02.030] [DEBUG] loadTreeCmd start: cwd=/Users/iv/Developer/relux-proxy remote="" board="" user=""
[15:19:02.112] [INFO] loadTreeCmd success: roots=7
[15:19:02.113] [INFO] treeLoadedMsg applied: roots=7 rows=13 loadErr=<nil>
[15:19:12.030] [DEBUG] loadTreeCmd start: cwd=/Users/iv/Developer/relux-proxy remote="" board="" user=""
[15:19:12.118] [INFO] loadTreeCmd success: roots=7
[15:19:12.119] [INFO] treeLoadedMsg applied: roots=7 rows=13 loadErr=<nil>
[15:19:22.030] [DEBUG] loadTreeCmd start: cwd=/Users/iv/Developer/relux-proxy remote="" board="" user=""
[15:19:22.114] [INFO] loadTreeCmd success: roots=7
[15:19:22.114] [INFO] treeLoadedMsg applied: roots=7 rows=13 loadErr=<nil>
[15:19:32.031] [DEBUG] loadTreeCmd start: cwd=/Users/iv/Developer/relux-proxy remote="" board="" user=""
[15:19:32.114] [INFO] loadTreeCmd success: roots=7
[15:19:32.114] [INFO] treeLoadedMsg applied: roots=7 rows=13 loadErr=<nil>
[15:19:42.032] [DEBUG] loadTreeCmd start: cwd=/Users/iv/Developer/relux-proxy remote="" board="" user=""
[15:19:42.120] [INFO] loadTreeCmd success: roots=7
[15:19:42.120] [INFO] treeLoadedMsg applied: roots=7 rows=13 loadErr=<nil>
[15:19:52.033] [DEBUG] loadTreeCmd start: cwd=/Users/iv/Developer/relux-proxy remote="" board="" user=""
[15:19:52.116] [INFO] loadTreeCmd success: roots=7
[15:19:52.117] [INFO] treeLoadedMsg applied: roots=7 rows=13 loadErr=<nil>
[15:20:02.034] [DEBUG] loadTreeCmd start: cwd=/Users/iv/Developer/relux-proxy remote="" board="" user=""
[15:20:02.122] [INFO] loadTreeCmd success: roots=7
[15:20:02.122] [INFO] treeLoadedMsg applied: roots=7 rows=13 loadErr=<nil>
[15:20:12.035] [DEBUG] loadTreeCmd start: cwd=/Users/iv/Developer/relux-proxy remote="" board="" user=""
[15:20:12.125] [INFO] loadTreeCmd success: roots=7
[15:20:12.125] [INFO] treeLoadedMsg applied: roots=7 rows=13 loadErr=<nil>
[15:20:22.036] [DEBUG] loadTreeCmd start: cwd=/Users/iv/Developer/relux-proxy remote="" board="" user=""
[15:20:22.121] [INFO] loadTreeCmd success: roots=7
[15:20:22.121] [INFO] treeLoadedMsg applied: roots=7 rows=13 loadErr=<nil>
[15:20:32.037] [DEBUG] loadTreeCmd start: cwd=/Users/iv/Developer/relux-proxy remote="" board="" user=""
[15:20:32.124] [INFO] loadTreeCmd success: roots=7
[15:20:32.124] [INFO] treeLoadedMsg applied: roots=7 rows=13 loadErr=<nil>
[15:20:42.039] [DEBUG] loadTreeCmd start: cwd=/Users/iv/Developer/relux-proxy remote="" board="" user=""
[15:20:42.125] [INFO] loadTreeCmd success: roots=7
[15:20:42.125] [INFO] treeLoadedMsg applied: roots=7 rows=13 loadErr=<nil>
[15:20:52.039] [DEBUG] loadTreeCmd start: cwd=/Users/iv/Developer/relux-proxy remote="" board="" user=""
[15:20:52.126] [INFO] loadTreeCmd success: roots=7
[15:20:52.126] [INFO] treeLoadedMsg applied: roots=7 rows=13 loadErr=<nil>
[15:21:02.042] [DEBUG] loadTreeCmd start: cwd=/Users/iv/Developer/relux-proxy remote="" board="" user=""
[15:21:02.130] [INFO] loadTreeCmd success: roots=7
[15:21:02.130] [INFO] treeLoadedMsg applied: roots=7 rows=13 loadErr=<nil>
[15:21:12.043] [DEBUG] loadTreeCmd start: cwd=/Users/iv/Developer/relux-proxy remote="" board="" user=""
[15:21:12.131] [INFO] loadTreeCmd success: roots=7
[15:21:12.131] [INFO] treeLoadedMsg applied: roots=7 rows=13 loadErr=<nil>
[15:21:22.046] [DEBUG] loadTreeCmd start: cwd=/Users/iv/Developer/relux-proxy remote="" board="" user=""
[15:21:22.132] [INFO] loadTreeCmd success: roots=7
[15:21:22.132] [INFO] treeLoadedMsg applied: roots=7 rows=13 loadErr=<nil>
[15:21:32.048] [DEBUG] loadTreeCmd start: cwd=/Users/iv/Developer/relux-proxy remote="" board="" user=""
[15:21:32.136] [INFO] loadTreeCmd success: roots=7
[15:21:32.136] [INFO] treeLoadedMsg applied: roots=7 rows=13 loadErr=<nil>
[15:21:42.048] [DEBUG] loadTreeCmd start: cwd=/Users/iv/Developer/relux-proxy remote="" board="" user=""
[15:21:42.130] [INFO] loadTreeCmd success: roots=7
[15:21:42.130] [INFO] treeLoadedMsg applied: roots=7 rows=13 loadErr=<nil>
[15:21:52.049] [DEBUG] loadTreeCmd start: cwd=/Users/iv/Developer/relux-proxy remote="" board="" user=""
[15:21:52.132] [INFO] loadTreeCmd success: roots=7
[15:21:52.132] [INFO] treeLoadedMsg applied: roots=7 rows=13 loadErr=<nil>
[15:22:02.049] [DEBUG] loadTreeCmd start: cwd=/Users/iv/Developer/relux-proxy remote="" board="" user=""
[15:22:02.136] [INFO] loadTreeCmd success: roots=7
[15:22:02.136] [INFO] treeLoadedMsg applied: roots=7 rows=13 loadErr=<nil>
[15:22:12.049] [DEBUG] loadTreeCmd start: cwd=/Users/iv/Developer/relux-proxy remote="" board="" user=""
[15:22:12.135] [INFO] loadTreeCmd success: roots=7
[15:22:12.135] [INFO] treeLoadedMsg applied: roots=7 rows=13 loadErr=<nil>
[15:22:22.049] [DEBUG] loadTreeCmd start: cwd=/Users/iv/Developer/relux-proxy remote="" board="" user=""
[15:22:22.131] [INFO] loadTreeCmd success: roots=7
[15:22:22.131] [INFO] treeLoadedMsg applied: roots=7 rows=13 loadErr=<nil>
[15:22:32.050] [DEBUG] loadTreeCmd start: cwd=/Users/iv/Developer/relux-proxy remote="" board="" user=""
[15:22:32.136] [INFO] loadTreeCmd success: roots=7
[15:22:32.136] [INFO] treeLoadedMsg applied: roots=7 rows=13 loadErr=<nil>
[15:22:42.050] [DEBUG] loadTreeCmd start: cwd=/Users/iv/Developer/relux-proxy remote="" board="" user=""
[15:22:42.137] [INFO] loadTreeCmd success: roots=7
[15:22:42.137] [INFO] treeLoadedMsg applied: roots=7 rows=13 loadErr=<nil>
[15:22:52.051] [DEBUG] loadTreeCmd start: cwd=/Users/iv/Developer/relux-proxy remote="" board="" user=""
[15:22:52.136] [INFO] loadTreeCmd success: roots=7
[15:22:52.137] [INFO] treeLoadedMsg applied: roots=7 rows=13 loadErr=<nil>
[15:23:02.051] [DEBUG] loadTreeCmd start: cwd=/Users/iv/Developer/relux-proxy remote="" board="" user=""
[15:23:02.139] [INFO] loadTreeCmd success: roots=7
[15:23:02.139] [INFO] treeLoadedMsg applied: roots=7 rows=13 loadErr=<nil>
[15:23:12.053] [DEBUG] loadTreeCmd start: cwd=/Users/iv/Developer/relux-proxy remote="" board="" user=""
[15:23:12.140] [INFO] loadTreeCmd success: roots=7
[15:23:12.140] [INFO] treeLoadedMsg applied: roots=7 rows=13 loadErr=<nil>
[15:23:22.054] [DEBUG] loadTreeCmd start: cwd=/Users/iv/Developer/relux-proxy remote="" board="" user=""
[15:23:22.146] [INFO] loadTreeCmd success: roots=7
[15:23:22.146] [INFO] treeLoadedMsg applied: roots=7 rows=13 loadErr=<nil>
[15:23:32.055] [DEBUG] loadTreeCmd start: cwd=/Users/iv/Developer/relux-proxy remote="" board="" user=""
[15:23:32.138] [INFO] loadTreeCmd success: roots=7
[15:23:32.138] [INFO] treeLoadedMsg applied: roots=7 rows=13 loadErr=<nil>
[15:23:42.057] [DEBUG] loadTreeCmd start: cwd=/Users/iv/Developer/relux-proxy remote="" board="" user=""
[15:23:42.140] [INFO] loadTreeCmd success: roots=7
[15:23:42.140] [INFO] treeLoadedMsg applied: roots=7 rows=13 loadErr=<nil>
[15:23:52.059] [DEBUG] loadTreeCmd start: cwd=/Users/iv/Developer/relux-proxy remote="" board="" user=""
[15:23:52.142] [INFO] loadTreeCmd success: roots=7
[15:23:52.142] [INFO] treeLoadedMsg applied: roots=7 rows=13 loadErr=<nil>
[15:24:02.061] [DEBUG] loadTreeCmd start: cwd=/Users/iv/Developer/relux-proxy remote="" board="" user=""
[15:24:02.147] [INFO] loadTreeCmd success: roots=7
[15:24:02.147] [INFO] treeLoadedMsg applied: roots=7 rows=13 loadErr=<nil>
[15:24:12.063] [DEBUG] loadTreeCmd start: cwd=/Users/iv/Developer/relux-proxy remote="" board="" user=""
[15:24:12.151] [INFO] loadTreeCmd success: roots=7
[15:24:12.151] [INFO] treeLoadedMsg applied: roots=7 rows=13 loadErr=<nil>
[15:24:22.064] [DEBUG] loadTreeCmd start: cwd=/Users/iv/Developer/relux-proxy remote="" board="" user=""
[15:24:22.153] [INFO] loadTreeCmd success: roots=7
[15:24:22.153] [INFO] treeLoadedMsg applied: roots=7 rows=13 loadErr=<nil>
[15:24:32.065] [DEBUG] loadTreeCmd start: cwd=/Users/iv/Developer/relux-proxy remote="" board="" user=""
[15:24:32.156] [INFO] loadTreeCmd success: roots=7
[15:24:32.156] [INFO] treeLoadedMsg applied: roots=7 rows=13 loadErr=<nil>
[15:24:42.065] [DEBUG] loadTreeCmd start: cwd=/Users/iv/Developer/relux-proxy remote="" board="" user=""
[15:24:42.152] [INFO] loadTreeCmd success: roots=7
[15:24:42.153] [INFO] treeLoadedMsg applied: roots=7 rows=13 loadErr=<nil>
[15:24:52.065] [DEBUG] loadTreeCmd start: cwd=/Users/iv/Developer/relux-proxy remote="" board="" user=""
[15:24:52.155] [INFO] loadTreeCmd success: roots=7
[15:24:52.155] [INFO] treeLoadedMsg applied: roots=7 rows=13 loadErr=<nil>
[15:25:02.066] [DEBUG] loadTreeCmd start: cwd=/Users/iv/Developer/relux-proxy remote="" board="" user=""
[15:25:02.155] [INFO] loadTreeCmd success: roots=7
[15:25:02.155] [INFO] treeLoadedMsg applied: roots=7 rows=13 loadErr=<nil>
[15:25:12.066] [DEBUG] loadTreeCmd start: cwd=/Users/iv/Developer/relux-proxy remote="" board="" user=""
[15:25:12.152] [INFO] loadTreeCmd success: roots=7
[15:25:12.152] [INFO] treeLoadedMsg applied: roots=7 rows=13 loadErr=<nil>
[15:25:22.067] [DEBUG] loadTreeCmd start: cwd=/Users/iv/Developer/relux-proxy remote="" board="" user=""
[15:25:22.155] [INFO] loadTreeCmd success: roots=7
[15:25:22.155] [INFO] treeLoadedMsg applied: roots=7 rows=13 loadErr=<nil>
[15:25:32.068] [DEBUG] loadTreeCmd start: cwd=/Users/iv/Developer/relux-proxy remote="" board="" user=""
[15:25:32.166] [INFO] loadTreeCmd success: roots=7
[15:25:32.167] [INFO] treeLoadedMsg applied: roots=7 rows=13 loadErr=<nil>
[15:25:42.068] [DEBUG] loadTreeCmd start: cwd=/Users/iv/Developer/relux-proxy remote="" board="" user=""
[15:25:42.155] [INFO] loadTreeCmd success: roots=7
[15:25:42.155] [INFO] treeLoadedMsg applied: roots=7 rows=13 loadErr=<nil>
[15:25:52.069] [DEBUG] loadTreeCmd start: cwd=/Users/iv/Developer/relux-proxy remote="" board="" user=""
[15:25:52.157] [INFO] loadTreeCmd success: roots=7
[15:25:52.157] [INFO] treeLoadedMsg applied: roots=7 rows=13 loadErr=<nil>
[15:26:02.069] [DEBUG] loadTreeCmd start: cwd=/Users/iv/Developer/relux-proxy remote="" board="" user=""
[15:26:02.156] [INFO] loadTreeCmd success: roots=7
[15:26:02.156] [INFO] treeLoadedMsg applied: roots=7 rows=13 loadErr=<nil>
[15:26:12.070] [DEBUG] loadTreeCmd start: cwd=/Users/iv/Developer/relux-proxy remote="" board="" user=""
[15:26:12.160] [INFO] loadTreeCmd success: roots=7
[15:26:12.160] [INFO] treeLoadedMsg applied: roots=7 rows=13 loadErr=<nil>
[15:26:22.071] [DEBUG] loadTreeCmd start: cwd=/Users/iv/Developer/relux-proxy remote="" board="" user=""
[15:26:22.159] [INFO] loadTreeCmd success: roots=7
[15:26:22.159] [INFO] treeLoadedMsg applied: roots=7 rows=13 loadErr=<nil>
[15:26:32.073] [DEBUG] loadTreeCmd start: cwd=/Users/iv/Developer/relux-proxy remote="" board="" user=""
[15:26:32.160] [INFO] loadTreeCmd success: roots=7
[15:26:32.161] [INFO] treeLoadedMsg applied: roots=7 rows=13 loadErr=<nil>
[15:26:42.075] [DEBUG] loadTreeCmd start: cwd=/Users/iv/Developer/relux-proxy remote="" board="" user=""
[15:26:42.165] [INFO] loadTreeCmd success: roots=7
[15:26:42.165] [INFO] treeLoadedMsg applied: roots=7 rows=13 loadErr=<nil>
[15:26:52.075] [DEBUG] loadTreeCmd start: cwd=/Users/iv/Developer/relux-proxy remote="" board="" user=""
[15:26:52.159] [INFO] loadTreeCmd success: roots=7
[15:26:52.159] [INFO] treeLoadedMsg applied: roots=7 rows=13 loadErr=<nil>
[15:27:02.078] [DEBUG] loadTreeCmd start: cwd=/Users/iv/Developer/relux-proxy remote="" board="" user=""
[15:27:02.174] [INFO] loadTreeCmd success: roots=7
[15:27:02.174] [INFO] treeLoadedMsg applied: roots=7 rows=13 loadErr=<nil>
[15:27:12.078] [DEBUG] loadTreeCmd start: cwd=/Users/iv/Developer/relux-proxy remote="" board="" user=""
[15:27:12.163] [INFO] loadTreeCmd success: roots=7
[15:27:12.163] [INFO] treeLoadedMsg applied: roots=7 rows=13 loadErr=<nil>
[15:27:22.080] [DEBUG] loadTreeCmd start: cwd=/Users/iv/Developer/relux-proxy remote="" board="" user=""
[15:27:22.167] [INFO] loadTreeCmd success: roots=7
[15:27:22.167] [INFO] treeLoadedMsg applied: roots=7 rows=13 loadErr=<nil>
[15:27:32.081] [DEBUG] loadTreeCmd start: cwd=/Users/iv/Developer/relux-proxy remote="" board="" user=""
[15:27:32.168] [INFO] loadTreeCmd success: roots=7
[15:27:32.168] [INFO] treeLoadedMsg applied: roots=7 rows=13 loadErr=<nil>
[15:27:42.081] [DEBUG] loadTreeCmd start: cwd=/Users/iv/Developer/relux-proxy remote="" board="" user=""
[15:27:42.171] [INFO] loadTreeCmd success: roots=7
[15:27:42.171] [INFO] treeLoadedMsg applied: roots=7 rows=13 loadErr=<nil>
[15:27:52.081] [DEBUG] loadTreeCmd start: cwd=/Users/iv/Developer/relux-proxy remote="" board="" user=""
[15:27:52.169] [INFO] loadTreeCmd success: roots=7
[15:27:52.169] [INFO] treeLoadedMsg applied: roots=7 rows=13 loadErr=<nil>
[15:28:02.082] [DEBUG] loadTreeCmd start: cwd=/Users/iv/Developer/relux-proxy remote="" board="" user=""
[15:28:02.168] [INFO] loadTreeCmd success: roots=7
[15:28:02.168] [INFO] treeLoadedMsg applied: roots=7 rows=13 loadErr=<nil>
[15:28:12.082] [DEBUG] loadTreeCmd start: cwd=/Users/iv/Developer/relux-proxy remote="" board="" user=""
[15:28:12.168] [INFO] loadTreeCmd success: roots=7
[15:28:12.168] [INFO] treeLoadedMsg applied: roots=7 rows=13 loadErr=<nil>
[15:28:22.083] [DEBUG] loadTreeCmd start: cwd=/Users/iv/Developer/relux-proxy remote="" board="" user=""
[15:28:22.166] [INFO] loadTreeCmd success: roots=7
[15:28:22.166] [INFO] treeLoadedMsg applied: roots=7 rows=13 loadErr=<nil>
[15:28:32.083] [DEBUG] loadTreeCmd start: cwd=/Users/iv/Developer/relux-proxy remote="" board="" user=""
[15:28:32.164] [INFO] loadTreeCmd success: roots=7
[15:28:32.165] [INFO] treeLoadedMsg applied: roots=7 rows=13 loadErr=<nil>
[15:28:42.083] [DEBUG] loadTreeCmd start: cwd=/Users/iv/Developer/relux-proxy remote="" board="" user=""
[15:28:42.171] [INFO] loadTreeCmd success: roots=7
[15:28:42.171] [INFO] treeLoadedMsg applied: roots=7 rows=13 loadErr=<nil>
[15:28:52.084] [DEBUG] loadTreeCmd start: cwd=/Users/iv/Developer/relux-proxy remote="" board="" user=""
[15:28:52.167] [INFO] loadTreeCmd success: roots=7
[15:28:52.167] [INFO] treeLoadedMsg applied: roots=7 rows=13 loadErr=<nil>
[15:29:02.085] [DEBUG] loadTreeCmd start: cwd=/Users/iv/Developer/relux-proxy remote="" board="" user=""
[15:29:02.172] [INFO] loadTreeCmd success: roots=7
[15:29:02.172] [INFO] treeLoadedMsg applied: roots=7 rows=13 loadErr=<nil>
[15:29:12.086] [DEBUG] loadTreeCmd start: cwd=/Users/iv/Developer/relux-proxy remote="" board="" user=""
[15:29:12.174] [INFO] loadTreeCmd success: roots=7
[15:29:12.174] [INFO] treeLoadedMsg applied: roots=7 rows=13 loadErr=<nil>
[15:29:22.087] [DEBUG] loadTreeCmd start: cwd=/Users/iv/Developer/relux-proxy remote="" board="" user=""
[15:29:22.173] [INFO] loadTreeCmd success: roots=7
[15:29:22.173] [INFO] treeLoadedMsg applied: roots=7 rows=13 loadErr=<nil>
[15:29:32.088] [DEBUG] loadTreeCmd start: cwd=/Users/iv/Developer/relux-proxy remote="" board="" user=""
[15:29:32.175] [INFO] loadTreeCmd success: roots=7
[15:29:32.175] [INFO] treeLoadedMsg applied: roots=7 rows=13 loadErr=<nil>
[15:29:42.089] [DEBUG] loadTreeCmd start: cwd=/Users/iv/Developer/relux-proxy remote="" board="" user=""
[15:29:42.176] [INFO] loadTreeCmd success: roots=7
[15:29:42.176] [INFO] treeLoadedMsg applied: roots=7 rows=13 loadErr=<nil>
[15:29:52.091] [DEBUG] loadTreeCmd start: cwd=/Users/iv/Developer/relux-proxy remote="" board="" user=""
[15:29:52.176] [INFO] loadTreeCmd success: roots=7
[15:29:52.176] [INFO] treeLoadedMsg applied: roots=7 rows=13 loadErr=<nil>
[15:30:02.094] [DEBUG] loadTreeCmd start: cwd=/Users/iv/Developer/relux-proxy remote="" board="" user=""
[15:30:02.186] [INFO] loadTreeCmd success: roots=7
[15:30:02.186] [INFO] treeLoadedMsg applied: roots=7 rows=13 loadErr=<nil>
[15:30:12.095] [DEBUG] loadTreeCmd start: cwd=/Users/iv/Developer/relux-proxy remote="" board="" user=""
[15:30:12.184] [INFO] loadTreeCmd success: roots=7
[15:30:12.184] [INFO] treeLoadedMsg applied: roots=7 rows=13 loadErr=<nil>
[15:30:22.098] [DEBUG] loadTreeCmd start: cwd=/Users/iv/Developer/relux-proxy remote="" board="" user=""
[15:30:22.186] [INFO] loadTreeCmd success: roots=7
[15:30:22.186] [INFO] treeLoadedMsg applied: roots=7 rows=13 loadErr=<nil>
[15:30:32.098] [DEBUG] loadTreeCmd start: cwd=/Users/iv/Developer/relux-proxy remote="" board="" user=""
[15:30:32.181] [INFO] loadTreeCmd success: roots=7
[15:30:32.181] [INFO] treeLoadedMsg applied: roots=7 rows=13 loadErr=<nil>
[15:30:42.098] [DEBUG] loadTreeCmd start: cwd=/Users/iv/Developer/relux-proxy remote="" board="" user=""
[15:30:42.187] [INFO] loadTreeCmd success: roots=7
[15:30:42.187] [INFO] treeLoadedMsg applied: roots=7 rows=13 loadErr=<nil>
[15:30:52.098] [DEBUG] loadTreeCmd start: cwd=/Users/iv/Developer/relux-proxy remote="" board="" user=""
[15:30:52.188] [INFO] loadTreeCmd success: roots=7
[15:30:52.188] [INFO] treeLoadedMsg applied: roots=7 rows=13 loadErr=<nil>
[15:31:02.099] [DEBUG] loadTreeCmd start: cwd=/Users/iv/Developer/relux-proxy remote="" board="" user=""
[15:31:02.188] [INFO] loadTreeCmd success: roots=7
[15:31:02.188] [INFO] treeLoadedMsg applied: roots=7 rows=13 loadErr=<nil>
[15:31:12.099] [DEBUG] loadTreeCmd start: cwd=/Users/iv/Developer/relux-proxy remote="" board="" user=""
[15:31:12.188] [INFO] loadTreeCmd success: roots=7
[15:31:12.188] [INFO] treeLoadedMsg applied: roots=7 rows=13 loadErr=<nil>
[15:31:22.099] [DEBUG] loadTreeCmd start: cwd=/Users/iv/Developer/relux-proxy remote="" board="" user=""
[15:31:22.188] [INFO] loadTreeCmd success: roots=7
[15:31:22.188] [INFO] treeLoadedMsg applied: roots=7 rows=13 loadErr=<nil>
[15:31:32.100] [DEBUG] loadTreeCmd start: cwd=/Users/iv/Developer/relux-proxy remote="" board="" user=""
[15:31:32.181] [INFO] loadTreeCmd success: roots=7
[15:31:32.181] [INFO] treeLoadedMsg applied: roots=7 rows=13 loadErr=<nil>
[15:31:42.100] [DEBUG] loadTreeCmd start: cwd=/Users/iv/Developer/relux-proxy remote="" board="" user=""
[15:31:42.189] [INFO] loadTreeCmd success: roots=7
[15:31:42.189] [INFO] treeLoadedMsg applied: roots=7 rows=13 loadErr=<nil>
[15:31:52.101] [DEBUG] loadTreeCmd start: cwd=/Users/iv/Developer/relux-proxy remote="" board="" user=""
[15:31:52.182] [INFO] loadTreeCmd success: roots=7
[15:31:52.182] [INFO] treeLoadedMsg applied: roots=7 rows=13 loadErr=<nil>
[15:32:02.103] [DEBUG] loadTreeCmd start: cwd=/Users/iv/Developer/relux-proxy remote="" board="" user=""
[15:32:02.317] [INFO] loadTreeCmd success: roots=7
[15:32:02.317] [INFO] treeLoadedMsg applied: roots=7 rows=13 loadErr=<nil>
[15:32:12.104] [DEBUG] loadTreeCmd start: cwd=/Users/iv/Developer/relux-proxy remote="" board="" user=""
[15:32:12.195] [INFO] loadTreeCmd success: roots=7
[15:32:12.195] [INFO] treeLoadedMsg applied: roots=7 rows=13 loadErr=<nil>
[15:32:22.105] [DEBUG] loadTreeCmd start: cwd=/Users/iv/Developer/relux-proxy remote="" board="" user=""
[15:32:22.189] [INFO] loadTreeCmd success: roots=7
[15:32:22.189] [INFO] treeLoadedMsg applied: roots=7 rows=13 loadErr=<nil>
[15:32:32.107] [DEBUG] loadTreeCmd start: cwd=/Users/iv/Developer/relux-proxy remote="" board="" user=""
[15:32:32.190] [INFO] loadTreeCmd success: roots=7
[15:32:32.190] [INFO] treeLoadedMsg applied: roots=7 rows=13 loadErr=<nil>
[15:32:42.109] [DEBUG] loadTreeCmd start: cwd=/Users/iv/Developer/relux-proxy remote="" board="" user=""
[15:32:42.200] [INFO] loadTreeCmd success: roots=7
[15:32:42.201] [INFO] treeLoadedMsg applied: roots=7 rows=13 loadErr=<nil>
[15:32:52.112] [DEBUG] loadTreeCmd start: cwd=/Users/iv/Developer/relux-proxy remote="" board="" user=""
[15:32:52.257] [INFO] loadTreeCmd success: roots=7
[15:32:52.257] [INFO] treeLoadedMsg applied: roots=7 rows=13 loadErr=<nil>
[15:33:02.114] [DEBUG] loadTreeCmd start: cwd=/Users/iv/Developer/relux-proxy remote="" board="" user=""
[15:33:02.203] [INFO] loadTreeCmd success: roots=7
[15:33:02.204] [INFO] treeLoadedMsg applied: roots=7 rows=13 loadErr=<nil>
[15:33:12.114] [DEBUG] loadTreeCmd start: cwd=/Users/iv/Developer/relux-proxy remote="" board="" user=""
[15:33:12.201] [INFO] loadTreeCmd success: roots=7
[15:33:12.201] [INFO] treeLoadedMsg applied: roots=7 rows=13 loadErr=<nil>
[15:33:22.115] [DEBUG] loadTreeCmd start: cwd=/Users/iv/Developer/relux-proxy remote="" board="" user=""
[15:33:22.201] [INFO] loadTreeCmd success: roots=7
[15:33:22.201] [INFO] treeLoadedMsg applied: roots=7 rows=13 loadErr=<nil>
[15:33:32.115] [DEBUG] loadTreeCmd start: cwd=/Users/iv/Developer/relux-proxy remote="" board="" user=""
[15:33:32.203] [INFO] loadTreeCmd success: roots=7
[15:33:32.203] [INFO] treeLoadedMsg applied: roots=7 rows=13 loadErr=<nil>
[15:33:42.115] [DEBUG] loadTreeCmd start: cwd=/Users/iv/Developer/relux-proxy remote="" board="" user=""
[15:33:42.207] [INFO] loadTreeCmd success: roots=7
[15:33:42.208] [INFO] treeLoadedMsg applied: roots=7 rows=13 loadErr=<nil>
[15:33:52.115] [DEBUG] loadTreeCmd start: cwd=/Users/iv/Developer/relux-proxy remote="" board="" user=""
[15:33:52.198] [INFO] loadTreeCmd success: roots=7
[15:33:52.198] [INFO] treeLoadedMsg applied: roots=7 rows=13 loadErr=<nil>
[15:34:02.116] [DEBUG] loadTreeCmd start: cwd=/Users/iv/Developer/relux-proxy remote="" board="" user=""
[15:34:02.208] [INFO] loadTreeCmd success: roots=7
[15:34:02.209] [INFO] treeLoadedMsg applied: roots=7 rows=13 loadErr=<nil>
[15:34:12.116] [DEBUG] loadTreeCmd start: cwd=/Users/iv/Developer/relux-proxy remote="" board="" user=""
[15:34:12.200] [INFO] loadTreeCmd success: roots=7
[15:34:12.200] [INFO] treeLoadedMsg applied: roots=7 rows=13 loadErr=<nil>
[15:34:22.117] [DEBUG] loadTreeCmd start: cwd=/Users/iv/Developer/relux-proxy remote="" board="" user=""
[15:34:22.201] [INFO] loadTreeCmd success: roots=7
[15:34:22.201] [INFO] treeLoadedMsg applied: roots=7 rows=13 loadErr=<nil>
[15:34:32.118] [DEBUG] loadTreeCmd start: cwd=/Users/iv/Developer/relux-proxy remote="" board="" user=""
[15:34:32.201] [INFO] loadTreeCmd success: roots=7
[15:34:32.204] [INFO] treeLoadedMsg applied: roots=7 rows=13 loadErr=<nil>
[15:34:42.119] [DEBUG] loadTreeCmd start: cwd=/Users/iv/Developer/relux-proxy remote="" board="" user=""
[15:34:42.200] [INFO] loadTreeCmd success: roots=7
[15:34:42.200] [INFO] treeLoadedMsg applied: roots=7 rows=13 loadErr=<nil>
[15:34:52.120] [DEBUG] loadTreeCmd start: cwd=/Users/iv/Developer/relux-proxy remote="" board="" user=""
[15:34:52.202] [INFO] loadTreeCmd success: roots=7
[15:34:52.202] [INFO] treeLoadedMsg applied: roots=7 rows=13 loadErr=<nil>
[15:35:02.122] [DEBUG] loadTreeCmd start: cwd=/Users/iv/Developer/relux-proxy remote="" board="" user=""
[15:35:02.210] [INFO] loadTreeCmd success: roots=7
[15:35:02.210] [INFO] treeLoadedMsg applied: roots=7 rows=13 loadErr=<nil>
[15:35:12.124] [DEBUG] loadTreeCmd start: cwd=/Users/iv/Developer/relux-proxy remote="" board="" user=""
[15:35:12.210] [INFO] loadTreeCmd success: roots=7
[15:35:12.210] [INFO] treeLoadedMsg applied: roots=7 rows=13 loadErr=<nil>
[15:35:22.126] [DEBUG] loadTreeCmd start: cwd=/Users/iv/Developer/relux-proxy remote="" board="" user=""
[15:35:22.210] [INFO] loadTreeCmd success: roots=7
[15:35:22.210] [INFO] treeLoadedMsg applied: roots=7 rows=13 loadErr=<nil>
[15:35:32.128] [DEBUG] loadTreeCmd start: cwd=/Users/iv/Developer/relux-proxy remote="" board="" user=""
[15:35:32.212] [INFO] loadTreeCmd success: roots=7
[15:35:32.212] [INFO] treeLoadedMsg applied: roots=7 rows=13 loadErr=<nil>
[15:35:42.137] [DEBUG] loadTreeCmd start: cwd=/Users/iv/Developer/relux-proxy remote="" board="" user=""
[15:35:42.219] [INFO] loadTreeCmd success: roots=7
[15:35:42.220] [INFO] treeLoadedMsg applied: roots=7 rows=13 loadErr=<nil>
[15:35:52.154] [DEBUG] loadTreeCmd start: cwd=/Users/iv/Developer/relux-proxy remote="" board="" user=""
[15:35:52.246] [INFO] loadTreeCmd success: roots=7
[15:35:52.246] [INFO] treeLoadedMsg applied: roots=7 rows=13 loadErr=<nil>
[15:36:02.162] [DEBUG] loadTreeCmd start: cwd=/Users/iv/Developer/relux-proxy remote="" board="" user=""
[15:36:02.265] [INFO] loadTreeCmd success: roots=7
[15:36:02.266] [INFO] treeLoadedMsg applied: roots=7 rows=13 loadErr=<nil>
[15:36:12.166] [DEBUG] loadTreeCmd start: cwd=/Users/iv/Developer/relux-proxy remote="" board="" user=""
[15:36:12.253] [INFO] loadTreeCmd success: roots=7
[15:36:12.253] [INFO] treeLoadedMsg applied: roots=7 rows=13 loadErr=<nil>
[15:36:22.169] [DEBUG] loadTreeCmd start: cwd=/Users/iv/Developer/relux-proxy remote="" board="" user=""
[15:36:22.258] [INFO] loadTreeCmd success: roots=7
[15:36:22.258] [INFO] treeLoadedMsg applied: roots=7 rows=13 loadErr=<nil>
[15:36:32.171] [DEBUG] loadTreeCmd start: cwd=/Users/iv/Developer/relux-proxy remote="" board="" user=""
[15:36:32.258] [INFO] loadTreeCmd success: roots=7
[15:36:32.258] [INFO] treeLoadedMsg applied: roots=7 rows=13 loadErr=<nil>
[15:36:42.172] [DEBUG] loadTreeCmd start: cwd=/Users/iv/Developer/relux-proxy remote="" board="" user=""
[15:36:42.257] [INFO] loadTreeCmd success: roots=7
[15:36:42.257] [INFO] treeLoadedMsg applied: roots=7 rows=13 loadErr=<nil>
[15:36:52.172] [DEBUG] loadTreeCmd start: cwd=/Users/iv/Developer/relux-proxy remote="" board="" user=""
[15:36:52.275] [INFO] loadTreeCmd success: roots=7
[15:36:52.276] [INFO] treeLoadedMsg applied: roots=7 rows=13 loadErr=<nil>
[15:37:02.173] [DEBUG] loadTreeCmd start: cwd=/Users/iv/Developer/relux-proxy remote="" board="" user=""
[15:37:02.257] [INFO] loadTreeCmd success: roots=7
[15:37:02.258] [INFO] treeLoadedMsg applied: roots=7 rows=13 loadErr=<nil>
[15:37:12.174] [DEBUG] loadTreeCmd start: cwd=/Users/iv/Developer/relux-proxy remote="" board="" user=""
[15:37:12.263] [INFO] loadTreeCmd success: roots=7
[15:37:12.263] [INFO] treeLoadedMsg applied: roots=7 rows=13 loadErr=<nil>
[15:37:22.175] [DEBUG] loadTreeCmd start: cwd=/Users/iv/Developer/relux-proxy remote="" board="" user=""
[15:37:22.261] [INFO] loadTreeCmd success: roots=7
[15:37:22.261] [INFO] treeLoadedMsg applied: roots=7 rows=13 loadErr=<nil>
[15:37:32.176] [DEBUG] loadTreeCmd start: cwd=/Users/iv/Developer/relux-proxy remote="" board="" user=""
[15:37:32.466] [INFO] loadTreeCmd success: roots=7
[15:37:32.466] [INFO] treeLoadedMsg applied: roots=7 rows=13 loadErr=<nil>
[15:37:42.177] [DEBUG] loadTreeCmd start: cwd=/Users/iv/Developer/relux-proxy remote="" board="" user=""
[15:37:42.466] [INFO] loadTreeCmd success: roots=7
[15:37:42.466] [INFO] treeLoadedMsg applied: roots=7 rows=13 loadErr=<nil>
[15:37:52.179] [DEBUG] loadTreeCmd start: cwd=/Users/iv/Developer/relux-proxy remote="" board="" user=""
[15:37:52.466] [INFO] loadTreeCmd success: roots=7
[15:37:52.466] [INFO] treeLoadedMsg applied: roots=7 rows=13 loadErr=<nil>
[15:38:02.181] [DEBUG] loadTreeCmd start: cwd=/Users/iv/Developer/relux-proxy remote="" board="" user=""
[15:38:02.478] [INFO] loadTreeCmd success: roots=7
[15:38:02.478] [INFO] treeLoadedMsg applied: roots=7 rows=13 loadErr=<nil>
[15:38:12.183] [DEBUG] loadTreeCmd start: cwd=/Users/iv/Developer/relux-proxy remote="" board="" user=""
[15:38:12.479] [INFO] loadTreeCmd success: roots=7
[15:38:12.479] [INFO] treeLoadedMsg applied: roots=7 rows=13 loadErr=<nil>
[15:38:22.185] [DEBUG] loadTreeCmd start: cwd=/Users/iv/Developer/relux-proxy remote="" board="" user=""
[15:38:22.482] [INFO] loadTreeCmd success: roots=7
[15:38:22.483] [INFO] treeLoadedMsg applied: roots=7 rows=13 loadErr=<nil>
[15:38:32.187] [DEBUG] loadTreeCmd start: cwd=/Users/iv/Developer/relux-proxy remote="" board="" user=""
[15:38:32.478] [INFO] loadTreeCmd success: roots=7
[15:38:32.479] [INFO] treeLoadedMsg applied: roots=7 rows=13 loadErr=<nil>
[15:38:42.188] [DEBUG] loadTreeCmd start: cwd=/Users/iv/Developer/relux-proxy remote="" board="" user=""
[15:38:42.479] [INFO] loadTreeCmd success: roots=7
[15:38:42.479] [INFO] treeLoadedMsg applied: roots=7 rows=13 loadErr=<nil>
[15:38:52.188] [DEBUG] loadTreeCmd start: cwd=/Users/iv/Developer/relux-proxy remote="" board="" user=""
[15:38:52.481] [INFO] loadTreeCmd success: roots=7
[15:38:52.481] [INFO] treeLoadedMsg applied: roots=7 rows=13 loadErr=<nil>
[15:39:02.188] [DEBUG] loadTreeCmd start: cwd=/Users/iv/Developer/relux-proxy remote="" board="" user=""
[15:39:02.485] [INFO] loadTreeCmd success: roots=7
[15:39:02.485] [INFO] treeLoadedMsg applied: roots=7 rows=13 loadErr=<nil>
[15:39:12.188] [DEBUG] loadTreeCmd start: cwd=/Users/iv/Developer/relux-proxy remote="" board="" user=""
[15:39:12.480] [INFO] loadTreeCmd success: roots=7
[15:39:12.480] [INFO] treeLoadedMsg applied: roots=7 rows=13 loadErr=<nil>
[15:39:22.188] [DEBUG] loadTreeCmd start: cwd=/Users/iv/Developer/relux-proxy remote="" board="" user=""
[15:39:22.477] [INFO] loadTreeCmd success: roots=7
[15:39:22.477] [INFO] treeLoadedMsg applied: roots=7 rows=13 loadErr=<nil>
[15:39:32.189] [DEBUG] loadTreeCmd start: cwd=/Users/iv/Developer/relux-proxy remote="" board="" user=""
[15:39:32.480] [INFO] loadTreeCmd success: roots=7
[15:39:32.480] [INFO] treeLoadedMsg applied: roots=7 rows=13 loadErr=<nil>
[15:39:42.189] [DEBUG] loadTreeCmd start: cwd=/Users/iv/Developer/relux-proxy remote="" board="" user=""
[15:39:42.478] [INFO] loadTreeCmd success: roots=7
[15:39:42.478] [INFO] treeLoadedMsg applied: roots=7 rows=13 loadErr=<nil>
[15:39:52.189] [DEBUG] loadTreeCmd start: cwd=/Users/iv/Developer/relux-proxy remote="" board="" user=""
[15:39:52.479] [INFO] loadTreeCmd success: roots=7
[15:39:52.479] [INFO] treeLoadedMsg applied: roots=7 rows=13 loadErr=<nil>
[15:40:02.189] [DEBUG] loadTreeCmd start: cwd=/Users/iv/Developer/relux-proxy remote="" board="" user=""
[15:40:02.480] [INFO] loadTreeCmd success: roots=7
[15:40:02.480] [INFO] treeLoadedMsg applied: roots=7 rows=13 loadErr=<nil>
[15:40:12.190] [DEBUG] loadTreeCmd start: cwd=/Users/iv/Developer/relux-proxy remote="" board="" user=""
[15:40:12.480] [INFO] loadTreeCmd success: roots=7
[15:40:12.481] [INFO] treeLoadedMsg applied: roots=7 rows=13 loadErr=<nil>
[15:40:22.191] [DEBUG] loadTreeCmd start: cwd=/Users/iv/Developer/relux-proxy remote="" board="" user=""
[15:40:22.483] [INFO] loadTreeCmd success: roots=7
[15:40:22.484] [INFO] treeLoadedMsg applied: roots=7 rows=13 loadErr=<nil>
[15:40:32.191] [DEBUG] loadTreeCmd start: cwd=/Users/iv/Developer/relux-proxy remote="" board="" user=""
[15:40:32.480] [INFO] loadTreeCmd success: roots=7
[15:40:32.480] [INFO] treeLoadedMsg applied: roots=7 rows=13 loadErr=<nil>
[15:40:42.192] [DEBUG] loadTreeCmd start: cwd=/Users/iv/Developer/relux-proxy remote="" board="" user=""
[15:40:42.484] [INFO] loadTreeCmd success: roots=7
[15:40:42.484] [INFO] treeLoadedMsg applied: roots=7 rows=13 loadErr=<nil>
[15:40:52.194] [DEBUG] loadTreeCmd start: cwd=/Users/iv/Developer/relux-proxy remote="" board="" user=""
[15:40:52.483] [INFO] loadTreeCmd success: roots=7
[15:40:52.484] [INFO] treeLoadedMsg applied: roots=7 rows=13 loadErr=<nil>
[15:41:02.196] [DEBUG] loadTreeCmd start: cwd=/Users/iv/Developer/relux-proxy remote="" board="" user=""
[15:41:02.487] [INFO] loadTreeCmd success: roots=7
[15:41:02.487] [INFO] treeLoadedMsg applied: roots=7 rows=13 loadErr=<nil>
[15:41:12.196] [DEBUG] loadTreeCmd start: cwd=/Users/iv/Developer/relux-proxy remote="" board="" user=""
[15:41:12.500] [INFO] loadTreeCmd success: roots=7
[15:41:12.500] [INFO] treeLoadedMsg applied: roots=7 rows=13 loadErr=<nil>
[15:41:22.198] [DEBUG] loadTreeCmd start: cwd=/Users/iv/Developer/relux-proxy remote="" board="" user=""
[15:41:22.489] [INFO] loadTreeCmd success: roots=7
[15:41:22.489] [INFO] treeLoadedMsg applied: roots=7 rows=13 loadErr=<nil>
[15:41:32.200] [DEBUG] loadTreeCmd start: cwd=/Users/iv/Developer/relux-proxy remote="" board="" user=""
[15:41:32.497] [INFO] loadTreeCmd success: roots=7
[15:41:32.497] [INFO] treeLoadedMsg applied: roots=7 rows=13 loadErr=<nil>
[15:41:42.203] [DEBUG] loadTreeCmd start: cwd=/Users/iv/Developer/relux-proxy remote="" board="" user=""
[15:41:42.499] [INFO] loadTreeCmd success: roots=7
[15:41:42.499] [INFO] treeLoadedMsg applied: roots=7 rows=13 loadErr=<nil>
[15:41:52.204] [DEBUG] loadTreeCmd start: cwd=/Users/iv/Developer/relux-proxy remote="" board="" user=""
[15:41:52.495] [INFO] loadTreeCmd success: roots=7
[15:41:52.495] [INFO] treeLoadedMsg applied: roots=7 rows=13 loadErr=<nil>
[15:42:02.206] [DEBUG] loadTreeCmd start: cwd=/Users/iv/Developer/relux-proxy remote="" board="" user=""
[15:42:02.499] [INFO] loadTreeCmd success: roots=7
[15:42:02.499] [INFO] treeLoadedMsg applied: roots=7 rows=13 loadErr=<nil>
[15:42:12.206] [DEBUG] loadTreeCmd start: cwd=/Users/iv/Developer/relux-proxy remote="" board="" user=""
[15:42:12.501] [INFO] loadTreeCmd success: roots=7
[15:42:12.501] [INFO] treeLoadedMsg applied: roots=7 rows=13 loadErr=<nil>
[15:42:22.207] [DEBUG] loadTreeCmd start: cwd=/Users/iv/Developer/relux-proxy remote="" board="" user=""
[15:42:22.502] [INFO] loadTreeCmd success: roots=7
[15:42:22.503] [INFO] treeLoadedMsg applied: roots=7 rows=13 loadErr=<nil>
[15:42:32.207] [DEBUG] loadTreeCmd start: cwd=/Users/iv/Developer/relux-proxy remote="" board="" user=""
[15:42:32.504] [INFO] loadTreeCmd success: roots=7
[15:42:32.504] [INFO] treeLoadedMsg applied: roots=7 rows=13 loadErr=<nil>
[15:42:42.207] [DEBUG] loadTreeCmd start: cwd=/Users/iv/Developer/relux-proxy remote="" board="" user=""
[15:42:42.500] [INFO] loadTreeCmd success: roots=7
[15:42:42.500] [INFO] treeLoadedMsg applied: roots=7 rows=13 loadErr=<nil>
[15:42:52.208] [DEBUG] loadTreeCmd start: cwd=/Users/iv/Developer/relux-proxy remote="" board="" user=""
[15:42:52.502] [INFO] loadTreeCmd success: roots=7
[15:42:52.502] [INFO] treeLoadedMsg applied: roots=7 rows=13 loadErr=<nil>
[15:43:02.209] [DEBUG] loadTreeCmd start: cwd=/Users/iv/Developer/relux-proxy remote="" board="" user=""
[15:43:02.499] [INFO] loadTreeCmd success: roots=7
[15:43:02.500] [INFO] treeLoadedMsg applied: roots=7 rows=13 loadErr=<nil>
[15:43:12.210] [DEBUG] loadTreeCmd start: cwd=/Users/iv/Developer/relux-proxy remote="" board="" user=""
[15:43:12.505] [INFO] loadTreeCmd success: roots=7
[15:43:12.506] [INFO] treeLoadedMsg applied: roots=7 rows=13 loadErr=<nil>
[15:43:22.212] [DEBUG] loadTreeCmd start: cwd=/Users/iv/Developer/relux-proxy remote="" board="" user=""
[15:43:22.504] [INFO] loadTreeCmd success: roots=7
[15:43:22.504] [INFO] treeLoadedMsg applied: roots=7 rows=13 loadErr=<nil>
[15:43:32.213] [DEBUG] loadTreeCmd start: cwd=/Users/iv/Developer/relux-proxy remote="" board="" user=""
[15:43:32.507] [INFO] loadTreeCmd success: roots=7
[15:43:32.507] [INFO] treeLoadedMsg applied: roots=7 rows=13 loadErr=<nil>
[15:43:42.214] [DEBUG] loadTreeCmd start: cwd=/Users/iv/Developer/relux-proxy remote="" board="" user=""
[15:43:42.510] [INFO] loadTreeCmd success: roots=7
[15:43:42.510] [INFO] treeLoadedMsg applied: roots=7 rows=13 loadErr=<nil>
[15:43:52.215] [DEBUG] loadTreeCmd start: cwd=/Users/iv/Developer/relux-proxy remote="" board="" user=""
[15:43:52.507] [INFO] loadTreeCmd success: roots=7
[15:43:52.507] [INFO] treeLoadedMsg applied: roots=7 rows=13 loadErr=<nil>
[15:44:02.217] [DEBUG] loadTreeCmd start: cwd=/Users/iv/Developer/relux-proxy remote="" board="" user=""
[15:44:02.512] [INFO] loadTreeCmd success: roots=7
[15:44:02.512] [INFO] treeLoadedMsg applied: roots=7 rows=13 loadErr=<nil>
[15:44:12.219] [DEBUG] loadTreeCmd start: cwd=/Users/iv/Developer/relux-proxy remote="" board="" user=""
[15:44:12.512] [INFO] loadTreeCmd success: roots=7
[15:44:12.512] [INFO] treeLoadedMsg applied: roots=7 rows=13 loadErr=<nil>
[15:44:22.220] [DEBUG] loadTreeCmd start: cwd=/Users/iv/Developer/relux-proxy remote="" board="" user=""
[15:44:22.521] [INFO] loadTreeCmd success: roots=7
[15:44:22.521] [INFO] treeLoadedMsg applied: roots=7 rows=13 loadErr=<nil>
[15:44:32.222] [DEBUG] loadTreeCmd start: cwd=/Users/iv/Developer/relux-proxy remote="" board="" user=""
[15:44:32.517] [INFO] loadTreeCmd success: roots=7
[15:44:32.517] [INFO] treeLoadedMsg applied: roots=7 rows=13 loadErr=<nil>
[15:44:42.223] [DEBUG] loadTreeCmd start: cwd=/Users/iv/Developer/relux-proxy remote="" board="" user=""
[15:44:42.513] [INFO] loadTreeCmd success: roots=7
[15:44:42.513] [INFO] treeLoadedMsg applied: roots=7 rows=13 loadErr=<nil>
[15:44:52.224] [DEBUG] loadTreeCmd start: cwd=/Users/iv/Developer/relux-proxy remote="" board="" user=""
[15:44:52.517] [INFO] loadTreeCmd success: roots=7
[15:44:52.517] [INFO] treeLoadedMsg applied: roots=7 rows=13 loadErr=<nil>
[15:45:02.224] [DEBUG] loadTreeCmd start: cwd=/Users/iv/Developer/relux-proxy remote="" board="" user=""
[15:45:02.524] [INFO] loadTreeCmd success: roots=7
[15:45:02.524] [INFO] treeLoadedMsg applied: roots=7 rows=13 loadErr=<nil>
[15:45:12.224] [DEBUG] loadTreeCmd start: cwd=/Users/iv/Developer/relux-proxy remote="" board="" user=""
[15:45:12.521] [INFO] loadTreeCmd success: roots=7
[15:45:12.521] [INFO] treeLoadedMsg applied: roots=7 rows=13 loadErr=<nil>
[15:45:22.224] [DEBUG] loadTreeCmd start: cwd=/Users/iv/Developer/relux-proxy remote="" board="" user=""
[15:45:22.519] [INFO] loadTreeCmd success: roots=7
[15:45:22.520] [INFO] treeLoadedMsg applied: roots=7 rows=13 loadErr=<nil>
[15:45:32.224] [DEBUG] loadTreeCmd start: cwd=/Users/iv/Developer/relux-proxy remote="" board="" user=""
[15:45:32.520] [INFO] loadTreeCmd success: roots=7
[15:45:32.520] [INFO] treeLoadedMsg applied: roots=7 rows=13 loadErr=<nil>
[15:45:42.224] [DEBUG] loadTreeCmd start: cwd=/Users/iv/Developer/relux-proxy remote="" board="" user=""
[15:45:42.516] [INFO] loadTreeCmd success: roots=7
[15:45:42.517] [INFO] treeLoadedMsg applied: roots=7 rows=13 loadErr=<nil>
[15:45:52.225] [DEBUG] loadTreeCmd start: cwd=/Users/iv/Developer/relux-proxy remote="" board="" user=""
[15:45:52.519] [INFO] loadTreeCmd success: roots=7
[15:45:52.519] [INFO] treeLoadedMsg applied: roots=7 rows=13 loadErr=<nil>
[15:46:02.225] [DEBUG] loadTreeCmd start: cwd=/Users/iv/Developer/relux-proxy remote="" board="" user=""
[15:46:02.524] [INFO] loadTreeCmd success: roots=7
[15:46:02.524] [INFO] treeLoadedMsg applied: roots=7 rows=13 loadErr=<nil>
[15:46:12.226] [DEBUG] loadTreeCmd start: cwd=/Users/iv/Developer/relux-proxy remote="" board="" user=""
[15:46:12.520] [INFO] loadTreeCmd success: roots=7
[15:46:12.521] [INFO] treeLoadedMsg applied: roots=7 rows=13 loadErr=<nil>
[15:46:22.226] [DEBUG] loadTreeCmd start: cwd=/Users/iv/Developer/relux-proxy remote="" board="" user=""
[15:46:22.519] [INFO] loadTreeCmd success: roots=7
[15:46:22.519] [INFO] treeLoadedMsg applied: roots=7 rows=13 loadErr=<nil>
[15:46:32.226] [DEBUG] loadTreeCmd start: cwd=/Users/iv/Developer/relux-proxy remote="" board="" user=""
[15:46:32.529] [INFO] loadTreeCmd success: roots=7
[15:46:32.529] [INFO] treeLoadedMsg applied: roots=7 rows=13 loadErr=<nil>
[15:46:42.227] [DEBUG] loadTreeCmd start: cwd=/Users/iv/Developer/relux-proxy remote="" board="" user=""
[15:46:42.520] [INFO] loadTreeCmd success: roots=7
[15:46:42.520] [INFO] treeLoadedMsg applied: roots=7 rows=13 loadErr=<nil>
[15:46:52.228] [DEBUG] loadTreeCmd start: cwd=/Users/iv/Developer/relux-proxy remote="" board="" user=""
[15:46:52.521] [INFO] loadTreeCmd success: roots=7
[15:46:52.522] [INFO] treeLoadedMsg applied: roots=7 rows=13 loadErr=<nil>
[15:47:02.230] [DEBUG] loadTreeCmd start: cwd=/Users/iv/Developer/relux-proxy remote="" board="" user=""
[15:47:02.520] [INFO] loadTreeCmd success: roots=7
[15:47:02.520] [INFO] treeLoadedMsg applied: roots=7 rows=13 loadErr=<nil>
[15:47:12.230] [DEBUG] loadTreeCmd start: cwd=/Users/iv/Developer/relux-proxy remote="" board="" user=""
[15:47:12.522] [INFO] loadTreeCmd success: roots=7
[15:47:12.522] [INFO] treeLoadedMsg applied: roots=7 rows=13 loadErr=<nil>
[15:47:22.232] [DEBUG] loadTreeCmd start: cwd=/Users/iv/Developer/relux-proxy remote="" board="" user=""
[15:47:22.525] [INFO] loadTreeCmd success: roots=7
[15:47:22.526] [INFO] treeLoadedMsg applied: roots=7 rows=13 loadErr=<nil>
[15:47:32.235] [DEBUG] loadTreeCmd start: cwd=/Users/iv/Developer/relux-proxy remote="" board="" user=""
[15:47:32.587] [INFO] loadTreeCmd success: roots=7
[15:47:32.587] [INFO] treeLoadedMsg applied: roots=7 rows=13 loadErr=<nil>
[15:47:42.237] [DEBUG] loadTreeCmd start: cwd=/Users/iv/Developer/relux-proxy remote="" board="" user=""
[15:47:42.533] [INFO] loadTreeCmd success: roots=7
[15:47:42.533] [INFO] treeLoadedMsg applied: roots=7 rows=13 loadErr=<nil>
[15:47:52.239] [DEBUG] loadTreeCmd start: cwd=/Users/iv/Developer/relux-proxy remote="" board="" user=""
[15:47:52.576] [INFO] loadTreeCmd success: roots=7
[15:47:52.576] [INFO] treeLoadedMsg applied: roots=7 rows=13 loadErr=<nil>
[15:48:02.241] [DEBUG] loadTreeCmd start: cwd=/Users/iv/Developer/relux-proxy remote="" board="" user=""
[15:48:02.543] [INFO] loadTreeCmd success: roots=7
[15:48:02.543] [INFO] treeLoadedMsg applied: roots=7 rows=13 loadErr=<nil>
[15:48:12.242] [DEBUG] loadTreeCmd start: cwd=/Users/iv/Developer/relux-proxy remote="" board="" user=""
[15:48:12.537] [INFO] loadTreeCmd success: roots=7
[15:48:12.537] [INFO] treeLoadedMsg applied: roots=7 rows=13 loadErr=<nil>
[15:48:22.242] [DEBUG] loadTreeCmd start: cwd=/Users/iv/Developer/relux-proxy remote="" board="" user=""
[15:48:22.538] [INFO] loadTreeCmd success: roots=7
[15:48:22.538] [INFO] treeLoadedMsg applied: roots=7 rows=13 loadErr=<nil>
[15:48:32.242] [DEBUG] loadTreeCmd start: cwd=/Users/iv/Developer/relux-proxy remote="" board="" user=""
[15:48:32.539] [INFO] loadTreeCmd success: roots=7
[15:48:32.539] [INFO] treeLoadedMsg applied: roots=7 rows=13 loadErr=<nil>
[15:48:42.242] [DEBUG] loadTreeCmd start: cwd=/Users/iv/Developer/relux-proxy remote="" board="" user=""
[15:48:42.538] [INFO] loadTreeCmd success: roots=7
[15:48:42.538] [INFO] treeLoadedMsg applied: roots=7 rows=13 loadErr=<nil>
[15:48:52.242] [DEBUG] loadTreeCmd start: cwd=/Users/iv/Developer/relux-proxy remote="" board="" user=""
[15:48:52.537] [INFO] loadTreeCmd success: roots=7
[15:48:52.537] [INFO] treeLoadedMsg applied: roots=7 rows=13 loadErr=<nil>
[15:49:02.243] [DEBUG] loadTreeCmd start: cwd=/Users/iv/Developer/relux-proxy remote="" board="" user=""
[15:49:02.533] [INFO] loadTreeCmd success: roots=7
[15:49:02.533] [INFO] treeLoadedMsg applied: roots=7 rows=13 loadErr=<nil>
[15:49:12.243] [DEBUG] loadTreeCmd start: cwd=/Users/iv/Developer/relux-proxy remote="" board="" user=""
[15:49:12.533] [INFO] loadTreeCmd success: roots=7
[15:49:12.533] [INFO] treeLoadedMsg applied: roots=7 rows=13 loadErr=<nil>
[15:49:22.243] [DEBUG] loadTreeCmd start: cwd=/Users/iv/Developer/relux-proxy remote="" board="" user=""
[15:49:22.535] [INFO] loadTreeCmd success: roots=7
[15:49:22.536] [INFO] treeLoadedMsg applied: roots=7 rows=13 loadErr=<nil>
[15:49:32.244] [DEBUG] loadTreeCmd start: cwd=/Users/iv/Developer/relux-proxy remote="" board="" user=""
[15:49:32.537] [INFO] loadTreeCmd success: roots=7
[15:49:32.537] [INFO] treeLoadedMsg applied: roots=7 rows=13 loadErr=<nil>
[15:49:42.244] [DEBUG] loadTreeCmd start: cwd=/Users/iv/Developer/relux-proxy remote="" board="" user=""
[15:49:42.541] [INFO] loadTreeCmd success: roots=7
[15:49:42.541] [INFO] treeLoadedMsg applied: roots=7 rows=13 loadErr=<nil>
[15:49:52.245] [DEBUG] loadTreeCmd start: cwd=/Users/iv/Developer/relux-proxy remote="" board="" user=""
[15:49:52.539] [INFO] loadTreeCmd success: roots=7
[15:49:52.539] [INFO] treeLoadedMsg applied: roots=7 rows=13 loadErr=<nil>
[15:50:02.246] [DEBUG] loadTreeCmd start: cwd=/Users/iv/Developer/relux-proxy remote="" board="" user=""
[15:50:02.544] [INFO] loadTreeCmd success: roots=7
[15:50:02.545] [INFO] treeLoadedMsg applied: roots=7 rows=13 loadErr=<nil>
[15:50:12.247] [DEBUG] loadTreeCmd start: cwd=/Users/iv/Developer/relux-proxy remote="" board="" user=""
[15:50:12.536] [INFO] loadTreeCmd success: roots=7
[15:50:12.536] [INFO] treeLoadedMsg applied: roots=7 rows=13 loadErr=<nil>
[15:50:22.248] [DEBUG] loadTreeCmd start: cwd=/Users/iv/Developer/relux-proxy remote="" board="" user=""
[15:50:22.543] [INFO] loadTreeCmd success: roots=7
[15:50:22.543] [INFO] treeLoadedMsg applied: roots=7 rows=13 loadErr=<nil>
[15:50:32.249] [DEBUG] loadTreeCmd start: cwd=/Users/iv/Developer/relux-proxy remote="" board="" user=""
[15:50:32.537] [INFO] loadTreeCmd success: roots=7
[15:50:32.537] [INFO] treeLoadedMsg applied: roots=7 rows=13 loadErr=<nil>
[15:50:42.250] [DEBUG] loadTreeCmd start: cwd=/Users/iv/Developer/relux-proxy remote="" board="" user=""
[15:50:42.546] [INFO] loadTreeCmd success: roots=7
[15:50:42.546] [INFO] treeLoadedMsg applied: roots=7 rows=13 loadErr=<nil>
[15:50:52.252] [DEBUG] loadTreeCmd start: cwd=/Users/iv/Developer/relux-proxy remote="" board="" user=""
[15:50:52.546] [INFO] loadTreeCmd success: roots=7
[15:50:52.546] [INFO] treeLoadedMsg applied: roots=7 rows=13 loadErr=<nil>
[15:51:02.253] [DEBUG] loadTreeCmd start: cwd=/Users/iv/Developer/relux-proxy remote="" board="" user=""
[15:51:02.547] [INFO] loadTreeCmd success: roots=7
[15:51:02.547] [INFO] treeLoadedMsg applied: roots=7 rows=13 loadErr=<nil>
[15:51:12.255] [DEBUG] loadTreeCmd start: cwd=/Users/iv/Developer/relux-proxy remote="" board="" user=""
[15:51:12.547] [INFO] loadTreeCmd success: roots=7
[15:51:12.547] [INFO] treeLoadedMsg applied: roots=7 rows=13 loadErr=<nil>
[15:51:22.258] [DEBUG] loadTreeCmd start: cwd=/Users/iv/Developer/relux-proxy remote="" board="" user=""
[15:51:22.554] [INFO] loadTreeCmd success: roots=7
[15:51:22.554] [INFO] treeLoadedMsg applied: roots=7 rows=13 loadErr=<nil>
[15:51:32.259] [DEBUG] loadTreeCmd start: cwd=/Users/iv/Developer/relux-proxy remote="" board="" user=""
[15:51:32.553] [INFO] loadTreeCmd success: roots=7
[15:51:32.553] [INFO] treeLoadedMsg applied: roots=7 rows=13 loadErr=<nil>
[15:51:42.259] [DEBUG] loadTreeCmd start: cwd=/Users/iv/Developer/relux-proxy remote="" board="" user=""
[15:51:42.554] [INFO] loadTreeCmd success: roots=7
[15:51:42.555] [INFO] treeLoadedMsg applied: roots=7 rows=13 loadErr=<nil>
[15:51:52.260] [DEBUG] loadTreeCmd start: cwd=/Users/iv/Developer/relux-proxy remote="" board="" user=""
[15:51:52.558] [INFO] loadTreeCmd success: roots=7
[15:51:52.558] [INFO] treeLoadedMsg applied: roots=7 rows=13 loadErr=<nil>
[15:52:02.260] [DEBUG] loadTreeCmd start: cwd=/Users/iv/Developer/relux-proxy remote="" board="" user=""
[15:52:02.551] [INFO] loadTreeCmd success: roots=7
[15:52:02.552] [INFO] treeLoadedMsg applied: roots=7 rows=13 loadErr=<nil>
[15:52:12.261] [DEBUG] loadTreeCmd start: cwd=/Users/iv/Developer/relux-proxy remote="" board="" user=""
[15:52:12.551] [INFO] loadTreeCmd success: roots=7
[15:52:12.551] [INFO] treeLoadedMsg applied: roots=7 rows=13 loadErr=<nil>
[15:52:22.261] [DEBUG] loadTreeCmd start: cwd=/Users/iv/Developer/relux-proxy remote="" board="" user=""
[15:52:22.556] [INFO] loadTreeCmd success: roots=7
[15:52:22.556] [INFO] treeLoadedMsg applied: roots=7 rows=13 loadErr=<nil>
[15:52:32.262] [DEBUG] loadTreeCmd start: cwd=/Users/iv/Developer/relux-proxy remote="" board="" user=""
[15:52:32.554] [INFO] loadTreeCmd success: roots=7
[15:52:32.554] [INFO] treeLoadedMsg applied: roots=7 rows=13 loadErr=<nil>
[15:52:42.262] [DEBUG] loadTreeCmd start: cwd=/Users/iv/Developer/relux-proxy remote="" board="" user=""
[15:52:42.557] [INFO] loadTreeCmd success: roots=7
[15:52:42.557] [INFO] treeLoadedMsg applied: roots=7 rows=13 loadErr=<nil>
[15:52:52.264] [DEBUG] loadTreeCmd start: cwd=/Users/iv/Developer/relux-proxy remote="" board="" user=""
[15:52:52.553] [INFO] loadTreeCmd success: roots=7
[15:52:52.554] [INFO] treeLoadedMsg applied: roots=7 rows=13 loadErr=<nil>
[15:53:02.265] [DEBUG] loadTreeCmd start: cwd=/Users/iv/Developer/relux-proxy remote="" board="" user=""
[15:53:02.559] [INFO] loadTreeCmd success: roots=7
[15:53:02.559] [INFO] treeLoadedMsg applied: roots=7 rows=13 loadErr=<nil>
[15:53:12.267] [DEBUG] loadTreeCmd start: cwd=/Users/iv/Developer/relux-proxy remote="" board="" user=""
[15:53:12.560] [INFO] loadTreeCmd success: roots=7
[15:53:12.560] [INFO] treeLoadedMsg applied: roots=7 rows=13 loadErr=<nil>
[15:53:22.268] [DEBUG] loadTreeCmd start: cwd=/Users/iv/Developer/relux-proxy remote="" board="" user=""
[15:53:22.564] [INFO] loadTreeCmd success: roots=7
[15:53:22.564] [INFO] treeLoadedMsg applied: roots=7 rows=13 loadErr=<nil>
[15:53:32.271] [DEBUG] loadTreeCmd start: cwd=/Users/iv/Developer/relux-proxy remote="" board="" user=""
[15:53:32.565] [INFO] loadTreeCmd success: roots=7
[15:53:32.566] [INFO] treeLoadedMsg applied: roots=7 rows=13 loadErr=<nil>
[15:53:42.272] [DEBUG] loadTreeCmd start: cwd=/Users/iv/Developer/relux-proxy remote="" board="" user=""
[15:53:42.569] [INFO] loadTreeCmd success: roots=7
[15:53:42.569] [INFO] treeLoadedMsg applied: roots=7 rows=13 loadErr=<nil>
[15:53:52.275] [DEBUG] loadTreeCmd start: cwd=/Users/iv/Developer/relux-proxy remote="" board="" user=""
[15:53:52.575] [INFO] loadTreeCmd success: roots=7
[15:53:52.576] [INFO] treeLoadedMsg applied: roots=7 rows=13 loadErr=<nil>
[15:54:02.277] [DEBUG] loadTreeCmd start: cwd=/Users/iv/Developer/relux-proxy remote="" board="" user=""
[15:54:02.569] [INFO] loadTreeCmd success: roots=7
[15:54:02.569] [INFO] treeLoadedMsg applied: roots=7 rows=13 loadErr=<nil>
[15:54:12.277] [DEBUG] loadTreeCmd start: cwd=/Users/iv/Developer/relux-proxy remote="" board="" user=""
[15:54:12.568] [INFO] loadTreeCmd success: roots=7
[15:54:12.568] [INFO] treeLoadedMsg applied: roots=7 rows=13 loadErr=<nil>
[15:54:22.277] [DEBUG] loadTreeCmd start: cwd=/Users/iv/Developer/relux-proxy remote="" board="" user=""
[15:54:22.570] [INFO] loadTreeCmd success: roots=7
[15:54:22.570] [INFO] treeLoadedMsg applied: roots=7 rows=13 loadErr=<nil>
[15:54:32.277] [DEBUG] loadTreeCmd start: cwd=/Users/iv/Developer/relux-proxy remote="" board="" user=""
[15:54:32.570] [INFO] loadTreeCmd success: roots=7
[15:54:32.571] [INFO] treeLoadedMsg applied: roots=7 rows=13 loadErr=<nil>
[15:54:42.278] [DEBUG] loadTreeCmd start: cwd=/Users/iv/Developer/relux-proxy remote="" board="" user=""
[15:54:42.566] [INFO] loadTreeCmd success: roots=7
[15:54:42.566] [INFO] treeLoadedMsg applied: roots=7 rows=13 loadErr=<nil>
[15:54:52.278] [DEBUG] loadTreeCmd start: cwd=/Users/iv/Developer/relux-proxy remote="" board="" user=""
[15:54:52.572] [INFO] loadTreeCmd success: roots=7
[15:54:52.572] [INFO] treeLoadedMsg applied: roots=7 rows=13 loadErr=<nil>
[15:55:02.279] [DEBUG] loadTreeCmd start: cwd=/Users/iv/Developer/relux-proxy remote="" board="" user=""
[15:55:02.572] [INFO] loadTreeCmd success: roots=7
[15:55:02.573] [INFO] treeLoadedMsg applied: roots=7 rows=13 loadErr=<nil>
[15:55:12.280] [DEBUG] loadTreeCmd start: cwd=/Users/iv/Developer/relux-proxy remote="" board="" user=""
[15:55:12.567] [INFO] loadTreeCmd success: roots=7
[15:55:12.567] [INFO] treeLoadedMsg applied: roots=7 rows=13 loadErr=<nil>
[15:55:22.280] [DEBUG] loadTreeCmd start: cwd=/Users/iv/Developer/relux-proxy remote="" board="" user=""
[15:55:22.571] [INFO] loadTreeCmd success: roots=7
[15:55:22.571] [INFO] treeLoadedMsg applied: roots=7 rows=13 loadErr=<nil>
[15:55:32.281] [DEBUG] loadTreeCmd start: cwd=/Users/iv/Developer/relux-proxy remote="" board="" user=""
[15:55:32.579] [INFO] loadTreeCmd success: roots=7
[15:55:32.579] [INFO] treeLoadedMsg applied: roots=7 rows=13 loadErr=<nil>
[15:55:42.282] [DEBUG] loadTreeCmd start: cwd=/Users/iv/Developer/relux-proxy remote="" board="" user=""
[15:55:42.568] [INFO] loadTreeCmd success: roots=7
[15:55:42.568] [INFO] treeLoadedMsg applied: roots=7 rows=13 loadErr=<nil>
[15:55:52.283] [DEBUG] loadTreeCmd start: cwd=/Users/iv/Developer/relux-proxy remote="" board="" user=""
[15:55:52.574] [INFO] loadTreeCmd success: roots=7
[15:55:52.574] [INFO] treeLoadedMsg applied: roots=7 rows=13 loadErr=<nil>
[15:56:02.284] [DEBUG] loadTreeCmd start: cwd=/Users/iv/Developer/relux-proxy remote="" board="" user=""
[15:56:02.577] [INFO] loadTreeCmd success: roots=7
[15:56:02.577] [INFO] treeLoadedMsg applied: roots=7 rows=13 loadErr=<nil>
[15:56:12.286] [DEBUG] loadTreeCmd start: cwd=/Users/iv/Developer/relux-proxy remote="" board="" user=""
[15:56:12.577] [INFO] loadTreeCmd success: roots=7
[15:56:12.577] [INFO] treeLoadedMsg applied: roots=7 rows=13 loadErr=<nil>
[15:56:22.288] [DEBUG] loadTreeCmd start: cwd=/Users/iv/Developer/relux-proxy remote="" board="" user=""
[15:56:22.581] [INFO] loadTreeCmd success: roots=7
[15:56:22.581] [INFO] treeLoadedMsg applied: roots=7 rows=13 loadErr=<nil>
[15:56:32.290] [DEBUG] loadTreeCmd start: cwd=/Users/iv/Developer/relux-proxy remote="" board="" user=""
[15:56:32.584] [INFO] loadTreeCmd success: roots=7
[15:56:32.584] [INFO] treeLoadedMsg applied: roots=7 rows=13 loadErr=<nil>
[15:56:42.292] [DEBUG] loadTreeCmd start: cwd=/Users/iv/Developer/relux-proxy remote="" board="" user=""
[15:56:42.592] [INFO] loadTreeCmd success: roots=7
[15:56:42.593] [INFO] treeLoadedMsg applied: roots=7 rows=13 loadErr=<nil>
[15:56:52.294] [DEBUG] loadTreeCmd start: cwd=/Users/iv/Developer/relux-proxy remote="" board="" user=""
[15:56:52.381] [INFO] loadTreeCmd success: roots=7
[15:56:52.381] [INFO] treeLoadedMsg applied: roots=7 rows=13 loadErr=<nil>
[15:57:02.295] [DEBUG] loadTreeCmd start: cwd=/Users/iv/Developer/relux-proxy remote="" board="" user=""
[15:57:02.383] [INFO] loadTreeCmd success: roots=7
[15:57:02.383] [INFO] treeLoadedMsg applied: roots=7 rows=13 loadErr=<nil>
[15:57:12.295] [DEBUG] loadTreeCmd start: cwd=/Users/iv/Developer/relux-proxy remote="" board="" user=""
[15:57:12.385] [INFO] loadTreeCmd success: roots=7
[15:57:12.385] [INFO] treeLoadedMsg applied: roots=7 rows=13 loadErr=<nil>
[15:57:22.295] [DEBUG] loadTreeCmd start: cwd=/Users/iv/Developer/relux-proxy remote="" board="" user=""
[15:57:22.384] [INFO] loadTreeCmd success: roots=7
[15:57:22.385] [INFO] treeLoadedMsg applied: roots=7 rows=13 loadErr=<nil>
[15:57:32.295] [DEBUG] loadTreeCmd start: cwd=/Users/iv/Developer/relux-proxy remote="" board="" user=""
[15:57:32.382] [INFO] loadTreeCmd success: roots=7
[15:57:32.382] [INFO] treeLoadedMsg applied: roots=7 rows=13 loadErr=<nil>
[15:57:42.296] [DEBUG] loadTreeCmd start: cwd=/Users/iv/Developer/relux-proxy remote="" board="" user=""
[15:57:42.377] [INFO] loadTreeCmd success: roots=7
[15:57:42.377] [INFO] treeLoadedMsg applied: roots=7 rows=13 loadErr=<nil>
[15:57:52.296] [DEBUG] loadTreeCmd start: cwd=/Users/iv/Developer/relux-proxy remote="" board="" user=""
[15:57:52.380] [INFO] loadTreeCmd success: roots=7
[15:57:52.380] [INFO] treeLoadedMsg applied: roots=7 rows=13 loadErr=<nil>
[15:58:02.297] [DEBUG] loadTreeCmd start: cwd=/Users/iv/Developer/relux-proxy remote="" board="" user=""
[15:58:02.383] [INFO] loadTreeCmd success: roots=7
[15:58:02.383] [INFO] treeLoadedMsg applied: roots=7 rows=13 loadErr=<nil>
[15:58:12.297] [DEBUG] loadTreeCmd start: cwd=/Users/iv/Developer/relux-proxy remote="" board="" user=""
[15:58:12.379] [INFO] loadTreeCmd success: roots=7
[15:58:12.379] [INFO] treeLoadedMsg applied: roots=7 rows=13 loadErr=<nil>
[15:58:22.298] [DEBUG] loadTreeCmd start: cwd=/Users/iv/Developer/relux-proxy remote="" board="" user=""
[15:58:22.394] [INFO] loadTreeCmd success: roots=7
[15:58:22.395] [INFO] treeLoadedMsg applied: roots=7 rows=13 loadErr=<nil>
[15:58:32.299] [DEBUG] loadTreeCmd start: cwd=/Users/iv/Developer/relux-proxy remote="" board="" user=""
[15:58:32.390] [INFO] loadTreeCmd success: roots=7
[15:58:32.390] [INFO] treeLoadedMsg applied: roots=7 rows=13 loadErr=<nil>
[15:58:42.300] [DEBUG] loadTreeCmd start: cwd=/Users/iv/Developer/relux-proxy remote="" board="" user=""
[15:58:42.387] [INFO] loadTreeCmd success: roots=7
[15:58:42.387] [INFO] treeLoadedMsg applied: roots=7 rows=13 loadErr=<nil>
[15:58:52.302] [DEBUG] loadTreeCmd start: cwd=/Users/iv/Developer/relux-proxy remote="" board="" user=""
[15:58:52.389] [INFO] loadTreeCmd success: roots=7
[15:58:52.389] [INFO] treeLoadedMsg applied: roots=7 rows=13 loadErr=<nil>
[15:59:02.303] [DEBUG] loadTreeCmd start: cwd=/Users/iv/Developer/relux-proxy remote="" board="" user=""
[15:59:02.392] [INFO] loadTreeCmd success: roots=7
[15:59:02.392] [INFO] treeLoadedMsg applied: roots=7 rows=13 loadErr=<nil>
[15:59:12.305] [DEBUG] loadTreeCmd start: cwd=/Users/iv/Developer/relux-proxy remote="" board="" user=""
[15:59:12.389] [INFO] loadTreeCmd success: roots=7
[15:59:12.390] [INFO] treeLoadedMsg applied: roots=7 rows=13 loadErr=<nil>
[15:59:22.305] [DEBUG] loadTreeCmd start: cwd=/Users/iv/Developer/relux-proxy remote="" board="" user=""
[15:59:22.388] [INFO] loadTreeCmd success: roots=7
[15:59:22.388] [INFO] treeLoadedMsg applied: roots=7 rows=13 loadErr=<nil>
[15:59:32.307] [DEBUG] loadTreeCmd start: cwd=/Users/iv/Developer/relux-proxy remote="" board="" user=""
[15:59:32.394] [INFO] loadTreeCmd success: roots=7
[15:59:32.394] [INFO] treeLoadedMsg applied: roots=7 rows=13 loadErr=<nil>
[15:59:42.308] [DEBUG] loadTreeCmd start: cwd=/Users/iv/Developer/relux-proxy remote="" board="" user=""
[15:59:42.397] [INFO] loadTreeCmd success: roots=7
[15:59:42.397] [INFO] treeLoadedMsg applied: roots=7 rows=13 loadErr=<nil>
[15:59:52.310] [DEBUG] loadTreeCmd start: cwd=/Users/iv/Developer/relux-proxy remote="" board="" user=""
[15:59:52.393] [INFO] loadTreeCmd success: roots=7
[15:59:52.394] [INFO] treeLoadedMsg applied: roots=7 rows=13 loadErr=<nil>
[16:00:02.312] [DEBUG] loadTreeCmd start: cwd=/Users/iv/Developer/relux-proxy remote="" board="" user=""
[16:00:02.401] [INFO] loadTreeCmd success: roots=7
[16:00:02.401] [INFO] treeLoadedMsg applied: roots=7 rows=13 loadErr=<nil>
[16:00:12.313] [DEBUG] loadTreeCmd start: cwd=/Users/iv/Developer/relux-proxy remote="" board="" user=""
[16:00:12.399] [INFO] loadTreeCmd success: roots=7
[16:00:12.399] [INFO] treeLoadedMsg applied: roots=7 rows=13 loadErr=<nil>
[16:00:22.313] [DEBUG] loadTreeCmd start: cwd=/Users/iv/Developer/relux-proxy remote="" board="" user=""
[16:00:22.398] [INFO] loadTreeCmd success: roots=7
[16:00:22.398] [INFO] treeLoadedMsg applied: roots=7 rows=13 loadErr=<nil>
[16:00:32.313] [DEBUG] loadTreeCmd start: cwd=/Users/iv/Developer/relux-proxy remote="" board="" user=""
[16:00:32.399] [INFO] loadTreeCmd success: roots=7
[16:00:32.400] [INFO] treeLoadedMsg applied: roots=7 rows=13 loadErr=<nil>
[16:00:42.313] [DEBUG] loadTreeCmd start: cwd=/Users/iv/Developer/relux-proxy remote="" board="" user=""
[16:00:42.401] [INFO] loadTreeCmd success: roots=7
[16:00:42.402] [INFO] treeLoadedMsg applied: roots=7 rows=13 loadErr=<nil>
[16:00:52.314] [DEBUG] loadTreeCmd start: cwd=/Users/iv/Developer/relux-proxy remote="" board="" user=""
[16:00:52.402] [INFO] loadTreeCmd success: roots=7
[16:00:52.402] [INFO] treeLoadedMsg applied: roots=7 rows=13 loadErr=<nil>
[16:01:02.314] [DEBUG] loadTreeCmd start: cwd=/Users/iv/Developer/relux-proxy remote="" board="" user=""
[16:01:02.400] [INFO] loadTreeCmd success: roots=7
[16:01:02.401] [INFO] treeLoadedMsg applied: roots=7 rows=13 loadErr=<nil>
[16:01:12.314] [DEBUG] loadTreeCmd start: cwd=/Users/iv/Developer/relux-proxy remote="" board="" user=""
[16:01:12.398] [INFO] loadTreeCmd success: roots=7
[16:01:12.398] [INFO] treeLoadedMsg applied: roots=7 rows=13 loadErr=<nil>
[16:01:22.315] [DEBUG] loadTreeCmd start: cwd=/Users/iv/Developer/relux-proxy remote="" board="" user=""
[16:01:22.400] [INFO] loadTreeCmd success: roots=7
[16:01:22.400] [INFO] treeLoadedMsg applied: roots=7 rows=13 loadErr=<nil>
[16:01:32.316] [DEBUG] loadTreeCmd start: cwd=/Users/iv/Developer/relux-proxy remote="" board="" user=""
[16:01:32.404] [INFO] loadTreeCmd success: roots=7
[16:01:32.405] [INFO] treeLoadedMsg applied: roots=7 rows=13 loadErr=<nil>
[16:01:42.317] [DEBUG] loadTreeCmd start: cwd=/Users/iv/Developer/relux-proxy remote="" board="" user=""
[16:01:42.405] [INFO] loadTreeCmd success: roots=7
[16:01:42.405] [INFO] treeLoadedMsg applied: roots=7 rows=13 loadErr=<nil>
[16:01:52.319] [DEBUG] loadTreeCmd start: cwd=/Users/iv/Developer/relux-proxy remote="" board="" user=""
[16:01:52.410] [INFO] loadTreeCmd success: roots=7
[16:01:52.410] [INFO] treeLoadedMsg applied: roots=7 rows=13 loadErr=<nil>
[16:02:02.318] [DEBUG] loadTreeCmd start: cwd=/Users/iv/Developer/relux-proxy remote="" board="" user=""
[16:02:02.409] [INFO] loadTreeCmd success: roots=7
[16:02:02.409] [INFO] treeLoadedMsg applied: roots=7 rows=13 loadErr=<nil>
[16:02:12.320] [DEBUG] loadTreeCmd start: cwd=/Users/iv/Developer/relux-proxy remote="" board="" user=""
[16:02:12.410] [INFO] loadTreeCmd success: roots=7
[16:02:12.410] [INFO] treeLoadedMsg applied: roots=7 rows=13 loadErr=<nil>
[16:02:22.322] [DEBUG] loadTreeCmd start: cwd=/Users/iv/Developer/relux-proxy remote="" board="" user=""
[16:02:22.407] [INFO] loadTreeCmd success: roots=7
[16:02:22.407] [INFO] treeLoadedMsg applied: roots=7 rows=13 loadErr=<nil>
[16:02:32.324] [DEBUG] loadTreeCmd start: cwd=/Users/iv/Developer/relux-proxy remote="" board="" user=""
[16:02:32.415] [INFO] loadTreeCmd success: roots=7
[16:02:32.415] [INFO] treeLoadedMsg applied: roots=7 rows=13 loadErr=<nil>
[16:02:42.326] [DEBUG] loadTreeCmd start: cwd=/Users/iv/Developer/relux-proxy remote="" board="" user=""
[16:02:42.413] [INFO] loadTreeCmd success: roots=7
[16:02:42.413] [INFO] treeLoadedMsg applied: roots=7 rows=13 loadErr=<nil>
[16:02:52.328] [DEBUG] loadTreeCmd start: cwd=/Users/iv/Developer/relux-proxy remote="" board="" user=""
[16:02:52.423] [INFO] loadTreeCmd success: roots=7
[16:02:52.423] [INFO] treeLoadedMsg applied: roots=7 rows=13 loadErr=<nil>
[16:03:02.330] [DEBUG] loadTreeCmd start: cwd=/Users/iv/Developer/relux-proxy remote="" board="" user=""
[16:03:02.417] [INFO] loadTreeCmd success: roots=7
[16:03:02.417] [INFO] treeLoadedMsg applied: roots=7 rows=13 loadErr=<nil>
[16:03:12.330] [DEBUG] loadTreeCmd start: cwd=/Users/iv/Developer/relux-proxy remote="" board="" user=""
[16:03:12.422] [INFO] loadTreeCmd success: roots=7
[16:03:12.422] [INFO] treeLoadedMsg applied: roots=7 rows=13 loadErr=<nil>
[16:03:22.331] [DEBUG] loadTreeCmd start: cwd=/Users/iv/Developer/relux-proxy remote="" board="" user=""
[16:03:22.411] [INFO] loadTreeCmd success: roots=7
[16:03:22.412] [INFO] treeLoadedMsg applied: roots=7 rows=13 loadErr=<nil>
[16:03:32.331] [DEBUG] loadTreeCmd start: cwd=/Users/iv/Developer/relux-proxy remote="" board="" user=""
[16:03:32.421] [INFO] loadTreeCmd success: roots=7
[16:03:32.421] [INFO] treeLoadedMsg applied: roots=7 rows=13 loadErr=<nil>
[16:03:42.332] [DEBUG] loadTreeCmd start: cwd=/Users/iv/Developer/relux-proxy remote="" board="" user=""
[16:03:42.415] [INFO] loadTreeCmd success: roots=7
[16:03:42.415] [INFO] treeLoadedMsg applied: roots=7 rows=13 loadErr=<nil>
[16:03:52.332] [DEBUG] loadTreeCmd start: cwd=/Users/iv/Developer/relux-proxy remote="" board="" user=""
[16:03:52.423] [INFO] loadTreeCmd success: roots=7
[16:03:52.423] [INFO] treeLoadedMsg applied: roots=7 rows=13 loadErr=<nil>
[16:04:02.332] [DEBUG] loadTreeCmd start: cwd=/Users/iv/Developer/relux-proxy remote="" board="" user=""
[16:04:02.420] [INFO] loadTreeCmd success: roots=7
[16:04:02.420] [INFO] treeLoadedMsg applied: roots=7 rows=13 loadErr=<nil>
[16:04:12.333] [DEBUG] loadTreeCmd start: cwd=/Users/iv/Developer/relux-proxy remote="" board="" user=""
[16:04:12.418] [INFO] loadTreeCmd success: roots=7
[16:04:12.418] [INFO] treeLoadedMsg applied: roots=7 rows=13 loadErr=<nil>
[16:04:22.333] [DEBUG] loadTreeCmd start: cwd=/Users/iv/Developer/relux-proxy remote="" board="" user=""
[16:04:22.420] [INFO] loadTreeCmd success: roots=7
[16:04:22.420] [INFO] treeLoadedMsg applied: roots=7 rows=13 loadErr=<nil>
[16:04:32.333] [DEBUG] loadTreeCmd start: cwd=/Users/iv/Developer/relux-proxy remote="" board="" user=""
[16:04:32.420] [INFO] loadTreeCmd success: roots=7
[16:04:32.420] [INFO] treeLoadedMsg applied: roots=7 rows=13 loadErr=<nil>
[16:04:42.334] [DEBUG] loadTreeCmd start: cwd=/Users/iv/Developer/relux-proxy remote="" board="" user=""
[16:04:42.416] [INFO] loadTreeCmd success: roots=7
[16:04:42.416] [INFO] treeLoadedMsg applied: roots=7 rows=13 loadErr=<nil>
[16:04:52.335] [DEBUG] loadTreeCmd start: cwd=/Users/iv/Developer/relux-proxy remote="" board="" user=""
[16:04:52.421] [INFO] loadTreeCmd success: roots=7
[16:04:52.421] [INFO] treeLoadedMsg applied: roots=7 rows=13 loadErr=<nil>
[16:05:02.336] [DEBUG] loadTreeCmd start: cwd=/Users/iv/Developer/relux-proxy remote="" board="" user=""
[16:05:02.419] [INFO] loadTreeCmd success: roots=7
[16:05:02.419] [INFO] treeLoadedMsg applied: roots=7 rows=13 loadErr=<nil>
[16:05:12.337] [DEBUG] loadTreeCmd start: cwd=/Users/iv/Developer/relux-proxy remote="" board="" user=""
[16:05:12.420] [INFO] loadTreeCmd success: roots=7
[16:05:12.421] [INFO] treeLoadedMsg applied: roots=7 rows=13 loadErr=<nil>
[16:05:22.339] [DEBUG] loadTreeCmd start: cwd=/Users/iv/Developer/relux-proxy remote="" board="" user=""
[16:05:22.420] [INFO] loadTreeCmd success: roots=7
[16:05:22.420] [INFO] treeLoadedMsg applied: roots=7 rows=13 loadErr=<nil>
[16:05:32.341] [DEBUG] loadTreeCmd start: cwd=/Users/iv/Developer/relux-proxy remote="" board="" user=""
[16:05:32.432] [INFO] loadTreeCmd success: roots=7
[16:05:32.432] [INFO] treeLoadedMsg applied: roots=7 rows=13 loadErr=<nil>
[16:05:42.343] [DEBUG] loadTreeCmd start: cwd=/Users/iv/Developer/relux-proxy remote="" board="" user=""
[16:05:42.430] [INFO] loadTreeCmd success: roots=7
[16:05:42.430] [INFO] treeLoadedMsg applied: roots=7 rows=13 loadErr=<nil>
[16:05:52.344] [DEBUG] loadTreeCmd start: cwd=/Users/iv/Developer/relux-proxy remote="" board="" user=""
[16:05:52.431] [INFO] loadTreeCmd success: roots=7
[16:05:52.432] [INFO] treeLoadedMsg applied: roots=7 rows=13 loadErr=<nil>
[16:06:02.346] [DEBUG] loadTreeCmd start: cwd=/Users/iv/Developer/relux-proxy remote="" board="" user=""
[16:06:02.440] [INFO] loadTreeCmd success: roots=7
[16:06:02.443] [INFO] treeLoadedMsg applied: roots=7 rows=13 loadErr=<nil>
[16:06:12.347] [DEBUG] loadTreeCmd start: cwd=/Users/iv/Developer/relux-proxy remote="" board="" user=""
[16:06:12.455] [INFO] loadTreeCmd success: roots=7
[16:06:12.455] [INFO] treeLoadedMsg applied: roots=7 rows=13 loadErr=<nil>
[16:06:22.348] [DEBUG] loadTreeCmd start: cwd=/Users/iv/Developer/relux-proxy remote="" board="" user=""
[16:06:22.433] [INFO] loadTreeCmd success: roots=7
[16:06:22.433] [INFO] treeLoadedMsg applied: roots=7 rows=13 loadErr=<nil>
[16:06:32.348] [DEBUG] loadTreeCmd start: cwd=/Users/iv/Developer/relux-proxy remote="" board="" user=""
[16:06:32.434] [INFO] loadTreeCmd success: roots=7
[16:06:32.434] [INFO] treeLoadedMsg applied: roots=7 rows=13 loadErr=<nil>
[16:06:42.349] [DEBUG] loadTreeCmd start: cwd=/Users/iv/Developer/relux-proxy remote="" board="" user=""
[16:06:42.431] [INFO] loadTreeCmd success: roots=7
[16:06:42.431] [INFO] treeLoadedMsg applied: roots=7 rows=13 loadErr=<nil>
[16:06:52.349] [DEBUG] loadTreeCmd start: cwd=/Users/iv/Developer/relux-proxy remote="" board="" user=""
[16:06:52.429] [INFO] loadTreeCmd success: roots=7
[16:06:52.429] [INFO] treeLoadedMsg applied: roots=7 rows=13 loadErr=<nil>
[16:07:02.350] [DEBUG] loadTreeCmd start: cwd=/Users/iv/Developer/relux-proxy remote="" board="" user=""
[16:07:02.432] [INFO] loadTreeCmd success: roots=7
[16:07:02.432] [INFO] treeLoadedMsg applied: roots=7 rows=13 loadErr=<nil>
[16:07:12.350] [DEBUG] loadTreeCmd start: cwd=/Users/iv/Developer/relux-proxy remote="" board="" user=""
[16:07:12.431] [INFO] loadTreeCmd success: roots=7
[16:07:12.431] [INFO] treeLoadedMsg applied: roots=7 rows=13 loadErr=<nil>
[16:07:22.351] [DEBUG] loadTreeCmd start: cwd=/Users/iv/Developer/relux-proxy remote="" board="" user=""
[16:07:22.438] [INFO] loadTreeCmd success: roots=7
[16:07:22.438] [INFO] treeLoadedMsg applied: roots=7 rows=13 loadErr=<nil>
[16:07:32.352] [DEBUG] loadTreeCmd start: cwd=/Users/iv/Developer/relux-proxy remote="" board="" user=""
[16:07:32.441] [INFO] loadTreeCmd success: roots=7
[16:07:32.441] [INFO] treeLoadedMsg applied: roots=7 rows=13 loadErr=<nil>
[16:07:42.352] [DEBUG] loadTreeCmd start: cwd=/Users/iv/Developer/relux-proxy remote="" board="" user=""
[16:07:42.436] [INFO] loadTreeCmd success: roots=7
[16:07:42.436] [INFO] treeLoadedMsg applied: roots=7 rows=13 loadErr=<nil>
[16:07:52.354] [DEBUG] loadTreeCmd start: cwd=/Users/iv/Developer/relux-proxy remote="" board="" user=""
[16:07:52.444] [INFO] loadTreeCmd success: roots=7
[16:07:52.444] [INFO] treeLoadedMsg applied: roots=7 rows=13 loadErr=<nil>
[16:08:02.355] [DEBUG] loadTreeCmd start: cwd=/Users/iv/Developer/relux-proxy remote="" board="" user=""
[16:08:02.443] [INFO] loadTreeCmd success: roots=7
[16:08:02.444] [INFO] treeLoadedMsg applied: roots=7 rows=13 loadErr=<nil>
[16:08:12.357] [DEBUG] loadTreeCmd start: cwd=/Users/iv/Developer/relux-proxy remote="" board="" user=""
[16:08:12.444] [INFO] loadTreeCmd success: roots=7
[16:08:12.444] [INFO] treeLoadedMsg applied: roots=7 rows=13 loadErr=<nil>
[16:08:22.359] [DEBUG] loadTreeCmd start: cwd=/Users/iv/Developer/relux-proxy remote="" board="" user=""
[16:08:22.445] [INFO] loadTreeCmd success: roots=7
[16:08:22.445] [INFO] treeLoadedMsg applied: roots=7 rows=13 loadErr=<nil>
[16:08:32.360] [DEBUG] loadTreeCmd start: cwd=/Users/iv/Developer/relux-proxy remote="" board="" user=""
[16:08:32.444] [INFO] loadTreeCmd success: roots=7
[16:08:32.444] [INFO] treeLoadedMsg applied: roots=7 rows=13 loadErr=<nil>
[16:08:42.361] [DEBUG] loadTreeCmd start: cwd=/Users/iv/Developer/relux-proxy remote="" board="" user=""
[16:08:42.446] [INFO] loadTreeCmd success: roots=7
[16:08:42.446] [INFO] treeLoadedMsg applied: roots=7 rows=13 loadErr=<nil>
[16:08:52.363] [DEBUG] loadTreeCmd start: cwd=/Users/iv/Developer/relux-proxy remote="" board="" user=""
[16:08:52.453] [INFO] loadTreeCmd success: roots=7
[16:08:52.453] [INFO] treeLoadedMsg applied: roots=7 rows=13 loadErr=<nil>
[16:09:02.365] [DEBUG] loadTreeCmd start: cwd=/Users/iv/Developer/relux-proxy remote="" board="" user=""
[16:09:02.446] [INFO] loadTreeCmd success: roots=7
[16:09:02.447] [INFO] treeLoadedMsg applied: roots=7 rows=13 loadErr=<nil>
[16:09:12.366] [DEBUG] loadTreeCmd start: cwd=/Users/iv/Developer/relux-proxy remote="" board="" user=""
[16:09:12.453] [INFO] loadTreeCmd success: roots=7
[16:09:12.453] [INFO] treeLoadedMsg applied: roots=7 rows=13 loadErr=<nil>
[16:09:22.366] [DEBUG] loadTreeCmd start: cwd=/Users/iv/Developer/relux-proxy remote="" board="" user=""
[16:09:22.448] [INFO] loadTreeCmd success: roots=7
[16:09:22.449] [INFO] treeLoadedMsg applied: roots=7 rows=13 loadErr=<nil>
[16:09:32.366] [DEBUG] loadTreeCmd start: cwd=/Users/iv/Developer/relux-proxy remote="" board="" user=""
[16:09:32.453] [INFO] loadTreeCmd success: roots=7
[16:09:32.453] [INFO] treeLoadedMsg applied: roots=7 rows=13 loadErr=<nil>
[16:09:42.366] [DEBUG] loadTreeCmd start: cwd=/Users/iv/Developer/relux-proxy remote="" board="" user=""
[16:09:42.450] [INFO] loadTreeCmd success: roots=7
[16:09:42.450] [INFO] treeLoadedMsg applied: roots=7 rows=13 loadErr=<nil>
[16:09:52.367] [DEBUG] loadTreeCmd start: cwd=/Users/iv/Developer/relux-proxy remote="" board="" user=""
[16:09:52.457] [INFO] loadTreeCmd success: roots=7
[16:09:52.458] [INFO] treeLoadedMsg applied: roots=7 rows=13 loadErr=<nil>
[16:10:02.367] [DEBUG] loadTreeCmd start: cwd=/Users/iv/Developer/relux-proxy remote="" board="" user=""
[16:10:02.455] [INFO] loadTreeCmd success: roots=7
[16:10:02.455] [INFO] treeLoadedMsg applied: roots=7 rows=13 loadErr=<nil>
[16:10:12.368] [DEBUG] loadTreeCmd start: cwd=/Users/iv/Developer/relux-proxy remote="" board="" user=""
[16:10:12.453] [INFO] loadTreeCmd success: roots=7
[16:10:12.453] [INFO] treeLoadedMsg applied: roots=7 rows=13 loadErr=<nil>
[16:10:22.368] [DEBUG] loadTreeCmd start: cwd=/Users/iv/Developer/relux-proxy remote="" board="" user=""
[16:10:22.466] [INFO] loadTreeCmd success: roots=7
[16:10:22.466] [INFO] treeLoadedMsg applied: roots=7 rows=13 loadErr=<nil>
[16:10:32.368] [DEBUG] loadTreeCmd start: cwd=/Users/iv/Developer/relux-proxy remote="" board="" user=""
[16:10:32.482] [INFO] loadTreeCmd success: roots=7
[16:10:32.482] [INFO] treeLoadedMsg applied: roots=7 rows=13 loadErr=<nil>
[16:10:42.369] [DEBUG] loadTreeCmd start: cwd=/Users/iv/Developer/relux-proxy remote="" board="" user=""
[16:10:42.464] [INFO] loadTreeCmd success: roots=7
[16:10:42.464] [INFO] treeLoadedMsg applied: roots=7 rows=13 loadErr=<nil>
[16:10:52.370] [DEBUG] loadTreeCmd start: cwd=/Users/iv/Developer/relux-proxy remote="" board="" user=""
[16:10:52.461] [INFO] loadTreeCmd success: roots=7
[16:10:52.462] [INFO] treeLoadedMsg applied: roots=7 rows=13 loadErr=<nil>
[16:11:02.370] [DEBUG] loadTreeCmd start: cwd=/Users/iv/Developer/relux-proxy remote="" board="" user=""
[16:11:02.466] [INFO] loadTreeCmd success: roots=7
[16:11:02.466] [INFO] treeLoadedMsg applied: roots=7 rows=13 loadErr=<nil>
[16:11:12.372] [DEBUG] loadTreeCmd start: cwd=/Users/iv/Developer/relux-proxy remote="" board="" user=""
[16:11:12.646] [INFO] loadTreeCmd success: roots=7
[16:11:12.647] [INFO] treeLoadedMsg applied: roots=7 rows=13 loadErr=<nil>
[16:11:22.371] [DEBUG] loadTreeCmd start: cwd=/Users/iv/Developer/relux-proxy remote="" board="" user=""
[16:11:22.718] [INFO] loadTreeCmd success: roots=7
[16:11:22.718] [INFO] treeLoadedMsg applied: roots=7 rows=13 loadErr=<nil>
[16:11:32.372] [DEBUG] loadTreeCmd start: cwd=/Users/iv/Developer/relux-proxy remote="" board="" user=""
[16:11:32.458] [INFO] loadTreeCmd success: roots=7
[16:11:32.458] [INFO] treeLoadedMsg applied: roots=7 rows=13 loadErr=<nil>
[16:11:42.374] [DEBUG] loadTreeCmd start: cwd=/Users/iv/Developer/relux-proxy remote="" board="" user=""
[16:11:42.463] [INFO] loadTreeCmd success: roots=7
[16:11:42.463] [INFO] treeLoadedMsg applied: roots=7 rows=13 loadErr=<nil>
[16:11:52.376] [DEBUG] loadTreeCmd start: cwd=/Users/iv/Developer/relux-proxy remote="" board="" user=""
[16:11:52.463] [INFO] loadTreeCmd success: roots=7
[16:11:52.463] [INFO] treeLoadedMsg applied: roots=7 rows=13 loadErr=<nil>
[16:12:02.378] [DEBUG] loadTreeCmd start: cwd=/Users/iv/Developer/relux-proxy remote="" board="" user=""
[16:12:02.465] [INFO] loadTreeCmd success: roots=7
[16:12:02.465] [INFO] treeLoadedMsg applied: roots=7 rows=13 loadErr=<nil>
[16:12:12.380] [DEBUG] loadTreeCmd start: cwd=/Users/iv/Developer/relux-proxy remote="" board="" user=""
[16:12:12.468] [INFO] loadTreeCmd success: roots=7
[16:12:12.468] [INFO] treeLoadedMsg applied: roots=7 rows=13 loadErr=<nil>
[16:12:22.382] [DEBUG] loadTreeCmd start: cwd=/Users/iv/Developer/relux-proxy remote="" board="" user=""
[16:12:22.464] [INFO] loadTreeCmd success: roots=7
[16:12:22.464] [INFO] treeLoadedMsg applied: roots=7 rows=13 loadErr=<nil>
[16:12:32.384] [DEBUG] loadTreeCmd start: cwd=/Users/iv/Developer/relux-proxy remote="" board="" user=""
[16:12:32.463] [INFO] loadTreeCmd success: roots=7
[16:12:32.464] [INFO] treeLoadedMsg applied: roots=7 rows=13 loadErr=<nil>
[16:12:42.384] [DEBUG] loadTreeCmd start: cwd=/Users/iv/Developer/relux-proxy remote="" board="" user=""
[16:12:42.471] [INFO] loadTreeCmd success: roots=7
[16:12:42.471] [INFO] treeLoadedMsg applied: roots=7 rows=13 loadErr=<nil>
[16:12:52.384] [DEBUG] loadTreeCmd start: cwd=/Users/iv/Developer/relux-proxy remote="" board="" user=""
[16:12:52.471] [INFO] loadTreeCmd success: roots=7
[16:12:52.471] [INFO] treeLoadedMsg applied: roots=7 rows=13 loadErr=<nil>
[16:13:02.384] [DEBUG] loadTreeCmd start: cwd=/Users/iv/Developer/relux-proxy remote="" board="" user=""
[16:13:02.469] [INFO] loadTreeCmd success: roots=7
[16:13:02.469] [INFO] treeLoadedMsg applied: roots=7 rows=13 loadErr=<nil>
[16:13:12.385] [DEBUG] loadTreeCmd start: cwd=/Users/iv/Developer/relux-proxy remote="" board="" user=""
[16:13:12.475] [INFO] loadTreeCmd success: roots=7
[16:13:12.475] [INFO] treeLoadedMsg applied: roots=7 rows=13 loadErr=<nil>
[16:13:22.385] [DEBUG] loadTreeCmd start: cwd=/Users/iv/Developer/relux-proxy remote="" board="" user=""
[16:13:22.471] [INFO] loadTreeCmd success: roots=7
[16:13:22.471] [INFO] treeLoadedMsg applied: roots=7 rows=13 loadErr=<nil>
[16:13:32.386] [DEBUG] loadTreeCmd start: cwd=/Users/iv/Developer/relux-proxy remote="" board="" user=""
[16:13:32.467] [INFO] loadTreeCmd success: roots=7
[16:13:32.467] [INFO] treeLoadedMsg applied: roots=7 rows=13 loadErr=<nil>
[16:13:42.386] [DEBUG] loadTreeCmd start: cwd=/Users/iv/Developer/relux-proxy remote="" board="" user=""
[16:13:42.468] [INFO] loadTreeCmd success: roots=7
[16:13:42.469] [INFO] treeLoadedMsg applied: roots=7 rows=13 loadErr=<nil>
[16:13:52.387] [DEBUG] loadTreeCmd start: cwd=/Users/iv/Developer/relux-proxy remote="" board="" user=""
[16:13:52.475] [INFO] loadTreeCmd success: roots=7
[16:13:52.475] [INFO] treeLoadedMsg applied: roots=7 rows=13 loadErr=<nil>
[16:14:02.388] [DEBUG] loadTreeCmd start: cwd=/Users/iv/Developer/relux-proxy remote="" board="" user=""
[16:14:02.474] [INFO] loadTreeCmd success: roots=7
[16:14:02.474] [INFO] treeLoadedMsg applied: roots=7 rows=13 loadErr=<nil>
[16:14:12.389] [DEBUG] loadTreeCmd start: cwd=/Users/iv/Developer/relux-proxy remote="" board="" user=""
[16:14:12.469] [INFO] loadTreeCmd success: roots=7
[16:14:12.469] [INFO] treeLoadedMsg applied: roots=7 rows=13 loadErr=<nil>
[16:14:22.390] [DEBUG] loadTreeCmd start: cwd=/Users/iv/Developer/relux-proxy remote="" board="" user=""
[16:14:22.476] [INFO] loadTreeCmd success: roots=7
[16:14:22.476] [INFO] treeLoadedMsg applied: roots=7 rows=13 loadErr=<nil>
[16:14:32.392] [DEBUG] loadTreeCmd start: cwd=/Users/iv/Developer/relux-proxy remote="" board="" user=""
[16:14:32.474] [INFO] loadTreeCmd success: roots=7
[16:14:32.474] [INFO] treeLoadedMsg applied: roots=7 rows=13 loadErr=<nil>
[16:14:42.394] [DEBUG] loadTreeCmd start: cwd=/Users/iv/Developer/relux-proxy remote="" board="" user=""
[16:14:42.480] [INFO] loadTreeCmd success: roots=7
[16:14:42.480] [INFO] treeLoadedMsg applied: roots=7 rows=13 loadErr=<nil>
[16:14:52.396] [DEBUG] loadTreeCmd start: cwd=/Users/iv/Developer/relux-proxy remote="" board="" user=""
[16:14:52.484] [INFO] loadTreeCmd success: roots=7
[16:14:52.485] [INFO] treeLoadedMsg applied: roots=7 rows=13 loadErr=<nil>
[16:15:02.398] [DEBUG] loadTreeCmd start: cwd=/Users/iv/Developer/relux-proxy remote="" board="" user=""
[16:15:02.479] [INFO] loadTreeCmd success: roots=7
[16:15:02.479] [INFO] treeLoadedMsg applied: roots=7 rows=13 loadErr=<nil>
[16:15:12.399] [DEBUG] loadTreeCmd start: cwd=/Users/iv/Developer/relux-proxy remote="" board="" user=""
[16:15:12.493] [INFO] loadTreeCmd success: roots=7
[16:15:12.493] [INFO] treeLoadedMsg applied: roots=7 rows=13 loadErr=<nil>
[16:15:22.400] [DEBUG] loadTreeCmd start: cwd=/Users/iv/Developer/relux-proxy remote="" board="" user=""
[16:15:22.491] [INFO] loadTreeCmd success: roots=7
[16:15:22.491] [INFO] treeLoadedMsg applied: roots=7 rows=13 loadErr=<nil>
[16:15:32.401] [DEBUG] loadTreeCmd start: cwd=/Users/iv/Developer/relux-proxy remote="" board="" user=""
[16:15:32.492] [INFO] loadTreeCmd success: roots=7
[16:15:32.493] [INFO] treeLoadedMsg applied: roots=7 rows=13 loadErr=<nil>
[16:15:42.402] [DEBUG] loadTreeCmd start: cwd=/Users/iv/Developer/relux-proxy remote="" board="" user=""
[16:15:42.490] [INFO] loadTreeCmd success: roots=7
[16:15:42.490] [INFO] treeLoadedMsg applied: roots=7 rows=13 loadErr=<nil>
[16:15:52.402] [DEBUG] loadTreeCmd start: cwd=/Users/iv/Developer/relux-proxy remote="" board="" user=""
[16:15:52.489] [INFO] loadTreeCmd success: roots=7
[16:15:52.489] [INFO] treeLoadedMsg applied: roots=7 rows=13 loadErr=<nil>
[16:16:02.403] [DEBUG] loadTreeCmd start: cwd=/Users/iv/Developer/relux-proxy remote="" board="" user=""
[16:16:02.491] [INFO] loadTreeCmd success: roots=7
[16:16:02.491] [INFO] treeLoadedMsg applied: roots=7 rows=13 loadErr=<nil>
[16:16:12.403] [DEBUG] loadTreeCmd start: cwd=/Users/iv/Developer/relux-proxy remote="" board="" user=""
[16:16:12.500] [INFO] loadTreeCmd success: roots=7
[16:16:12.501] [INFO] treeLoadedMsg applied: roots=7 rows=13 loadErr=<nil>
[16:16:22.404] [DEBUG] loadTreeCmd start: cwd=/Users/iv/Developer/relux-proxy remote="" board="" user=""
[16:16:22.489] [INFO] loadTreeCmd success: roots=7
[16:16:22.489] [INFO] treeLoadedMsg applied: roots=7 rows=13 loadErr=<nil>
[16:16:32.404] [DEBUG] loadTreeCmd start: cwd=/Users/iv/Developer/relux-proxy remote="" board="" user=""
[16:16:32.485] [INFO] loadTreeCmd success: roots=7
[16:16:32.485] [INFO] treeLoadedMsg applied: roots=7 rows=13 loadErr=<nil>
[16:16:42.405] [DEBUG] loadTreeCmd start: cwd=/Users/iv/Developer/relux-proxy remote="" board="" user=""
[16:16:42.490] [INFO] loadTreeCmd success: roots=7
[16:16:42.490] [INFO] treeLoadedMsg applied: roots=7 rows=13 loadErr=<nil>
[16:16:52.405] [DEBUG] loadTreeCmd start: cwd=/Users/iv/Developer/relux-proxy remote="" board="" user=""
[16:16:52.489] [INFO] loadTreeCmd success: roots=7
[16:16:52.489] [INFO] treeLoadedMsg applied: roots=7 rows=13 loadErr=<nil>
[16:17:02.406] [DEBUG] loadTreeCmd start: cwd=/Users/iv/Developer/relux-proxy remote="" board="" user=""
[16:17:02.489] [INFO] loadTreeCmd success: roots=7
[16:17:02.489] [INFO] treeLoadedMsg applied: roots=7 rows=13 loadErr=<nil>
[16:17:12.408] [DEBUG] loadTreeCmd start: cwd=/Users/iv/Developer/relux-proxy remote="" board="" user=""
[16:17:12.492] [INFO] loadTreeCmd success: roots=7
[16:17:12.492] [INFO] treeLoadedMsg applied: roots=7 rows=13 loadErr=<nil>
[16:17:22.409] [DEBUG] loadTreeCmd start: cwd=/Users/iv/Developer/relux-proxy remote="" board="" user=""
[16:17:22.494] [INFO] loadTreeCmd success: roots=7
[16:17:22.494] [INFO] treeLoadedMsg applied: roots=7 rows=13 loadErr=<nil>
[16:17:32.410] [DEBUG] loadTreeCmd start: cwd=/Users/iv/Developer/relux-proxy remote="" board="" user=""
[16:17:32.496] [INFO] loadTreeCmd success: roots=7
[16:17:32.496] [INFO] treeLoadedMsg applied: roots=7 rows=13 loadErr=<nil>
[16:17:42.412] [DEBUG] loadTreeCmd start: cwd=/Users/iv/Developer/relux-proxy remote="" board="" user=""
[16:17:42.499] [INFO] loadTreeCmd success: roots=7
[16:17:42.499] [INFO] treeLoadedMsg applied: roots=7 rows=13 loadErr=<nil>
[16:17:52.415] [DEBUG] loadTreeCmd start: cwd=/Users/iv/Developer/relux-proxy remote="" board="" user=""
[16:17:52.501] [INFO] loadTreeCmd success: roots=7
[16:17:52.501] [INFO] treeLoadedMsg applied: roots=7 rows=13 loadErr=<nil>
[16:18:02.415] [DEBUG] loadTreeCmd start: cwd=/Users/iv/Developer/relux-proxy remote="" board="" user=""
[16:18:02.502] [INFO] loadTreeCmd success: roots=7
[16:18:02.502] [INFO] treeLoadedMsg applied: roots=7 rows=13 loadErr=<nil>
[16:18:12.417] [DEBUG] loadTreeCmd start: cwd=/Users/iv/Developer/relux-proxy remote="" board="" user=""
[16:18:12.507] [INFO] loadTreeCmd success: roots=7
[16:18:12.507] [INFO] treeLoadedMsg applied: roots=7 rows=13 loadErr=<nil>
[16:18:22.418] [DEBUG] loadTreeCmd start: cwd=/Users/iv/Developer/relux-proxy remote="" board="" user=""
[16:18:22.503] [INFO] loadTreeCmd success: roots=7
[16:18:22.503] [INFO] treeLoadedMsg applied: roots=7 rows=13 loadErr=<nil>
[16:18:32.419] [DEBUG] loadTreeCmd start: cwd=/Users/iv/Developer/relux-proxy remote="" board="" user=""
[16:18:32.511] [INFO] loadTreeCmd success: roots=7
[16:18:32.511] [INFO] treeLoadedMsg applied: roots=7 rows=13 loadErr=<nil>
[16:18:42.419] [DEBUG] loadTreeCmd start: cwd=/Users/iv/Developer/relux-proxy remote="" board="" user=""
[16:18:42.505] [INFO] loadTreeCmd success: roots=7
[16:18:42.505] [INFO] treeLoadedMsg applied: roots=7 rows=13 loadErr=<nil>
[16:18:52.419] [DEBUG] loadTreeCmd start: cwd=/Users/iv/Developer/relux-proxy remote="" board="" user=""
[16:18:52.500] [INFO] loadTreeCmd success: roots=7
[16:18:52.500] [INFO] treeLoadedMsg applied: roots=7 rows=13 loadErr=<nil>
[16:19:02.420] [DEBUG] loadTreeCmd start: cwd=/Users/iv/Developer/relux-proxy remote="" board="" user=""
[16:19:02.506] [INFO] loadTreeCmd success: roots=7
[16:19:02.506] [INFO] treeLoadedMsg applied: roots=7 rows=13 loadErr=<nil>
[16:19:12.420] [DEBUG] loadTreeCmd start: cwd=/Users/iv/Developer/relux-proxy remote="" board="" user=""
[16:19:12.503] [INFO] loadTreeCmd success: roots=7
[16:19:12.503] [INFO] treeLoadedMsg applied: roots=7 rows=13 loadErr=<nil>
[16:19:22.420] [DEBUG] loadTreeCmd start: cwd=/Users/iv/Developer/relux-proxy remote="" board="" user=""
[16:19:22.505] [INFO] loadTreeCmd success: roots=7
[16:19:22.505] [INFO] treeLoadedMsg applied: roots=7 rows=13 loadErr=<nil>
[16:19:32.421] [DEBUG] loadTreeCmd start: cwd=/Users/iv/Developer/relux-proxy remote="" board="" user=""
[16:19:32.511] [INFO] loadTreeCmd success: roots=7
[16:19:32.512] [INFO] treeLoadedMsg applied: roots=7 rows=13 loadErr=<nil>
[16:19:42.422] [DEBUG] loadTreeCmd start: cwd=/Users/iv/Developer/relux-proxy remote="" board="" user=""
[16:19:42.507] [INFO] loadTreeCmd success: roots=7
[16:19:42.507] [INFO] treeLoadedMsg applied: roots=7 rows=13 loadErr=<nil>
[16:19:52.423] [DEBUG] loadTreeCmd start: cwd=/Users/iv/Developer/relux-proxy remote="" board="" user=""
[16:19:52.512] [INFO] loadTreeCmd success: roots=7
[16:19:52.512] [INFO] treeLoadedMsg applied: roots=7 rows=13 loadErr=<nil>
[16:20:02.424] [DEBUG] loadTreeCmd start: cwd=/Users/iv/Developer/relux-proxy remote="" board="" user=""
[16:20:02.508] [INFO] loadTreeCmd success: roots=7
[16:20:02.508] [INFO] treeLoadedMsg applied: roots=7 rows=13 loadErr=<nil>
[16:20:12.425] [DEBUG] loadTreeCmd start: cwd=/Users/iv/Developer/relux-proxy remote="" board="" user=""
[16:20:12.507] [INFO] loadTreeCmd success: roots=7
[16:20:12.507] [INFO] treeLoadedMsg applied: roots=7 rows=13 loadErr=<nil>
[16:20:22.427] [DEBUG] loadTreeCmd start: cwd=/Users/iv/Developer/relux-proxy remote="" board="" user=""
[16:20:22.507] [INFO] loadTreeCmd success: roots=7
[16:20:22.508] [INFO] treeLoadedMsg applied: roots=7 rows=13 loadErr=<nil>
[16:20:32.428] [DEBUG] loadTreeCmd start: cwd=/Users/iv/Developer/relux-proxy remote="" board="" user=""
[16:20:32.519] [INFO] loadTreeCmd success: roots=7
[16:20:32.519] [INFO] treeLoadedMsg applied: roots=7 rows=13 loadErr=<nil>
[16:20:42.430] [DEBUG] loadTreeCmd start: cwd=/Users/iv/Developer/relux-proxy remote="" board="" user=""
[16:20:42.514] [INFO] loadTreeCmd success: roots=7
[16:20:42.514] [INFO] treeLoadedMsg applied: roots=7 rows=13 loadErr=<nil>
[16:20:52.431] [DEBUG] loadTreeCmd start: cwd=/Users/iv/Developer/relux-proxy remote="" board="" user=""
[16:20:52.518] [INFO] loadTreeCmd success: roots=7
[16:20:52.518] [INFO] treeLoadedMsg applied: roots=7 rows=13 loadErr=<nil>
[16:21:02.433] [DEBUG] loadTreeCmd start: cwd=/Users/iv/Developer/relux-proxy remote="" board="" user=""
[16:21:02.513] [INFO] loadTreeCmd success: roots=7
[16:21:02.513] [INFO] treeLoadedMsg applied: roots=7 rows=13 loadErr=<nil>
[16:21:12.435] [DEBUG] loadTreeCmd start: cwd=/Users/iv/Developer/relux-proxy remote="" board="" user=""
[16:21:12.569] [INFO] loadTreeCmd success: roots=7
[16:21:12.569] [INFO] treeLoadedMsg applied: roots=7 rows=13 loadErr=<nil>
[16:21:22.435] [DEBUG] loadTreeCmd start: cwd=/Users/iv/Developer/relux-proxy remote="" board="" user=""
[16:21:22.522] [INFO] loadTreeCmd success: roots=7
[16:21:22.522] [INFO] treeLoadedMsg applied: roots=7 rows=13 loadErr=<nil>
[16:21:32.436] [DEBUG] loadTreeCmd start: cwd=/Users/iv/Developer/relux-proxy remote="" board="" user=""
[16:21:32.525] [INFO] loadTreeCmd success: roots=7
[16:21:32.525] [INFO] treeLoadedMsg applied: roots=7 rows=13 loadErr=<nil>
[16:21:42.437] [DEBUG] loadTreeCmd start: cwd=/Users/iv/Developer/relux-proxy remote="" board="" user=""
[16:21:42.532] [INFO] loadTreeCmd success: roots=7
[16:21:42.532] [INFO] treeLoadedMsg applied: roots=7 rows=13 loadErr=<nil>
[16:21:52.438] [DEBUG] loadTreeCmd start: cwd=/Users/iv/Developer/relux-proxy remote="" board="" user=""
[16:21:52.529] [INFO] loadTreeCmd success: roots=7
[16:21:52.529] [INFO] treeLoadedMsg applied: roots=7 rows=13 loadErr=<nil>
[16:22:02.438] [DEBUG] loadTreeCmd start: cwd=/Users/iv/Developer/relux-proxy remote="" board="" user=""
[16:22:02.529] [INFO] loadTreeCmd success: roots=7
[16:22:02.529] [INFO] treeLoadedMsg applied: roots=7 rows=13 loadErr=<nil>
[16:22:12.439] [DEBUG] loadTreeCmd start: cwd=/Users/iv/Developer/relux-proxy remote="" board="" user=""
[16:22:12.539] [INFO] loadTreeCmd success: roots=7
[16:22:12.539] [INFO] treeLoadedMsg applied: roots=7 rows=13 loadErr=<nil>
[16:22:22.439] [DEBUG] loadTreeCmd start: cwd=/Users/iv/Developer/relux-proxy remote="" board="" user=""
[16:22:22.520] [INFO] loadTreeCmd success: roots=7
[16:22:22.520] [INFO] treeLoadedMsg applied: roots=7 rows=13 loadErr=<nil>
[16:22:32.440] [DEBUG] loadTreeCmd start: cwd=/Users/iv/Developer/relux-proxy remote="" board="" user=""
[16:22:32.527] [INFO] loadTreeCmd success: roots=7
[16:22:32.528] [INFO] treeLoadedMsg applied: roots=7 rows=13 loadErr=<nil>
[16:22:42.441] [DEBUG] loadTreeCmd start: cwd=/Users/iv/Developer/relux-proxy remote="" board="" user=""
[16:22:42.527] [INFO] loadTreeCmd success: roots=7
[16:22:42.527] [INFO] treeLoadedMsg applied: roots=7 rows=13 loadErr=<nil>
[16:22:52.442] [DEBUG] loadTreeCmd start: cwd=/Users/iv/Developer/relux-proxy remote="" board="" user=""
[16:22:52.530] [INFO] loadTreeCmd success: roots=7
[16:22:52.530] [INFO] treeLoadedMsg applied: roots=7 rows=13 loadErr=<nil>
[16:23:02.444] [DEBUG] loadTreeCmd start: cwd=/Users/iv/Developer/relux-proxy remote="" board="" user=""
[16:23:02.526] [INFO] loadTreeCmd success: roots=7
[16:23:02.526] [INFO] treeLoadedMsg applied: roots=7 rows=13 loadErr=<nil>
[16:23:12.445] [DEBUG] loadTreeCmd start: cwd=/Users/iv/Developer/relux-proxy remote="" board="" user=""
[16:23:12.532] [INFO] loadTreeCmd success: roots=7
[16:23:12.533] [INFO] treeLoadedMsg applied: roots=7 rows=13 loadErr=<nil>
[16:23:22.447] [DEBUG] loadTreeCmd start: cwd=/Users/iv/Developer/relux-proxy remote="" board="" user=""
[16:23:22.534] [INFO] loadTreeCmd success: roots=7
[16:23:22.534] [INFO] treeLoadedMsg applied: roots=7 rows=13 loadErr=<nil>
[16:23:32.449] [DEBUG] loadTreeCmd start: cwd=/Users/iv/Developer/relux-proxy remote="" board="" user=""
[16:23:32.535] [INFO] loadTreeCmd success: roots=7
[16:23:32.535] [INFO] treeLoadedMsg applied: roots=7 rows=13 loadErr=<nil>
[16:23:42.455] [DEBUG] loadTreeCmd start: cwd=/Users/iv/Developer/relux-proxy remote="" board="" user=""
[16:23:42.537] [INFO] loadTreeCmd success: roots=7
[16:23:42.537] [INFO] treeLoadedMsg applied: roots=7 rows=13 loadErr=<nil>
[16:23:52.461] [DEBUG] loadTreeCmd start: cwd=/Users/iv/Developer/relux-proxy remote="" board="" user=""
[16:23:52.546] [INFO] loadTreeCmd success: roots=7
[16:23:52.546] [INFO] treeLoadedMsg applied: roots=7 rows=13 loadErr=<nil>
[16:24:02.464] [DEBUG] loadTreeCmd start: cwd=/Users/iv/Developer/relux-proxy remote="" board="" user=""
[16:24:02.553] [INFO] loadTreeCmd success: roots=7
[16:24:02.554] [INFO] treeLoadedMsg applied: roots=7 rows=13 loadErr=<nil>
[16:24:12.465] [DEBUG] loadTreeCmd start: cwd=/Users/iv/Developer/relux-proxy remote="" board="" user=""
[16:24:12.547] [INFO] loadTreeCmd success: roots=7
[16:24:12.547] [INFO] treeLoadedMsg applied: roots=7 rows=13 loadErr=<nil>
[16:24:22.466] [DEBUG] loadTreeCmd start: cwd=/Users/iv/Developer/relux-proxy remote="" board="" user=""
[16:24:22.549] [INFO] loadTreeCmd success: roots=7
[16:24:22.549] [INFO] treeLoadedMsg applied: roots=7 rows=13 loadErr=<nil>
[16:24:32.467] [DEBUG] loadTreeCmd start: cwd=/Users/iv/Developer/relux-proxy remote="" board="" user=""
[16:24:32.551] [INFO] loadTreeCmd success: roots=7
[16:24:32.551] [INFO] treeLoadedMsg applied: roots=7 rows=13 loadErr=<nil>
[16:24:42.467] [DEBUG] loadTreeCmd start: cwd=/Users/iv/Developer/relux-proxy remote="" board="" user=""
[16:24:42.551] [INFO] loadTreeCmd success: roots=7
[16:24:42.551] [INFO] treeLoadedMsg applied: roots=7 rows=13 loadErr=<nil>
[16:24:52.468] [DEBUG] loadTreeCmd start: cwd=/Users/iv/Developer/relux-proxy remote="" board="" user=""
[16:24:52.548] [INFO] loadTreeCmd success: roots=7
[16:24:52.549] [INFO] treeLoadedMsg applied: roots=7 rows=13 loadErr=<nil>
[16:25:02.469] [DEBUG] loadTreeCmd start: cwd=/Users/iv/Developer/relux-proxy remote="" board="" user=""
[16:25:02.554] [INFO] loadTreeCmd success: roots=7
[16:25:02.554] [INFO] treeLoadedMsg applied: roots=7 rows=13 loadErr=<nil>
[16:25:12.469] [DEBUG] loadTreeCmd start: cwd=/Users/iv/Developer/relux-proxy remote="" board="" user=""
[16:25:12.557] [INFO] loadTreeCmd success: roots=7
[16:25:12.557] [INFO] treeLoadedMsg applied: roots=7 rows=13 loadErr=<nil>
[16:25:22.470] [DEBUG] loadTreeCmd start: cwd=/Users/iv/Developer/relux-proxy remote="" board="" user=""
[16:25:22.558] [INFO] loadTreeCmd success: roots=7
[16:25:22.558] [INFO] treeLoadedMsg applied: roots=7 rows=13 loadErr=<nil>
[16:25:32.471] [DEBUG] loadTreeCmd start: cwd=/Users/iv/Developer/relux-proxy remote="" board="" user=""
[16:25:32.565] [INFO] loadTreeCmd success: roots=7
[16:25:32.565] [INFO] treeLoadedMsg applied: roots=7 rows=13 loadErr=<nil>
[16:25:42.472] [DEBUG] loadTreeCmd start: cwd=/Users/iv/Developer/relux-proxy remote="" board="" user=""
[16:25:42.557] [INFO] loadTreeCmd success: roots=7
[16:25:42.557] [INFO] treeLoadedMsg applied: roots=7 rows=13 loadErr=<nil>
[16:25:52.474] [DEBUG] loadTreeCmd start: cwd=/Users/iv/Developer/relux-proxy remote="" board="" user=""
[16:25:52.562] [INFO] loadTreeCmd success: roots=7
[16:25:52.562] [INFO] treeLoadedMsg applied: roots=7 rows=13 loadErr=<nil>
[16:26:02.476] [DEBUG] loadTreeCmd start: cwd=/Users/iv/Developer/relux-proxy remote="" board="" user=""
[16:26:02.560] [INFO] loadTreeCmd success: roots=7
[16:26:02.560] [INFO] treeLoadedMsg applied: roots=7 rows=13 loadErr=<nil>
[16:26:12.478] [DEBUG] loadTreeCmd start: cwd=/Users/iv/Developer/relux-proxy remote="" board="" user=""
[16:26:12.561] [INFO] loadTreeCmd success: roots=7
[16:26:12.561] [INFO] treeLoadedMsg applied: roots=7 rows=13 loadErr=<nil>
[16:26:22.480] [DEBUG] loadTreeCmd start: cwd=/Users/iv/Developer/relux-proxy remote="" board="" user=""
[16:26:22.569] [INFO] loadTreeCmd success: roots=7
[16:26:22.569] [INFO] treeLoadedMsg applied: roots=7 rows=13 loadErr=<nil>
[16:26:32.482] [DEBUG] loadTreeCmd start: cwd=/Users/iv/Developer/relux-proxy remote="" board="" user=""
[16:26:32.568] [INFO] loadTreeCmd success: roots=7
[16:26:32.568] [INFO] treeLoadedMsg applied: roots=7 rows=13 loadErr=<nil>
[16:26:42.484] [DEBUG] loadTreeCmd start: cwd=/Users/iv/Developer/relux-proxy remote="" board="" user=""
[16:26:42.573] [INFO] loadTreeCmd success: roots=7
[16:26:42.573] [INFO] treeLoadedMsg applied: roots=7 rows=13 loadErr=<nil>
[16:26:52.484] [DEBUG] loadTreeCmd start: cwd=/Users/iv/Developer/relux-proxy remote="" board="" user=""
[16:26:52.573] [INFO] loadTreeCmd success: roots=7
[16:26:52.573] [INFO] treeLoadedMsg applied: roots=7 rows=13 loadErr=<nil>
[16:27:02.484] [DEBUG] loadTreeCmd start: cwd=/Users/iv/Developer/relux-proxy remote="" board="" user=""
[16:27:02.570] [INFO] loadTreeCmd success: roots=7
[16:27:02.570] [INFO] treeLoadedMsg applied: roots=7 rows=13 loadErr=<nil>
[16:27:12.485] [DEBUG] loadTreeCmd start: cwd=/Users/iv/Developer/relux-proxy remote="" board="" user=""
[16:27:12.569] [INFO] loadTreeCmd success: roots=7
[16:27:12.569] [INFO] treeLoadedMsg applied: roots=7 rows=13 loadErr=<nil>
[16:27:22.485] [DEBUG] loadTreeCmd start: cwd=/Users/iv/Developer/relux-proxy remote="" board="" user=""
[16:27:22.570] [INFO] loadTreeCmd success: roots=7
[16:27:22.570] [INFO] treeLoadedMsg applied: roots=7 rows=13 loadErr=<nil>
[16:27:32.485] [DEBUG] loadTreeCmd start: cwd=/Users/iv/Developer/relux-proxy remote="" board="" user=""
[16:27:32.570] [INFO] loadTreeCmd success: roots=7
[16:27:32.571] [INFO] treeLoadedMsg applied: roots=7 rows=13 loadErr=<nil>
[16:27:42.486] [DEBUG] loadTreeCmd start: cwd=/Users/iv/Developer/relux-proxy remote="" board="" user=""
[16:27:42.565] [INFO] loadTreeCmd success: roots=7
[16:27:42.565] [INFO] treeLoadedMsg applied: roots=7 rows=13 loadErr=<nil>
[16:27:52.487] [DEBUG] loadTreeCmd start: cwd=/Users/iv/Developer/relux-proxy remote="" board="" user=""
[16:27:52.573] [INFO] loadTreeCmd success: roots=7
[16:27:52.573] [INFO] treeLoadedMsg applied: roots=7 rows=13 loadErr=<nil>
[16:28:02.487] [DEBUG] loadTreeCmd start: cwd=/Users/iv/Developer/relux-proxy remote="" board="" user=""
[16:28:02.577] [INFO] loadTreeCmd success: roots=7
[16:28:02.577] [INFO] treeLoadedMsg applied: roots=7 rows=13 loadErr=<nil>
[16:28:12.488] [DEBUG] loadTreeCmd start: cwd=/Users/iv/Developer/relux-proxy remote="" board="" user=""
[16:28:12.575] [INFO] loadTreeCmd success: roots=7
[16:28:12.575] [INFO] treeLoadedMsg applied: roots=7 rows=13 loadErr=<nil>
[16:28:22.489] [DEBUG] loadTreeCmd start: cwd=/Users/iv/Developer/relux-proxy remote="" board="" user=""
[16:28:22.575] [INFO] loadTreeCmd success: roots=7
[16:28:22.575] [INFO] treeLoadedMsg applied: roots=7 rows=13 loadErr=<nil>
[16:28:32.490] [DEBUG] loadTreeCmd start: cwd=/Users/iv/Developer/relux-proxy remote="" board="" user=""
[16:28:32.581] [INFO] loadTreeCmd success: roots=7
[16:28:32.581] [INFO] treeLoadedMsg applied: roots=7 rows=13 loadErr=<nil>
[16:28:42.491] [DEBUG] loadTreeCmd start: cwd=/Users/iv/Developer/relux-proxy remote="" board="" user=""
[16:28:42.573] [INFO] loadTreeCmd success: roots=7
[16:28:42.573] [INFO] treeLoadedMsg applied: roots=7 rows=13 loadErr=<nil>
[16:28:52.493] [DEBUG] loadTreeCmd start: cwd=/Users/iv/Developer/relux-proxy remote="" board="" user=""
[16:28:52.579] [INFO] loadTreeCmd success: roots=7
[16:28:52.579] [INFO] treeLoadedMsg applied: roots=7 rows=13 loadErr=<nil>
[16:29:02.494] [DEBUG] loadTreeCmd start: cwd=/Users/iv/Developer/relux-proxy remote="" board="" user=""
[16:29:02.576] [INFO] loadTreeCmd success: roots=7
[16:29:02.576] [INFO] treeLoadedMsg applied: roots=7 rows=13 loadErr=<nil>
[16:29:12.496] [DEBUG] loadTreeCmd start: cwd=/Users/iv/Developer/relux-proxy remote="" board="" user=""
[16:29:12.584] [INFO] loadTreeCmd success: roots=7
[16:29:12.585] [INFO] treeLoadedMsg applied: roots=7 rows=13 loadErr=<nil>
[16:29:22.498] [DEBUG] loadTreeCmd start: cwd=/Users/iv/Developer/relux-proxy remote="" board="" user=""
[16:29:22.585] [INFO] loadTreeCmd success: roots=7
[16:29:22.585] [INFO] treeLoadedMsg applied: roots=7 rows=13 loadErr=<nil>
[16:29:32.500] [DEBUG] loadTreeCmd start: cwd=/Users/iv/Developer/relux-proxy remote="" board="" user=""
[16:29:32.586] [INFO] loadTreeCmd success: roots=7
[16:29:32.586] [INFO] treeLoadedMsg applied: roots=7 rows=13 loadErr=<nil>
[16:29:42.502] [DEBUG] loadTreeCmd start: cwd=/Users/iv/Developer/relux-proxy remote="" board="" user=""
[16:29:42.587] [INFO] loadTreeCmd success: roots=7
[16:29:42.587] [INFO] treeLoadedMsg applied: roots=7 rows=13 loadErr=<nil>
[16:29:52.502] [DEBUG] loadTreeCmd start: cwd=/Users/iv/Developer/relux-proxy remote="" board="" user=""
[16:29:52.584] [INFO] loadTreeCmd success: roots=7
[16:29:52.584] [INFO] treeLoadedMsg applied: roots=7 rows=13 loadErr=<nil>
[16:30:02.502] [DEBUG] loadTreeCmd start: cwd=/Users/iv/Developer/relux-proxy remote="" board="" user=""
[16:30:02.588] [INFO] loadTreeCmd success: roots=7
[16:30:02.589] [INFO] treeLoadedMsg applied: roots=7 rows=13 loadErr=<nil>
[16:30:12.503] [DEBUG] loadTreeCmd start: cwd=/Users/iv/Developer/relux-proxy remote="" board="" user=""
[16:30:12.584] [INFO] loadTreeCmd success: roots=7
[16:30:12.584] [INFO] treeLoadedMsg applied: roots=7 rows=13 loadErr=<nil>
[16:30:22.503] [DEBUG] loadTreeCmd start: cwd=/Users/iv/Developer/relux-proxy remote="" board="" user=""
[16:30:22.596] [INFO] loadTreeCmd success: roots=7
[16:30:22.596] [INFO] treeLoadedMsg applied: roots=7 rows=13 loadErr=<nil>
[16:30:32.504] [DEBUG] loadTreeCmd start: cwd=/Users/iv/Developer/relux-proxy remote="" board="" user=""
[16:30:32.594] [INFO] loadTreeCmd success: roots=7
[16:30:32.594] [INFO] treeLoadedMsg applied: roots=7 rows=13 loadErr=<nil>
[16:30:42.505] [DEBUG] loadTreeCmd start: cwd=/Users/iv/Developer/relux-proxy remote="" board="" user=""
[16:30:42.614] [INFO] loadTreeCmd success: roots=7
[16:30:42.617] [INFO] treeLoadedMsg applied: roots=7 rows=13 loadErr=<nil>
[16:30:52.505] [DEBUG] loadTreeCmd start: cwd=/Users/iv/Developer/relux-proxy remote="" board="" user=""
[16:30:52.596] [INFO] loadTreeCmd success: roots=7
[16:30:52.596] [INFO] treeLoadedMsg applied: roots=7 rows=13 loadErr=<nil>
[16:31:02.506] [DEBUG] loadTreeCmd start: cwd=/Users/iv/Developer/relux-proxy remote="" board="" user=""
[16:31:02.591] [INFO] loadTreeCmd success: roots=7
[16:31:02.591] [INFO] treeLoadedMsg applied: roots=7 rows=13 loadErr=<nil>
[16:31:12.507] [DEBUG] loadTreeCmd start: cwd=/Users/iv/Developer/relux-proxy remote="" board="" user=""
[16:31:12.594] [INFO] loadTreeCmd success: roots=7
[16:31:12.595] [INFO] treeLoadedMsg applied: roots=7 rows=13 loadErr=<nil>
[16:31:22.508] [DEBUG] loadTreeCmd start: cwd=/Users/iv/Developer/relux-proxy remote="" board="" user=""
[16:31:22.595] [INFO] loadTreeCmd success: roots=7
[16:31:22.595] [INFO] treeLoadedMsg applied: roots=7 rows=13 loadErr=<nil>
[16:31:32.509] [DEBUG] loadTreeCmd start: cwd=/Users/iv/Developer/relux-proxy remote="" board="" user=""
[16:31:32.597] [INFO] loadTreeCmd success: roots=7
[16:31:32.597] [INFO] treeLoadedMsg applied: roots=7 rows=13 loadErr=<nil>
[16:31:42.512] [DEBUG] loadTreeCmd start: cwd=/Users/iv/Developer/relux-proxy remote="" board="" user=""
[16:31:42.623] [INFO] loadTreeCmd success: roots=7
[16:31:42.623] [INFO] treeLoadedMsg applied: roots=7 rows=13 loadErr=<nil>
[16:31:52.513] [DEBUG] loadTreeCmd start: cwd=/Users/iv/Developer/relux-proxy remote="" board="" user=""
[16:31:52.599] [INFO] loadTreeCmd success: roots=7
[16:31:52.599] [INFO] treeLoadedMsg applied: roots=7 rows=13 loadErr=<nil>
[16:32:02.515] [DEBUG] loadTreeCmd start: cwd=/Users/iv/Developer/relux-proxy remote="" board="" user=""
[16:32:02.601] [INFO] loadTreeCmd success: roots=7
[16:32:02.602] [INFO] treeLoadedMsg applied: roots=7 rows=13 loadErr=<nil>
[16:32:12.518] [DEBUG] loadTreeCmd start: cwd=/Users/iv/Developer/relux-proxy remote="" board="" user=""
[16:32:12.608] [INFO] loadTreeCmd success: roots=7
[16:32:12.609] [INFO] treeLoadedMsg applied: roots=7 rows=13 loadErr=<nil>
[16:32:22.518] [DEBUG] loadTreeCmd start: cwd=/Users/iv/Developer/relux-proxy remote="" board="" user=""
[16:32:22.604] [INFO] loadTreeCmd success: roots=7
[16:32:22.605] [INFO] treeLoadedMsg applied: roots=7 rows=13 loadErr=<nil>
[16:32:32.520] [DEBUG] loadTreeCmd start: cwd=/Users/iv/Developer/relux-proxy remote="" board="" user=""
[16:32:32.614] [INFO] loadTreeCmd success: roots=7
[16:32:32.615] [INFO] treeLoadedMsg applied: roots=7 rows=13 loadErr=<nil>
[16:32:42.520] [DEBUG] loadTreeCmd start: cwd=/Users/iv/Developer/relux-proxy remote="" board="" user=""
[16:32:42.607] [INFO] loadTreeCmd success: roots=7
[16:32:42.608] [INFO] treeLoadedMsg applied: roots=7 rows=13 loadErr=<nil>
[16:32:52.520] [DEBUG] loadTreeCmd start: cwd=/Users/iv/Developer/relux-proxy remote="" board="" user=""
[16:32:52.607] [INFO] loadTreeCmd success: roots=7
[16:32:52.608] [INFO] treeLoadedMsg applied: roots=7 rows=13 loadErr=<nil>
[16:33:02.521] [DEBUG] loadTreeCmd start: cwd=/Users/iv/Developer/relux-proxy remote="" board="" user=""
[16:33:02.603] [INFO] loadTreeCmd success: roots=7
[16:33:02.604] [INFO] treeLoadedMsg applied: roots=7 rows=13 loadErr=<nil>
[16:33:12.521] [DEBUG] loadTreeCmd start: cwd=/Users/iv/Developer/relux-proxy remote="" board="" user=""
[16:33:12.601] [INFO] loadTreeCmd success: roots=7
[16:33:12.601] [INFO] treeLoadedMsg applied: roots=7 rows=13 loadErr=<nil>
[16:33:22.521] [DEBUG] loadTreeCmd start: cwd=/Users/iv/Developer/relux-proxy remote="" board="" user=""
[16:33:22.603] [INFO] loadTreeCmd success: roots=7
[16:33:22.603] [INFO] treeLoadedMsg applied: roots=7 rows=13 loadErr=<nil>
[16:33:32.522] [DEBUG] loadTreeCmd start: cwd=/Users/iv/Developer/relux-proxy remote="" board="" user=""
[16:33:32.608] [INFO] loadTreeCmd success: roots=7
[16:33:32.609] [INFO] treeLoadedMsg applied: roots=7 rows=13 loadErr=<nil>
[16:33:42.522] [DEBUG] loadTreeCmd start: cwd=/Users/iv/Developer/relux-proxy remote="" board="" user=""
[16:33:42.608] [INFO] loadTreeCmd success: roots=7
[16:33:42.608] [INFO] treeLoadedMsg applied: roots=7 rows=13 loadErr=<nil>
[16:33:52.523] [DEBUG] loadTreeCmd start: cwd=/Users/iv/Developer/relux-proxy remote="" board="" user=""
[16:33:52.611] [INFO] loadTreeCmd success: roots=7
[16:33:52.611] [INFO] treeLoadedMsg applied: roots=7 rows=13 loadErr=<nil>
[16:34:02.523] [DEBUG] loadTreeCmd start: cwd=/Users/iv/Developer/relux-proxy remote="" board="" user=""
[16:34:02.609] [INFO] loadTreeCmd success: roots=7
[16:34:02.609] [INFO] treeLoadedMsg applied: roots=7 rows=13 loadErr=<nil>
[16:34:12.524] [DEBUG] loadTreeCmd start: cwd=/Users/iv/Developer/relux-proxy remote="" board="" user=""
[16:34:12.610] [INFO] loadTreeCmd success: roots=7
[16:34:12.610] [INFO] treeLoadedMsg applied: roots=7 rows=13 loadErr=<nil>
[16:34:22.525] [DEBUG] loadTreeCmd start: cwd=/Users/iv/Developer/relux-proxy remote="" board="" user=""
[16:34:22.611] [INFO] loadTreeCmd success: roots=7
[16:34:22.611] [INFO] treeLoadedMsg applied: roots=7 rows=13 loadErr=<nil>
[16:34:32.526] [DEBUG] loadTreeCmd start: cwd=/Users/iv/Developer/relux-proxy remote="" board="" user=""
[16:34:32.614] [INFO] loadTreeCmd success: roots=7
[16:34:32.615] [INFO] treeLoadedMsg applied: roots=7 rows=13 loadErr=<nil>
[16:34:42.527] [DEBUG] loadTreeCmd start: cwd=/Users/iv/Developer/relux-proxy remote="" board="" user=""
[16:34:42.615] [INFO] loadTreeCmd success: roots=7
[16:34:42.615] [INFO] treeLoadedMsg applied: roots=7 rows=13 loadErr=<nil>
[16:34:52.529] [DEBUG] loadTreeCmd start: cwd=/Users/iv/Developer/relux-proxy remote="" board="" user=""
[16:34:52.609] [INFO] loadTreeCmd success: roots=7
[16:34:52.609] [INFO] treeLoadedMsg applied: roots=7 rows=13 loadErr=<nil>
[16:35:02.531] [DEBUG] loadTreeCmd start: cwd=/Users/iv/Developer/relux-proxy remote="" board="" user=""
[16:35:02.613] [INFO] loadTreeCmd success: roots=7
[16:35:02.614] [INFO] treeLoadedMsg applied: roots=7 rows=13 loadErr=<nil>
[16:35:12.533] [DEBUG] loadTreeCmd start: cwd=/Users/iv/Developer/relux-proxy remote="" board="" user=""
[16:35:12.616] [INFO] loadTreeCmd success: roots=7
[16:35:12.616] [INFO] treeLoadedMsg applied: roots=7 rows=13 loadErr=<nil>
[16:35:22.535] [DEBUG] loadTreeCmd start: cwd=/Users/iv/Developer/relux-proxy remote="" board="" user=""
[16:35:22.616] [INFO] loadTreeCmd success: roots=7
[16:35:22.616] [INFO] treeLoadedMsg applied: roots=7 rows=13 loadErr=<nil>
[16:35:32.537] [DEBUG] loadTreeCmd start: cwd=/Users/iv/Developer/relux-proxy remote="" board="" user=""
[16:35:32.631] [INFO] loadTreeCmd success: roots=7
[16:35:32.631] [INFO] treeLoadedMsg applied: roots=7 rows=13 loadErr=<nil>
[16:35:42.539] [DEBUG] loadTreeCmd start: cwd=/Users/iv/Developer/relux-proxy remote="" board="" user=""
[16:35:42.626] [INFO] loadTreeCmd success: roots=7
[16:35:42.626] [INFO] treeLoadedMsg applied: roots=7 rows=13 loadErr=<nil>
[16:35:52.539] [DEBUG] loadTreeCmd start: cwd=/Users/iv/Developer/relux-proxy remote="" board="" user=""
[16:35:52.624] [INFO] loadTreeCmd success: roots=7
[16:35:52.625] [INFO] treeLoadedMsg applied: roots=7 rows=13 loadErr=<nil>
[16:36:02.539] [DEBUG] loadTreeCmd start: cwd=/Users/iv/Developer/relux-proxy remote="" board="" user=""
[16:36:02.628] [INFO] loadTreeCmd success: roots=7
[16:36:02.629] [INFO] treeLoadedMsg applied: roots=7 rows=13 loadErr=<nil>
[16:36:12.539] [DEBUG] loadTreeCmd start: cwd=/Users/iv/Developer/relux-proxy remote="" board="" user=""
[16:36:12.621] [INFO] loadTreeCmd success: roots=7
[16:36:12.621] [INFO] treeLoadedMsg applied: roots=7 rows=13 loadErr=<nil>
[16:36:22.540] [DEBUG] loadTreeCmd start: cwd=/Users/iv/Developer/relux-proxy remote="" board="" user=""
[16:36:22.626] [INFO] loadTreeCmd success: roots=7
[16:36:22.626] [INFO] treeLoadedMsg applied: roots=7 rows=13 loadErr=<nil>
[16:36:32.541] [DEBUG] loadTreeCmd start: cwd=/Users/iv/Developer/relux-proxy remote="" board="" user=""
[16:36:32.631] [INFO] loadTreeCmd success: roots=7
[16:36:32.631] [INFO] treeLoadedMsg applied: roots=7 rows=13 loadErr=<nil>
[16:36:42.542] [DEBUG] loadTreeCmd start: cwd=/Users/iv/Developer/relux-proxy remote="" board="" user=""
[16:36:42.626] [INFO] loadTreeCmd success: roots=7
[16:36:42.626] [INFO] treeLoadedMsg applied: roots=7 rows=13 loadErr=<nil>
[16:36:52.542] [DEBUG] loadTreeCmd start: cwd=/Users/iv/Developer/relux-proxy remote="" board="" user=""
[16:36:52.628] [INFO] loadTreeCmd success: roots=7
[16:36:52.628] [INFO] treeLoadedMsg applied: roots=7 rows=13 loadErr=<nil>
[16:37:02.543] [DEBUG] loadTreeCmd start: cwd=/Users/iv/Developer/relux-proxy remote="" board="" user=""
[16:37:02.632] [INFO] loadTreeCmd success: roots=7
[16:37:02.632] [INFO] treeLoadedMsg applied: roots=7 rows=13 loadErr=<nil>
[16:37:12.545] [DEBUG] loadTreeCmd start: cwd=/Users/iv/Developer/relux-proxy remote="" board="" user=""
[16:37:12.630] [INFO] loadTreeCmd success: roots=7
[16:37:12.630] [INFO] treeLoadedMsg applied: roots=7 rows=13 loadErr=<nil>
[16:37:22.546] [DEBUG] loadTreeCmd start: cwd=/Users/iv/Developer/relux-proxy remote="" board="" user=""
[16:37:22.632] [INFO] loadTreeCmd success: roots=7
[16:37:22.632] [INFO] treeLoadedMsg applied: roots=7 rows=13 loadErr=<nil>
[16:37:32.548] [DEBUG] loadTreeCmd start: cwd=/Users/iv/Developer/relux-proxy remote="" board="" user=""
[16:37:32.636] [INFO] loadTreeCmd success: roots=7
[16:37:32.637] [INFO] treeLoadedMsg applied: roots=7 rows=13 loadErr=<nil>
[16:37:42.550] [DEBUG] loadTreeCmd start: cwd=/Users/iv/Developer/relux-proxy remote="" board="" user=""
[16:37:42.635] [INFO] loadTreeCmd success: roots=7
[16:37:42.635] [INFO] treeLoadedMsg applied: roots=7 rows=13 loadErr=<nil>
[16:37:52.550] [DEBUG] loadTreeCmd start: cwd=/Users/iv/Developer/relux-proxy remote="" board="" user=""
[16:37:52.632] [INFO] loadTreeCmd success: roots=7
[16:37:52.632] [INFO] treeLoadedMsg applied: roots=7 rows=13 loadErr=<nil>
[16:38:02.552] [DEBUG] loadTreeCmd start: cwd=/Users/iv/Developer/relux-proxy remote="" board="" user=""
[16:38:02.639] [INFO] loadTreeCmd success: roots=7
[16:38:02.639] [INFO] treeLoadedMsg applied: roots=7 rows=13 loadErr=<nil>
[16:38:12.554] [DEBUG] loadTreeCmd start: cwd=/Users/iv/Developer/relux-proxy remote="" board="" user=""
[16:38:12.642] [INFO] loadTreeCmd success: roots=7
[16:38:12.642] [INFO] treeLoadedMsg applied: roots=7 rows=13 loadErr=<nil>
[16:38:22.556] [DEBUG] loadTreeCmd start: cwd=/Users/iv/Developer/relux-proxy remote="" board="" user=""
[16:38:22.639] [INFO] loadTreeCmd success: roots=7
[16:38:22.639] [INFO] treeLoadedMsg applied: roots=7 rows=13 loadErr=<nil>
[16:38:32.556] [DEBUG] loadTreeCmd start: cwd=/Users/iv/Developer/relux-proxy remote="" board="" user=""
[16:38:32.647] [INFO] loadTreeCmd success: roots=7
[16:38:32.647] [INFO] treeLoadedMsg applied: roots=7 rows=13 loadErr=<nil>
[16:38:42.557] [DEBUG] loadTreeCmd start: cwd=/Users/iv/Developer/relux-proxy remote="" board="" user=""
[16:38:42.640] [INFO] loadTreeCmd success: roots=7
[16:38:42.640] [INFO] treeLoadedMsg applied: roots=7 rows=13 loadErr=<nil>
[16:38:52.557] [DEBUG] loadTreeCmd start: cwd=/Users/iv/Developer/relux-proxy remote="" board="" user=""
[16:38:52.645] [INFO] loadTreeCmd success: roots=7
[16:38:52.645] [INFO] treeLoadedMsg applied: roots=7 rows=13 loadErr=<nil>
[16:39:02.557] [DEBUG] loadTreeCmd start: cwd=/Users/iv/Developer/relux-proxy remote="" board="" user=""
[16:39:02.643] [INFO] loadTreeCmd success: roots=7
[16:39:02.643] [INFO] treeLoadedMsg applied: roots=7 rows=13 loadErr=<nil>
[16:39:12.557] [DEBUG] loadTreeCmd start: cwd=/Users/iv/Developer/relux-proxy remote="" board="" user=""
[16:39:12.641] [INFO] loadTreeCmd success: roots=7
[16:39:12.641] [INFO] treeLoadedMsg applied: roots=7 rows=13 loadErr=<nil>
[16:39:22.558] [DEBUG] loadTreeCmd start: cwd=/Users/iv/Developer/relux-proxy remote="" board="" user=""
[16:39:22.643] [INFO] loadTreeCmd success: roots=7
[16:39:22.643] [INFO] treeLoadedMsg applied: roots=7 rows=13 loadErr=<nil>
[16:39:32.558] [DEBUG] loadTreeCmd start: cwd=/Users/iv/Developer/relux-proxy remote="" board="" user=""
[16:39:32.643] [INFO] loadTreeCmd success: roots=7
[16:39:32.643] [INFO] treeLoadedMsg applied: roots=7 rows=13 loadErr=<nil>
[16:39:42.560] [DEBUG] loadTreeCmd start: cwd=/Users/iv/Developer/relux-proxy remote="" board="" user=""
[16:39:42.651] [INFO] loadTreeCmd success: roots=7
[16:39:42.651] [INFO] treeLoadedMsg applied: roots=7 rows=13 loadErr=<nil>
[16:39:52.563] [DEBUG] loadTreeCmd start: cwd=/Users/iv/Developer/relux-proxy remote="" board="" user=""
[16:39:52.652] [INFO] loadTreeCmd success: roots=7
[16:39:52.652] [INFO] treeLoadedMsg applied: roots=7 rows=13 loadErr=<nil>
[16:40:02.564] [DEBUG] loadTreeCmd start: cwd=/Users/iv/Developer/relux-proxy remote="" board="" user=""
[16:40:02.651] [INFO] loadTreeCmd success: roots=7
[16:40:02.651] [INFO] treeLoadedMsg applied: roots=7 rows=13 loadErr=<nil>
[16:40:12.565] [DEBUG] loadTreeCmd start: cwd=/Users/iv/Developer/relux-proxy remote="" board="" user=""
[16:40:12.662] [INFO] loadTreeCmd success: roots=7
[16:40:12.662] [INFO] treeLoadedMsg applied: roots=7 rows=13 loadErr=<nil>
[16:40:22.567] [DEBUG] loadTreeCmd start: cwd=/Users/iv/Developer/relux-proxy remote="" board="" user=""
[16:40:22.650] [INFO] loadTreeCmd success: roots=7
[16:40:22.650] [INFO] treeLoadedMsg applied: roots=7 rows=13 loadErr=<nil>
[16:40:32.569] [DEBUG] loadTreeCmd start: cwd=/Users/iv/Developer/relux-proxy remote="" board="" user=""
[16:40:32.655] [INFO] loadTreeCmd success: roots=7
[16:40:32.655] [INFO] treeLoadedMsg applied: roots=7 rows=13 loadErr=<nil>
[16:40:42.570] [DEBUG] loadTreeCmd start: cwd=/Users/iv/Developer/relux-proxy remote="" board="" user=""
[16:40:42.662] [INFO] loadTreeCmd success: roots=7
[16:40:42.663] [INFO] treeLoadedMsg applied: roots=7 rows=13 loadErr=<nil>
[16:40:52.572] [DEBUG] loadTreeCmd start: cwd=/Users/iv/Developer/relux-proxy remote="" board="" user=""
[16:40:52.661] [INFO] loadTreeCmd success: roots=7
[16:40:52.661] [INFO] treeLoadedMsg applied: roots=7 rows=13 loadErr=<nil>
[16:41:02.573] [DEBUG] loadTreeCmd start: cwd=/Users/iv/Developer/relux-proxy remote="" board="" user=""
[16:41:02.667] [INFO] loadTreeCmd success: roots=7
[16:41:02.667] [INFO] treeLoadedMsg applied: roots=7 rows=13 loadErr=<nil>
[16:41:12.573] [DEBUG] loadTreeCmd start: cwd=/Users/iv/Developer/relux-proxy remote="" board="" user=""
[16:41:12.664] [INFO] loadTreeCmd success: roots=7
[16:41:12.664] [INFO] treeLoadedMsg applied: roots=7 rows=13 loadErr=<nil>
[16:41:22.575] [DEBUG] loadTreeCmd start: cwd=/Users/iv/Developer/relux-proxy remote="" board="" user=""
[16:41:22.660] [INFO] loadTreeCmd success: roots=7
[16:41:22.660] [INFO] treeLoadedMsg applied: roots=7 rows=13 loadErr=<nil>
[16:41:32.577] [DEBUG] loadTreeCmd start: cwd=/Users/iv/Developer/relux-proxy remote="" board="" user=""
[16:41:32.664] [INFO] loadTreeCmd success: roots=7
[16:41:32.664] [INFO] treeLoadedMsg applied: roots=7 rows=13 loadErr=<nil>
[16:41:42.579] [DEBUG] loadTreeCmd start: cwd=/Users/iv/Developer/relux-proxy remote="" board="" user=""
[16:41:42.665] [INFO] loadTreeCmd success: roots=7
[16:41:42.665] [INFO] treeLoadedMsg applied: roots=7 rows=13 loadErr=<nil>
[16:41:52.580] [DEBUG] loadTreeCmd start: cwd=/Users/iv/Developer/relux-proxy remote="" board="" user=""
[16:41:52.666] [INFO] loadTreeCmd success: roots=7
[16:41:52.666] [INFO] treeLoadedMsg applied: roots=7 rows=13 loadErr=<nil>
[16:42:02.580] [DEBUG] loadTreeCmd start: cwd=/Users/iv/Developer/relux-proxy remote="" board="" user=""
[16:42:02.667] [INFO] loadTreeCmd success: roots=7
[16:42:02.667] [INFO] treeLoadedMsg applied: roots=7 rows=13 loadErr=<nil>
[16:42:12.580] [DEBUG] loadTreeCmd start: cwd=/Users/iv/Developer/relux-proxy remote="" board="" user=""
[16:42:12.663] [INFO] loadTreeCmd success: roots=7
[16:42:12.664] [INFO] treeLoadedMsg applied: roots=7 rows=13 loadErr=<nil>
[16:42:22.580] [DEBUG] loadTreeCmd start: cwd=/Users/iv/Developer/relux-proxy remote="" board="" user=""
[16:42:22.671] [INFO] loadTreeCmd success: roots=7
[16:42:22.671] [INFO] treeLoadedMsg applied: roots=7 rows=13 loadErr=<nil>
[16:42:32.581] [DEBUG] loadTreeCmd start: cwd=/Users/iv/Developer/relux-proxy remote="" board="" user=""
[16:42:32.669] [INFO] loadTreeCmd success: roots=7
[16:42:32.670] [INFO] treeLoadedMsg applied: roots=7 rows=13 loadErr=<nil>
[16:42:42.581] [DEBUG] loadTreeCmd start: cwd=/Users/iv/Developer/relux-proxy remote="" board="" user=""
[16:42:42.671] [INFO] loadTreeCmd success: roots=7
[16:42:42.672] [INFO] treeLoadedMsg applied: roots=7 rows=13 loadErr=<nil>
[16:42:52.582] [DEBUG] loadTreeCmd start: cwd=/Users/iv/Developer/relux-proxy remote="" board="" user=""
[16:42:52.668] [INFO] loadTreeCmd success: roots=7
[16:42:52.669] [INFO] treeLoadedMsg applied: roots=7 rows=13 loadErr=<nil>
[16:43:02.583] [DEBUG] loadTreeCmd start: cwd=/Users/iv/Developer/relux-proxy remote="" board="" user=""
[16:43:02.670] [INFO] loadTreeCmd success: roots=7
[16:43:02.671] [INFO] treeLoadedMsg applied: roots=7 rows=13 loadErr=<nil>
[16:43:12.583] [DEBUG] loadTreeCmd start: cwd=/Users/iv/Developer/relux-proxy remote="" board="" user=""
[16:43:12.664] [INFO] loadTreeCmd success: roots=7
[16:43:12.664] [INFO] treeLoadedMsg applied: roots=7 rows=13 loadErr=<nil>
[16:43:22.584] [DEBUG] loadTreeCmd start: cwd=/Users/iv/Developer/relux-proxy remote="" board="" user=""
[16:43:22.664] [INFO] loadTreeCmd success: roots=7
[16:43:22.664] [INFO] treeLoadedMsg applied: roots=7 rows=13 loadErr=<nil>
[16:43:32.584] [DEBUG] loadTreeCmd start: cwd=/Users/iv/Developer/relux-proxy remote="" board="" user=""
[16:43:32.675] [INFO] loadTreeCmd success: roots=7
[16:43:32.675] [INFO] treeLoadedMsg applied: roots=7 rows=13 loadErr=<nil>
[16:43:42.585] [DEBUG] loadTreeCmd start: cwd=/Users/iv/Developer/relux-proxy remote="" board="" user=""
[16:43:42.673] [INFO] loadTreeCmd success: roots=7
[16:43:42.673] [INFO] treeLoadedMsg applied: roots=7 rows=13 loadErr=<nil>
[16:43:52.586] [DEBUG] loadTreeCmd start: cwd=/Users/iv/Developer/relux-proxy remote="" board="" user=""
[16:43:52.673] [INFO] loadTreeCmd success: roots=7
[16:43:52.673] [INFO] treeLoadedMsg applied: roots=7 rows=13 loadErr=<nil>
[16:44:02.587] [DEBUG] loadTreeCmd start: cwd=/Users/iv/Developer/relux-proxy remote="" board="" user=""
[16:44:02.672] [INFO] loadTreeCmd success: roots=7
[16:44:02.672] [INFO] treeLoadedMsg applied: roots=7 rows=13 loadErr=<nil>
[16:44:12.589] [DEBUG] loadTreeCmd start: cwd=/Users/iv/Developer/relux-proxy remote="" board="" user=""
[16:44:12.724] [INFO] loadTreeCmd success: roots=7
[16:44:12.724] [INFO] treeLoadedMsg applied: roots=7 rows=13 loadErr=<nil>
[16:44:22.591] [DEBUG] loadTreeCmd start: cwd=/Users/iv/Developer/relux-proxy remote="" board="" user=""
[16:44:22.675] [INFO] loadTreeCmd success: roots=7
[16:44:22.675] [INFO] treeLoadedMsg applied: roots=7 rows=13 loadErr=<nil>
[16:44:32.593] [DEBUG] loadTreeCmd start: cwd=/Users/iv/Developer/relux-proxy remote="" board="" user=""
[16:44:32.680] [INFO] loadTreeCmd success: roots=7
[16:44:32.680] [INFO] treeLoadedMsg applied: roots=7 rows=13 loadErr=<nil>
[16:44:42.595] [DEBUG] loadTreeCmd start: cwd=/Users/iv/Developer/relux-proxy remote="" board="" user=""
[16:44:42.685] [INFO] loadTreeCmd success: roots=7
[16:44:42.685] [INFO] treeLoadedMsg applied: roots=7 rows=13 loadErr=<nil>
[16:44:52.597] [DEBUG] loadTreeCmd start: cwd=/Users/iv/Developer/relux-proxy remote="" board="" user=""
[16:44:52.680] [INFO] loadTreeCmd success: roots=7
[16:44:52.680] [INFO] treeLoadedMsg applied: roots=7 rows=13 loadErr=<nil>
[16:45:02.598] [DEBUG] loadTreeCmd start: cwd=/Users/iv/Developer/relux-proxy remote="" board="" user=""
[16:45:02.682] [INFO] loadTreeCmd success: roots=7
[16:45:02.682] [INFO] treeLoadedMsg applied: roots=7 rows=13 loadErr=<nil>
[16:45:12.598] [DEBUG] loadTreeCmd start: cwd=/Users/iv/Developer/relux-proxy remote="" board="" user=""
[16:45:12.688] [INFO] loadTreeCmd success: roots=7
[16:45:12.688] [INFO] treeLoadedMsg applied: roots=7 rows=13 loadErr=<nil>
[16:45:22.598] [DEBUG] loadTreeCmd start: cwd=/Users/iv/Developer/relux-proxy remote="" board="" user=""
[16:45:22.684] [INFO] loadTreeCmd success: roots=7
[16:45:22.684] [INFO] treeLoadedMsg applied: roots=7 rows=13 loadErr=<nil>
[16:45:32.599] [DEBUG] loadTreeCmd start: cwd=/Users/iv/Developer/relux-proxy remote="" board="" user=""
[16:45:32.684] [INFO] loadTreeCmd success: roots=7
[16:45:32.684] [INFO] treeLoadedMsg applied: roots=7 rows=13 loadErr=<nil>
[16:45:42.599] [DEBUG] loadTreeCmd start: cwd=/Users/iv/Developer/relux-proxy remote="" board="" user=""
[16:45:42.684] [INFO] loadTreeCmd success: roots=7
[16:45:42.684] [INFO] treeLoadedMsg applied: roots=7 rows=13 loadErr=<nil>
[16:45:52.599] [DEBUG] loadTreeCmd start: cwd=/Users/iv/Developer/relux-proxy remote="" board="" user=""
[16:45:52.680] [INFO] loadTreeCmd success: roots=7
[16:45:52.681] [INFO] treeLoadedMsg applied: roots=7 rows=13 loadErr=<nil>
[16:46:02.599] [DEBUG] loadTreeCmd start: cwd=/Users/iv/Developer/relux-proxy remote="" board="" user=""
[16:46:02.689] [INFO] loadTreeCmd success: roots=7
[16:46:02.689] [INFO] treeLoadedMsg applied: roots=7 rows=13 loadErr=<nil>
[16:46:12.599] [DEBUG] loadTreeCmd start: cwd=/Users/iv/Developer/relux-proxy remote="" board="" user=""
[16:46:12.683] [INFO] loadTreeCmd success: roots=7
[16:46:12.683] [INFO] treeLoadedMsg applied: roots=7 rows=13 loadErr=<nil>
[16:46:22.600] [DEBUG] loadTreeCmd start: cwd=/Users/iv/Developer/relux-proxy remote="" board="" user=""
[16:46:22.687] [INFO] loadTreeCmd success: roots=7
[16:46:22.687] [INFO] treeLoadedMsg applied: roots=7 rows=13 loadErr=<nil>
[16:46:32.601] [DEBUG] loadTreeCmd start: cwd=/Users/iv/Developer/relux-proxy remote="" board="" user=""
[16:46:32.688] [INFO] loadTreeCmd success: roots=7
[16:46:32.688] [INFO] treeLoadedMsg applied: roots=7 rows=13 loadErr=<nil>
[16:46:42.602] [DEBUG] loadTreeCmd start: cwd=/Users/iv/Developer/relux-proxy remote="" board="" user=""
[16:46:42.689] [INFO] loadTreeCmd success: roots=7
[16:46:42.689] [INFO] treeLoadedMsg applied: roots=7 rows=13 loadErr=<nil>
[16:46:52.603] [DEBUG] loadTreeCmd start: cwd=/Users/iv/Developer/relux-proxy remote="" board="" user=""
[16:46:52.691] [INFO] loadTreeCmd success: roots=7
[16:46:52.691] [INFO] treeLoadedMsg applied: roots=7 rows=13 loadErr=<nil>
[16:47:02.604] [DEBUG] loadTreeCmd start: cwd=/Users/iv/Developer/relux-proxy remote="" board="" user=""
[16:47:02.696] [INFO] loadTreeCmd success: roots=7
[16:47:02.696] [INFO] treeLoadedMsg applied: roots=7 rows=13 loadErr=<nil>
[16:47:12.606] [DEBUG] loadTreeCmd start: cwd=/Users/iv/Developer/relux-proxy remote="" board="" user=""
[16:47:12.697] [INFO] loadTreeCmd success: roots=7
[16:47:12.698] [INFO] treeLoadedMsg applied: roots=7 rows=13 loadErr=<nil>
[16:47:22.608] [DEBUG] loadTreeCmd start: cwd=/Users/iv/Developer/relux-proxy remote="" board="" user=""
[16:47:22.694] [INFO] loadTreeCmd success: roots=7
[16:47:22.694] [INFO] treeLoadedMsg applied: roots=7 rows=13 loadErr=<nil>
[16:47:32.610] [DEBUG] loadTreeCmd start: cwd=/Users/iv/Developer/relux-proxy remote="" board="" user=""
[16:47:32.695] [INFO] loadTreeCmd success: roots=7
[16:47:32.695] [INFO] treeLoadedMsg applied: roots=7 rows=13 loadErr=<nil>
[16:47:42.612] [DEBUG] loadTreeCmd start: cwd=/Users/iv/Developer/relux-proxy remote="" board="" user=""
[16:47:42.699] [INFO] loadTreeCmd success: roots=7
[16:47:42.700] [INFO] treeLoadedMsg applied: roots=7 rows=13 loadErr=<nil>
[16:47:52.613] [DEBUG] loadTreeCmd start: cwd=/Users/iv/Developer/relux-proxy remote="" board="" user=""
[16:47:52.695] [INFO] loadTreeCmd success: roots=7
[16:47:52.695] [INFO] treeLoadedMsg applied: roots=7 rows=13 loadErr=<nil>
[16:48:02.614] [DEBUG] loadTreeCmd start: cwd=/Users/iv/Developer/relux-proxy remote="" board="" user=""
[16:48:02.707] [INFO] loadTreeCmd success: roots=7
[16:48:02.707] [INFO] treeLoadedMsg applied: roots=7 rows=13 loadErr=<nil>
[16:48:12.616] [DEBUG] loadTreeCmd start: cwd=/Users/iv/Developer/relux-proxy remote="" board="" user=""
[16:48:12.701] [INFO] loadTreeCmd success: roots=7
[16:48:12.701] [INFO] treeLoadedMsg applied: roots=7 rows=13 loadErr=<nil>
[16:48:22.616] [DEBUG] loadTreeCmd start: cwd=/Users/iv/Developer/relux-proxy remote="" board="" user=""
[16:48:22.706] [INFO] loadTreeCmd success: roots=7
[16:48:22.706] [INFO] treeLoadedMsg applied: roots=7 rows=13 loadErr=<nil>
[16:48:32.616] [DEBUG] loadTreeCmd start: cwd=/Users/iv/Developer/relux-proxy remote="" board="" user=""
[16:48:32.701] [INFO] loadTreeCmd success: roots=7
[16:48:32.701] [INFO] treeLoadedMsg applied: roots=7 rows=13 loadErr=<nil>
[16:48:42.617] [DEBUG] loadTreeCmd start: cwd=/Users/iv/Developer/relux-proxy remote="" board="" user=""
[16:48:42.702] [INFO] loadTreeCmd success: roots=7
[16:48:42.702] [INFO] treeLoadedMsg applied: roots=7 rows=13 loadErr=<nil>
[16:48:52.617] [DEBUG] loadTreeCmd start: cwd=/Users/iv/Developer/relux-proxy remote="" board="" user=""
[16:48:52.706] [INFO] loadTreeCmd success: roots=7
[16:48:52.706] [INFO] treeLoadedMsg applied: roots=7 rows=13 loadErr=<nil>
[16:49:02.617] [DEBUG] loadTreeCmd start: cwd=/Users/iv/Developer/relux-proxy remote="" board="" user=""
[16:49:02.699] [INFO] loadTreeCmd success: roots=7
[16:49:02.699] [INFO] treeLoadedMsg applied: roots=7 rows=13 loadErr=<nil>
[16:49:12.617] [DEBUG] loadTreeCmd start: cwd=/Users/iv/Developer/relux-proxy remote="" board="" user=""
[16:49:12.789] [INFO] loadTreeCmd success: roots=7
[16:49:12.790] [INFO] treeLoadedMsg applied: roots=7 rows=13 loadErr=<nil>
[16:49:22.617] [DEBUG] loadTreeCmd start: cwd=/Users/iv/Developer/relux-proxy remote="" board="" user=""
[16:49:22.709] [INFO] loadTreeCmd success: roots=7
[16:49:22.709] [INFO] treeLoadedMsg applied: roots=7 rows=13 loadErr=<nil>
[16:49:32.618] [DEBUG] loadTreeCmd start: cwd=/Users/iv/Developer/relux-proxy remote="" board="" user=""
[16:49:32.707] [INFO] loadTreeCmd success: roots=7
[16:49:32.707] [INFO] treeLoadedMsg applied: roots=7 rows=13 loadErr=<nil>
[16:49:42.618] [DEBUG] loadTreeCmd start: cwd=/Users/iv/Developer/relux-proxy remote="" board="" user=""
[16:49:42.706] [INFO] loadTreeCmd success: roots=7
[16:49:42.706] [INFO] treeLoadedMsg applied: roots=7 rows=13 loadErr=<nil>
[16:49:52.619] [DEBUG] loadTreeCmd start: cwd=/Users/iv/Developer/relux-proxy remote="" board="" user=""
[16:49:52.704] [INFO] loadTreeCmd success: roots=7
[16:49:52.704] [INFO] treeLoadedMsg applied: roots=7 rows=13 loadErr=<nil>
[16:50:02.619] [DEBUG] loadTreeCmd start: cwd=/Users/iv/Developer/relux-proxy remote="" board="" user=""
[16:50:02.709] [INFO] loadTreeCmd success: roots=7
[16:50:02.709] [INFO] treeLoadedMsg applied: roots=7 rows=13 loadErr=<nil>
[16:50:12.620] [DEBUG] loadTreeCmd start: cwd=/Users/iv/Developer/relux-proxy remote="" board="" user=""
[16:50:12.704] [INFO] loadTreeCmd success: roots=7
[16:50:12.704] [INFO] treeLoadedMsg applied: roots=7 rows=13 loadErr=<nil>
[16:50:22.622] [DEBUG] loadTreeCmd start: cwd=/Users/iv/Developer/relux-proxy remote="" board="" user=""
[16:50:22.715] [INFO] loadTreeCmd success: roots=7
[16:50:22.715] [INFO] treeLoadedMsg applied: roots=7 rows=13 loadErr=<nil>
[16:50:32.624] [DEBUG] loadTreeCmd start: cwd=/Users/iv/Developer/relux-proxy remote="" board="" user=""
[16:50:32.710] [INFO] loadTreeCmd success: roots=7
[16:50:32.710] [INFO] treeLoadedMsg applied: roots=7 rows=13 loadErr=<nil>
[16:50:42.624] [DEBUG] loadTreeCmd start: cwd=/Users/iv/Developer/relux-proxy remote="" board="" user=""
[16:50:42.719] [INFO] loadTreeCmd success: roots=7
[16:50:42.719] [INFO] treeLoadedMsg applied: roots=7 rows=13 loadErr=<nil>
[16:50:52.627] [DEBUG] loadTreeCmd start: cwd=/Users/iv/Developer/relux-proxy remote="" board="" user=""
[16:50:52.713] [INFO] loadTreeCmd success: roots=7
[16:50:52.714] [INFO] treeLoadedMsg applied: roots=7 rows=13 loadErr=<nil>
[16:51:02.628] [DEBUG] loadTreeCmd start: cwd=/Users/iv/Developer/relux-proxy remote="" board="" user=""
[16:51:02.716] [INFO] loadTreeCmd success: roots=7
[16:51:02.716] [INFO] treeLoadedMsg applied: roots=7 rows=13 loadErr=<nil>
[16:51:12.630] [DEBUG] loadTreeCmd start: cwd=/Users/iv/Developer/relux-proxy remote="" board="" user=""
[16:51:12.716] [INFO] loadTreeCmd success: roots=7
[16:51:12.716] [INFO] treeLoadedMsg applied: roots=7 rows=13 loadErr=<nil>
[16:51:22.631] [DEBUG] loadTreeCmd start: cwd=/Users/iv/Developer/relux-proxy remote="" board="" user=""
[16:51:22.715] [INFO] loadTreeCmd success: roots=7
[16:51:22.715] [INFO] treeLoadedMsg applied: roots=7 rows=13 loadErr=<nil>
[16:51:32.632] [DEBUG] loadTreeCmd start: cwd=/Users/iv/Developer/relux-proxy remote="" board="" user=""
[16:51:32.721] [INFO] loadTreeCmd success: roots=7
[16:51:32.721] [INFO] treeLoadedMsg applied: roots=7 rows=13 loadErr=<nil>
[16:51:42.635] [DEBUG] loadTreeCmd start: cwd=/Users/iv/Developer/relux-proxy remote="" board="" user=""
[16:51:42.716] [INFO] loadTreeCmd success: roots=7
[16:51:42.716] [INFO] treeLoadedMsg applied: roots=7 rows=13 loadErr=<nil>
[16:51:52.635] [DEBUG] loadTreeCmd start: cwd=/Users/iv/Developer/relux-proxy remote="" board="" user=""
[16:51:52.721] [INFO] loadTreeCmd success: roots=7
[16:51:52.722] [INFO] treeLoadedMsg applied: roots=7 rows=13 loadErr=<nil>
[16:52:02.635] [DEBUG] loadTreeCmd start: cwd=/Users/iv/Developer/relux-proxy remote="" board="" user=""
[16:52:02.722] [INFO] loadTreeCmd success: roots=7
[16:52:02.722] [INFO] treeLoadedMsg applied: roots=7 rows=13 loadErr=<nil>
[16:52:12.635] [DEBUG] loadTreeCmd start: cwd=/Users/iv/Developer/relux-proxy remote="" board="" user=""
[16:52:12.720] [INFO] loadTreeCmd success: roots=7
[16:52:12.720] [INFO] treeLoadedMsg applied: roots=7 rows=13 loadErr=<nil>
[16:52:22.635] [DEBUG] loadTreeCmd start: cwd=/Users/iv/Developer/relux-proxy remote="" board="" user=""
[16:52:22.721] [INFO] loadTreeCmd success: roots=7
[16:52:22.722] [INFO] treeLoadedMsg applied: roots=7 rows=13 loadErr=<nil>
[16:52:32.636] [DEBUG] loadTreeCmd start: cwd=/Users/iv/Developer/relux-proxy remote="" board="" user=""
[16:52:32.721] [INFO] loadTreeCmd success: roots=7
[16:52:32.721] [INFO] treeLoadedMsg applied: roots=7 rows=13 loadErr=<nil>
[16:52:42.636] [DEBUG] loadTreeCmd start: cwd=/Users/iv/Developer/relux-proxy remote="" board="" user=""
[16:52:42.722] [INFO] loadTreeCmd success: roots=7
[16:52:42.722] [INFO] treeLoadedMsg applied: roots=7 rows=13 loadErr=<nil>
[16:52:52.636] [DEBUG] loadTreeCmd start: cwd=/Users/iv/Developer/relux-proxy remote="" board="" user=""
[16:52:52.732] [INFO] loadTreeCmd success: roots=7
[16:52:52.732] [INFO] treeLoadedMsg applied: roots=7 rows=13 loadErr=<nil>
[16:53:02.637] [DEBUG] loadTreeCmd start: cwd=/Users/iv/Developer/relux-proxy remote="" board="" user=""
[16:53:02.726] [INFO] loadTreeCmd success: roots=7
[16:53:02.726] [INFO] treeLoadedMsg applied: roots=7 rows=13 loadErr=<nil>
[16:53:12.638] [DEBUG] loadTreeCmd start: cwd=/Users/iv/Developer/relux-proxy remote="" board="" user=""
[16:53:12.721] [INFO] loadTreeCmd success: roots=7
[16:53:12.721] [INFO] treeLoadedMsg applied: roots=7 rows=13 loadErr=<nil>
[16:53:22.638] [DEBUG] loadTreeCmd start: cwd=/Users/iv/Developer/relux-proxy remote="" board="" user=""
[16:53:22.721] [INFO] loadTreeCmd success: roots=7
[16:53:22.721] [INFO] treeLoadedMsg applied: roots=7 rows=13 loadErr=<nil>
[16:53:32.639] [DEBUG] loadTreeCmd start: cwd=/Users/iv/Developer/relux-proxy remote="" board="" user=""
[16:53:32.730] [INFO] loadTreeCmd success: roots=7
[16:53:32.730] [INFO] treeLoadedMsg applied: roots=7 rows=13 loadErr=<nil>
[16:53:42.640] [DEBUG] loadTreeCmd start: cwd=/Users/iv/Developer/relux-proxy remote="" board="" user=""
[16:53:42.728] [INFO] loadTreeCmd success: roots=7
[16:53:42.728] [INFO] treeLoadedMsg applied: roots=7 rows=13 loadErr=<nil>
[16:53:52.642] [DEBUG] loadTreeCmd start: cwd=/Users/iv/Developer/relux-proxy remote="" board="" user=""
[16:53:52.726] [INFO] loadTreeCmd success: roots=7
[16:53:52.726] [INFO] treeLoadedMsg applied: roots=7 rows=13 loadErr=<nil>
[16:54:02.643] [DEBUG] loadTreeCmd start: cwd=/Users/iv/Developer/relux-proxy remote="" board="" user=""
[16:54:02.733] [INFO] loadTreeCmd success: roots=7
[16:54:02.734] [INFO] treeLoadedMsg applied: roots=7 rows=13 loadErr=<nil>
[16:54:12.645] [DEBUG] loadTreeCmd start: cwd=/Users/iv/Developer/relux-proxy remote="" board="" user=""
[16:54:12.728] [INFO] loadTreeCmd success: roots=7
[16:54:12.728] [INFO] treeLoadedMsg applied: roots=7 rows=13 loadErr=<nil>
[16:54:22.648] [DEBUG] loadTreeCmd start: cwd=/Users/iv/Developer/relux-proxy remote="" board="" user=""
[16:54:22.738] [INFO] loadTreeCmd success: roots=7
[16:54:22.739] [INFO] treeLoadedMsg applied: roots=7 rows=13 loadErr=<nil>
[16:54:32.650] [DEBUG] loadTreeCmd start: cwd=/Users/iv/Developer/relux-proxy remote="" board="" user=""
[16:54:32.732] [INFO] loadTreeCmd success: roots=7
[16:54:32.733] [INFO] treeLoadedMsg applied: roots=7 rows=13 loadErr=<nil>
[16:54:42.651] [DEBUG] loadTreeCmd start: cwd=/Users/iv/Developer/relux-proxy remote="" board="" user=""
[16:54:42.740] [INFO] loadTreeCmd success: roots=7
[16:54:42.741] [INFO] treeLoadedMsg applied: roots=7 rows=13 loadErr=<nil>
[16:54:52.653] [DEBUG] loadTreeCmd start: cwd=/Users/iv/Developer/relux-proxy remote="" board="" user=""
[16:54:52.740] [INFO] loadTreeCmd success: roots=7
[16:54:52.740] [INFO] treeLoadedMsg applied: roots=7 rows=13 loadErr=<nil>
[16:55:02.653] [DEBUG] loadTreeCmd start: cwd=/Users/iv/Developer/relux-proxy remote="" board="" user=""
[16:55:02.742] [INFO] loadTreeCmd success: roots=7
[16:55:02.742] [INFO] treeLoadedMsg applied: roots=7 rows=13 loadErr=<nil>
[16:55:12.653] [DEBUG] loadTreeCmd start: cwd=/Users/iv/Developer/relux-proxy remote="" board="" user=""
[16:55:12.743] [INFO] loadTreeCmd success: roots=7
[16:55:12.744] [INFO] treeLoadedMsg applied: roots=7 rows=13 loadErr=<nil>
[16:55:22.654] [DEBUG] loadTreeCmd start: cwd=/Users/iv/Developer/relux-proxy remote="" board="" user=""
[16:55:22.758] [INFO] loadTreeCmd success: roots=7
[16:55:22.758] [INFO] treeLoadedMsg applied: roots=7 rows=13 loadErr=<nil>
[16:55:32.654] [DEBUG] loadTreeCmd start: cwd=/Users/iv/Developer/relux-proxy remote="" board="" user=""
[16:55:32.745] [INFO] loadTreeCmd success: roots=7
[16:55:32.745] [INFO] treeLoadedMsg applied: roots=7 rows=13 loadErr=<nil>
[16:55:42.664] [DEBUG] loadTreeCmd start: cwd=/Users/iv/Developer/relux-proxy remote="" board="" user=""
[16:55:42.762] [INFO] loadTreeCmd success: roots=7
[16:55:42.762] [INFO] treeLoadedMsg applied: roots=7 rows=13 loadErr=<nil>
[16:55:52.675] [DEBUG] loadTreeCmd start: cwd=/Users/iv/Developer/relux-proxy remote="" board="" user=""
[16:55:52.761] [INFO] loadTreeCmd success: roots=7
[16:55:52.761] [INFO] treeLoadedMsg applied: roots=7 rows=13 loadErr=<nil>
[16:56:02.681] [DEBUG] loadTreeCmd start: cwd=/Users/iv/Developer/relux-proxy remote="" board="" user=""
[16:56:02.775] [INFO] loadTreeCmd success: roots=7
[16:56:02.776] [INFO] treeLoadedMsg applied: roots=7 rows=13 loadErr=<nil>
[16:56:12.684] [DEBUG] loadTreeCmd start: cwd=/Users/iv/Developer/relux-proxy remote="" board="" user=""
[16:56:12.777] [INFO] loadTreeCmd success: roots=7
[16:56:12.777] [INFO] treeLoadedMsg applied: roots=7 rows=13 loadErr=<nil>
[16:56:22.687] [DEBUG] loadTreeCmd start: cwd=/Users/iv/Developer/relux-proxy remote="" board="" user=""
[16:56:22.779] [INFO] loadTreeCmd success: roots=7
[16:56:22.779] [INFO] treeLoadedMsg applied: roots=7 rows=13 loadErr=<nil>
[16:56:32.688] [DEBUG] loadTreeCmd start: cwd=/Users/iv/Developer/relux-proxy remote="" board="" user=""
[16:56:32.802] [INFO] loadTreeCmd success: roots=7
[16:56:32.802] [INFO] treeLoadedMsg applied: roots=7 rows=13 loadErr=<nil>
[16:56:42.690] [DEBUG] loadTreeCmd start: cwd=/Users/iv/Developer/relux-proxy remote="" board="" user=""
[16:56:42.782] [INFO] loadTreeCmd success: roots=7
[16:56:42.782] [INFO] treeLoadedMsg applied: roots=7 rows=13 loadErr=<nil>
[16:56:52.691] [DEBUG] loadTreeCmd start: cwd=/Users/iv/Developer/relux-proxy remote="" board="" user=""
[16:56:52.983] [INFO] loadTreeCmd success: roots=7
[16:56:52.983] [INFO] treeLoadedMsg applied: roots=7 rows=13 loadErr=<nil>
[16:57:02.692] [DEBUG] loadTreeCmd start: cwd=/Users/iv/Developer/relux-proxy remote="" board="" user=""
[16:57:02.988] [INFO] loadTreeCmd success: roots=7
[16:57:02.988] [INFO] treeLoadedMsg applied: roots=7 rows=13 loadErr=<nil>
[16:57:12.694] [DEBUG] loadTreeCmd start: cwd=/Users/iv/Developer/relux-proxy remote="" board="" user=""
[16:57:13.015] [INFO] loadTreeCmd success: roots=7
[16:57:13.015] [INFO] treeLoadedMsg applied: roots=7 rows=13 loadErr=<nil>
[16:57:22.696] [DEBUG] loadTreeCmd start: cwd=/Users/iv/Developer/relux-proxy remote="" board="" user=""
[16:57:22.991] [INFO] loadTreeCmd success: roots=7
[16:57:22.992] [INFO] treeLoadedMsg applied: roots=7 rows=13 loadErr=<nil>
[16:57:32.699] [DEBUG] loadTreeCmd start: cwd=/Users/iv/Developer/relux-proxy remote="" board="" user=""
[16:57:32.989] [INFO] loadTreeCmd success: roots=7
[16:57:32.989] [INFO] treeLoadedMsg applied: roots=7 rows=13 loadErr=<nil>
[16:57:42.701] [DEBUG] loadTreeCmd start: cwd=/Users/iv/Developer/relux-proxy remote="" board="" user=""
[16:57:42.993] [INFO] loadTreeCmd success: roots=7
[16:57:42.994] [INFO] treeLoadedMsg applied: roots=7 rows=13 loadErr=<nil>
[16:57:52.701] [DEBUG] loadTreeCmd start: cwd=/Users/iv/Developer/relux-proxy remote="" board="" user=""
[16:57:52.991] [INFO] loadTreeCmd success: roots=7
[16:57:52.991] [INFO] treeLoadedMsg applied: roots=7 rows=13 loadErr=<nil>
[16:58:02.702] [DEBUG] loadTreeCmd start: cwd=/Users/iv/Developer/relux-proxy remote="" board="" user=""
[16:58:02.994] [INFO] loadTreeCmd success: roots=7
[16:58:02.994] [INFO] treeLoadedMsg applied: roots=7 rows=13 loadErr=<nil>
[16:58:12.703] [DEBUG] loadTreeCmd start: cwd=/Users/iv/Developer/relux-proxy remote="" board="" user=""
[16:58:12.998] [INFO] loadTreeCmd success: roots=7
[16:58:12.998] [INFO] treeLoadedMsg applied: roots=7 rows=13 loadErr=<nil>
[16:58:22.704] [DEBUG] loadTreeCmd start: cwd=/Users/iv/Developer/relux-proxy remote="" board="" user=""
[16:58:22.998] [INFO] loadTreeCmd success: roots=7
[16:58:22.998] [INFO] treeLoadedMsg applied: roots=7 rows=13 loadErr=<nil>
[16:58:32.705] [DEBUG] loadTreeCmd start: cwd=/Users/iv/Developer/relux-proxy remote="" board="" user=""
[16:58:32.992] [INFO] loadTreeCmd success: roots=7
[16:58:32.992] [INFO] treeLoadedMsg applied: roots=7 rows=13 loadErr=<nil>
[16:58:42.705] [DEBUG] loadTreeCmd start: cwd=/Users/iv/Developer/relux-proxy remote="" board="" user=""
[16:58:42.994] [INFO] loadTreeCmd success: roots=7
[16:58:42.995] [INFO] treeLoadedMsg applied: roots=7 rows=13 loadErr=<nil>
[16:58:52.708] [DEBUG] loadTreeCmd start: cwd=/Users/iv/Developer/relux-proxy remote="" board="" user=""
[16:58:53.032] [INFO] loadTreeCmd success: roots=7
[16:58:53.032] [INFO] treeLoadedMsg applied: roots=7 rows=13 loadErr=<nil>
[16:59:02.709] [DEBUG] loadTreeCmd start: cwd=/Users/iv/Developer/relux-proxy remote="" board="" user=""
[16:59:02.999] [INFO] loadTreeCmd success: roots=7
[16:59:03.000] [INFO] treeLoadedMsg applied: roots=7 rows=13 loadErr=<nil>
[16:59:12.710] [DEBUG] loadTreeCmd start: cwd=/Users/iv/Developer/relux-proxy remote="" board="" user=""
[16:59:13.001] [INFO] loadTreeCmd success: roots=7
[16:59:13.001] [INFO] treeLoadedMsg applied: roots=7 rows=13 loadErr=<nil>
[16:59:22.712] [DEBUG] loadTreeCmd start: cwd=/Users/iv/Developer/relux-proxy remote="" board="" user=""
[16:59:23.005] [INFO] loadTreeCmd success: roots=7
[16:59:23.005] [INFO] treeLoadedMsg applied: roots=7 rows=13 loadErr=<nil>
[16:59:32.714] [DEBUG] loadTreeCmd start: cwd=/Users/iv/Developer/relux-proxy remote="" board="" user=""
[16:59:33.016] [INFO] loadTreeCmd success: roots=7
[16:59:33.016] [INFO] treeLoadedMsg applied: roots=7 rows=13 loadErr=<nil>
[16:59:42.716] [DEBUG] loadTreeCmd start: cwd=/Users/iv/Developer/relux-proxy remote="" board="" user=""
[16:59:43.015] [INFO] loadTreeCmd success: roots=7
[16:59:43.015] [INFO] treeLoadedMsg applied: roots=7 rows=13 loadErr=<nil>
[16:59:52.718] [DEBUG] loadTreeCmd start: cwd=/Users/iv/Developer/relux-proxy remote="" board="" user=""
[16:59:53.013] [INFO] loadTreeCmd success: roots=7
[16:59:53.014] [INFO] treeLoadedMsg applied: roots=7 rows=13 loadErr=<nil>
[17:00:02.719] [DEBUG] loadTreeCmd start: cwd=/Users/iv/Developer/relux-proxy remote="" board="" user=""
[17:00:03.021] [INFO] loadTreeCmd success: roots=7
[17:00:03.021] [INFO] treeLoadedMsg applied: roots=7 rows=13 loadErr=<nil>
[17:00:12.721] [DEBUG] loadTreeCmd start: cwd=/Users/iv/Developer/relux-proxy remote="" board="" user=""
[17:00:13.018] [INFO] loadTreeCmd success: roots=7
[17:00:13.018] [INFO] treeLoadedMsg applied: roots=7 rows=13 loadErr=<nil>
[17:00:22.722] [DEBUG] loadTreeCmd start: cwd=/Users/iv/Developer/relux-proxy remote="" board="" user=""
[17:00:23.018] [INFO] loadTreeCmd success: roots=7
[17:00:23.019] [INFO] treeLoadedMsg applied: roots=7 rows=13 loadErr=<nil>
[17:00:32.722] [DEBUG] loadTreeCmd start: cwd=/Users/iv/Developer/relux-proxy remote="" board="" user=""
[17:00:33.013] [INFO] loadTreeCmd success: roots=7
[17:00:33.014] [INFO] treeLoadedMsg applied: roots=7 rows=13 loadErr=<nil>
[17:00:42.723] [DEBUG] loadTreeCmd start: cwd=/Users/iv/Developer/relux-proxy remote="" board="" user=""
[17:00:43.012] [INFO] loadTreeCmd success: roots=7
[17:00:43.012] [INFO] treeLoadedMsg applied: roots=7 rows=13 loadErr=<nil>
[17:00:52.723] [DEBUG] loadTreeCmd start: cwd=/Users/iv/Developer/relux-proxy remote="" board="" user=""
[17:00:53.010] [INFO] loadTreeCmd success: roots=7
[17:00:53.010] [INFO] treeLoadedMsg applied: roots=7 rows=13 loadErr=<nil>
[17:01:02.723] [DEBUG] loadTreeCmd start: cwd=/Users/iv/Developer/relux-proxy remote="" board="" user=""
[17:01:03.015] [INFO] loadTreeCmd success: roots=7
[17:01:03.015] [INFO] treeLoadedMsg applied: roots=7 rows=13 loadErr=<nil>
[17:01:12.724] [DEBUG] loadTreeCmd start: cwd=/Users/iv/Developer/relux-proxy remote="" board="" user=""
[17:01:13.017] [INFO] loadTreeCmd success: roots=7
[17:01:13.018] [INFO] treeLoadedMsg applied: roots=7 rows=13 loadErr=<nil>
[17:01:22.725] [DEBUG] loadTreeCmd start: cwd=/Users/iv/Developer/relux-proxy remote="" board="" user=""
[17:01:23.011] [INFO] loadTreeCmd success: roots=7
[17:01:23.011] [INFO] treeLoadedMsg applied: roots=7 rows=13 loadErr=<nil>
[17:01:32.725] [DEBUG] loadTreeCmd start: cwd=/Users/iv/Developer/relux-proxy remote="" board="" user=""
[17:01:33.015] [INFO] loadTreeCmd success: roots=7
[17:01:33.016] [INFO] treeLoadedMsg applied: roots=7 rows=13 loadErr=<nil>
[17:01:42.726] [DEBUG] loadTreeCmd start: cwd=/Users/iv/Developer/relux-proxy remote="" board="" user=""
[17:01:43.051] [INFO] loadTreeCmd success: roots=7
[17:01:43.051] [INFO] treeLoadedMsg applied: roots=7 rows=13 loadErr=<nil>
[17:01:52.727] [DEBUG] loadTreeCmd start: cwd=/Users/iv/Developer/relux-proxy remote="" board="" user=""
[17:01:53.020] [INFO] loadTreeCmd success: roots=7
[17:01:53.021] [INFO] treeLoadedMsg applied: roots=7 rows=13 loadErr=<nil>
[17:02:02.728] [DEBUG] loadTreeCmd start: cwd=/Users/iv/Developer/relux-proxy remote="" board="" user=""
[17:02:03.022] [INFO] loadTreeCmd success: roots=7
[17:02:03.022] [INFO] treeLoadedMsg applied: roots=7 rows=13 loadErr=<nil>
[17:02:12.729] [DEBUG] loadTreeCmd start: cwd=/Users/iv/Developer/relux-proxy remote="" board="" user=""
[17:02:13.087] [INFO] loadTreeCmd success: roots=7
[17:02:13.087] [INFO] treeLoadedMsg applied: roots=7 rows=13 loadErr=<nil>
[17:02:22.730] [DEBUG] loadTreeCmd start: cwd=/Users/iv/Developer/relux-proxy remote="" board="" user=""
[17:02:23.026] [INFO] loadTreeCmd success: roots=7
[17:02:23.026] [INFO] treeLoadedMsg applied: roots=7 rows=13 loadErr=<nil>
[17:02:32.731] [DEBUG] loadTreeCmd start: cwd=/Users/iv/Developer/relux-proxy remote="" board="" user=""
[17:02:33.018] [INFO] loadTreeCmd success: roots=7
[17:02:33.018] [INFO] treeLoadedMsg applied: roots=7 rows=13 loadErr=<nil>
[17:02:42.733] [DEBUG] loadTreeCmd start: cwd=/Users/iv/Developer/relux-proxy remote="" board="" user=""
[17:02:43.024] [INFO] loadTreeCmd success: roots=7
[17:02:43.024] [INFO] treeLoadedMsg applied: roots=7 rows=13 loadErr=<nil>
[17:02:52.735] [DEBUG] loadTreeCmd start: cwd=/Users/iv/Developer/relux-proxy remote="" board="" user=""
[17:02:53.031] [INFO] loadTreeCmd success: roots=7
[17:02:53.031] [INFO] treeLoadedMsg applied: roots=7 rows=13 loadErr=<nil>
[17:03:02.737] [DEBUG] loadTreeCmd start: cwd=/Users/iv/Developer/relux-proxy remote="" board="" user=""
[17:03:03.032] [INFO] loadTreeCmd success: roots=7
[17:03:03.032] [INFO] treeLoadedMsg applied: roots=7 rows=13 loadErr=<nil>
[17:03:12.739] [DEBUG] loadTreeCmd start: cwd=/Users/iv/Developer/relux-proxy remote="" board="" user=""
[17:03:13.032] [INFO] loadTreeCmd success: roots=7
[17:03:13.032] [INFO] treeLoadedMsg applied: roots=7 rows=13 loadErr=<nil>
[17:03:22.741] [DEBUG] loadTreeCmd start: cwd=/Users/iv/Developer/relux-proxy remote="" board="" user=""
[17:03:23.030] [INFO] loadTreeCmd success: roots=7
[17:03:23.031] [INFO] treeLoadedMsg applied: roots=7 rows=13 loadErr=<nil>
[17:03:32.741] [DEBUG] loadTreeCmd start: cwd=/Users/iv/Developer/relux-proxy remote="" board="" user=""
[17:03:33.033] [INFO] loadTreeCmd success: roots=7
[17:03:33.033] [INFO] treeLoadedMsg applied: roots=7 rows=13 loadErr=<nil>
[17:03:42.742] [DEBUG] loadTreeCmd start: cwd=/Users/iv/Developer/relux-proxy remote="" board="" user=""
[17:03:43.187] [INFO] loadTreeCmd success: roots=7
[17:03:43.187] [INFO] treeLoadedMsg applied: roots=7 rows=13 loadErr=<nil>
[17:03:52.743] [DEBUG] loadTreeCmd start: cwd=/Users/iv/Developer/relux-proxy remote="" board="" user=""
[17:03:53.034] [INFO] loadTreeCmd success: roots=7
[17:03:53.034] [INFO] treeLoadedMsg applied: roots=7 rows=13 loadErr=<nil>
[17:04:02.743] [DEBUG] loadTreeCmd start: cwd=/Users/iv/Developer/relux-proxy remote="" board="" user=""
[17:04:03.034] [INFO] loadTreeCmd success: roots=7
[17:04:03.034] [INFO] treeLoadedMsg applied: roots=7 rows=13 loadErr=<nil>
[17:04:12.744] [DEBUG] loadTreeCmd start: cwd=/Users/iv/Developer/relux-proxy remote="" board="" user=""
[17:04:13.040] [INFO] loadTreeCmd success: roots=7
[17:04:13.040] [INFO] treeLoadedMsg applied: roots=7 rows=13 loadErr=<nil>
[17:04:22.745] [DEBUG] loadTreeCmd start: cwd=/Users/iv/Developer/relux-proxy remote="" board="" user=""
[17:04:23.034] [INFO] loadTreeCmd success: roots=7
[17:04:23.034] [INFO] treeLoadedMsg applied: roots=7 rows=13 loadErr=<nil>
[17:04:32.746] [DEBUG] loadTreeCmd start: cwd=/Users/iv/Developer/relux-proxy remote="" board="" user=""
[17:04:33.042] [INFO] loadTreeCmd success: roots=7
[17:04:33.042] [INFO] treeLoadedMsg applied: roots=7 rows=13 loadErr=<nil>
[17:04:42.748] [DEBUG] loadTreeCmd start: cwd=/Users/iv/Developer/relux-proxy remote="" board="" user=""
[17:04:43.033] [INFO] loadTreeCmd success: roots=7
[17:04:43.033] [INFO] treeLoadedMsg applied: roots=7 rows=13 loadErr=<nil>
[17:04:52.748] [DEBUG] loadTreeCmd start: cwd=/Users/iv/Developer/relux-proxy remote="" board="" user=""
[17:04:53.037] [INFO] loadTreeCmd success: roots=7
[17:04:53.037] [INFO] treeLoadedMsg applied: roots=7 rows=13 loadErr=<nil>
[17:05:02.750] [DEBUG] loadTreeCmd start: cwd=/Users/iv/Developer/relux-proxy remote="" board="" user=""
[17:05:03.043] [INFO] loadTreeCmd success: roots=7
[17:05:03.043] [INFO] treeLoadedMsg applied: roots=7 rows=13 loadErr=<nil>
[17:05:12.752] [DEBUG] loadTreeCmd start: cwd=/Users/iv/Developer/relux-proxy remote="" board="" user=""
[17:05:13.053] [INFO] loadTreeCmd success: roots=7
[17:05:13.053] [INFO] treeLoadedMsg applied: roots=7 rows=13 loadErr=<nil>
[17:05:22.753] [DEBUG] loadTreeCmd start: cwd=/Users/iv/Developer/relux-proxy remote="" board="" user=""
[17:05:23.046] [INFO] loadTreeCmd success: roots=7
[17:05:23.046] [INFO] treeLoadedMsg applied: roots=7 rows=13 loadErr=<nil>
[17:05:32.755] [DEBUG] loadTreeCmd start: cwd=/Users/iv/Developer/relux-proxy remote="" board="" user=""
[17:05:33.052] [INFO] loadTreeCmd success: roots=7
[17:05:33.052] [INFO] treeLoadedMsg applied: roots=7 rows=13 loadErr=<nil>
[17:05:42.757] [DEBUG] loadTreeCmd start: cwd=/Users/iv/Developer/relux-proxy remote="" board="" user=""
[17:05:43.048] [INFO] loadTreeCmd success: roots=7
[17:05:43.049] [INFO] treeLoadedMsg applied: roots=7 rows=13 loadErr=<nil>
[17:05:52.759] [DEBUG] loadTreeCmd start: cwd=/Users/iv/Developer/relux-proxy remote="" board="" user=""
[17:05:53.054] [INFO] loadTreeCmd success: roots=7
[17:05:53.054] [INFO] treeLoadedMsg applied: roots=7 rows=13 loadErr=<nil>
[17:06:02.760] [DEBUG] loadTreeCmd start: cwd=/Users/iv/Developer/relux-proxy remote="" board="" user=""
[17:06:03.055] [INFO] loadTreeCmd success: roots=7
[17:06:03.055] [INFO] treeLoadedMsg applied: roots=7 rows=13 loadErr=<nil>
[17:06:12.760] [DEBUG] loadTreeCmd start: cwd=/Users/iv/Developer/relux-proxy remote="" board="" user=""
[17:06:13.059] [INFO] loadTreeCmd success: roots=7
[17:06:13.059] [INFO] treeLoadedMsg applied: roots=7 rows=13 loadErr=<nil>
[17:06:22.760] [DEBUG] loadTreeCmd start: cwd=/Users/iv/Developer/relux-proxy remote="" board="" user=""
[17:06:23.052] [INFO] loadTreeCmd success: roots=7
[17:06:23.052] [INFO] treeLoadedMsg applied: roots=7 rows=13 loadErr=<nil>
[17:06:32.761] [DEBUG] loadTreeCmd start: cwd=/Users/iv/Developer/relux-proxy remote="" board="" user=""
[17:06:33.056] [INFO] loadTreeCmd success: roots=7
[17:06:33.056] [INFO] treeLoadedMsg applied: roots=7 rows=13 loadErr=<nil>
[17:06:42.761] [DEBUG] loadTreeCmd start: cwd=/Users/iv/Developer/relux-proxy remote="" board="" user=""
[17:06:43.055] [INFO] loadTreeCmd success: roots=7
[17:06:43.055] [INFO] treeLoadedMsg applied: roots=7 rows=13 loadErr=<nil>
[17:06:52.762] [DEBUG] loadTreeCmd start: cwd=/Users/iv/Developer/relux-proxy remote="" board="" user=""
[17:06:53.056] [INFO] loadTreeCmd success: roots=7
[17:06:53.057] [INFO] treeLoadedMsg applied: roots=7 rows=13 loadErr=<nil>
[17:07:02.763] [DEBUG] loadTreeCmd start: cwd=/Users/iv/Developer/relux-proxy remote="" board="" user=""
[17:07:03.059] [INFO] loadTreeCmd success: roots=7
[17:07:03.059] [INFO] treeLoadedMsg applied: roots=7 rows=13 loadErr=<nil>
[17:07:12.764] [DEBUG] loadTreeCmd start: cwd=/Users/iv/Developer/relux-proxy remote="" board="" user=""
[17:07:13.055] [INFO] loadTreeCmd success: roots=7
[17:07:13.055] [INFO] treeLoadedMsg applied: roots=7 rows=13 loadErr=<nil>
[17:07:22.764] [DEBUG] loadTreeCmd start: cwd=/Users/iv/Developer/relux-proxy remote="" board="" user=""
[17:07:23.054] [INFO] loadTreeCmd success: roots=7
[17:07:23.054] [INFO] treeLoadedMsg applied: roots=7 rows=13 loadErr=<nil>
[17:07:32.766] [DEBUG] loadTreeCmd start: cwd=/Users/iv/Developer/relux-proxy remote="" board="" user=""
[17:07:33.069] [INFO] loadTreeCmd success: roots=7
[17:07:33.069] [INFO] treeLoadedMsg applied: roots=7 rows=13 loadErr=<nil>
[17:07:42.767] [DEBUG] loadTreeCmd start: cwd=/Users/iv/Developer/relux-proxy remote="" board="" user=""
[17:07:43.061] [INFO] loadTreeCmd success: roots=7
[17:07:43.061] [INFO] treeLoadedMsg applied: roots=7 rows=13 loadErr=<nil>
[17:07:52.768] [DEBUG] loadTreeCmd start: cwd=/Users/iv/Developer/relux-proxy remote="" board="" user=""
[17:07:53.057] [INFO] loadTreeCmd success: roots=7
[17:07:53.057] [INFO] treeLoadedMsg applied: roots=7 rows=13 loadErr=<nil>
[17:08:02.770] [DEBUG] loadTreeCmd start: cwd=/Users/iv/Developer/relux-proxy remote="" board="" user=""
[17:08:03.061] [INFO] loadTreeCmd success: roots=7
[17:08:03.061] [INFO] treeLoadedMsg applied: roots=7 rows=13 loadErr=<nil>
[17:08:12.772] [DEBUG] loadTreeCmd start: cwd=/Users/iv/Developer/relux-proxy remote="" board="" user=""
[17:08:13.062] [INFO] loadTreeCmd success: roots=7
[17:08:13.062] [INFO] treeLoadedMsg applied: roots=7 rows=13 loadErr=<nil>
[17:08:22.775] [DEBUG] loadTreeCmd start: cwd=/Users/iv/Developer/relux-proxy remote="" board="" user=""
[17:08:23.071] [INFO] loadTreeCmd success: roots=7
[17:08:23.071] [INFO] treeLoadedMsg applied: roots=7 rows=13 loadErr=<nil>
[17:08:32.775] [DEBUG] loadTreeCmd start: cwd=/Users/iv/Developer/relux-proxy remote="" board="" user=""
[17:08:33.067] [INFO] loadTreeCmd success: roots=7
[17:08:33.067] [INFO] treeLoadedMsg applied: roots=7 rows=13 loadErr=<nil>
[17:08:42.777] [DEBUG] loadTreeCmd start: cwd=/Users/iv/Developer/relux-proxy remote="" board="" user=""
[17:08:43.069] [INFO] loadTreeCmd success: roots=7
[17:08:43.070] [INFO] treeLoadedMsg applied: roots=7 rows=13 loadErr=<nil>
[17:08:52.778] [DEBUG] loadTreeCmd start: cwd=/Users/iv/Developer/relux-proxy remote="" board="" user=""
[17:08:53.067] [INFO] loadTreeCmd success: roots=7
[17:08:53.068] [INFO] treeLoadedMsg applied: roots=7 rows=13 loadErr=<nil>
[17:09:02.779] [DEBUG] loadTreeCmd start: cwd=/Users/iv/Developer/relux-proxy remote="" board="" user=""
[17:09:03.069] [INFO] loadTreeCmd success: roots=7
[17:09:03.069] [INFO] treeLoadedMsg applied: roots=7 rows=13 loadErr=<nil>
[17:09:12.780] [DEBUG] loadTreeCmd start: cwd=/Users/iv/Developer/relux-proxy remote="" board="" user=""
[17:09:13.067] [INFO] loadTreeCmd success: roots=7
[17:09:13.068] [INFO] treeLoadedMsg applied: roots=7 rows=13 loadErr=<nil>
[17:09:22.780] [DEBUG] loadTreeCmd start: cwd=/Users/iv/Developer/relux-proxy remote="" board="" user=""
[17:09:23.070] [INFO] loadTreeCmd success: roots=7
[17:09:23.070] [INFO] treeLoadedMsg applied: roots=7 rows=13 loadErr=<nil>
[17:09:32.781] [DEBUG] loadTreeCmd start: cwd=/Users/iv/Developer/relux-proxy remote="" board="" user=""
[17:09:33.073] [INFO] loadTreeCmd success: roots=7
[17:09:33.073] [INFO] treeLoadedMsg applied: roots=7 rows=13 loadErr=<nil>
[17:09:42.781] [DEBUG] loadTreeCmd start: cwd=/Users/iv/Developer/relux-proxy remote="" board="" user=""
[17:09:43.074] [INFO] loadTreeCmd success: roots=7
[17:09:43.074] [INFO] treeLoadedMsg applied: roots=7 rows=13 loadErr=<nil>
[17:09:52.781] [DEBUG] loadTreeCmd start: cwd=/Users/iv/Developer/relux-proxy remote="" board="" user=""
[17:09:53.073] [INFO] loadTreeCmd success: roots=7
[17:09:53.073] [INFO] treeLoadedMsg applied: roots=7 rows=13 loadErr=<nil>
[17:10:02.782] [DEBUG] loadTreeCmd start: cwd=/Users/iv/Developer/relux-proxy remote="" board="" user=""
[17:10:03.077] [INFO] loadTreeCmd success: roots=7
[17:10:03.077] [INFO] treeLoadedMsg applied: roots=7 rows=13 loadErr=<nil>
[17:10:12.783] [DEBUG] loadTreeCmd start: cwd=/Users/iv/Developer/relux-proxy remote="" board="" user=""
[17:10:13.075] [INFO] loadTreeCmd success: roots=7
[17:10:13.075] [INFO] treeLoadedMsg applied: roots=7 rows=13 loadErr=<nil>
[17:10:22.784] [DEBUG] loadTreeCmd start: cwd=/Users/iv/Developer/relux-proxy remote="" board="" user=""
[17:10:23.096] [INFO] loadTreeCmd success: roots=7
[17:10:23.096] [INFO] treeLoadedMsg applied: roots=7 rows=13 loadErr=<nil>
[17:10:32.785] [DEBUG] loadTreeCmd start: cwd=/Users/iv/Developer/relux-proxy remote="" board="" user=""
[17:10:33.078] [INFO] loadTreeCmd success: roots=7
[17:10:33.078] [INFO] treeLoadedMsg applied: roots=7 rows=13 loadErr=<nil>
[17:10:42.787] [DEBUG] loadTreeCmd start: cwd=/Users/iv/Developer/relux-proxy remote="" board="" user=""
[17:10:43.077] [INFO] loadTreeCmd success: roots=7
[17:10:43.078] [INFO] treeLoadedMsg applied: roots=7 rows=13 loadErr=<nil>
[17:10:52.788] [DEBUG] loadTreeCmd start: cwd=/Users/iv/Developer/relux-proxy remote="" board="" user=""
[17:10:53.085] [INFO] loadTreeCmd success: roots=7
[17:10:53.086] [INFO] treeLoadedMsg applied: roots=7 rows=13 loadErr=<nil>
[17:11:02.791] [DEBUG] loadTreeCmd start: cwd=/Users/iv/Developer/relux-proxy remote="" board="" user=""
[17:11:03.082] [INFO] loadTreeCmd success: roots=7
[17:11:03.082] [INFO] treeLoadedMsg applied: roots=7 rows=13 loadErr=<nil>
[17:11:12.793] [DEBUG] loadTreeCmd start: cwd=/Users/iv/Developer/relux-proxy remote="" board="" user=""
[17:11:13.084] [INFO] loadTreeCmd success: roots=7
[17:11:13.084] [INFO] treeLoadedMsg applied: roots=7 rows=13 loadErr=<nil>
[17:11:22.795] [DEBUG] loadTreeCmd start: cwd=/Users/iv/Developer/relux-proxy remote="" board="" user=""
[17:11:23.083] [INFO] loadTreeCmd success: roots=7
[17:11:23.083] [INFO] treeLoadedMsg applied: roots=7 rows=13 loadErr=<nil>
[17:11:32.797] [DEBUG] loadTreeCmd start: cwd=/Users/iv/Developer/relux-proxy remote="" board="" user=""
[17:11:33.090] [INFO] loadTreeCmd success: roots=7
[17:11:33.090] [INFO] treeLoadedMsg applied: roots=7 rows=13 loadErr=<nil>
[17:11:42.801] [DEBUG] loadTreeCmd start: cwd=/Users/iv/Developer/relux-proxy remote="" board="" user=""
[17:11:43.096] [INFO] loadTreeCmd success: roots=7
[17:11:43.096] [INFO] treeLoadedMsg applied: roots=7 rows=13 loadErr=<nil>
[17:11:52.804] [DEBUG] loadTreeCmd start: cwd=/Users/iv/Developer/relux-proxy remote="" board="" user=""
[17:11:53.095] [INFO] loadTreeCmd success: roots=7
[17:11:53.095] [INFO] treeLoadedMsg applied: roots=7 rows=13 loadErr=<nil>
[17:12:02.806] [DEBUG] loadTreeCmd start: cwd=/Users/iv/Developer/relux-proxy remote="" board="" user=""
[17:12:03.100] [INFO] loadTreeCmd success: roots=7
[17:12:03.100] [INFO] treeLoadedMsg applied: roots=7 rows=13 loadErr=<nil>
[17:12:12.807] [DEBUG] loadTreeCmd start: cwd=/Users/iv/Developer/relux-proxy remote="" board="" user=""
[17:12:13.101] [INFO] loadTreeCmd success: roots=7
[17:12:13.101] [INFO] treeLoadedMsg applied: roots=7 rows=13 loadErr=<nil>
[17:12:22.808] [DEBUG] loadTreeCmd start: cwd=/Users/iv/Developer/relux-proxy remote="" board="" user=""
[17:12:23.101] [INFO] loadTreeCmd success: roots=7
[17:12:23.101] [INFO] treeLoadedMsg applied: roots=7 rows=13 loadErr=<nil>
[17:12:32.809] [DEBUG] loadTreeCmd start: cwd=/Users/iv/Developer/relux-proxy remote="" board="" user=""
[17:12:33.104] [INFO] loadTreeCmd success: roots=7
[17:12:33.105] [INFO] treeLoadedMsg applied: roots=7 rows=13 loadErr=<nil>
[17:12:42.810] [DEBUG] loadTreeCmd start: cwd=/Users/iv/Developer/relux-proxy remote="" board="" user=""
[17:12:43.104] [INFO] loadTreeCmd success: roots=7
[17:12:43.104] [INFO] treeLoadedMsg applied: roots=7 rows=13 loadErr=<nil>
[17:12:52.811] [DEBUG] loadTreeCmd start: cwd=/Users/iv/Developer/relux-proxy remote="" board="" user=""
[17:12:53.103] [INFO] loadTreeCmd success: roots=7
[17:12:53.103] [INFO] treeLoadedMsg applied: roots=7 rows=13 loadErr=<nil>
[17:13:02.812] [DEBUG] loadTreeCmd start: cwd=/Users/iv/Developer/relux-proxy remote="" board="" user=""
[17:13:03.105] [INFO] loadTreeCmd success: roots=7
[17:13:03.105] [INFO] treeLoadedMsg applied: roots=7 rows=13 loadErr=<nil>
[17:13:12.813] [DEBUG] loadTreeCmd start: cwd=/Users/iv/Developer/relux-proxy remote="" board="" user=""
[17:13:13.107] [INFO] loadTreeCmd success: roots=7
[17:13:13.107] [INFO] treeLoadedMsg applied: roots=7 rows=13 loadErr=<nil>
[17:13:22.814] [DEBUG] loadTreeCmd start: cwd=/Users/iv/Developer/relux-proxy remote="" board="" user=""
[17:13:23.105] [INFO] loadTreeCmd success: roots=7
[17:13:23.105] [INFO] treeLoadedMsg applied: roots=7 rows=13 loadErr=<nil>
[17:13:32.815] [DEBUG] loadTreeCmd start: cwd=/Users/iv/Developer/relux-proxy remote="" board="" user=""
[17:13:33.112] [INFO] loadTreeCmd success: roots=7
[17:13:33.113] [INFO] treeLoadedMsg applied: roots=7 rows=13 loadErr=<nil>
[17:13:42.816] [DEBUG] loadTreeCmd start: cwd=/Users/iv/Developer/relux-proxy remote="" board="" user=""
[17:13:43.109] [INFO] loadTreeCmd success: roots=7
[17:13:43.110] [INFO] treeLoadedMsg applied: roots=7 rows=13 loadErr=<nil>
[17:13:52.818] [DEBUG] loadTreeCmd start: cwd=/Users/iv/Developer/relux-proxy remote="" board="" user=""
[17:13:53.110] [INFO] loadTreeCmd success: roots=7
[17:13:53.110] [INFO] treeLoadedMsg applied: roots=7 rows=13 loadErr=<nil>
[17:14:02.820] [DEBUG] loadTreeCmd start: cwd=/Users/iv/Developer/relux-proxy remote="" board="" user=""
[17:14:03.115] [INFO] loadTreeCmd success: roots=7
[17:14:03.115] [INFO] treeLoadedMsg applied: roots=7 rows=13 loadErr=<nil>
[17:14:12.822] [DEBUG] loadTreeCmd start: cwd=/Users/iv/Developer/relux-proxy remote="" board="" user=""
[17:14:13.113] [INFO] loadTreeCmd success: roots=7
[17:14:13.113] [INFO] treeLoadedMsg applied: roots=7 rows=13 loadErr=<nil>
[17:14:22.824] [DEBUG] loadTreeCmd start: cwd=/Users/iv/Developer/relux-proxy remote="" board="" user=""
[17:14:23.122] [INFO] loadTreeCmd success: roots=7
[17:14:23.122] [INFO] treeLoadedMsg applied: roots=7 rows=13 loadErr=<nil>
[17:14:32.825] [DEBUG] loadTreeCmd start: cwd=/Users/iv/Developer/relux-proxy remote="" board="" user=""
[17:14:33.120] [INFO] loadTreeCmd success: roots=7
[17:14:33.120] [INFO] treeLoadedMsg applied: roots=7 rows=13 loadErr=<nil>
[17:14:42.827] [DEBUG] loadTreeCmd start: cwd=/Users/iv/Developer/relux-proxy remote="" board="" user=""
[17:14:43.121] [INFO] loadTreeCmd success: roots=7
[17:14:43.121] [INFO] treeLoadedMsg applied: roots=7 rows=13 loadErr=<nil>
[17:14:52.827] [DEBUG] loadTreeCmd start: cwd=/Users/iv/Developer/relux-proxy remote="" board="" user=""
[17:14:53.124] [INFO] loadTreeCmd success: roots=7
[17:14:53.124] [INFO] treeLoadedMsg applied: roots=7 rows=13 loadErr=<nil>
[17:15:02.828] [DEBUG] loadTreeCmd start: cwd=/Users/iv/Developer/relux-proxy remote="" board="" user=""
[17:15:03.127] [INFO] loadTreeCmd success: roots=7
[17:15:03.127] [INFO] treeLoadedMsg applied: roots=7 rows=13 loadErr=<nil>
[17:15:12.828] [DEBUG] loadTreeCmd start: cwd=/Users/iv/Developer/relux-proxy remote="" board="" user=""
[17:15:13.119] [INFO] loadTreeCmd success: roots=7
[17:15:13.119] [INFO] treeLoadedMsg applied: roots=7 rows=13 loadErr=<nil>
[17:15:22.828] [DEBUG] loadTreeCmd start: cwd=/Users/iv/Developer/relux-proxy remote="" board="" user=""
[17:15:23.118] [INFO] loadTreeCmd success: roots=7
[17:15:23.118] [INFO] treeLoadedMsg applied: roots=7 rows=13 loadErr=<nil>
[17:15:32.829] [DEBUG] loadTreeCmd start: cwd=/Users/iv/Developer/relux-proxy remote="" board="" user=""
[17:15:33.118] [INFO] loadTreeCmd success: roots=7
[17:15:33.118] [INFO] treeLoadedMsg applied: roots=7 rows=13 loadErr=<nil>
[17:15:42.830] [DEBUG] loadTreeCmd start: cwd=/Users/iv/Developer/relux-proxy remote="" board="" user=""
[17:15:43.124] [INFO] loadTreeCmd success: roots=7
[17:15:43.124] [INFO] treeLoadedMsg applied: roots=7 rows=13 loadErr=<nil>
[17:15:52.832] [DEBUG] loadTreeCmd start: cwd=/Users/iv/Developer/relux-proxy remote="" board="" user=""
[17:15:53.146] [INFO] loadTreeCmd success: roots=7
[17:15:53.146] [INFO] treeLoadedMsg applied: roots=7 rows=13 loadErr=<nil>
[17:16:02.836] [DEBUG] loadTreeCmd start: cwd=/Users/iv/Developer/relux-proxy remote="" board="" user=""
[17:16:03.141] [INFO] loadTreeCmd success: roots=7
[17:16:03.142] [INFO] treeLoadedMsg applied: roots=7 rows=13 loadErr=<nil>
[17:16:12.834] [DEBUG] loadTreeCmd start: cwd=/Users/iv/Developer/relux-proxy remote="" board="" user=""
[17:16:13.127] [INFO] loadTreeCmd success: roots=7
[17:16:13.127] [INFO] treeLoadedMsg applied: roots=7 rows=13 loadErr=<nil>
[17:16:22.835] [DEBUG] loadTreeCmd start: cwd=/Users/iv/Developer/relux-proxy remote="" board="" user=""
[17:16:23.126] [INFO] loadTreeCmd success: roots=7
[17:16:23.126] [INFO] treeLoadedMsg applied: roots=7 rows=13 loadErr=<nil>
[17:16:32.838] [DEBUG] loadTreeCmd start: cwd=/Users/iv/Developer/relux-proxy remote="" board="" user=""
[17:16:33.135] [INFO] loadTreeCmd success: roots=7
[17:16:33.135] [INFO] treeLoadedMsg applied: roots=7 rows=13 loadErr=<nil>
[17:16:42.840] [DEBUG] loadTreeCmd start: cwd=/Users/iv/Developer/relux-proxy remote="" board="" user=""
[17:16:43.134] [INFO] loadTreeCmd success: roots=7
[17:16:43.134] [INFO] treeLoadedMsg applied: roots=7 rows=13 loadErr=<nil>
[17:16:52.842] [DEBUG] loadTreeCmd start: cwd=/Users/iv/Developer/relux-proxy remote="" board="" user=""
[17:16:53.140] [INFO] loadTreeCmd success: roots=7
[17:16:53.140] [INFO] treeLoadedMsg applied: roots=7 rows=13 loadErr=<nil>
[17:17:02.844] [DEBUG] loadTreeCmd start: cwd=/Users/iv/Developer/relux-proxy remote="" board="" user=""
[17:17:03.139] [INFO] loadTreeCmd success: roots=7
[17:17:03.139] [INFO] treeLoadedMsg applied: roots=7 rows=13 loadErr=<nil>
[17:17:12.846] [DEBUG] loadTreeCmd start: cwd=/Users/iv/Developer/relux-proxy remote="" board="" user=""
[17:17:13.144] [INFO] loadTreeCmd success: roots=7
[17:17:13.144] [INFO] treeLoadedMsg applied: roots=7 rows=13 loadErr=<nil>
[17:17:22.846] [DEBUG] loadTreeCmd start: cwd=/Users/iv/Developer/relux-proxy remote="" board="" user=""
[17:17:23.141] [INFO] loadTreeCmd success: roots=7
[17:17:23.141] [INFO] treeLoadedMsg applied: roots=7 rows=13 loadErr=<nil>
[17:17:32.847] [DEBUG] loadTreeCmd start: cwd=/Users/iv/Developer/relux-proxy remote="" board="" user=""
[17:17:33.138] [INFO] loadTreeCmd success: roots=7
[17:17:33.138] [INFO] treeLoadedMsg applied: roots=7 rows=13 loadErr=<nil>
[17:17:42.847] [DEBUG] loadTreeCmd start: cwd=/Users/iv/Developer/relux-proxy remote="" board="" user=""
[17:17:43.138] [INFO] loadTreeCmd success: roots=7
[17:17:43.138] [INFO] treeLoadedMsg applied: roots=7 rows=13 loadErr=<nil>
[17:17:52.848] [DEBUG] loadTreeCmd start: cwd=/Users/iv/Developer/relux-proxy remote="" board="" user=""
[17:17:53.141] [INFO] loadTreeCmd success: roots=7
[17:17:53.141] [INFO] treeLoadedMsg applied: roots=7 rows=13 loadErr=<nil>
[17:18:02.849] [DEBUG] loadTreeCmd start: cwd=/Users/iv/Developer/relux-proxy remote="" board="" user=""
[17:18:03.141] [INFO] loadTreeCmd success: roots=7
[17:18:03.141] [INFO] treeLoadedMsg applied: roots=7 rows=13 loadErr=<nil>
[17:18:12.849] [DEBUG] loadTreeCmd start: cwd=/Users/iv/Developer/relux-proxy remote="" board="" user=""
[17:18:13.140] [INFO] loadTreeCmd success: roots=7
[17:18:13.140] [INFO] treeLoadedMsg applied: roots=7 rows=13 loadErr=<nil>
[17:18:22.850] [DEBUG] loadTreeCmd start: cwd=/Users/iv/Developer/relux-proxy remote="" board="" user=""
[17:18:23.143] [INFO] loadTreeCmd success: roots=7
[17:18:23.143] [INFO] treeLoadedMsg applied: roots=7 rows=13 loadErr=<nil>
[17:18:32.850] [DEBUG] loadTreeCmd start: cwd=/Users/iv/Developer/relux-proxy remote="" board="" user=""
[17:18:33.140] [INFO] loadTreeCmd success: roots=7
[17:18:33.141] [INFO] treeLoadedMsg applied: roots=7 rows=13 loadErr=<nil>
[17:18:42.852] [DEBUG] loadTreeCmd start: cwd=/Users/iv/Developer/relux-proxy remote="" board="" user=""
[17:18:43.140] [INFO] loadTreeCmd success: roots=7
[17:18:43.141] [INFO] treeLoadedMsg applied: roots=7 rows=13 loadErr=<nil>
[17:18:52.853] [DEBUG] loadTreeCmd start: cwd=/Users/iv/Developer/relux-proxy remote="" board="" user=""
[17:18:53.144] [INFO] loadTreeCmd success: roots=7
[17:18:53.145] [INFO] treeLoadedMsg applied: roots=7 rows=13 loadErr=<nil>
[17:19:02.855] [DEBUG] loadTreeCmd start: cwd=/Users/iv/Developer/relux-proxy remote="" board="" user=""
[17:19:03.148] [INFO] loadTreeCmd success: roots=7
[17:19:03.148] [INFO] treeLoadedMsg applied: roots=7 rows=13 loadErr=<nil>
[17:19:12.855] [DEBUG] loadTreeCmd start: cwd=/Users/iv/Developer/relux-proxy remote="" board="" user=""
[17:19:13.152] [INFO] loadTreeCmd success: roots=7
[17:19:13.153] [INFO] treeLoadedMsg applied: roots=7 rows=13 loadErr=<nil>
[17:19:22.857] [DEBUG] loadTreeCmd start: cwd=/Users/iv/Developer/relux-proxy remote="" board="" user=""
[17:19:23.148] [INFO] loadTreeCmd success: roots=7
[17:19:23.149] [INFO] treeLoadedMsg applied: roots=7 rows=13 loadErr=<nil>
[17:19:32.859] [DEBUG] loadTreeCmd start: cwd=/Users/iv/Developer/relux-proxy remote="" board="" user=""
[17:19:33.155] [INFO] loadTreeCmd success: roots=7
[17:19:33.156] [INFO] treeLoadedMsg applied: roots=7 rows=13 loadErr=<nil>
[17:19:42.860] [DEBUG] loadTreeCmd start: cwd=/Users/iv/Developer/relux-proxy remote="" board="" user=""
[17:19:43.154] [INFO] loadTreeCmd success: roots=7
[17:19:43.154] [INFO] treeLoadedMsg applied: roots=7 rows=13 loadErr=<nil>
[17:19:52.862] [DEBUG] loadTreeCmd start: cwd=/Users/iv/Developer/relux-proxy remote="" board="" user=""
[17:19:53.155] [INFO] loadTreeCmd success: roots=7
[17:19:53.155] [INFO] treeLoadedMsg applied: roots=7 rows=13 loadErr=<nil>
[17:20:02.863] [DEBUG] loadTreeCmd start: cwd=/Users/iv/Developer/relux-proxy remote="" board="" user=""
[17:20:03.156] [INFO] loadTreeCmd success: roots=7
[17:20:03.156] [INFO] treeLoadedMsg applied: roots=7 rows=13 loadErr=<nil>
[17:20:12.865] [DEBUG] loadTreeCmd start: cwd=/Users/iv/Developer/relux-proxy remote="" board="" user=""
[17:20:13.158] [INFO] loadTreeCmd success: roots=7
[17:20:13.158] [INFO] treeLoadedMsg applied: roots=7 rows=13 loadErr=<nil>
[17:20:22.866] [DEBUG] loadTreeCmd start: cwd=/Users/iv/Developer/relux-proxy remote="" board="" user=""
[17:20:23.209] [INFO] loadTreeCmd success: roots=7
[17:20:23.210] [INFO] treeLoadedMsg applied: roots=7 rows=13 loadErr=<nil>
[17:20:32.866] [DEBUG] loadTreeCmd start: cwd=/Users/iv/Developer/relux-proxy remote="" board="" user=""
[17:20:33.161] [INFO] loadTreeCmd success: roots=7
[17:20:33.161] [INFO] treeLoadedMsg applied: roots=7 rows=13 loadErr=<nil>
[17:20:42.866] [DEBUG] loadTreeCmd start: cwd=/Users/iv/Developer/relux-proxy remote="" board="" user=""
[17:20:43.153] [INFO] loadTreeCmd success: roots=7
[17:20:43.153] [INFO] treeLoadedMsg applied: roots=7 rows=13 loadErr=<nil>
[17:20:52.866] [DEBUG] loadTreeCmd start: cwd=/Users/iv/Developer/relux-proxy remote="" board="" user=""
[17:20:52.947] [INFO] loadTreeCmd success: roots=7
[17:20:52.947] [INFO] treeLoadedMsg applied: roots=7 rows=13 loadErr=<nil>
[17:21:02.866] [DEBUG] loadTreeCmd start: cwd=/Users/iv/Developer/relux-proxy remote="" board="" user=""
[17:21:02.954] [INFO] loadTreeCmd success: roots=7
[17:21:02.954] [INFO] treeLoadedMsg applied: roots=7 rows=13 loadErr=<nil>
[17:21:12.867] [DEBUG] loadTreeCmd start: cwd=/Users/iv/Developer/relux-proxy remote="" board="" user=""
[17:21:12.961] [INFO] loadTreeCmd success: roots=7
[17:21:12.961] [INFO] treeLoadedMsg applied: roots=7 rows=13 loadErr=<nil>
[17:21:22.867] [DEBUG] loadTreeCmd start: cwd=/Users/iv/Developer/relux-proxy remote="" board="" user=""
[17:21:22.954] [INFO] loadTreeCmd success: roots=7
[17:21:22.954] [INFO] treeLoadedMsg applied: roots=7 rows=13 loadErr=<nil>
[17:21:32.868] [DEBUG] loadTreeCmd start: cwd=/Users/iv/Developer/relux-proxy remote="" board="" user=""
[17:21:32.954] [INFO] loadTreeCmd success: roots=7
[17:21:32.954] [INFO] treeLoadedMsg applied: roots=7 rows=13 loadErr=<nil>
[17:21:42.868] [DEBUG] loadTreeCmd start: cwd=/Users/iv/Developer/relux-proxy remote="" board="" user=""
[17:21:42.954] [INFO] loadTreeCmd success: roots=7
[17:21:42.955] [INFO] treeLoadedMsg applied: roots=7 rows=13 loadErr=<nil>
[17:21:52.869] [DEBUG] loadTreeCmd start: cwd=/Users/iv/Developer/relux-proxy remote="" board="" user=""
[17:21:52.958] [INFO] loadTreeCmd success: roots=7
[17:21:52.958] [INFO] treeLoadedMsg applied: roots=7 rows=13 loadErr=<nil>
[17:22:02.870] [DEBUG] loadTreeCmd start: cwd=/Users/iv/Developer/relux-proxy remote="" board="" user=""
[17:22:02.956] [INFO] loadTreeCmd success: roots=7
[17:22:02.956] [INFO] treeLoadedMsg applied: roots=7 rows=13 loadErr=<nil>
[17:22:12.872] [DEBUG] loadTreeCmd start: cwd=/Users/iv/Developer/relux-proxy remote="" board="" user=""
[17:22:12.957] [INFO] loadTreeCmd success: roots=7
[17:22:12.957] [INFO] treeLoadedMsg applied: roots=7 rows=13 loadErr=<nil>
[17:22:22.873] [DEBUG] loadTreeCmd start: cwd=/Users/iv/Developer/relux-proxy remote="" board="" user=""
[17:22:22.967] [INFO] loadTreeCmd success: roots=7
[17:22:22.967] [INFO] treeLoadedMsg applied: roots=7 rows=13 loadErr=<nil>
[17:22:32.874] [DEBUG] loadTreeCmd start: cwd=/Users/iv/Developer/relux-proxy remote="" board="" user=""
[17:22:33.015] [INFO] loadTreeCmd success: roots=7
[17:22:33.015] [INFO] treeLoadedMsg applied: roots=7 rows=13 loadErr=<nil>
[17:22:42.875] [DEBUG] loadTreeCmd start: cwd=/Users/iv/Developer/relux-proxy remote="" board="" user=""
[17:22:42.967] [INFO] loadTreeCmd success: roots=7
[17:22:42.967] [INFO] treeLoadedMsg applied: roots=7 rows=13 loadErr=<nil>
[17:22:52.877] [DEBUG] loadTreeCmd start: cwd=/Users/iv/Developer/relux-proxy remote="" board="" user=""
[17:22:52.962] [INFO] loadTreeCmd success: roots=7
[17:22:52.962] [INFO] treeLoadedMsg applied: roots=7 rows=13 loadErr=<nil>
[17:23:02.879] [DEBUG] loadTreeCmd start: cwd=/Users/iv/Developer/relux-proxy remote="" board="" user=""
[17:23:02.966] [INFO] loadTreeCmd success: roots=7
[17:23:02.966] [INFO] treeLoadedMsg applied: roots=7 rows=13 loadErr=<nil>
[17:23:12.880] [DEBUG] loadTreeCmd start: cwd=/Users/iv/Developer/relux-proxy remote="" board="" user=""
[17:23:12.971] [INFO] loadTreeCmd success: roots=7
[17:23:12.971] [INFO] treeLoadedMsg applied: roots=7 rows=13 loadErr=<nil>
[17:23:22.882] [DEBUG] loadTreeCmd start: cwd=/Users/iv/Developer/relux-proxy remote="" board="" user=""
[17:23:22.966] [INFO] loadTreeCmd success: roots=7
[17:23:22.967] [INFO] treeLoadedMsg applied: roots=7 rows=13 loadErr=<nil>
[17:23:32.883] [DEBUG] loadTreeCmd start: cwd=/Users/iv/Developer/relux-proxy remote="" board="" user=""
[17:23:32.971] [INFO] loadTreeCmd success: roots=7
[17:23:32.971] [INFO] treeLoadedMsg applied: roots=7 rows=13 loadErr=<nil>
[17:23:42.884] [DEBUG] loadTreeCmd start: cwd=/Users/iv/Developer/relux-proxy remote="" board="" user=""
[17:23:42.978] [INFO] loadTreeCmd success: roots=7
[17:23:42.978] [INFO] treeLoadedMsg applied: roots=7 rows=13 loadErr=<nil>
[17:23:52.885] [DEBUG] loadTreeCmd start: cwd=/Users/iv/Developer/relux-proxy remote="" board="" user=""
[17:23:52.971] [INFO] loadTreeCmd success: roots=7
[17:23:52.971] [INFO] treeLoadedMsg applied: roots=7 rows=13 loadErr=<nil>
[17:24:02.886] [DEBUG] loadTreeCmd start: cwd=/Users/iv/Developer/relux-proxy remote="" board="" user=""
[17:24:02.972] [INFO] loadTreeCmd success: roots=7
[17:24:02.973] [INFO] treeLoadedMsg applied: roots=7 rows=13 loadErr=<nil>
[17:24:12.886] [DEBUG] loadTreeCmd start: cwd=/Users/iv/Developer/relux-proxy remote="" board="" user=""
[17:24:12.967] [INFO] loadTreeCmd success: roots=7
[17:24:12.968] [INFO] treeLoadedMsg applied: roots=7 rows=13 loadErr=<nil>
[17:24:22.886] [DEBUG] loadTreeCmd start: cwd=/Users/iv/Developer/relux-proxy remote="" board="" user=""
[17:24:22.967] [INFO] loadTreeCmd success: roots=7
[17:24:22.967] [INFO] treeLoadedMsg applied: roots=7 rows=13 loadErr=<nil>
[17:24:32.887] [DEBUG] loadTreeCmd start: cwd=/Users/iv/Developer/relux-proxy remote="" board="" user=""
[17:24:32.967] [INFO] loadTreeCmd success: roots=7
[17:24:32.968] [INFO] treeLoadedMsg applied: roots=7 rows=13 loadErr=<nil>
[17:24:42.887] [DEBUG] loadTreeCmd start: cwd=/Users/iv/Developer/relux-proxy remote="" board="" user=""
[17:24:42.976] [INFO] loadTreeCmd success: roots=7
[17:24:42.976] [INFO] treeLoadedMsg applied: roots=7 rows=13 loadErr=<nil>
[17:24:52.887] [DEBUG] loadTreeCmd start: cwd=/Users/iv/Developer/relux-proxy remote="" board="" user=""
[17:24:52.984] [INFO] loadTreeCmd success: roots=7
[17:24:52.984] [INFO] treeLoadedMsg applied: roots=7 rows=13 loadErr=<nil>
[17:25:02.888] [DEBUG] loadTreeCmd start: cwd=/Users/iv/Developer/relux-proxy remote="" board="" user=""
[17:25:02.978] [INFO] loadTreeCmd success: roots=7
[17:25:02.978] [INFO] treeLoadedMsg applied: roots=7 rows=13 loadErr=<nil>
[17:25:12.889] [DEBUG] loadTreeCmd start: cwd=/Users/iv/Developer/relux-proxy remote="" board="" user=""
[17:25:12.973] [INFO] loadTreeCmd success: roots=7
[17:25:12.973] [INFO] treeLoadedMsg applied: roots=7 rows=13 loadErr=<nil>
[17:25:22.890] [DEBUG] loadTreeCmd start: cwd=/Users/iv/Developer/relux-proxy remote="" board="" user=""
[17:25:23.010] [INFO] loadTreeCmd success: roots=7
[17:25:23.010] [INFO] treeLoadedMsg applied: roots=7 rows=13 loadErr=<nil>
[17:25:32.891] [DEBUG] loadTreeCmd start: cwd=/Users/iv/Developer/relux-proxy remote="" board="" user=""
[17:25:32.984] [INFO] loadTreeCmd success: roots=7
[17:25:32.984] [INFO] treeLoadedMsg applied: roots=7 rows=13 loadErr=<nil>
[17:25:42.892] [DEBUG] loadTreeCmd start: cwd=/Users/iv/Developer/relux-proxy remote="" board="" user=""
[17:25:42.978] [INFO] loadTreeCmd success: roots=7
[17:25:42.978] [INFO] treeLoadedMsg applied: roots=7 rows=13 loadErr=<nil>
[17:25:52.894] [DEBUG] loadTreeCmd start: cwd=/Users/iv/Developer/relux-proxy remote="" board="" user=""
[17:25:52.984] [INFO] loadTreeCmd success: roots=7
[17:25:52.984] [INFO] treeLoadedMsg applied: roots=7 rows=13 loadErr=<nil>
[17:26:02.895] [DEBUG] loadTreeCmd start: cwd=/Users/iv/Developer/relux-proxy remote="" board="" user=""
[17:26:02.981] [INFO] loadTreeCmd success: roots=7
[17:26:02.981] [INFO] treeLoadedMsg applied: roots=7 rows=13 loadErr=<nil>
[17:26:12.903] [DEBUG] loadTreeCmd start: cwd=/Users/iv/Developer/relux-proxy remote="" board="" user=""
[17:26:13.014] [INFO] loadTreeCmd success: roots=7
[17:26:13.015] [INFO] treeLoadedMsg applied: roots=7 rows=13 loadErr=<nil>
[17:26:22.901] [DEBUG] loadTreeCmd start: cwd=/Users/iv/Developer/relux-proxy remote="" board="" user=""
[17:26:22.985] [INFO] loadTreeCmd success: roots=7
[17:26:22.985] [INFO] treeLoadedMsg applied: roots=7 rows=13 loadErr=<nil>
[17:26:32.903] [DEBUG] loadTreeCmd start: cwd=/Users/iv/Developer/relux-proxy remote="" board="" user=""
[17:26:33.053] [INFO] loadTreeCmd success: roots=7
[17:26:33.053] [INFO] treeLoadedMsg applied: roots=7 rows=13 loadErr=<nil>
[17:26:42.905] [DEBUG] loadTreeCmd start: cwd=/Users/iv/Developer/relux-proxy remote="" board="" user=""
[17:26:42.994] [INFO] loadTreeCmd success: roots=7
[17:26:42.994] [INFO] treeLoadedMsg applied: roots=7 rows=13 loadErr=<nil>
[17:26:52.905] [DEBUG] loadTreeCmd start: cwd=/Users/iv/Developer/relux-proxy remote="" board="" user=""
[17:26:52.994] [INFO] loadTreeCmd success: roots=7
[17:26:52.994] [INFO] treeLoadedMsg applied: roots=7 rows=13 loadErr=<nil>
[17:27:02.905] [DEBUG] loadTreeCmd start: cwd=/Users/iv/Developer/relux-proxy remote="" board="" user=""
[17:27:02.986] [INFO] loadTreeCmd success: roots=7
[17:27:02.986] [INFO] treeLoadedMsg applied: roots=7 rows=13 loadErr=<nil>
[17:27:12.906] [DEBUG] loadTreeCmd start: cwd=/Users/iv/Developer/relux-proxy remote="" board="" user=""
[17:27:12.992] [INFO] loadTreeCmd success: roots=7
[17:27:12.992] [INFO] treeLoadedMsg applied: roots=7 rows=13 loadErr=<nil>
[17:27:22.906] [DEBUG] loadTreeCmd start: cwd=/Users/iv/Developer/relux-proxy remote="" board="" user=""
[17:27:22.988] [INFO] loadTreeCmd success: roots=7
[17:27:22.988] [INFO] treeLoadedMsg applied: roots=7 rows=13 loadErr=<nil>
[17:27:32.907] [DEBUG] loadTreeCmd start: cwd=/Users/iv/Developer/relux-proxy remote="" board="" user=""
[17:27:32.992] [INFO] loadTreeCmd success: roots=7
[17:27:32.992] [INFO] treeLoadedMsg applied: roots=7 rows=13 loadErr=<nil>
[17:27:42.907] [DEBUG] loadTreeCmd start: cwd=/Users/iv/Developer/relux-proxy remote="" board="" user=""
[17:27:42.990] [INFO] loadTreeCmd success: roots=7
[17:27:42.990] [INFO] treeLoadedMsg applied: roots=7 rows=13 loadErr=<nil>
[17:27:52.908] [DEBUG] loadTreeCmd start: cwd=/Users/iv/Developer/relux-proxy remote="" board="" user=""
[17:27:52.992] [INFO] loadTreeCmd success: roots=7
[17:27:52.993] [INFO] treeLoadedMsg applied: roots=7 rows=13 loadErr=<nil>
[17:28:02.909] [DEBUG] loadTreeCmd start: cwd=/Users/iv/Developer/relux-proxy remote="" board="" user=""
[17:28:02.992] [INFO] loadTreeCmd success: roots=7
[17:28:02.992] [INFO] treeLoadedMsg applied: roots=7 rows=13 loadErr=<nil>
[17:28:12.910] [DEBUG] loadTreeCmd start: cwd=/Users/iv/Developer/relux-proxy remote="" board="" user=""
[17:28:13.006] [INFO] loadTreeCmd success: roots=7
[17:28:13.006] [INFO] treeLoadedMsg applied: roots=7 rows=13 loadErr=<nil>
[17:28:22.911] [DEBUG] loadTreeCmd start: cwd=/Users/iv/Developer/relux-proxy remote="" board="" user=""
[17:28:22.998] [INFO] loadTreeCmd success: roots=7
[17:28:22.999] [INFO] treeLoadedMsg applied: roots=7 rows=13 loadErr=<nil>
[17:28:32.913] [DEBUG] loadTreeCmd start: cwd=/Users/iv/Developer/relux-proxy remote="" board="" user=""
[17:28:33.011] [INFO] loadTreeCmd success: roots=7
[17:28:33.011] [INFO] treeLoadedMsg applied: roots=7 rows=13 loadErr=<nil>
[17:28:42.915] [DEBUG] loadTreeCmd start: cwd=/Users/iv/Developer/relux-proxy remote="" board="" user=""
[17:28:42.998] [INFO] loadTreeCmd success: roots=7
[17:28:42.999] [INFO] treeLoadedMsg applied: roots=7 rows=13 loadErr=<nil>
[17:28:52.917] [DEBUG] loadTreeCmd start: cwd=/Users/iv/Developer/relux-proxy remote="" board="" user=""
[17:28:53.100] [INFO] loadTreeCmd success: roots=7
[17:28:53.100] [INFO] treeLoadedMsg applied: roots=7 rows=13 loadErr=<nil>
[17:29:02.918] [DEBUG] loadTreeCmd start: cwd=/Users/iv/Developer/relux-proxy remote="" board="" user=""
[17:29:03.084] [INFO] loadTreeCmd success: roots=7
[17:29:03.085] [INFO] treeLoadedMsg applied: roots=7 rows=13 loadErr=<nil>
[17:29:12.920] [DEBUG] loadTreeCmd start: cwd=/Users/iv/Developer/relux-proxy remote="" board="" user=""
[17:29:13.005] [INFO] loadTreeCmd success: roots=7
[17:29:13.006] [INFO] treeLoadedMsg applied: roots=7 rows=13 loadErr=<nil>
[17:29:22.921] [DEBUG] loadTreeCmd start: cwd=/Users/iv/Developer/relux-proxy remote="" board="" user=""
[17:29:23.009] [INFO] loadTreeCmd success: roots=7
[17:29:23.009] [INFO] treeLoadedMsg applied: roots=7 rows=13 loadErr=<nil>
[17:29:32.923] [DEBUG] loadTreeCmd start: cwd=/Users/iv/Developer/relux-proxy remote="" board="" user=""
[17:29:33.013] [INFO] loadTreeCmd success: roots=7
[17:29:33.013] [INFO] treeLoadedMsg applied: roots=7 rows=13 loadErr=<nil>
[17:29:42.924] [DEBUG] loadTreeCmd start: cwd=/Users/iv/Developer/relux-proxy remote="" board="" user=""
[17:29:43.008] [INFO] loadTreeCmd success: roots=7
[17:29:43.008] [INFO] treeLoadedMsg applied: roots=7 rows=13 loadErr=<nil>
[17:29:52.925] [DEBUG] loadTreeCmd start: cwd=/Users/iv/Developer/relux-proxy remote="" board="" user=""
[17:29:53.010] [INFO] loadTreeCmd success: roots=7
[17:29:53.010] [INFO] treeLoadedMsg applied: roots=7 rows=13 loadErr=<nil>
[17:30:02.925] [DEBUG] loadTreeCmd start: cwd=/Users/iv/Developer/relux-proxy remote="" board="" user=""
[17:30:03.008] [INFO] loadTreeCmd success: roots=7
[17:30:03.008] [INFO] treeLoadedMsg applied: roots=7 rows=13 loadErr=<nil>
[17:30:12.925] [DEBUG] loadTreeCmd start: cwd=/Users/iv/Developer/relux-proxy remote="" board="" user=""
[17:30:13.009] [INFO] loadTreeCmd success: roots=7
[17:30:13.009] [INFO] treeLoadedMsg applied: roots=7 rows=13 loadErr=<nil>
[17:30:22.926] [DEBUG] loadTreeCmd start: cwd=/Users/iv/Developer/relux-proxy remote="" board="" user=""
[17:30:23.015] [INFO] loadTreeCmd success: roots=7
[17:30:23.015] [INFO] treeLoadedMsg applied: roots=7 rows=13 loadErr=<nil>
[17:30:32.926] [DEBUG] loadTreeCmd start: cwd=/Users/iv/Developer/relux-proxy remote="" board="" user=""
[17:30:33.015] [INFO] loadTreeCmd success: roots=7
[17:30:33.016] [INFO] treeLoadedMsg applied: roots=7 rows=13 loadErr=<nil>
[17:30:42.927] [DEBUG] loadTreeCmd start: cwd=/Users/iv/Developer/relux-proxy remote="" board="" user=""
[17:30:43.012] [INFO] loadTreeCmd success: roots=7
[17:30:43.012] [INFO] treeLoadedMsg applied: roots=7 rows=13 loadErr=<nil>
[17:30:52.944] [DEBUG] loadTreeCmd start: cwd=/Users/iv/Developer/relux-proxy remote="" board="" user=""
[17:30:53.155] [INFO] loadTreeCmd success: roots=7
[17:30:53.156] [INFO] treeLoadedMsg applied: roots=7 rows=13 loadErr=<nil>
[17:31:02.932] [DEBUG] loadTreeCmd start: cwd=/Users/iv/Developer/relux-proxy remote="" board="" user=""
[17:31:03.021] [INFO] loadTreeCmd success: roots=7
[17:31:03.021] [INFO] treeLoadedMsg applied: roots=7 rows=13 loadErr=<nil>
[17:31:12.934] [DEBUG] loadTreeCmd start: cwd=/Users/iv/Developer/relux-proxy remote="" board="" user=""
[17:31:13.019] [INFO] loadTreeCmd success: roots=7
[17:31:13.020] [INFO] treeLoadedMsg applied: roots=7 rows=13 loadErr=<nil>
[17:31:22.936] [DEBUG] loadTreeCmd start: cwd=/Users/iv/Developer/relux-proxy remote="" board="" user=""
[17:31:23.067] [INFO] loadTreeCmd success: roots=7
[17:31:23.067] [INFO] treeLoadedMsg applied: roots=7 rows=13 loadErr=<nil>
[17:31:32.938] [DEBUG] loadTreeCmd start: cwd=/Users/iv/Developer/relux-proxy remote="" board="" user=""
[17:31:33.031] [INFO] loadTreeCmd success: roots=7
[17:31:33.031] [INFO] treeLoadedMsg applied: roots=7 rows=13 loadErr=<nil>
[17:31:42.945] [DEBUG] loadTreeCmd start: cwd=/Users/iv/Developer/relux-proxy remote="" board="" user=""
[17:31:43.183] [INFO] loadTreeCmd success: roots=7
[17:31:43.183] [INFO] treeLoadedMsg applied: roots=7 rows=13 loadErr=<nil>
[17:31:52.944] [DEBUG] loadTreeCmd start: cwd=/Users/iv/Developer/relux-proxy remote="" board="" user=""
[17:31:53.040] [INFO] loadTreeCmd success: roots=7
[17:31:53.040] [INFO] treeLoadedMsg applied: roots=7 rows=13 loadErr=<nil>
[17:32:02.945] [DEBUG] loadTreeCmd start: cwd=/Users/iv/Developer/relux-proxy remote="" board="" user=""
[17:32:03.029] [INFO] loadTreeCmd success: roots=7
[17:32:03.030] [INFO] treeLoadedMsg applied: roots=7 rows=13 loadErr=<nil>
[17:32:12.945] [DEBUG] loadTreeCmd start: cwd=/Users/iv/Developer/relux-proxy remote="" board="" user=""
[17:32:13.032] [INFO] loadTreeCmd success: roots=7
[17:32:13.033] [INFO] treeLoadedMsg applied: roots=7 rows=13 loadErr=<nil>
[17:32:22.946] [DEBUG] loadTreeCmd start: cwd=/Users/iv/Developer/relux-proxy remote="" board="" user=""
[17:32:23.031] [INFO] loadTreeCmd success: roots=7
[17:32:23.031] [INFO] treeLoadedMsg applied: roots=7 rows=13 loadErr=<nil>
[17:32:32.947] [DEBUG] loadTreeCmd start: cwd=/Users/iv/Developer/relux-proxy remote="" board="" user=""
[17:32:33.042] [INFO] loadTreeCmd success: roots=7
[17:32:33.043] [INFO] treeLoadedMsg applied: roots=7 rows=13 loadErr=<nil>
[17:32:42.948] [DEBUG] loadTreeCmd start: cwd=/Users/iv/Developer/relux-proxy remote="" board="" user=""
[17:32:43.037] [INFO] loadTreeCmd success: roots=7
[17:32:43.037] [INFO] treeLoadedMsg applied: roots=7 rows=13 loadErr=<nil>
[17:32:52.950] [DEBUG] loadTreeCmd start: cwd=/Users/iv/Developer/relux-proxy remote="" board="" user=""
[17:32:53.035] [INFO] loadTreeCmd success: roots=7
[17:32:53.035] [INFO] treeLoadedMsg applied: roots=7 rows=13 loadErr=<nil>
[17:33:02.951] [DEBUG] loadTreeCmd start: cwd=/Users/iv/Developer/relux-proxy remote="" board="" user=""
[17:33:03.032] [INFO] loadTreeCmd success: roots=7
[17:33:03.032] [INFO] treeLoadedMsg applied: roots=7 rows=13 loadErr=<nil>
[17:33:12.953] [DEBUG] loadTreeCmd start: cwd=/Users/iv/Developer/relux-proxy remote="" board="" user=""
[17:33:13.039] [INFO] loadTreeCmd success: roots=7
[17:33:13.039] [INFO] treeLoadedMsg applied: roots=7 rows=13 loadErr=<nil>
[17:33:22.954] [DEBUG] loadTreeCmd start: cwd=/Users/iv/Developer/relux-proxy remote="" board="" user=""
[17:33:23.038] [INFO] loadTreeCmd success: roots=7
[17:33:23.038] [INFO] treeLoadedMsg applied: roots=7 rows=13 loadErr=<nil>
[17:33:32.956] [DEBUG] loadTreeCmd start: cwd=/Users/iv/Developer/relux-proxy remote="" board="" user=""
[17:33:33.037] [INFO] loadTreeCmd success: roots=7
[17:33:33.037] [INFO] treeLoadedMsg applied: roots=7 rows=13 loadErr=<nil>
[17:33:42.959] [DEBUG] loadTreeCmd start: cwd=/Users/iv/Developer/relux-proxy remote="" board="" user=""
[17:33:43.040] [INFO] loadTreeCmd success: roots=7
[17:33:43.040] [INFO] treeLoadedMsg applied: roots=7 rows=13 loadErr=<nil>
[17:33:52.961] [DEBUG] loadTreeCmd start: cwd=/Users/iv/Developer/relux-proxy remote="" board="" user=""
[17:33:53.040] [INFO] loadTreeCmd success: roots=7
[17:33:53.041] [INFO] treeLoadedMsg applied: roots=7 rows=13 loadErr=<nil>
[17:34:02.962] [DEBUG] loadTreeCmd start: cwd=/Users/iv/Developer/relux-proxy remote="" board="" user=""
[17:34:03.050] [INFO] loadTreeCmd success: roots=7
[17:34:03.051] [INFO] treeLoadedMsg applied: roots=7 rows=13 loadErr=<nil>
[17:34:12.962] [DEBUG] loadTreeCmd start: cwd=/Users/iv/Developer/relux-proxy remote="" board="" user=""
[17:34:13.049] [INFO] loadTreeCmd success: roots=7
[17:34:13.050] [INFO] treeLoadedMsg applied: roots=7 rows=13 loadErr=<nil>
[17:34:22.962] [DEBUG] loadTreeCmd start: cwd=/Users/iv/Developer/relux-proxy remote="" board="" user=""
[17:34:23.046] [INFO] loadTreeCmd success: roots=7
[17:34:23.046] [INFO] treeLoadedMsg applied: roots=7 rows=13 loadErr=<nil>
[17:34:32.962] [DEBUG] loadTreeCmd start: cwd=/Users/iv/Developer/relux-proxy remote="" board="" user=""
[17:34:33.042] [INFO] loadTreeCmd success: roots=7
[17:34:33.043] [INFO] treeLoadedMsg applied: roots=7 rows=13 loadErr=<nil>
[17:34:42.962] [DEBUG] loadTreeCmd start: cwd=/Users/iv/Developer/relux-proxy remote="" board="" user=""
[17:34:43.043] [INFO] loadTreeCmd success: roots=7
[17:34:43.043] [INFO] treeLoadedMsg applied: roots=7 rows=13 loadErr=<nil>
[17:34:52.963] [DEBUG] loadTreeCmd start: cwd=/Users/iv/Developer/relux-proxy remote="" board="" user=""
[17:34:53.057] [INFO] loadTreeCmd success: roots=7
[17:34:53.057] [INFO] treeLoadedMsg applied: roots=7 rows=13 loadErr=<nil>
[17:35:02.963] [DEBUG] loadTreeCmd start: cwd=/Users/iv/Developer/relux-proxy remote="" board="" user=""
[17:35:03.045] [INFO] loadTreeCmd success: roots=7
[17:35:03.045] [INFO] treeLoadedMsg applied: roots=7 rows=13 loadErr=<nil>
[17:35:12.963] [DEBUG] loadTreeCmd start: cwd=/Users/iv/Developer/relux-proxy remote="" board="" user=""
[17:35:13.048] [INFO] loadTreeCmd success: roots=7
[17:35:13.048] [INFO] treeLoadedMsg applied: roots=7 rows=13 loadErr=<nil>
[17:35:22.964] [DEBUG] loadTreeCmd start: cwd=/Users/iv/Developer/relux-proxy remote="" board="" user=""
[17:35:23.052] [INFO] loadTreeCmd success: roots=7
[17:35:23.052] [INFO] treeLoadedMsg applied: roots=7 rows=13 loadErr=<nil>
[17:35:32.964] [DEBUG] loadTreeCmd start: cwd=/Users/iv/Developer/relux-proxy remote="" board="" user=""
[17:35:33.052] [INFO] loadTreeCmd success: roots=7
[17:35:33.052] [INFO] treeLoadedMsg applied: roots=7 rows=13 loadErr=<nil>
[17:35:42.965] [DEBUG] loadTreeCmd start: cwd=/Users/iv/Developer/relux-proxy remote="" board="" user=""
[17:35:43.054] [INFO] loadTreeCmd success: roots=7
[17:35:43.054] [INFO] treeLoadedMsg applied: roots=7 rows=13 loadErr=<nil>
[17:35:52.965] [DEBUG] loadTreeCmd start: cwd=/Users/iv/Developer/relux-proxy remote="" board="" user=""
[17:35:53.051] [INFO] loadTreeCmd success: roots=7
[17:35:53.051] [INFO] treeLoadedMsg applied: roots=7 rows=13 loadErr=<nil>
[17:36:02.966] [DEBUG] loadTreeCmd start: cwd=/Users/iv/Developer/relux-proxy remote="" board="" user=""
[17:36:03.053] [INFO] loadTreeCmd success: roots=7
[17:36:03.053] [INFO] treeLoadedMsg applied: roots=7 rows=13 loadErr=<nil>
[17:36:12.967] [DEBUG] loadTreeCmd start: cwd=/Users/iv/Developer/relux-proxy remote="" board="" user=""
[17:36:13.056] [INFO] loadTreeCmd success: roots=7
[17:36:13.056] [INFO] treeLoadedMsg applied: roots=7 rows=13 loadErr=<nil>
[17:36:22.969] [DEBUG] loadTreeCmd start: cwd=/Users/iv/Developer/relux-proxy remote="" board="" user=""
[17:36:23.064] [INFO] loadTreeCmd success: roots=7
[17:36:23.064] [INFO] treeLoadedMsg applied: roots=7 rows=13 loadErr=<nil>
[17:36:32.970] [DEBUG] loadTreeCmd start: cwd=/Users/iv/Developer/relux-proxy remote="" board="" user=""
[17:36:33.054] [INFO] loadTreeCmd success: roots=7
[17:36:33.054] [INFO] treeLoadedMsg applied: roots=7 rows=13 loadErr=<nil>
[17:36:42.971] [DEBUG] loadTreeCmd start: cwd=/Users/iv/Developer/relux-proxy remote="" board="" user=""
[17:36:43.055] [INFO] loadTreeCmd success: roots=7
[17:36:43.055] [INFO] treeLoadedMsg applied: roots=7 rows=13 loadErr=<nil>
[17:36:52.972] [DEBUG] loadTreeCmd start: cwd=/Users/iv/Developer/relux-proxy remote="" board="" user=""
[17:36:53.060] [INFO] loadTreeCmd success: roots=7
[17:36:53.060] [INFO] treeLoadedMsg applied: roots=7 rows=13 loadErr=<nil>
[17:37:02.974] [DEBUG] loadTreeCmd start: cwd=/Users/iv/Developer/relux-proxy remote="" board="" user=""
[17:37:03.063] [INFO] loadTreeCmd success: roots=7
[17:37:03.063] [INFO] treeLoadedMsg applied: roots=7 rows=13 loadErr=<nil>
[17:37:12.976] [DEBUG] loadTreeCmd start: cwd=/Users/iv/Developer/relux-proxy remote="" board="" user=""
[17:37:13.063] [INFO] loadTreeCmd success: roots=7
[17:37:13.063] [INFO] treeLoadedMsg applied: roots=7 rows=13 loadErr=<nil>
[17:37:22.978] [DEBUG] loadTreeCmd start: cwd=/Users/iv/Developer/relux-proxy remote="" board="" user=""
[17:37:23.063] [INFO] loadTreeCmd success: roots=7
[17:37:23.063] [INFO] treeLoadedMsg applied: roots=7 rows=13 loadErr=<nil>
[17:37:32.979] [DEBUG] loadTreeCmd start: cwd=/Users/iv/Developer/relux-proxy remote="" board="" user=""
[17:37:33.066] [INFO] loadTreeCmd success: roots=7
[17:37:33.066] [INFO] treeLoadedMsg applied: roots=7 rows=13 loadErr=<nil>
[17:37:42.979] [DEBUG] loadTreeCmd start: cwd=/Users/iv/Developer/relux-proxy remote="" board="" user=""
[17:37:43.064] [INFO] loadTreeCmd success: roots=7
[17:37:43.064] [INFO] treeLoadedMsg applied: roots=7 rows=13 loadErr=<nil>
[17:37:52.980] [DEBUG] loadTreeCmd start: cwd=/Users/iv/Developer/relux-proxy remote="" board="" user=""
[17:37:53.064] [INFO] loadTreeCmd success: roots=7
[17:37:53.064] [INFO] treeLoadedMsg applied: roots=7 rows=13 loadErr=<nil>
[17:38:02.982] [DEBUG] loadTreeCmd start: cwd=/Users/iv/Developer/relux-proxy remote="" board="" user=""
[17:38:03.067] [INFO] loadTreeCmd success: roots=7
[17:38:03.067] [INFO] treeLoadedMsg applied: roots=7 rows=13 loadErr=<nil>
[17:38:12.982] [DEBUG] loadTreeCmd start: cwd=/Users/iv/Developer/relux-proxy remote="" board="" user=""
[17:38:13.067] [INFO] loadTreeCmd success: roots=7
[17:38:13.068] [INFO] treeLoadedMsg applied: roots=7 rows=13 loadErr=<nil>
[17:38:22.982] [DEBUG] loadTreeCmd start: cwd=/Users/iv/Developer/relux-proxy remote="" board="" user=""
[17:38:23.124] [INFO] loadTreeCmd success: roots=7
[17:38:23.124] [INFO] treeLoadedMsg applied: roots=7 rows=13 loadErr=<nil>
[17:38:32.982] [DEBUG] loadTreeCmd start: cwd=/Users/iv/Developer/relux-proxy remote="" board="" user=""
[17:38:33.072] [INFO] loadTreeCmd success: roots=7
[17:38:33.072] [INFO] treeLoadedMsg applied: roots=7 rows=13 loadErr=<nil>
[17:38:42.983] [DEBUG] loadTreeCmd start: cwd=/Users/iv/Developer/relux-proxy remote="" board="" user=""
[17:38:43.067] [INFO] loadTreeCmd success: roots=7
[17:38:43.067] [INFO] treeLoadedMsg applied: roots=7 rows=13 loadErr=<nil>
[17:38:52.983] [DEBUG] loadTreeCmd start: cwd=/Users/iv/Developer/relux-proxy remote="" board="" user=""
[17:38:53.077] [INFO] loadTreeCmd success: roots=7
[17:38:53.077] [INFO] treeLoadedMsg applied: roots=7 rows=13 loadErr=<nil>
[17:39:02.983] [DEBUG] loadTreeCmd start: cwd=/Users/iv/Developer/relux-proxy remote="" board="" user=""
[17:39:03.068] [INFO] loadTreeCmd success: roots=7
[17:39:03.068] [INFO] treeLoadedMsg applied: roots=7 rows=13 loadErr=<nil>
[17:39:12.984] [DEBUG] loadTreeCmd start: cwd=/Users/iv/Developer/relux-proxy remote="" board="" user=""
[17:39:13.069] [INFO] loadTreeCmd success: roots=7
[17:39:13.069] [INFO] treeLoadedMsg applied: roots=7 rows=13 loadErr=<nil>
[17:39:22.985] [DEBUG] loadTreeCmd start: cwd=/Users/iv/Developer/relux-proxy remote="" board="" user=""
[17:39:23.107] [INFO] loadTreeCmd success: roots=7
[17:39:23.107] [INFO] treeLoadedMsg applied: roots=7 rows=13 loadErr=<nil>
[17:39:32.986] [DEBUG] loadTreeCmd start: cwd=/Users/iv/Developer/relux-proxy remote="" board="" user=""
[17:39:33.078] [INFO] loadTreeCmd success: roots=7
[17:39:33.078] [INFO] treeLoadedMsg applied: roots=7 rows=13 loadErr=<nil>
[17:39:42.987] [DEBUG] loadTreeCmd start: cwd=/Users/iv/Developer/relux-proxy remote="" board="" user=""
[17:39:43.080] [INFO] loadTreeCmd success: roots=7
[17:39:43.080] [INFO] treeLoadedMsg applied: roots=7 rows=13 loadErr=<nil>
[17:39:52.988] [DEBUG] loadTreeCmd start: cwd=/Users/iv/Developer/relux-proxy remote="" board="" user=""
[17:39:53.081] [INFO] loadTreeCmd success: roots=7
[17:39:53.082] [INFO] treeLoadedMsg applied: roots=7 rows=13 loadErr=<nil>
[17:40:02.990] [DEBUG] loadTreeCmd start: cwd=/Users/iv/Developer/relux-proxy remote="" board="" user=""
[17:40:03.078] [INFO] loadTreeCmd success: roots=7
[17:40:03.079] [INFO] treeLoadedMsg applied: roots=7 rows=13 loadErr=<nil>
[17:40:12.992] [DEBUG] loadTreeCmd start: cwd=/Users/iv/Developer/relux-proxy remote="" board="" user=""
[17:40:13.084] [INFO] loadTreeCmd success: roots=7
[17:40:13.085] [INFO] treeLoadedMsg applied: roots=7 rows=13 loadErr=<nil>
[17:40:22.993] [DEBUG] loadTreeCmd start: cwd=/Users/iv/Developer/relux-proxy remote="" board="" user=""
[17:40:23.079] [INFO] loadTreeCmd success: roots=7
[17:40:23.079] [INFO] treeLoadedMsg applied: roots=7 rows=13 loadErr=<nil>
[17:40:32.994] [DEBUG] loadTreeCmd start: cwd=/Users/iv/Developer/relux-proxy remote="" board="" user=""
[17:40:33.079] [INFO] loadTreeCmd success: roots=7
[17:40:33.079] [INFO] treeLoadedMsg applied: roots=7 rows=13 loadErr=<nil>
[17:40:42.996] [DEBUG] loadTreeCmd start: cwd=/Users/iv/Developer/relux-proxy remote="" board="" user=""
[17:40:43.080] [INFO] loadTreeCmd success: roots=7
[17:40:43.080] [INFO] treeLoadedMsg applied: roots=7 rows=13 loadErr=<nil>
[17:40:52.997] [DEBUG] loadTreeCmd start: cwd=/Users/iv/Developer/relux-proxy remote="" board="" user=""
[17:40:53.078] [INFO] loadTreeCmd success: roots=7
[17:40:53.080] [INFO] treeLoadedMsg applied: roots=7 rows=13 loadErr=<nil>
[17:41:02.998] [DEBUG] loadTreeCmd start: cwd=/Users/iv/Developer/relux-proxy remote="" board="" user=""
[17:41:03.084] [INFO] loadTreeCmd success: roots=7
[17:41:03.084] [INFO] treeLoadedMsg applied: roots=7 rows=13 loadErr=<nil>
[17:41:13.000] [DEBUG] loadTreeCmd start: cwd=/Users/iv/Developer/relux-proxy remote="" board="" user=""
[17:41:13.107] [INFO] loadTreeCmd success: roots=7
[17:41:13.107] [INFO] treeLoadedMsg applied: roots=7 rows=13 loadErr=<nil>
[17:41:23.002] [DEBUG] loadTreeCmd start: cwd=/Users/iv/Developer/relux-proxy remote="" board="" user=""
[17:41:23.086] [INFO] loadTreeCmd success: roots=7
[17:41:23.086] [INFO] treeLoadedMsg applied: roots=7 rows=13 loadErr=<nil>
[17:41:33.002] [DEBUG] loadTreeCmd start: cwd=/Users/iv/Developer/relux-proxy remote="" board="" user=""
[17:41:33.088] [INFO] loadTreeCmd success: roots=7
[17:41:33.088] [INFO] treeLoadedMsg applied: roots=7 rows=13 loadErr=<nil>
[17:41:43.003] [DEBUG] loadTreeCmd start: cwd=/Users/iv/Developer/relux-proxy remote="" board="" user=""
[17:41:43.084] [INFO] loadTreeCmd success: roots=7
[17:41:43.085] [INFO] treeLoadedMsg applied: roots=7 rows=13 loadErr=<nil>
[17:41:53.003] [DEBUG] loadTreeCmd start: cwd=/Users/iv/Developer/relux-proxy remote="" board="" user=""
[17:41:53.102] [INFO] loadTreeCmd success: roots=7
[17:41:53.102] [INFO] treeLoadedMsg applied: roots=7 rows=13 loadErr=<nil>
[17:42:03.004] [DEBUG] loadTreeCmd start: cwd=/Users/iv/Developer/relux-proxy remote="" board="" user=""
[17:42:03.090] [INFO] loadTreeCmd success: roots=7
[17:42:03.090] [INFO] treeLoadedMsg applied: roots=7 rows=13 loadErr=<nil>
[17:42:13.007] [DEBUG] loadTreeCmd start: cwd=/Users/iv/Developer/relux-proxy remote="" board="" user=""
[17:42:13.152] [INFO] loadTreeCmd success: roots=7
[17:42:13.152] [INFO] treeLoadedMsg applied: roots=7 rows=13 loadErr=<nil>
[17:42:23.007] [DEBUG] loadTreeCmd start: cwd=/Users/iv/Developer/relux-proxy remote="" board="" user=""
[17:42:23.096] [INFO] loadTreeCmd success: roots=7
[17:42:23.096] [INFO] treeLoadedMsg applied: roots=7 rows=13 loadErr=<nil>
[17:42:33.008] [DEBUG] loadTreeCmd start: cwd=/Users/iv/Developer/relux-proxy remote="" board="" user=""
[17:42:33.092] [INFO] loadTreeCmd success: roots=7
[17:42:33.092] [INFO] treeLoadedMsg applied: roots=7 rows=13 loadErr=<nil>
[17:42:43.009] [DEBUG] loadTreeCmd start: cwd=/Users/iv/Developer/relux-proxy remote="" board="" user=""
[17:42:43.095] [INFO] loadTreeCmd success: roots=7
[17:42:43.095] [INFO] treeLoadedMsg applied: roots=7 rows=13 loadErr=<nil>
[17:42:53.011] [DEBUG] loadTreeCmd start: cwd=/Users/iv/Developer/relux-proxy remote="" board="" user=""
[17:42:53.103] [INFO] loadTreeCmd success: roots=7
[17:42:53.103] [INFO] treeLoadedMsg applied: roots=7 rows=13 loadErr=<nil>
[17:43:03.013] [DEBUG] loadTreeCmd start: cwd=/Users/iv/Developer/relux-proxy remote="" board="" user=""
[17:43:03.101] [INFO] loadTreeCmd success: roots=7
[17:43:03.101] [INFO] treeLoadedMsg applied: roots=7 rows=13 loadErr=<nil>
[17:43:13.014] [DEBUG] loadTreeCmd start: cwd=/Users/iv/Developer/relux-proxy remote="" board="" user=""
[17:43:13.100] [INFO] loadTreeCmd success: roots=7
[17:43:13.100] [INFO] treeLoadedMsg applied: roots=7 rows=13 loadErr=<nil>
[17:43:23.016] [DEBUG] loadTreeCmd start: cwd=/Users/iv/Developer/relux-proxy remote="" board="" user=""
[17:43:23.105] [INFO] loadTreeCmd success: roots=7
[17:43:23.105] [INFO] treeLoadedMsg applied: roots=7 rows=13 loadErr=<nil>
[17:43:33.017] [DEBUG] loadTreeCmd start: cwd=/Users/iv/Developer/relux-proxy remote="" board="" user=""
[17:43:33.107] [INFO] loadTreeCmd success: roots=7
[17:43:33.107] [INFO] treeLoadedMsg applied: roots=7 rows=13 loadErr=<nil>
[17:43:43.017] [DEBUG] loadTreeCmd start: cwd=/Users/iv/Developer/relux-proxy remote="" board="" user=""
[17:43:43.105] [INFO] loadTreeCmd success: roots=7
[17:43:43.106] [INFO] treeLoadedMsg applied: roots=7 rows=13 loadErr=<nil>
[17:43:53.019] [DEBUG] loadTreeCmd start: cwd=/Users/iv/Developer/relux-proxy remote="" board="" user=""
[17:43:53.105] [INFO] loadTreeCmd success: roots=7
[17:43:53.105] [INFO] treeLoadedMsg applied: roots=7 rows=13 loadErr=<nil>
[17:44:03.021] [DEBUG] loadTreeCmd start: cwd=/Users/iv/Developer/relux-proxy remote="" board="" user=""
[17:44:03.140] [INFO] loadTreeCmd success: roots=7
[17:44:03.140] [INFO] treeLoadedMsg applied: roots=7 rows=13 loadErr=<nil>
[17:44:13.020] [DEBUG] loadTreeCmd start: cwd=/Users/iv/Developer/relux-proxy remote="" board="" user=""
[17:44:13.122] [INFO] loadTreeCmd success: roots=7
[17:44:13.122] [INFO] treeLoadedMsg applied: roots=7 rows=13 loadErr=<nil>
[17:44:23.021] [DEBUG] loadTreeCmd start: cwd=/Users/iv/Developer/relux-proxy remote="" board="" user=""
[17:44:23.116] [INFO] loadTreeCmd success: roots=7
[17:44:23.116] [INFO] treeLoadedMsg applied: roots=7 rows=13 loadErr=<nil>
[17:44:33.021] [DEBUG] loadTreeCmd start: cwd=/Users/iv/Developer/relux-proxy remote="" board="" user=""
[17:44:33.109] [INFO] loadTreeCmd success: roots=7
[17:44:33.109] [INFO] treeLoadedMsg applied: roots=7 rows=13 loadErr=<nil>
[17:44:43.022] [DEBUG] loadTreeCmd start: cwd=/Users/iv/Developer/relux-proxy remote="" board="" user=""
[17:44:43.127] [INFO] loadTreeCmd success: roots=7
[17:44:43.128] [INFO] treeLoadedMsg applied: roots=7 rows=13 loadErr=<nil>
[17:44:53.022] [DEBUG] loadTreeCmd start: cwd=/Users/iv/Developer/relux-proxy remote="" board="" user=""
[17:44:53.105] [INFO] loadTreeCmd success: roots=7
[17:44:53.105] [INFO] treeLoadedMsg applied: roots=7 rows=13 loadErr=<nil>
[17:45:03.023] [DEBUG] loadTreeCmd start: cwd=/Users/iv/Developer/relux-proxy remote="" board="" user=""
[17:45:03.108] [INFO] loadTreeCmd success: roots=7
[17:45:03.108] [INFO] treeLoadedMsg applied: roots=7 rows=13 loadErr=<nil>
[17:45:13.023] [DEBUG] loadTreeCmd start: cwd=/Users/iv/Developer/relux-proxy remote="" board="" user=""
[17:45:13.111] [INFO] loadTreeCmd success: roots=7
[17:45:13.111] [INFO] treeLoadedMsg applied: roots=7 rows=13 loadErr=<nil>
[17:45:23.028] [DEBUG] loadTreeCmd start: cwd=/Users/iv/Developer/relux-proxy remote="" board="" user=""
[17:45:23.170] [INFO] loadTreeCmd success: roots=7
[17:45:23.170] [INFO] treeLoadedMsg applied: roots=7 rows=13 loadErr=<nil>
[17:45:33.030] [DEBUG] loadTreeCmd start: cwd=/Users/iv/Developer/relux-proxy remote="" board="" user=""
[17:45:33.115] [INFO] loadTreeCmd success: roots=7
[17:45:33.115] [INFO] treeLoadedMsg applied: roots=7 rows=13 loadErr=<nil>
[17:45:43.031] [DEBUG] loadTreeCmd start: cwd=/Users/iv/Developer/relux-proxy remote="" board="" user=""
[17:45:43.118] [INFO] loadTreeCmd success: roots=7
[17:45:43.119] [INFO] treeLoadedMsg applied: roots=7 rows=13 loadErr=<nil>
[17:45:53.033] [DEBUG] loadTreeCmd start: cwd=/Users/iv/Developer/relux-proxy remote="" board="" user=""
[17:45:53.126] [INFO] loadTreeCmd success: roots=7
[17:45:53.126] [INFO] treeLoadedMsg applied: roots=7 rows=13 loadErr=<nil>
[17:46:03.035] [DEBUG] loadTreeCmd start: cwd=/Users/iv/Developer/relux-proxy remote="" board="" user=""
[17:46:03.126] [INFO] loadTreeCmd success: roots=7
[17:46:03.126] [INFO] treeLoadedMsg applied: roots=7 rows=13 loadErr=<nil>
[17:46:13.036] [DEBUG] loadTreeCmd start: cwd=/Users/iv/Developer/relux-proxy remote="" board="" user=""
[17:46:13.122] [INFO] loadTreeCmd success: roots=7
[17:46:13.122] [INFO] treeLoadedMsg applied: roots=7 rows=13 loadErr=<nil>
[17:46:23.038] [DEBUG] loadTreeCmd start: cwd=/Users/iv/Developer/relux-proxy remote="" board="" user=""
[17:46:23.123] [INFO] loadTreeCmd success: roots=7
[17:46:23.123] [INFO] treeLoadedMsg applied: roots=7 rows=13 loadErr=<nil>
[17:46:33.039] [DEBUG] loadTreeCmd start: cwd=/Users/iv/Developer/relux-proxy remote="" board="" user=""
[17:46:33.126] [INFO] loadTreeCmd success: roots=7
[17:46:33.127] [INFO] treeLoadedMsg applied: roots=7 rows=13 loadErr=<nil>
[17:46:43.039] [DEBUG] loadTreeCmd start: cwd=/Users/iv/Developer/relux-proxy remote="" board="" user=""
[17:46:43.127] [INFO] loadTreeCmd success: roots=7
[17:46:43.127] [INFO] treeLoadedMsg applied: roots=7 rows=13 loadErr=<nil>
[17:46:53.040] [DEBUG] loadTreeCmd start: cwd=/Users/iv/Developer/relux-proxy remote="" board="" user=""
[17:46:53.130] [INFO] loadTreeCmd success: roots=7
[17:46:53.131] [INFO] treeLoadedMsg applied: roots=7 rows=13 loadErr=<nil>
[17:47:03.040] [DEBUG] loadTreeCmd start: cwd=/Users/iv/Developer/relux-proxy remote="" board="" user=""
[17:47:03.125] [INFO] loadTreeCmd success: roots=7
[17:47:03.125] [INFO] treeLoadedMsg applied: roots=7 rows=13 loadErr=<nil>
[17:47:13.041] [DEBUG] loadTreeCmd start: cwd=/Users/iv/Developer/relux-proxy remote="" board="" user=""
[17:47:13.124] [INFO] loadTreeCmd success: roots=7
[17:47:13.124] [INFO] treeLoadedMsg applied: roots=7 rows=13 loadErr=<nil>
[17:47:23.041] [DEBUG] loadTreeCmd start: cwd=/Users/iv/Developer/relux-proxy remote="" board="" user=""
[17:47:23.132] [INFO] loadTreeCmd success: roots=7
[17:47:23.132] [INFO] treeLoadedMsg applied: roots=7 rows=13 loadErr=<nil>
[17:47:33.042] [DEBUG] loadTreeCmd start: cwd=/Users/iv/Developer/relux-proxy remote="" board="" user=""
[17:47:33.127] [INFO] loadTreeCmd success: roots=7
[17:47:33.127] [INFO] treeLoadedMsg applied: roots=7 rows=13 loadErr=<nil>
[17:47:43.043] [DEBUG] loadTreeCmd start: cwd=/Users/iv/Developer/relux-proxy remote="" board="" user=""
[17:47:43.128] [INFO] loadTreeCmd success: roots=7
[17:47:43.128] [INFO] treeLoadedMsg applied: roots=7 rows=13 loadErr=<nil>
[17:47:53.044] [DEBUG] loadTreeCmd start: cwd=/Users/iv/Developer/relux-proxy remote="" board="" user=""
[17:47:53.134] [INFO] loadTreeCmd success: roots=7
[17:47:53.134] [INFO] treeLoadedMsg applied: roots=7 rows=13 loadErr=<nil>
[17:48:03.045] [DEBUG] loadTreeCmd start: cwd=/Users/iv/Developer/relux-proxy remote="" board="" user=""
[17:48:03.133] [INFO] loadTreeCmd success: roots=7
[17:48:03.133] [INFO] treeLoadedMsg applied: roots=7 rows=13 loadErr=<nil>
[17:48:13.046] [DEBUG] loadTreeCmd start: cwd=/Users/iv/Developer/relux-proxy remote="" board="" user=""
[17:48:13.157] [INFO] loadTreeCmd success: roots=7
[17:48:13.157] [INFO] treeLoadedMsg applied: roots=7 rows=13 loadErr=<nil>
[17:48:23.048] [DEBUG] loadTreeCmd start: cwd=/Users/iv/Developer/relux-proxy remote="" board="" user=""
[17:48:23.151] [INFO] loadTreeCmd success: roots=7
[17:48:23.151] [INFO] treeLoadedMsg applied: roots=7 rows=13 loadErr=<nil>
[17:48:33.050] [DEBUG] loadTreeCmd start: cwd=/Users/iv/Developer/relux-proxy remote="" board="" user=""
[17:48:33.133] [INFO] loadTreeCmd success: roots=7
[17:48:33.133] [INFO] treeLoadedMsg applied: roots=7 rows=13 loadErr=<nil>
[17:48:43.052] [DEBUG] loadTreeCmd start: cwd=/Users/iv/Developer/relux-proxy remote="" board="" user=""
[17:48:43.139] [INFO] loadTreeCmd success: roots=7
[17:48:43.139] [INFO] treeLoadedMsg applied: roots=7 rows=13 loadErr=<nil>
[17:48:53.054] [DEBUG] loadTreeCmd start: cwd=/Users/iv/Developer/relux-proxy remote="" board="" user=""
[17:48:53.139] [INFO] loadTreeCmd success: roots=7
[17:48:53.139] [INFO] treeLoadedMsg applied: roots=7 rows=13 loadErr=<nil>
[17:49:03.056] [DEBUG] loadTreeCmd start: cwd=/Users/iv/Developer/relux-proxy remote="" board="" user=""
[17:49:03.140] [INFO] loadTreeCmd success: roots=7
[17:49:03.140] [INFO] treeLoadedMsg applied: roots=7 rows=13 loadErr=<nil>
[17:49:13.058] [DEBUG] loadTreeCmd start: cwd=/Users/iv/Developer/relux-proxy remote="" board="" user=""
[17:49:13.146] [INFO] loadTreeCmd success: roots=7
[17:49:13.146] [INFO] treeLoadedMsg applied: roots=7 rows=13 loadErr=<nil>
[17:49:23.058] [DEBUG] loadTreeCmd start: cwd=/Users/iv/Developer/relux-proxy remote="" board="" user=""
[17:49:23.144] [INFO] loadTreeCmd success: roots=7
[17:49:23.144] [INFO] treeLoadedMsg applied: roots=7 rows=13 loadErr=<nil>
[17:49:33.059] [DEBUG] loadTreeCmd start: cwd=/Users/iv/Developer/relux-proxy remote="" board="" user=""
[17:49:33.146] [INFO] loadTreeCmd success: roots=7
[17:49:33.146] [INFO] treeLoadedMsg applied: roots=7 rows=13 loadErr=<nil>
[17:49:43.059] [DEBUG] loadTreeCmd start: cwd=/Users/iv/Developer/relux-proxy remote="" board="" user=""
[17:49:43.143] [INFO] loadTreeCmd success: roots=7
[17:49:43.143] [INFO] treeLoadedMsg applied: roots=7 rows=13 loadErr=<nil>
[17:49:53.060] [DEBUG] loadTreeCmd start: cwd=/Users/iv/Developer/relux-proxy remote="" board="" user=""
[17:49:53.144] [INFO] loadTreeCmd success: roots=7
[17:49:53.144] [INFO] treeLoadedMsg applied: roots=7 rows=13 loadErr=<nil>
[17:50:03.060] [DEBUG] loadTreeCmd start: cwd=/Users/iv/Developer/relux-proxy remote="" board="" user=""
[17:50:03.143] [INFO] loadTreeCmd success: roots=7
[17:50:03.143] [INFO] treeLoadedMsg applied: roots=7 rows=13 loadErr=<nil>
[17:50:13.060] [DEBUG] loadTreeCmd start: cwd=/Users/iv/Developer/relux-proxy remote="" board="" user=""
[17:50:13.200] [INFO] loadTreeCmd success: roots=7
[17:50:13.200] [INFO] treeLoadedMsg applied: roots=7 rows=13 loadErr=<nil>
[17:50:23.061] [DEBUG] loadTreeCmd start: cwd=/Users/iv/Developer/relux-proxy remote="" board="" user=""
[17:50:23.146] [INFO] loadTreeCmd success: roots=7
[17:50:23.146] [INFO] treeLoadedMsg applied: roots=7 rows=13 loadErr=<nil>
[17:50:33.062] [DEBUG] loadTreeCmd start: cwd=/Users/iv/Developer/relux-proxy remote="" board="" user=""
[17:50:33.161] [INFO] loadTreeCmd success: roots=7
[17:50:33.161] [INFO] treeLoadedMsg applied: roots=7 rows=13 loadErr=<nil>
[17:50:43.063] [DEBUG] loadTreeCmd start: cwd=/Users/iv/Developer/relux-proxy remote="" board="" user=""
[17:50:43.150] [INFO] loadTreeCmd success: roots=7
[17:50:43.150] [INFO] treeLoadedMsg applied: roots=7 rows=13 loadErr=<nil>
[17:50:53.064] [DEBUG] loadTreeCmd start: cwd=/Users/iv/Developer/relux-proxy remote="" board="" user=""
[17:50:53.148] [INFO] loadTreeCmd success: roots=7
[17:50:53.148] [INFO] treeLoadedMsg applied: roots=7 rows=13 loadErr=<nil>
[17:51:03.068] [DEBUG] loadTreeCmd start: cwd=/Users/iv/Developer/relux-proxy remote="" board="" user=""
[17:51:03.215] [INFO] loadTreeCmd success: roots=7
[17:51:03.215] [INFO] treeLoadedMsg applied: roots=7 rows=13 loadErr=<nil>
[17:51:13.067] [DEBUG] loadTreeCmd start: cwd=/Users/iv/Developer/relux-proxy remote="" board="" user=""
[17:51:13.156] [INFO] loadTreeCmd success: roots=7
[17:51:13.156] [INFO] treeLoadedMsg applied: roots=7 rows=13 loadErr=<nil>
[17:51:23.069] [DEBUG] loadTreeCmd start: cwd=/Users/iv/Developer/relux-proxy remote="" board="" user=""
[17:51:23.154] [INFO] loadTreeCmd success: roots=7
[17:51:23.154] [INFO] treeLoadedMsg applied: roots=7 rows=13 loadErr=<nil>
[17:51:33.071] [DEBUG] loadTreeCmd start: cwd=/Users/iv/Developer/relux-proxy remote="" board="" user=""
[17:51:33.237] [INFO] loadTreeCmd success: roots=7
[17:51:33.237] [INFO] treeLoadedMsg applied: roots=7 rows=13 loadErr=<nil>
[17:51:43.073] [DEBUG] loadTreeCmd start: cwd=/Users/iv/Developer/relux-proxy remote="" board="" user=""
[17:51:43.166] [INFO] loadTreeCmd success: roots=7
[17:51:43.166] [INFO] treeLoadedMsg applied: roots=7 rows=13 loadErr=<nil>
[17:51:53.075] [DEBUG] loadTreeCmd start: cwd=/Users/iv/Developer/relux-proxy remote="" board="" user=""
[17:51:53.168] [INFO] loadTreeCmd success: roots=7
[17:51:53.168] [INFO] treeLoadedMsg applied: roots=7 rows=13 loadErr=<nil>
[17:52:03.076] [DEBUG] loadTreeCmd start: cwd=/Users/iv/Developer/relux-proxy remote="" board="" user=""
[17:52:03.161] [INFO] loadTreeCmd success: roots=7
[17:52:03.161] [INFO] treeLoadedMsg applied: roots=7 rows=13 loadErr=<nil>
[17:52:13.076] [DEBUG] loadTreeCmd start: cwd=/Users/iv/Developer/relux-proxy remote="" board="" user=""
[17:52:13.165] [INFO] loadTreeCmd success: roots=7
[17:52:13.165] [INFO] treeLoadedMsg applied: roots=7 rows=13 loadErr=<nil>
[17:52:23.078] [DEBUG] loadTreeCmd start: cwd=/Users/iv/Developer/relux-proxy remote="" board="" user=""
[17:52:23.177] [INFO] loadTreeCmd success: roots=7
[17:52:23.177] [INFO] treeLoadedMsg applied: roots=7 rows=13 loadErr=<nil>
[17:52:33.078] [DEBUG] loadTreeCmd start: cwd=/Users/iv/Developer/relux-proxy remote="" board="" user=""
[17:52:33.203] [INFO] loadTreeCmd success: roots=7
[17:52:33.203] [INFO] treeLoadedMsg applied: roots=7 rows=13 loadErr=<nil>
[17:52:43.078] [DEBUG] loadTreeCmd start: cwd=/Users/iv/Developer/relux-proxy remote="" board="" user=""
[17:52:43.165] [INFO] loadTreeCmd success: roots=7
[17:52:43.165] [INFO] treeLoadedMsg applied: roots=7 rows=13 loadErr=<nil>
[17:52:53.079] [DEBUG] loadTreeCmd start: cwd=/Users/iv/Developer/relux-proxy remote="" board="" user=""
[17:52:53.163] [INFO] loadTreeCmd success: roots=7
[17:52:53.163] [INFO] treeLoadedMsg applied: roots=7 rows=13 loadErr=<nil>
[17:53:03.079] [DEBUG] loadTreeCmd start: cwd=/Users/iv/Developer/relux-proxy remote="" board="" user=""
[17:53:03.166] [INFO] loadTreeCmd success: roots=7
[17:53:03.166] [INFO] treeLoadedMsg applied: roots=7 rows=13 loadErr=<nil>
[17:53:13.080] [DEBUG] loadTreeCmd start: cwd=/Users/iv/Developer/relux-proxy remote="" board="" user=""
[17:53:13.166] [INFO] loadTreeCmd success: roots=7
[17:53:13.166] [INFO] treeLoadedMsg applied: roots=7 rows=13 loadErr=<nil>
[17:53:23.080] [DEBUG] loadTreeCmd start: cwd=/Users/iv/Developer/relux-proxy remote="" board="" user=""
[17:53:23.165] [INFO] loadTreeCmd success: roots=7
[17:53:23.165] [INFO] treeLoadedMsg applied: roots=7 rows=13 loadErr=<nil>
[17:53:33.080] [DEBUG] loadTreeCmd start: cwd=/Users/iv/Developer/relux-proxy remote="" board="" user=""
[17:53:33.166] [INFO] loadTreeCmd success: roots=7
[17:53:33.166] [INFO] treeLoadedMsg applied: roots=7 rows=13 loadErr=<nil>
[17:53:43.081] [DEBUG] loadTreeCmd start: cwd=/Users/iv/Developer/relux-proxy remote="" board="" user=""
[17:53:43.170] [INFO] loadTreeCmd success: roots=7
[17:53:43.170] [INFO] treeLoadedMsg applied: roots=7 rows=13 loadErr=<nil>
[17:53:53.082] [DEBUG] loadTreeCmd start: cwd=/Users/iv/Developer/relux-proxy remote="" board="" user=""
[17:53:53.167] [INFO] loadTreeCmd success: roots=7
[17:53:53.168] [INFO] treeLoadedMsg applied: roots=7 rows=13 loadErr=<nil>
[17:54:03.083] [DEBUG] loadTreeCmd start: cwd=/Users/iv/Developer/relux-proxy remote="" board="" user=""
[17:54:03.171] [INFO] loadTreeCmd success: roots=7
[17:54:03.171] [INFO] treeLoadedMsg applied: roots=7 rows=13 loadErr=<nil>
[17:54:13.085] [DEBUG] loadTreeCmd start: cwd=/Users/iv/Developer/relux-proxy remote="" board="" user=""
[17:54:13.307] [INFO] loadTreeCmd success: roots=7
[17:54:13.307] [INFO] treeLoadedMsg applied: roots=7 rows=13 loadErr=<nil>
[17:54:23.086] [DEBUG] loadTreeCmd start: cwd=/Users/iv/Developer/relux-proxy remote="" board="" user=""
[17:54:23.187] [INFO] loadTreeCmd success: roots=7
[17:54:23.187] [INFO] treeLoadedMsg applied: roots=7 rows=13 loadErr=<nil>
[17:54:33.087] [DEBUG] loadTreeCmd start: cwd=/Users/iv/Developer/relux-proxy remote="" board="" user=""
[17:54:33.179] [INFO] loadTreeCmd success: roots=7
[17:54:33.179] [INFO] treeLoadedMsg applied: roots=7 rows=13 loadErr=<nil>
[17:54:43.089] [DEBUG] loadTreeCmd start: cwd=/Users/iv/Developer/relux-proxy remote="" board="" user=""
[17:54:43.173] [INFO] loadTreeCmd success: roots=7
[17:54:43.174] [INFO] treeLoadedMsg applied: roots=7 rows=13 loadErr=<nil>
[17:54:53.089] [DEBUG] loadTreeCmd start: cwd=/Users/iv/Developer/relux-proxy remote="" board="" user=""
[17:54:53.191] [INFO] loadTreeCmd success: roots=7
[17:54:53.191] [INFO] treeLoadedMsg applied: roots=7 rows=13 loadErr=<nil>
[17:55:03.091] [DEBUG] loadTreeCmd start: cwd=/Users/iv/Developer/relux-proxy remote="" board="" user=""
[17:55:03.176] [INFO] loadTreeCmd success: roots=7
[17:55:03.176] [INFO] treeLoadedMsg applied: roots=7 rows=13 loadErr=<nil>
[17:55:13.092] [DEBUG] loadTreeCmd start: cwd=/Users/iv/Developer/relux-proxy remote="" board="" user=""
[17:55:13.176] [INFO] loadTreeCmd success: roots=7
[17:55:13.177] [INFO] treeLoadedMsg applied: roots=7 rows=13 loadErr=<nil>
[17:55:23.094] [DEBUG] loadTreeCmd start: cwd=/Users/iv/Developer/relux-proxy remote="" board="" user=""
[17:55:23.180] [INFO] loadTreeCmd success: roots=7
[17:55:23.180] [INFO] treeLoadedMsg applied: roots=7 rows=13 loadErr=<nil>
[17:55:33.095] [DEBUG] loadTreeCmd start: cwd=/Users/iv/Developer/relux-proxy remote="" board="" user=""
[17:55:33.185] [INFO] loadTreeCmd success: roots=7
[17:55:33.185] [INFO] treeLoadedMsg applied: roots=7 rows=13 loadErr=<nil>
[17:55:43.098] [DEBUG] loadTreeCmd start: cwd=/Users/iv/Developer/relux-proxy remote="" board="" user=""
[17:55:43.185] [INFO] loadTreeCmd success: roots=7
[17:55:43.186] [INFO] treeLoadedMsg applied: roots=7 rows=13 loadErr=<nil>
[17:55:53.098] [DEBUG] loadTreeCmd start: cwd=/Users/iv/Developer/relux-proxy remote="" board="" user=""
[17:55:53.183] [INFO] loadTreeCmd success: roots=7
[17:55:53.184] [INFO] treeLoadedMsg applied: roots=7 rows=13 loadErr=<nil>
[17:56:03.098] [DEBUG] loadTreeCmd start: cwd=/Users/iv/Developer/relux-proxy remote="" board="" user=""
[17:56:03.185] [INFO] loadTreeCmd success: roots=7
[17:56:03.185] [INFO] treeLoadedMsg applied: roots=7 rows=13 loadErr=<nil>
[17:56:13.099] [DEBUG] loadTreeCmd start: cwd=/Users/iv/Developer/relux-proxy remote="" board="" user=""
[17:56:13.196] [INFO] loadTreeCmd success: roots=7
[17:56:13.196] [INFO] treeLoadedMsg applied: roots=7 rows=13 loadErr=<nil>
[17:56:23.100] [DEBUG] loadTreeCmd start: cwd=/Users/iv/Developer/relux-proxy remote="" board="" user=""
[17:56:23.207] [INFO] loadTreeCmd success: roots=7
[17:56:23.207] [INFO] treeLoadedMsg applied: roots=7 rows=13 loadErr=<nil>
[17:56:33.100] [DEBUG] loadTreeCmd start: cwd=/Users/iv/Developer/relux-proxy remote="" board="" user=""
[17:56:33.319] [INFO] loadTreeCmd success: roots=7
[17:56:33.319] [INFO] treeLoadedMsg applied: roots=7 rows=13 loadErr=<nil>
[17:56:43.101] [DEBUG] loadTreeCmd start: cwd=/Users/iv/Developer/relux-proxy remote="" board="" user=""
[17:56:43.192] [INFO] loadTreeCmd success: roots=7
[17:56:43.192] [INFO] treeLoadedMsg applied: roots=7 rows=13 loadErr=<nil>
[17:56:53.101] [DEBUG] loadTreeCmd start: cwd=/Users/iv/Developer/relux-proxy remote="" board="" user=""
[17:56:53.219] [INFO] loadTreeCmd success: roots=7
[17:56:53.219] [INFO] treeLoadedMsg applied: roots=7 rows=13 loadErr=<nil>
[17:57:03.102] [DEBUG] loadTreeCmd start: cwd=/Users/iv/Developer/relux-proxy remote="" board="" user=""
[17:57:03.198] [INFO] loadTreeCmd success: roots=7
[17:57:03.198] [INFO] treeLoadedMsg applied: roots=7 rows=13 loadErr=<nil>
[17:57:13.103] [DEBUG] loadTreeCmd start: cwd=/Users/iv/Developer/relux-proxy remote="" board="" user=""
[17:57:13.204] [INFO] loadTreeCmd success: roots=7
[17:57:13.204] [INFO] treeLoadedMsg applied: roots=7 rows=13 loadErr=<nil>
[17:57:23.104] [DEBUG] loadTreeCmd start: cwd=/Users/iv/Developer/relux-proxy remote="" board="" user=""
[17:57:23.199] [INFO] loadTreeCmd success: roots=7
[17:57:23.199] [INFO] treeLoadedMsg applied: roots=7 rows=13 loadErr=<nil>
[17:57:33.106] [DEBUG] loadTreeCmd start: cwd=/Users/iv/Developer/relux-proxy remote="" board="" user=""
[17:57:33.196] [INFO] loadTreeCmd success: roots=7
[17:57:33.197] [INFO] treeLoadedMsg applied: roots=7 rows=13 loadErr=<nil>
[17:57:43.108] [DEBUG] loadTreeCmd start: cwd=/Users/iv/Developer/relux-proxy remote="" board="" user=""
[17:57:43.194] [INFO] loadTreeCmd success: roots=7
[17:57:43.194] [INFO] treeLoadedMsg applied: roots=7 rows=13 loadErr=<nil>
[17:57:53.110] [DEBUG] loadTreeCmd start: cwd=/Users/iv/Developer/relux-proxy remote="" board="" user=""
[17:57:53.196] [INFO] loadTreeCmd success: roots=7
[17:57:53.196] [INFO] treeLoadedMsg applied: roots=7 rows=13 loadErr=<nil>
[17:58:03.110] [DEBUG] loadTreeCmd start: cwd=/Users/iv/Developer/relux-proxy remote="" board="" user=""
[17:58:03.195] [INFO] loadTreeCmd success: roots=7
[17:58:03.195] [INFO] treeLoadedMsg applied: roots=7 rows=13 loadErr=<nil>
[17:58:13.112] [DEBUG] loadTreeCmd start: cwd=/Users/iv/Developer/relux-proxy remote="" board="" user=""
[17:58:13.198] [INFO] loadTreeCmd success: roots=7
[17:58:13.198] [INFO] treeLoadedMsg applied: roots=7 rows=13 loadErr=<nil>
[17:58:23.115] [DEBUG] loadTreeCmd start: cwd=/Users/iv/Developer/relux-proxy remote="" board="" user=""
[17:58:23.198] [INFO] loadTreeCmd success: roots=7
[17:58:23.198] [INFO] treeLoadedMsg applied: roots=7 rows=13 loadErr=<nil>
[17:58:33.117] [DEBUG] loadTreeCmd start: cwd=/Users/iv/Developer/relux-proxy remote="" board="" user=""
[17:58:33.200] [INFO] loadTreeCmd success: roots=7
[17:58:33.201] [INFO] treeLoadedMsg applied: roots=7 rows=13 loadErr=<nil>
[17:58:43.117] [DEBUG] loadTreeCmd start: cwd=/Users/iv/Developer/relux-proxy remote="" board="" user=""
[17:58:43.207] [INFO] loadTreeCmd success: roots=7
[17:58:43.207] [INFO] treeLoadedMsg applied: roots=7 rows=13 loadErr=<nil>
[17:58:53.118] [DEBUG] loadTreeCmd start: cwd=/Users/iv/Developer/relux-proxy remote="" board="" user=""
[17:58:53.201] [INFO] loadTreeCmd success: roots=7
[17:58:53.202] [INFO] treeLoadedMsg applied: roots=7 rows=13 loadErr=<nil>
[17:59:03.118] [DEBUG] loadTreeCmd start: cwd=/Users/iv/Developer/relux-proxy remote="" board="" user=""
[17:59:03.203] [INFO] loadTreeCmd success: roots=7
[17:59:03.203] [INFO] treeLoadedMsg applied: roots=7 rows=13 loadErr=<nil>
[17:59:13.118] [DEBUG] loadTreeCmd start: cwd=/Users/iv/Developer/relux-proxy remote="" board="" user=""
[17:59:13.202] [INFO] loadTreeCmd success: roots=7
[17:59:13.202] [INFO] treeLoadedMsg applied: roots=7 rows=13 loadErr=<nil>
[17:59:23.119] [DEBUG] loadTreeCmd start: cwd=/Users/iv/Developer/relux-proxy remote="" board="" user=""
[17:59:23.204] [INFO] loadTreeCmd success: roots=7
[17:59:23.205] [INFO] treeLoadedMsg applied: roots=7 rows=13 loadErr=<nil>
[17:59:33.120] [DEBUG] loadTreeCmd start: cwd=/Users/iv/Developer/relux-proxy remote="" board="" user=""
[17:59:33.203] [INFO] loadTreeCmd success: roots=7
[17:59:33.203] [INFO] treeLoadedMsg applied: roots=7 rows=13 loadErr=<nil>
[17:59:43.111] [DEBUG] loadTreeCmd start: cwd=/Users/iv/Developer/relux-proxy remote="" board="" user=""
[17:59:43.198] [INFO] loadTreeCmd success: roots=7
[17:59:43.198] [INFO] treeLoadedMsg applied: roots=7 rows=13 loadErr=<nil>
[17:59:53.101] [DEBUG] loadTreeCmd start: cwd=/Users/iv/Developer/relux-proxy remote="" board="" user=""
[17:59:53.193] [INFO] loadTreeCmd success: roots=7
[17:59:53.194] [INFO] treeLoadedMsg applied: roots=7 rows=13 loadErr=<nil>
[18:00:03.095] [DEBUG] loadTreeCmd start: cwd=/Users/iv/Developer/relux-proxy remote="" board="" user=""
[18:00:03.315] [INFO] loadTreeCmd success: roots=7
[18:00:03.315] [INFO] treeLoadedMsg applied: roots=7 rows=13 loadErr=<nil>
[18:00:13.094] [DEBUG] loadTreeCmd start: cwd=/Users/iv/Developer/relux-proxy remote="" board="" user=""
[18:00:13.180] [INFO] loadTreeCmd success: roots=7
[18:00:13.180] [INFO] treeLoadedMsg applied: roots=7 rows=13 loadErr=<nil>
[18:00:23.093] [DEBUG] loadTreeCmd start: cwd=/Users/iv/Developer/relux-proxy remote="" board="" user=""
[18:00:23.179] [INFO] loadTreeCmd success: roots=7
[18:00:23.179] [INFO] treeLoadedMsg applied: roots=7 rows=13 loadErr=<nil>
[18:00:33.094] [DEBUG] loadTreeCmd start: cwd=/Users/iv/Developer/relux-proxy remote="" board="" user=""
[18:00:33.177] [INFO] loadTreeCmd success: roots=7
[18:00:33.177] [INFO] treeLoadedMsg applied: roots=7 rows=13 loadErr=<nil>
[18:00:43.093] [DEBUG] loadTreeCmd start: cwd=/Users/iv/Developer/relux-proxy remote="" board="" user=""
[18:00:43.178] [INFO] loadTreeCmd success: roots=7
[18:00:43.178] [INFO] treeLoadedMsg applied: roots=7 rows=13 loadErr=<nil>
[18:00:53.094] [DEBUG] loadTreeCmd start: cwd=/Users/iv/Developer/relux-proxy remote="" board="" user=""
[18:00:53.179] [INFO] loadTreeCmd success: roots=7
[18:00:53.179] [INFO] treeLoadedMsg applied: roots=7 rows=13 loadErr=<nil>
[18:01:03.096] [DEBUG] loadTreeCmd start: cwd=/Users/iv/Developer/relux-proxy remote="" board="" user=""
[18:01:03.182] [INFO] loadTreeCmd success: roots=7
[18:01:03.182] [INFO] treeLoadedMsg applied: roots=7 rows=13 loadErr=<nil>
[18:01:13.097] [DEBUG] loadTreeCmd start: cwd=/Users/iv/Developer/relux-proxy remote="" board="" user=""
[18:01:13.181] [INFO] loadTreeCmd success: roots=7
[18:01:13.182] [INFO] treeLoadedMsg applied: roots=7 rows=13 loadErr=<nil>
[18:01:23.098] [DEBUG] loadTreeCmd start: cwd=/Users/iv/Developer/relux-proxy remote="" board="" user=""
[18:01:23.188] [INFO] loadTreeCmd success: roots=7
[18:01:23.188] [INFO] treeLoadedMsg applied: roots=7 rows=13 loadErr=<nil>
[18:01:33.101] [DEBUG] loadTreeCmd start: cwd=/Users/iv/Developer/relux-proxy remote="" board="" user=""
[18:01:33.215] [INFO] loadTreeCmd success: roots=7
[18:01:33.215] [INFO] treeLoadedMsg applied: roots=7 rows=13 loadErr=<nil>
[18:01:43.102] [DEBUG] loadTreeCmd start: cwd=/Users/iv/Developer/relux-proxy remote="" board="" user=""
[18:01:43.188] [INFO] loadTreeCmd success: roots=7
[18:01:43.189] [INFO] treeLoadedMsg applied: roots=7 rows=13 loadErr=<nil>
[18:01:53.103] [DEBUG] loadTreeCmd start: cwd=/Users/iv/Developer/relux-proxy remote="" board="" user=""
[18:01:53.189] [INFO] loadTreeCmd success: roots=7
[18:01:53.189] [INFO] treeLoadedMsg applied: roots=7 rows=13 loadErr=<nil>
[18:02:03.103] [DEBUG] loadTreeCmd start: cwd=/Users/iv/Developer/relux-proxy remote="" board="" user=""
[18:02:03.192] [INFO] loadTreeCmd success: roots=7
[18:02:03.193] [INFO] treeLoadedMsg applied: roots=7 rows=13 loadErr=<nil>
[18:02:13.103] [DEBUG] loadTreeCmd start: cwd=/Users/iv/Developer/relux-proxy remote="" board="" user=""
[18:02:13.195] [INFO] loadTreeCmd success: roots=7
[18:02:13.195] [INFO] treeLoadedMsg applied: roots=7 rows=13 loadErr=<nil>
[18:02:23.104] [DEBUG] loadTreeCmd start: cwd=/Users/iv/Developer/relux-proxy remote="" board="" user=""
[18:02:23.189] [INFO] loadTreeCmd success: roots=7
[18:02:23.189] [INFO] treeLoadedMsg applied: roots=7 rows=13 loadErr=<nil>
[18:02:33.104] [DEBUG] loadTreeCmd start: cwd=/Users/iv/Developer/relux-proxy remote="" board="" user=""
[18:02:33.210] [INFO] loadTreeCmd success: roots=7
[18:02:33.210] [INFO] treeLoadedMsg applied: roots=7 rows=13 loadErr=<nil>
[18:02:43.105] [DEBUG] loadTreeCmd start: cwd=/Users/iv/Developer/relux-proxy remote="" board="" user=""
[18:02:43.190] [INFO] loadTreeCmd success: roots=7
[18:02:43.190] [INFO] treeLoadedMsg applied: roots=7 rows=13 loadErr=<nil>
[18:02:53.105] [DEBUG] loadTreeCmd start: cwd=/Users/iv/Developer/relux-proxy remote="" board="" user=""
[18:02:53.193] [INFO] loadTreeCmd success: roots=7
[18:02:53.193] [INFO] treeLoadedMsg applied: roots=7 rows=13 loadErr=<nil>
[18:03:03.106] [DEBUG] loadTreeCmd start: cwd=/Users/iv/Developer/relux-proxy remote="" board="" user=""
[18:03:03.192] [INFO] loadTreeCmd success: roots=7
[18:03:03.192] [INFO] treeLoadedMsg applied: roots=7 rows=13 loadErr=<nil>
[18:03:13.106] [DEBUG] loadTreeCmd start: cwd=/Users/iv/Developer/relux-proxy remote="" board="" user=""
[18:03:13.189] [INFO] loadTreeCmd success: roots=7
[18:03:13.190] [INFO] treeLoadedMsg applied: roots=7 rows=13 loadErr=<nil>
[18:03:23.107] [DEBUG] loadTreeCmd start: cwd=/Users/iv/Developer/relux-proxy remote="" board="" user=""
[18:03:23.193] [INFO] loadTreeCmd success: roots=7
[18:03:23.193] [INFO] treeLoadedMsg applied: roots=7 rows=13 loadErr=<nil>
[18:03:33.108] [DEBUG] loadTreeCmd start: cwd=/Users/iv/Developer/relux-proxy remote="" board="" user=""
[18:03:33.193] [INFO] loadTreeCmd success: roots=7
[18:03:33.193] [INFO] treeLoadedMsg applied: roots=7 rows=13 loadErr=<nil>
[18:03:43.109] [DEBUG] loadTreeCmd start: cwd=/Users/iv/Developer/relux-proxy remote="" board="" user=""
[18:03:43.199] [INFO] loadTreeCmd success: roots=7
[18:03:43.200] [INFO] treeLoadedMsg applied: roots=7 rows=13 loadErr=<nil>
[18:03:53.111] [DEBUG] loadTreeCmd start: cwd=/Users/iv/Developer/relux-proxy remote="" board="" user=""
[18:03:53.191] [INFO] loadTreeCmd success: roots=7
[18:03:53.192] [INFO] treeLoadedMsg applied: roots=7 rows=13 loadErr=<nil>
[18:04:03.112] [DEBUG] loadTreeCmd start: cwd=/Users/iv/Developer/relux-proxy remote="" board="" user=""
[18:04:03.199] [INFO] loadTreeCmd success: roots=7
[18:04:03.199] [INFO] treeLoadedMsg applied: roots=7 rows=13 loadErr=<nil>
[18:04:13.115] [DEBUG] loadTreeCmd start: cwd=/Users/iv/Developer/relux-proxy remote="" board="" user=""
[18:04:13.205] [INFO] loadTreeCmd success: roots=7
[18:04:13.206] [INFO] treeLoadedMsg applied: roots=7 rows=13 loadErr=<nil>
[18:04:23.117] [DEBUG] loadTreeCmd start: cwd=/Users/iv/Developer/relux-proxy remote="" board="" user=""
[18:04:23.204] [INFO] loadTreeCmd success: roots=7
[18:04:23.204] [INFO] treeLoadedMsg applied: roots=7 rows=13 loadErr=<nil>
[18:04:33.119] [DEBUG] loadTreeCmd start: cwd=/Users/iv/Developer/relux-proxy remote="" board="" user=""
[18:04:33.277] [INFO] loadTreeCmd success: roots=7
[18:04:33.277] [INFO] treeLoadedMsg applied: roots=7 rows=13 loadErr=<nil>
[18:04:43.121] [DEBUG] loadTreeCmd start: cwd=/Users/iv/Developer/relux-proxy remote="" board="" user=""
[18:04:43.211] [INFO] loadTreeCmd success: roots=7
[18:04:43.211] [INFO] treeLoadedMsg applied: roots=7 rows=13 loadErr=<nil>
[18:04:53.122] [DEBUG] loadTreeCmd start: cwd=/Users/iv/Developer/relux-proxy remote="" board="" user=""
[18:04:53.293] [INFO] loadTreeCmd success: roots=7
[18:04:53.293] [INFO] treeLoadedMsg applied: roots=7 rows=13 loadErr=<nil>
[18:05:03.122] [DEBUG] loadTreeCmd start: cwd=/Users/iv/Developer/relux-proxy remote="" board="" user=""
[18:05:03.213] [INFO] loadTreeCmd success: roots=7
[18:05:03.213] [INFO] treeLoadedMsg applied: roots=7 rows=13 loadErr=<nil>
[18:05:13.122] [DEBUG] loadTreeCmd start: cwd=/Users/iv/Developer/relux-proxy remote="" board="" user=""
[18:05:13.208] [INFO] loadTreeCmd success: roots=7
[18:05:13.208] [INFO] treeLoadedMsg applied: roots=7 rows=13 loadErr=<nil>
[18:05:23.124] [DEBUG] loadTreeCmd start: cwd=/Users/iv/Developer/relux-proxy remote="" board="" user=""
[18:05:23.225] [INFO] loadTreeCmd success: roots=7
[18:05:23.226] [INFO] treeLoadedMsg applied: roots=7 rows=13 loadErr=<nil>
[18:05:33.125] [DEBUG] loadTreeCmd start: cwd=/Users/iv/Developer/relux-proxy remote="" board="" user=""
[18:05:33.210] [INFO] loadTreeCmd success: roots=7
[18:05:33.210] [INFO] treeLoadedMsg applied: roots=7 rows=13 loadErr=<nil>
[18:05:43.126] [DEBUG] loadTreeCmd start: cwd=/Users/iv/Developer/relux-proxy remote="" board="" user=""
[18:05:43.211] [INFO] loadTreeCmd success: roots=7
[18:05:43.211] [INFO] treeLoadedMsg applied: roots=7 rows=13 loadErr=<nil>
[18:05:53.126] [DEBUG] loadTreeCmd start: cwd=/Users/iv/Developer/relux-proxy remote="" board="" user=""
[18:05:53.213] [INFO] loadTreeCmd success: roots=7
[18:05:53.213] [INFO] treeLoadedMsg applied: roots=7 rows=13 loadErr=<nil>
[18:06:03.128] [DEBUG] loadTreeCmd start: cwd=/Users/iv/Developer/relux-proxy remote="" board="" user=""
[18:06:03.216] [INFO] loadTreeCmd success: roots=7
[18:06:03.216] [INFO] treeLoadedMsg applied: roots=7 rows=13 loadErr=<nil>
[18:06:13.128] [DEBUG] loadTreeCmd start: cwd=/Users/iv/Developer/relux-proxy remote="" board="" user=""
[18:06:13.212] [INFO] loadTreeCmd success: roots=7
[18:06:13.212] [INFO] treeLoadedMsg applied: roots=7 rows=13 loadErr=<nil>
[18:06:23.129] [DEBUG] loadTreeCmd start: cwd=/Users/iv/Developer/relux-proxy remote="" board="" user=""
[18:06:23.214] [INFO] loadTreeCmd success: roots=7
[18:06:23.215] [INFO] treeLoadedMsg applied: roots=7 rows=13 loadErr=<nil>
[18:06:33.131] [DEBUG] loadTreeCmd start: cwd=/Users/iv/Developer/relux-proxy remote="" board="" user=""
[18:06:33.222] [INFO] loadTreeCmd success: roots=7
[18:06:33.222] [INFO] treeLoadedMsg applied: roots=7 rows=13 loadErr=<nil>
[18:06:43.132] [DEBUG] loadTreeCmd start: cwd=/Users/iv/Developer/relux-proxy remote="" board="" user=""
[18:06:43.221] [INFO] loadTreeCmd success: roots=7
[18:06:43.221] [INFO] treeLoadedMsg applied: roots=7 rows=13 loadErr=<nil>
[18:06:53.134] [DEBUG] loadTreeCmd start: cwd=/Users/iv/Developer/relux-proxy remote="" board="" user=""
[18:06:53.224] [INFO] loadTreeCmd success: roots=7
[18:06:53.224] [INFO] treeLoadedMsg applied: roots=7 rows=13 loadErr=<nil>
[18:07:03.135] [DEBUG] loadTreeCmd start: cwd=/Users/iv/Developer/relux-proxy remote="" board="" user=""
[18:07:03.223] [INFO] loadTreeCmd success: roots=7
[18:07:03.223] [INFO] treeLoadedMsg applied: roots=7 rows=13 loadErr=<nil>
[18:07:13.137] [DEBUG] loadTreeCmd start: cwd=/Users/iv/Developer/relux-proxy remote="" board="" user=""
[18:07:13.225] [INFO] loadTreeCmd success: roots=7
[18:07:13.225] [INFO] treeLoadedMsg applied: roots=7 rows=13 loadErr=<nil>
[18:07:23.140] [DEBUG] loadTreeCmd start: cwd=/Users/iv/Developer/relux-proxy remote="" board="" user=""
[18:07:23.228] [INFO] loadTreeCmd success: roots=7
[18:07:23.228] [INFO] treeLoadedMsg applied: roots=7 rows=13 loadErr=<nil>
[18:07:33.140] [DEBUG] loadTreeCmd start: cwd=/Users/iv/Developer/relux-proxy remote="" board="" user=""
[18:07:33.229] [INFO] loadTreeCmd success: roots=7
[18:07:33.229] [INFO] treeLoadedMsg applied: roots=7 rows=13 loadErr=<nil>
[18:07:43.140] [DEBUG] loadTreeCmd start: cwd=/Users/iv/Developer/relux-proxy remote="" board="" user=""
[18:07:43.224] [INFO] loadTreeCmd success: roots=7
[18:07:43.224] [INFO] treeLoadedMsg applied: roots=7 rows=13 loadErr=<nil>
[18:07:53.140] [DEBUG] loadTreeCmd start: cwd=/Users/iv/Developer/relux-proxy remote="" board="" user=""
[18:07:53.226] [INFO] loadTreeCmd success: roots=7
[18:07:53.226] [INFO] treeLoadedMsg applied: roots=7 rows=13 loadErr=<nil>
[18:08:03.141] [DEBUG] loadTreeCmd start: cwd=/Users/iv/Developer/relux-proxy remote="" board="" user=""
[18:08:03.234] [INFO] loadTreeCmd success: roots=7
[18:08:03.234] [INFO] treeLoadedMsg applied: roots=7 rows=13 loadErr=<nil>
[18:08:13.141] [DEBUG] loadTreeCmd start: cwd=/Users/iv/Developer/relux-proxy remote="" board="" user=""
[18:08:13.231] [INFO] loadTreeCmd success: roots=7
[18:08:13.231] [INFO] treeLoadedMsg applied: roots=7 rows=13 loadErr=<nil>
[18:08:23.141] [DEBUG] loadTreeCmd start: cwd=/Users/iv/Developer/relux-proxy remote="" board="" user=""
[18:08:23.229] [INFO] loadTreeCmd success: roots=7
[18:08:23.229] [INFO] treeLoadedMsg applied: roots=7 rows=13 loadErr=<nil>
[18:08:33.142] [DEBUG] loadTreeCmd start: cwd=/Users/iv/Developer/relux-proxy remote="" board="" user=""
[18:08:33.230] [INFO] loadTreeCmd success: roots=7
[18:08:33.230] [INFO] treeLoadedMsg applied: roots=7 rows=13 loadErr=<nil>
[18:08:43.143] [DEBUG] loadTreeCmd start: cwd=/Users/iv/Developer/relux-proxy remote="" board="" user=""
[18:08:43.237] [INFO] loadTreeCmd success: roots=7
[18:08:43.237] [INFO] treeLoadedMsg applied: roots=7 rows=13 loadErr=<nil>
[18:08:53.143] [DEBUG] loadTreeCmd start: cwd=/Users/iv/Developer/relux-proxy remote="" board="" user=""
[18:08:53.232] [INFO] loadTreeCmd success: roots=7
[18:08:53.232] [INFO] treeLoadedMsg applied: roots=7 rows=13 loadErr=<nil>
[18:09:03.144] [DEBUG] loadTreeCmd start: cwd=/Users/iv/Developer/relux-proxy remote="" board="" user=""
[18:09:03.233] [INFO] loadTreeCmd success: roots=7
[18:09:03.233] [INFO] treeLoadedMsg applied: roots=7 rows=13 loadErr=<nil>
[18:09:13.144] [DEBUG] loadTreeCmd start: cwd=/Users/iv/Developer/relux-proxy remote="" board="" user=""
[18:09:13.228] [INFO] loadTreeCmd success: roots=7
[18:09:13.228] [INFO] treeLoadedMsg applied: roots=7 rows=13 loadErr=<nil>
[18:09:23.145] [DEBUG] loadTreeCmd start: cwd=/Users/iv/Developer/relux-proxy remote="" board="" user=""
[18:09:23.229] [INFO] loadTreeCmd success: roots=7
[18:09:23.229] [INFO] treeLoadedMsg applied: roots=7 rows=13 loadErr=<nil>
[18:09:33.147] [DEBUG] loadTreeCmd start: cwd=/Users/iv/Developer/relux-proxy remote="" board="" user=""
[18:09:33.236] [INFO] loadTreeCmd success: roots=7
[18:09:33.236] [INFO] treeLoadedMsg applied: roots=7 rows=13 loadErr=<nil>
[18:09:43.148] [DEBUG] loadTreeCmd start: cwd=/Users/iv/Developer/relux-proxy remote="" board="" user=""
[18:09:43.229] [INFO] loadTreeCmd success: roots=7
[18:09:43.230] [INFO] treeLoadedMsg applied: roots=7 rows=13 loadErr=<nil>
[18:09:53.150] [DEBUG] loadTreeCmd start: cwd=/Users/iv/Developer/relux-proxy remote="" board="" user=""
[18:09:53.235] [INFO] loadTreeCmd success: roots=7
[18:09:53.235] [INFO] treeLoadedMsg applied: roots=7 rows=13 loadErr=<nil>
[18:10:03.152] [DEBUG] loadTreeCmd start: cwd=/Users/iv/Developer/relux-proxy remote="" board="" user=""
[18:10:03.244] [INFO] loadTreeCmd success: roots=7
[18:10:03.245] [INFO] treeLoadedMsg applied: roots=7 rows=13 loadErr=<nil>
[18:10:13.154] [DEBUG] loadTreeCmd start: cwd=/Users/iv/Developer/relux-proxy remote="" board="" user=""
[18:10:13.239] [INFO] loadTreeCmd success: roots=7
[18:10:13.240] [INFO] treeLoadedMsg applied: roots=7 rows=13 loadErr=<nil>
[18:10:23.156] [DEBUG] loadTreeCmd start: cwd=/Users/iv/Developer/relux-proxy remote="" board="" user=""
[18:10:23.245] [INFO] loadTreeCmd success: roots=7
[18:10:23.245] [INFO] treeLoadedMsg applied: roots=7 rows=13 loadErr=<nil>
[18:10:33.158] [DEBUG] loadTreeCmd start: cwd=/Users/iv/Developer/relux-proxy remote="" board="" user=""
[18:10:33.246] [INFO] loadTreeCmd success: roots=7
[18:10:33.246] [INFO] treeLoadedMsg applied: roots=7 rows=13 loadErr=<nil>
[18:10:43.158] [DEBUG] loadTreeCmd start: cwd=/Users/iv/Developer/relux-proxy remote="" board="" user=""
[18:10:43.246] [INFO] loadTreeCmd success: roots=7
[18:10:43.247] [INFO] treeLoadedMsg applied: roots=7 rows=13 loadErr=<nil>
[18:10:53.159] [DEBUG] loadTreeCmd start: cwd=/Users/iv/Developer/relux-proxy remote="" board="" user=""
[18:10:53.249] [INFO] loadTreeCmd success: roots=7
[18:10:53.249] [INFO] treeLoadedMsg applied: roots=7 rows=13 loadErr=<nil>
[18:11:03.159] [DEBUG] loadTreeCmd start: cwd=/Users/iv/Developer/relux-proxy remote="" board="" user=""
[18:11:03.251] [INFO] loadTreeCmd success: roots=7
[18:11:03.251] [INFO] treeLoadedMsg applied: roots=7 rows=13 loadErr=<nil>
[18:11:13.160] [DEBUG] loadTreeCmd start: cwd=/Users/iv/Developer/relux-proxy remote="" board="" user=""
[18:11:13.248] [INFO] loadTreeCmd success: roots=7
[18:11:13.249] [INFO] treeLoadedMsg applied: roots=7 rows=13 loadErr=<nil>
[18:11:23.161] [DEBUG] loadTreeCmd start: cwd=/Users/iv/Developer/relux-proxy remote="" board="" user=""
[18:11:23.252] [INFO] loadTreeCmd success: roots=7
[18:11:23.252] [INFO] treeLoadedMsg applied: roots=7 rows=13 loadErr=<nil>
[18:11:33.161] [DEBUG] loadTreeCmd start: cwd=/Users/iv/Developer/relux-proxy remote="" board="" user=""
[18:11:33.245] [INFO] loadTreeCmd success: roots=7
[18:11:33.245] [INFO] treeLoadedMsg applied: roots=7 rows=13 loadErr=<nil>
[18:11:43.162] [DEBUG] loadTreeCmd start: cwd=/Users/iv/Developer/relux-proxy remote="" board="" user=""
[18:11:43.251] [INFO] loadTreeCmd success: roots=7
[18:11:43.251] [INFO] treeLoadedMsg applied: roots=7 rows=13 loadErr=<nil>
[18:11:53.163] [DEBUG] loadTreeCmd start: cwd=/Users/iv/Developer/relux-proxy remote="" board="" user=""
[18:11:53.247] [INFO] loadTreeCmd success: roots=7
[18:11:53.247] [INFO] treeLoadedMsg applied: roots=7 rows=13 loadErr=<nil>
[18:12:03.164] [DEBUG] loadTreeCmd start: cwd=/Users/iv/Developer/relux-proxy remote="" board="" user=""
[18:12:03.256] [INFO] loadTreeCmd success: roots=7
[18:12:03.257] [INFO] treeLoadedMsg applied: roots=7 rows=13 loadErr=<nil>
[18:12:13.166] [DEBUG] loadTreeCmd start: cwd=/Users/iv/Developer/relux-proxy remote="" board="" user=""
[18:12:13.250] [INFO] loadTreeCmd success: roots=7
[18:12:13.250] [INFO] treeLoadedMsg applied: roots=7 rows=13 loadErr=<nil>
[18:12:23.168] [DEBUG] loadTreeCmd start: cwd=/Users/iv/Developer/relux-proxy remote="" board="" user=""
[18:12:23.258] [INFO] loadTreeCmd success: roots=7
[18:12:23.258] [INFO] treeLoadedMsg applied: roots=7 rows=13 loadErr=<nil>
[18:12:33.168] [DEBUG] loadTreeCmd start: cwd=/Users/iv/Developer/relux-proxy remote="" board="" user=""
[18:12:33.254] [INFO] loadTreeCmd success: roots=7
[18:12:33.255] [INFO] treeLoadedMsg applied: roots=7 rows=13 loadErr=<nil>
[18:12:43.169] [DEBUG] loadTreeCmd start: cwd=/Users/iv/Developer/relux-proxy remote="" board="" user=""
[18:12:43.259] [INFO] loadTreeCmd success: roots=7
[18:12:43.259] [INFO] treeLoadedMsg applied: roots=7 rows=13 loadErr=<nil>
[18:12:53.169] [DEBUG] loadTreeCmd start: cwd=/Users/iv/Developer/relux-proxy remote="" board="" user=""
[18:12:53.259] [INFO] loadTreeCmd success: roots=7
[18:12:53.260] [INFO] treeLoadedMsg applied: roots=7 rows=13 loadErr=<nil>
[18:13:03.172] [DEBUG] loadTreeCmd start: cwd=/Users/iv/Developer/relux-proxy remote="" board="" user=""
[18:13:03.261] [INFO] loadTreeCmd success: roots=7
[18:13:03.261] [INFO] treeLoadedMsg applied: roots=7 rows=13 loadErr=<nil>
[18:13:13.173] [DEBUG] loadTreeCmd start: cwd=/Users/iv/Developer/relux-proxy remote="" board="" user=""
[18:13:13.264] [INFO] loadTreeCmd success: roots=7
[18:13:13.264] [INFO] treeLoadedMsg applied: roots=7 rows=13 loadErr=<nil>
[18:13:23.176] [DEBUG] loadTreeCmd start: cwd=/Users/iv/Developer/relux-proxy remote="" board="" user=""
[18:13:23.266] [INFO] loadTreeCmd success: roots=7
[18:13:23.266] [INFO] treeLoadedMsg applied: roots=7 rows=13 loadErr=<nil>
[18:13:33.176] [DEBUG] loadTreeCmd start: cwd=/Users/iv/Developer/relux-proxy remote="" board="" user=""
[18:13:33.267] [INFO] loadTreeCmd success: roots=7
[18:13:33.267] [INFO] treeLoadedMsg applied: roots=7 rows=13 loadErr=<nil>
[18:13:43.177] [DEBUG] loadTreeCmd start: cwd=/Users/iv/Developer/relux-proxy remote="" board="" user=""
[18:13:43.264] [INFO] loadTreeCmd success: roots=7
[18:13:43.264] [INFO] treeLoadedMsg applied: roots=7 rows=13 loadErr=<nil>
[18:13:53.177] [DEBUG] loadTreeCmd start: cwd=/Users/iv/Developer/relux-proxy remote="" board="" user=""
[18:13:53.268] [INFO] loadTreeCmd success: roots=7
[18:13:53.268] [INFO] treeLoadedMsg applied: roots=7 rows=13 loadErr=<nil>
[18:14:03.178] [DEBUG] loadTreeCmd start: cwd=/Users/iv/Developer/relux-proxy remote="" board="" user=""
[18:14:03.265] [INFO] loadTreeCmd success: roots=7
[18:14:03.266] [INFO] treeLoadedMsg applied: roots=7 rows=13 loadErr=<nil>
[18:14:13.178] [DEBUG] loadTreeCmd start: cwd=/Users/iv/Developer/relux-proxy remote="" board="" user=""
[18:14:13.266] [INFO] loadTreeCmd success: roots=7
[18:14:13.266] [INFO] treeLoadedMsg applied: roots=7 rows=13 loadErr=<nil>
[18:14:23.178] [DEBUG] loadTreeCmd start: cwd=/Users/iv/Developer/relux-proxy remote="" board="" user=""
[18:14:23.266] [INFO] loadTreeCmd success: roots=7
[18:14:23.266] [INFO] treeLoadedMsg applied: roots=7 rows=13 loadErr=<nil>
[18:14:33.179] [DEBUG] loadTreeCmd start: cwd=/Users/iv/Developer/relux-proxy remote="" board="" user=""
[18:14:33.266] [INFO] loadTreeCmd success: roots=7
[18:14:33.266] [INFO] treeLoadedMsg applied: roots=7 rows=13 loadErr=<nil>
[18:14:43.179] [DEBUG] loadTreeCmd start: cwd=/Users/iv/Developer/relux-proxy remote="" board="" user=""
[18:14:43.262] [INFO] loadTreeCmd success: roots=7
[18:14:43.262] [INFO] treeLoadedMsg applied: roots=7 rows=13 loadErr=<nil>
[18:14:53.180] [DEBUG] loadTreeCmd start: cwd=/Users/iv/Developer/relux-proxy remote="" board="" user=""
[18:14:53.270] [INFO] loadTreeCmd success: roots=7
[18:14:53.270] [INFO] treeLoadedMsg applied: roots=7 rows=13 loadErr=<nil>
[18:15:03.180] [DEBUG] loadTreeCmd start: cwd=/Users/iv/Developer/relux-proxy remote="" board="" user=""
[18:15:03.268] [INFO] loadTreeCmd success: roots=7
[18:15:03.268] [INFO] treeLoadedMsg applied: roots=7 rows=13 loadErr=<nil>
[18:15:13.181] [DEBUG] loadTreeCmd start: cwd=/Users/iv/Developer/relux-proxy remote="" board="" user=""
[18:15:13.271] [INFO] loadTreeCmd success: roots=7
[18:15:13.271] [INFO] treeLoadedMsg applied: roots=7 rows=13 loadErr=<nil>
[18:15:23.182] [DEBUG] loadTreeCmd start: cwd=/Users/iv/Developer/relux-proxy remote="" board="" user=""
[18:15:23.272] [INFO] loadTreeCmd success: roots=7
[18:15:23.272] [INFO] treeLoadedMsg applied: roots=7 rows=13 loadErr=<nil>
[18:15:33.183] [DEBUG] loadTreeCmd start: cwd=/Users/iv/Developer/relux-proxy remote="" board="" user=""
[18:15:33.266] [INFO] loadTreeCmd success: roots=7
[18:15:33.266] [INFO] treeLoadedMsg applied: roots=7 rows=13 loadErr=<nil>
[18:15:43.170] [DEBUG] loadTreeCmd start: cwd=/Users/iv/Developer/relux-proxy remote="" board="" user=""
[18:15:43.259] [INFO] loadTreeCmd success: roots=7
[18:15:43.260] [INFO] treeLoadedMsg applied: roots=7 rows=13 loadErr=<nil>
[18:15:53.159] [DEBUG] loadTreeCmd start: cwd=/Users/iv/Developer/relux-proxy remote="" board="" user=""
[18:15:53.263] [INFO] loadTreeCmd success: roots=7
[18:15:53.263] [INFO] treeLoadedMsg applied: roots=7 rows=13 loadErr=<nil>
[18:16:03.154] [DEBUG] loadTreeCmd start: cwd=/Users/iv/Developer/relux-proxy remote="" board="" user=""
[18:16:03.246] [INFO] loadTreeCmd success: roots=7
[18:16:03.246] [INFO] treeLoadedMsg applied: roots=7 rows=13 loadErr=<nil>
[18:16:13.152] [DEBUG] loadTreeCmd start: cwd=/Users/iv/Developer/relux-proxy remote="" board="" user=""
[18:16:13.241] [INFO] loadTreeCmd success: roots=7
[18:16:13.241] [INFO] treeLoadedMsg applied: roots=7 rows=13 loadErr=<nil>
[18:16:23.153] [DEBUG] loadTreeCmd start: cwd=/Users/iv/Developer/relux-proxy remote="" board="" user=""
[18:16:23.246] [INFO] loadTreeCmd success: roots=7
[18:16:23.246] [INFO] treeLoadedMsg applied: roots=7 rows=13 loadErr=<nil>
[18:16:33.154] [DEBUG] loadTreeCmd start: cwd=/Users/iv/Developer/relux-proxy remote="" board="" user=""
[18:16:33.246] [INFO] loadTreeCmd success: roots=7
[18:16:33.246] [INFO] treeLoadedMsg applied: roots=7 rows=13 loadErr=<nil>
[18:16:43.155] [DEBUG] loadTreeCmd start: cwd=/Users/iv/Developer/relux-proxy remote="" board="" user=""
[18:16:43.242] [INFO] loadTreeCmd success: roots=7
[18:16:43.242] [INFO] treeLoadedMsg applied: roots=7 rows=13 loadErr=<nil>
[18:16:53.154] [DEBUG] loadTreeCmd start: cwd=/Users/iv/Developer/relux-proxy remote="" board="" user=""
[18:16:53.240] [INFO] loadTreeCmd success: roots=7
[18:16:53.240] [INFO] treeLoadedMsg applied: roots=7 rows=13 loadErr=<nil>
[18:17:03.155] [DEBUG] loadTreeCmd start: cwd=/Users/iv/Developer/relux-proxy remote="" board="" user=""
[18:17:03.247] [INFO] loadTreeCmd success: roots=7
[18:17:03.247] [INFO] treeLoadedMsg applied: roots=7 rows=13 loadErr=<nil>
[18:17:13.155] [DEBUG] loadTreeCmd start: cwd=/Users/iv/Developer/relux-proxy remote="" board="" user=""
[18:17:13.243] [INFO] loadTreeCmd success: roots=7
[18:17:13.244] [INFO] treeLoadedMsg applied: roots=7 rows=13 loadErr=<nil>
[18:17:23.155] [DEBUG] loadTreeCmd start: cwd=/Users/iv/Developer/relux-proxy remote="" board="" user=""
[18:17:23.244] [INFO] loadTreeCmd success: roots=7
[18:17:23.245] [INFO] treeLoadedMsg applied: roots=7 rows=13 loadErr=<nil>
[18:17:33.156] [DEBUG] loadTreeCmd start: cwd=/Users/iv/Developer/relux-proxy remote="" board="" user=""
[18:17:33.249] [INFO] loadTreeCmd success: roots=7
[18:17:33.249] [INFO] treeLoadedMsg applied: roots=7 rows=13 loadErr=<nil>
[18:17:43.156] [DEBUG] loadTreeCmd start: cwd=/Users/iv/Developer/relux-proxy remote="" board="" user=""
[18:17:43.248] [INFO] loadTreeCmd success: roots=7
[18:17:43.248] [INFO] treeLoadedMsg applied: roots=7 rows=13 loadErr=<nil>
[18:17:53.157] [DEBUG] loadTreeCmd start: cwd=/Users/iv/Developer/relux-proxy remote="" board="" user=""
[18:17:53.242] [INFO] loadTreeCmd success: roots=7
[18:17:53.243] [INFO] treeLoadedMsg applied: roots=7 rows=13 loadErr=<nil>
[18:18:03.157] [DEBUG] loadTreeCmd start: cwd=/Users/iv/Developer/relux-proxy remote="" board="" user=""
[18:18:03.247] [INFO] loadTreeCmd success: roots=7
[18:18:03.247] [INFO] treeLoadedMsg applied: roots=7 rows=13 loadErr=<nil>
[18:18:13.158] [DEBUG] loadTreeCmd start: cwd=/Users/iv/Developer/relux-proxy remote="" board="" user=""
[18:18:13.249] [INFO] loadTreeCmd success: roots=7
[18:18:13.249] [INFO] treeLoadedMsg applied: roots=7 rows=13 loadErr=<nil>
[18:18:23.158] [DEBUG] loadTreeCmd start: cwd=/Users/iv/Developer/relux-proxy remote="" board="" user=""
[18:18:23.247] [INFO] loadTreeCmd success: roots=7
[18:18:23.247] [INFO] treeLoadedMsg applied: roots=7 rows=13 loadErr=<nil>
[18:18:33.159] [DEBUG] loadTreeCmd start: cwd=/Users/iv/Developer/relux-proxy remote="" board="" user=""
[18:18:33.252] [INFO] loadTreeCmd success: roots=7
[18:18:33.252] [INFO] treeLoadedMsg applied: roots=7 rows=13 loadErr=<nil>
[18:18:43.160] [DEBUG] loadTreeCmd start: cwd=/Users/iv/Developer/relux-proxy remote="" board="" user=""
[18:18:43.248] [INFO] loadTreeCmd success: roots=7
[18:18:43.248] [INFO] treeLoadedMsg applied: roots=7 rows=13 loadErr=<nil>
[18:18:53.161] [DEBUG] loadTreeCmd start: cwd=/Users/iv/Developer/relux-proxy remote="" board="" user=""
[18:18:53.249] [INFO] loadTreeCmd success: roots=7
[18:18:53.249] [INFO] treeLoadedMsg applied: roots=7 rows=13 loadErr=<nil>
[18:19:03.162] [DEBUG] loadTreeCmd start: cwd=/Users/iv/Developer/relux-proxy remote="" board="" user=""
[18:19:03.253] [INFO] loadTreeCmd success: roots=7
[18:19:03.253] [INFO] treeLoadedMsg applied: roots=7 rows=13 loadErr=<nil>
[18:19:13.162] [DEBUG] loadTreeCmd start: cwd=/Users/iv/Developer/relux-proxy remote="" board="" user=""
[18:19:13.254] [INFO] loadTreeCmd success: roots=7
[18:19:13.254] [INFO] treeLoadedMsg applied: roots=7 rows=13 loadErr=<nil>
[18:19:23.164] [DEBUG] loadTreeCmd start: cwd=/Users/iv/Developer/relux-proxy remote="" board="" user=""
[18:19:23.246] [INFO] loadTreeCmd success: roots=7
[18:19:23.246] [INFO] treeLoadedMsg applied: roots=7 rows=13 loadErr=<nil>
[18:19:33.164] [DEBUG] loadTreeCmd start: cwd=/Users/iv/Developer/relux-proxy remote="" board="" user=""
[18:19:33.251] [INFO] loadTreeCmd success: roots=7
[18:19:33.251] [INFO] treeLoadedMsg applied: roots=7 rows=13 loadErr=<nil>
[18:19:43.167] [DEBUG] loadTreeCmd start: cwd=/Users/iv/Developer/relux-proxy remote="" board="" user=""
[18:19:43.255] [INFO] loadTreeCmd success: roots=7
[18:19:43.255] [INFO] treeLoadedMsg applied: roots=7 rows=13 loadErr=<nil>
[18:19:53.168] [DEBUG] loadTreeCmd start: cwd=/Users/iv/Developer/relux-proxy remote="" board="" user=""
[18:19:53.257] [INFO] loadTreeCmd success: roots=7
[18:19:53.258] [INFO] treeLoadedMsg applied: roots=7 rows=13 loadErr=<nil>
[18:20:03.169] [DEBUG] loadTreeCmd start: cwd=/Users/iv/Developer/relux-proxy remote="" board="" user=""
[18:20:03.260] [INFO] loadTreeCmd success: roots=7
[18:20:03.260] [INFO] treeLoadedMsg applied: roots=7 rows=13 loadErr=<nil>
[18:20:13.171] [DEBUG] loadTreeCmd start: cwd=/Users/iv/Developer/relux-proxy remote="" board="" user=""
[18:20:13.259] [INFO] loadTreeCmd success: roots=7
[18:20:13.259] [INFO] treeLoadedMsg applied: roots=7 rows=13 loadErr=<nil>
[18:20:23.172] [DEBUG] loadTreeCmd start: cwd=/Users/iv/Developer/relux-proxy remote="" board="" user=""
[18:20:23.262] [INFO] loadTreeCmd success: roots=7
[18:20:23.262] [INFO] treeLoadedMsg applied: roots=7 rows=13 loadErr=<nil>
[18:20:33.172] [DEBUG] loadTreeCmd start: cwd=/Users/iv/Developer/relux-proxy remote="" board="" user=""
[18:20:33.260] [INFO] loadTreeCmd success: roots=7
[18:20:33.261] [INFO] treeLoadedMsg applied: roots=7 rows=13 loadErr=<nil>
[18:20:43.172] [DEBUG] loadTreeCmd start: cwd=/Users/iv/Developer/relux-proxy remote="" board="" user=""
[18:20:43.259] [INFO] loadTreeCmd success: roots=7
[18:20:43.259] [INFO] treeLoadedMsg applied: roots=7 rows=13 loadErr=<nil>
[18:20:53.172] [DEBUG] loadTreeCmd start: cwd=/Users/iv/Developer/relux-proxy remote="" board="" user=""
[18:20:53.470] [INFO] loadTreeCmd success: roots=7
[18:20:53.470] [INFO] treeLoadedMsg applied: roots=7 rows=13 loadErr=<nil>
[18:21:03.172] [DEBUG] loadTreeCmd start: cwd=/Users/iv/Developer/relux-proxy remote="" board="" user=""
[18:21:03.467] [INFO] loadTreeCmd success: roots=7
[18:21:03.467] [INFO] treeLoadedMsg applied: roots=7 rows=13 loadErr=<nil>
[18:21:13.172] [DEBUG] loadTreeCmd start: cwd=/Users/iv/Developer/relux-proxy remote="" board="" user=""
[18:21:13.472] [INFO] loadTreeCmd success: roots=7
[18:21:13.472] [INFO] treeLoadedMsg applied: roots=7 rows=13 loadErr=<nil>
[18:21:23.173] [DEBUG] loadTreeCmd start: cwd=/Users/iv/Developer/relux-proxy remote="" board="" user=""
[18:21:23.467] [INFO] loadTreeCmd success: roots=7
[18:21:23.467] [INFO] treeLoadedMsg applied: roots=7 rows=13 loadErr=<nil>
[18:21:33.173] [DEBUG] loadTreeCmd start: cwd=/Users/iv/Developer/relux-proxy remote="" board="" user=""
[18:21:33.470] [INFO] loadTreeCmd success: roots=7
[18:21:33.470] [INFO] treeLoadedMsg applied: roots=7 rows=13 loadErr=<nil>
[18:21:43.174] [DEBUG] loadTreeCmd start: cwd=/Users/iv/Developer/relux-proxy remote="" board="" user=""
[18:21:43.471] [INFO] loadTreeCmd success: roots=7
[18:21:43.471] [INFO] treeLoadedMsg applied: roots=7 rows=13 loadErr=<nil>
[18:21:53.175] [DEBUG] loadTreeCmd start: cwd=/Users/iv/Developer/relux-proxy remote="" board="" user=""
[18:21:53.481] [INFO] loadTreeCmd success: roots=7
[18:21:53.481] [INFO] treeLoadedMsg applied: roots=7 rows=13 loadErr=<nil>
[18:22:03.176] [DEBUG] loadTreeCmd start: cwd=/Users/iv/Developer/relux-proxy remote="" board="" user=""
[18:22:03.490] [INFO] loadTreeCmd success: roots=7
[18:22:03.490] [INFO] treeLoadedMsg applied: roots=7 rows=13 loadErr=<nil>
[18:22:13.176] [DEBUG] loadTreeCmd start: cwd=/Users/iv/Developer/relux-proxy remote="" board="" user=""
[18:22:13.471] [INFO] loadTreeCmd success: roots=7
[18:22:13.471] [INFO] treeLoadedMsg applied: roots=7 rows=13 loadErr=<nil>
[18:22:23.178] [DEBUG] loadTreeCmd start: cwd=/Users/iv/Developer/relux-proxy remote="" board="" user=""
[18:22:23.473] [INFO] loadTreeCmd success: roots=7
[18:22:23.473] [INFO] treeLoadedMsg applied: roots=7 rows=13 loadErr=<nil>
[18:22:33.180] [DEBUG] loadTreeCmd start: cwd=/Users/iv/Developer/relux-proxy remote="" board="" user=""
[18:22:33.472] [INFO] loadTreeCmd success: roots=7
[18:22:33.473] [INFO] treeLoadedMsg applied: roots=7 rows=13 loadErr=<nil>
[18:22:43.180] [DEBUG] loadTreeCmd start: cwd=/Users/iv/Developer/relux-proxy remote="" board="" user=""
[18:22:43.471] [INFO] loadTreeCmd success: roots=7
[18:22:43.471] [INFO] treeLoadedMsg applied: roots=7 rows=13 loadErr=<nil>
[18:22:53.181] [DEBUG] loadTreeCmd start: cwd=/Users/iv/Developer/relux-proxy remote="" board="" user=""
[18:22:53.477] [INFO] loadTreeCmd success: roots=7
[18:22:53.477] [INFO] treeLoadedMsg applied: roots=7 rows=13 loadErr=<nil>
[18:23:03.183] [DEBUG] loadTreeCmd start: cwd=/Users/iv/Developer/relux-proxy remote="" board="" user=""
[18:23:03.476] [INFO] loadTreeCmd success: roots=7
[18:23:03.476] [INFO] treeLoadedMsg applied: roots=7 rows=13 loadErr=<nil>
[18:23:13.185] [DEBUG] loadTreeCmd start: cwd=/Users/iv/Developer/relux-proxy remote="" board="" user=""
[18:23:13.482] [INFO] loadTreeCmd success: roots=7
[18:23:13.482] [INFO] treeLoadedMsg applied: roots=7 rows=13 loadErr=<nil>
[18:23:23.187] [DEBUG] loadTreeCmd start: cwd=/Users/iv/Developer/relux-proxy remote="" board="" user=""
[18:23:23.489] [INFO] loadTreeCmd success: roots=7
[18:23:23.489] [INFO] treeLoadedMsg applied: roots=7 rows=13 loadErr=<nil>
[18:23:33.188] [DEBUG] loadTreeCmd start: cwd=/Users/iv/Developer/relux-proxy remote="" board="" user=""
[18:23:33.482] [INFO] loadTreeCmd success: roots=7
[18:23:33.482] [INFO] treeLoadedMsg applied: roots=7 rows=13 loadErr=<nil>
[18:23:43.189] [DEBUG] loadTreeCmd start: cwd=/Users/iv/Developer/relux-proxy remote="" board="" user=""
[18:23:43.479] [INFO] loadTreeCmd success: roots=7
[18:23:43.479] [INFO] treeLoadedMsg applied: roots=7 rows=13 loadErr=<nil>
[18:23:53.189] [DEBUG] loadTreeCmd start: cwd=/Users/iv/Developer/relux-proxy remote="" board="" user=""
[18:23:53.489] [INFO] loadTreeCmd success: roots=7
[18:23:53.490] [INFO] treeLoadedMsg applied: roots=7 rows=13 loadErr=<nil>
[18:24:03.189] [DEBUG] loadTreeCmd start: cwd=/Users/iv/Developer/relux-proxy remote="" board="" user=""
[18:24:03.485] [INFO] loadTreeCmd success: roots=7
[18:24:03.485] [INFO] treeLoadedMsg applied: roots=7 rows=13 loadErr=<nil>
[18:24:13.189] [DEBUG] loadTreeCmd start: cwd=/Users/iv/Developer/relux-proxy remote="" board="" user=""
[18:24:13.485] [INFO] loadTreeCmd success: roots=7
[18:24:13.485] [INFO] treeLoadedMsg applied: roots=7 rows=13 loadErr=<nil>
[18:24:23.190] [DEBUG] loadTreeCmd start: cwd=/Users/iv/Developer/relux-proxy remote="" board="" user=""
[18:24:23.479] [INFO] loadTreeCmd success: roots=7
[18:24:23.479] [INFO] treeLoadedMsg applied: roots=7 rows=13 loadErr=<nil>
[18:24:33.190] [DEBUG] loadTreeCmd start: cwd=/Users/iv/Developer/relux-proxy remote="" board="" user=""
[18:24:33.484] [INFO] loadTreeCmd success: roots=7
[18:24:33.485] [INFO] treeLoadedMsg applied: roots=7 rows=13 loadErr=<nil>
[18:24:43.191] [DEBUG] loadTreeCmd start: cwd=/Users/iv/Developer/relux-proxy remote="" board="" user=""
[18:24:43.488] [INFO] loadTreeCmd success: roots=7
[18:24:43.488] [INFO] treeLoadedMsg applied: roots=7 rows=13 loadErr=<nil>
[18:24:53.192] [DEBUG] loadTreeCmd start: cwd=/Users/iv/Developer/relux-proxy remote="" board="" user=""
[18:24:53.495] [INFO] loadTreeCmd success: roots=7
[18:24:53.495] [INFO] treeLoadedMsg applied: roots=7 rows=13 loadErr=<nil>
[18:25:03.193] [DEBUG] loadTreeCmd start: cwd=/Users/iv/Developer/relux-proxy remote="" board="" user=""
[18:25:03.488] [INFO] loadTreeCmd success: roots=7
[18:25:03.488] [INFO] treeLoadedMsg applied: roots=7 rows=13 loadErr=<nil>
[18:25:13.193] [DEBUG] loadTreeCmd start: cwd=/Users/iv/Developer/relux-proxy remote="" board="" user=""
[18:25:13.489] [INFO] loadTreeCmd success: roots=7
[18:25:13.489] [INFO] treeLoadedMsg applied: roots=7 rows=13 loadErr=<nil>
[18:25:23.195] [DEBUG] loadTreeCmd start: cwd=/Users/iv/Developer/relux-proxy remote="" board="" user=""
[18:25:23.505] [INFO] loadTreeCmd success: roots=7
[18:25:23.505] [INFO] treeLoadedMsg applied: roots=7 rows=13 loadErr=<nil>
[18:25:33.196] [DEBUG] loadTreeCmd start: cwd=/Users/iv/Developer/relux-proxy remote="" board="" user=""
[18:25:33.494] [INFO] loadTreeCmd success: roots=7
[18:25:33.494] [INFO] treeLoadedMsg applied: roots=7 rows=13 loadErr=<nil>
[18:25:43.198] [DEBUG] loadTreeCmd start: cwd=/Users/iv/Developer/relux-proxy remote="" board="" user=""
[18:25:43.488] [INFO] loadTreeCmd success: roots=7
[18:25:43.488] [INFO] treeLoadedMsg applied: roots=7 rows=13 loadErr=<nil>
[18:25:53.200] [DEBUG] loadTreeCmd start: cwd=/Users/iv/Developer/relux-proxy remote="" board="" user=""
[18:25:53.488] [INFO] loadTreeCmd success: roots=7
[18:25:53.488] [INFO] treeLoadedMsg applied: roots=7 rows=13 loadErr=<nil>
[18:26:03.202] [DEBUG] loadTreeCmd start: cwd=/Users/iv/Developer/relux-proxy remote="" board="" user=""
[18:26:03.495] [INFO] loadTreeCmd success: roots=7
[18:26:03.495] [INFO] treeLoadedMsg applied: roots=7 rows=13 loadErr=<nil>
[18:26:13.204] [DEBUG] loadTreeCmd start: cwd=/Users/iv/Developer/relux-proxy remote="" board="" user=""
[18:26:13.498] [INFO] loadTreeCmd success: roots=7
[18:26:13.498] [INFO] treeLoadedMsg applied: roots=7 rows=13 loadErr=<nil>
[18:26:23.205] [DEBUG] loadTreeCmd start: cwd=/Users/iv/Developer/relux-proxy remote="" board="" user=""
[18:26:23.500] [INFO] loadTreeCmd success: roots=7
[18:26:23.500] [INFO] treeLoadedMsg applied: roots=7 rows=13 loadErr=<nil>
[18:26:33.206] [DEBUG] loadTreeCmd start: cwd=/Users/iv/Developer/relux-proxy remote="" board="" user=""
[18:26:33.499] [INFO] loadTreeCmd success: roots=7
[18:26:33.499] [INFO] treeLoadedMsg applied: roots=7 rows=13 loadErr=<nil>
[18:26:43.207] [DEBUG] loadTreeCmd start: cwd=/Users/iv/Developer/relux-proxy remote="" board="" user=""
[18:26:43.500] [INFO] loadTreeCmd success: roots=7
[18:26:43.500] [INFO] treeLoadedMsg applied: roots=7 rows=13 loadErr=<nil>
[18:26:53.207] [DEBUG] loadTreeCmd start: cwd=/Users/iv/Developer/relux-proxy remote="" board="" user=""
[18:26:53.497] [INFO] loadTreeCmd success: roots=7
[18:26:53.497] [INFO] treeLoadedMsg applied: roots=7 rows=13 loadErr=<nil>
[18:27:03.208] [DEBUG] loadTreeCmd start: cwd=/Users/iv/Developer/relux-proxy remote="" board="" user=""
[18:27:03.499] [INFO] loadTreeCmd success: roots=7
[18:27:03.499] [INFO] treeLoadedMsg applied: roots=7 rows=13 loadErr=<nil>
[18:27:13.208] [DEBUG] loadTreeCmd start: cwd=/Users/iv/Developer/relux-proxy remote="" board="" user=""
[18:27:13.501] [INFO] loadTreeCmd success: roots=7
[18:27:13.501] [INFO] treeLoadedMsg applied: roots=7 rows=13 loadErr=<nil>
[18:27:23.209] [DEBUG] loadTreeCmd start: cwd=/Users/iv/Developer/relux-proxy remote="" board="" user=""
[18:27:23.501] [INFO] loadTreeCmd success: roots=7
[18:27:23.501] [INFO] treeLoadedMsg applied: roots=7 rows=13 loadErr=<nil>
[18:27:33.209] [DEBUG] loadTreeCmd start: cwd=/Users/iv/Developer/relux-proxy remote="" board="" user=""
[18:27:33.499] [INFO] loadTreeCmd success: roots=7
[18:27:33.499] [INFO] treeLoadedMsg applied: roots=7 rows=13 loadErr=<nil>
[18:27:43.210] [DEBUG] loadTreeCmd start: cwd=/Users/iv/Developer/relux-proxy remote="" board="" user=""
[18:27:43.505] [INFO] loadTreeCmd success: roots=7
[18:27:43.505] [INFO] treeLoadedMsg applied: roots=7 rows=13 loadErr=<nil>
[18:27:53.211] [DEBUG] loadTreeCmd start: cwd=/Users/iv/Developer/relux-proxy remote="" board="" user=""
[18:27:53.507] [INFO] loadTreeCmd success: roots=7
[18:27:53.507] [INFO] treeLoadedMsg applied: roots=7 rows=13 loadErr=<nil>
[18:28:03.213] [DEBUG] loadTreeCmd start: cwd=/Users/iv/Developer/relux-proxy remote="" board="" user=""
[18:28:03.511] [INFO] loadTreeCmd success: roots=7
[18:28:03.511] [INFO] treeLoadedMsg applied: roots=7 rows=13 loadErr=<nil>
[18:28:13.214] [DEBUG] loadTreeCmd start: cwd=/Users/iv/Developer/relux-proxy remote="" board="" user=""
[18:28:13.510] [INFO] loadTreeCmd success: roots=7
[18:28:13.510] [INFO] treeLoadedMsg applied: roots=7 rows=13 loadErr=<nil>
[18:28:23.216] [DEBUG] loadTreeCmd start: cwd=/Users/iv/Developer/relux-proxy remote="" board="" user=""
[18:28:23.510] [INFO] loadTreeCmd success: roots=7
[18:28:23.511] [INFO] treeLoadedMsg applied: roots=7 rows=13 loadErr=<nil>
[18:28:33.217] [DEBUG] loadTreeCmd start: cwd=/Users/iv/Developer/relux-proxy remote="" board="" user=""
[18:28:33.511] [INFO] loadTreeCmd success: roots=7
[18:28:33.511] [INFO] treeLoadedMsg applied: roots=7 rows=13 loadErr=<nil>
[18:28:43.219] [DEBUG] loadTreeCmd start: cwd=/Users/iv/Developer/relux-proxy remote="" board="" user=""
[18:28:43.513] [INFO] loadTreeCmd success: roots=7
[18:28:43.514] [INFO] treeLoadedMsg applied: roots=7 rows=13 loadErr=<nil>
[18:28:53.221] [DEBUG] loadTreeCmd start: cwd=/Users/iv/Developer/relux-proxy remote="" board="" user=""
[18:28:53.518] [INFO] loadTreeCmd success: roots=7
[18:28:53.518] [INFO] treeLoadedMsg applied: roots=7 rows=13 loadErr=<nil>
[18:29:03.223] [DEBUG] loadTreeCmd start: cwd=/Users/iv/Developer/relux-proxy remote="" board="" user=""
[18:29:03.518] [INFO] loadTreeCmd success: roots=7
[18:29:03.518] [INFO] treeLoadedMsg applied: roots=7 rows=13 loadErr=<nil>
[18:29:13.224] [DEBUG] loadTreeCmd start: cwd=/Users/iv/Developer/relux-proxy remote="" board="" user=""
[18:29:13.517] [INFO] loadTreeCmd success: roots=7
[18:29:13.517] [INFO] treeLoadedMsg applied: roots=7 rows=13 loadErr=<nil>
[18:29:23.224] [DEBUG] loadTreeCmd start: cwd=/Users/iv/Developer/relux-proxy remote="" board="" user=""
[18:29:23.519] [INFO] loadTreeCmd success: roots=7
[18:29:23.519] [INFO] treeLoadedMsg applied: roots=7 rows=13 loadErr=<nil>
[18:29:33.224] [DEBUG] loadTreeCmd start: cwd=/Users/iv/Developer/relux-proxy remote="" board="" user=""
[18:29:33.519] [INFO] loadTreeCmd success: roots=7
[18:29:33.519] [INFO] treeLoadedMsg applied: roots=7 rows=13 loadErr=<nil>
[18:29:43.224] [DEBUG] loadTreeCmd start: cwd=/Users/iv/Developer/relux-proxy remote="" board="" user=""
[18:29:43.515] [INFO] loadTreeCmd success: roots=7
[18:29:43.515] [INFO] treeLoadedMsg applied: roots=7 rows=13 loadErr=<nil>
[18:29:53.225] [DEBUG] loadTreeCmd start: cwd=/Users/iv/Developer/relux-proxy remote="" board="" user=""
[18:29:53.521] [INFO] loadTreeCmd success: roots=7
[18:29:53.521] [INFO] treeLoadedMsg applied: roots=7 rows=13 loadErr=<nil>
[18:30:03.225] [DEBUG] loadTreeCmd start: cwd=/Users/iv/Developer/relux-proxy remote="" board="" user=""
[18:30:03.543] [INFO] loadTreeCmd success: roots=7
[18:30:03.543] [INFO] treeLoadedMsg applied: roots=7 rows=13 loadErr=<nil>
[18:30:13.226] [DEBUG] loadTreeCmd start: cwd=/Users/iv/Developer/relux-proxy remote="" board="" user=""
[18:30:13.617] [INFO] loadTreeCmd success: roots=7
[18:30:13.617] [INFO] treeLoadedMsg applied: roots=7 rows=13 loadErr=<nil>
[18:30:23.226] [DEBUG] loadTreeCmd start: cwd=/Users/iv/Developer/relux-proxy remote="" board="" user=""
[18:30:23.520] [INFO] loadTreeCmd success: roots=7
[18:30:23.520] [INFO] treeLoadedMsg applied: roots=7 rows=13 loadErr=<nil>
[18:30:33.227] [DEBUG] loadTreeCmd start: cwd=/Users/iv/Developer/relux-proxy remote="" board="" user=""
[18:30:33.521] [INFO] loadTreeCmd success: roots=7
[18:30:33.521] [INFO] treeLoadedMsg applied: roots=7 rows=13 loadErr=<nil>
[18:30:43.228] [DEBUG] loadTreeCmd start: cwd=/Users/iv/Developer/relux-proxy remote="" board="" user=""
[18:30:43.526] [INFO] loadTreeCmd success: roots=7
[18:30:43.526] [INFO] treeLoadedMsg applied: roots=7 rows=13 loadErr=<nil>
[18:30:53.229] [DEBUG] loadTreeCmd start: cwd=/Users/iv/Developer/relux-proxy remote="" board="" user=""
[18:30:53.533] [INFO] loadTreeCmd success: roots=7
[18:30:53.533] [INFO] treeLoadedMsg applied: roots=7 rows=13 loadErr=<nil>
[18:31:03.230] [DEBUG] loadTreeCmd start: cwd=/Users/iv/Developer/relux-proxy remote="" board="" user=""
[18:31:03.527] [INFO] loadTreeCmd success: roots=7
[18:31:03.527] [INFO] treeLoadedMsg applied: roots=7 rows=13 loadErr=<nil>
[18:31:13.232] [DEBUG] loadTreeCmd start: cwd=/Users/iv/Developer/relux-proxy remote="" board="" user=""
[18:31:13.544] [INFO] loadTreeCmd success: roots=7
[18:31:13.544] [INFO] treeLoadedMsg applied: roots=7 rows=13 loadErr=<nil>
[18:31:23.234] [DEBUG] loadTreeCmd start: cwd=/Users/iv/Developer/relux-proxy remote="" board="" user=""
[18:31:23.595] [INFO] loadTreeCmd success: roots=7
[18:31:23.595] [INFO] treeLoadedMsg applied: roots=7 rows=13 loadErr=<nil>
[18:31:33.235] [DEBUG] loadTreeCmd start: cwd=/Users/iv/Developer/relux-proxy remote="" board="" user=""
[18:31:33.581] [INFO] loadTreeCmd success: roots=7
[18:31:33.582] [INFO] treeLoadedMsg applied: roots=7 rows=13 loadErr=<nil>
[18:31:43.237] [DEBUG] loadTreeCmd start: cwd=/Users/iv/Developer/relux-proxy remote="" board="" user=""
[18:31:43.594] [INFO] loadTreeCmd success: roots=7
[18:31:43.594] [INFO] treeLoadedMsg applied: roots=7 rows=13 loadErr=<nil>
[18:31:53.237] [DEBUG] loadTreeCmd start: cwd=/Users/iv/Developer/relux-proxy remote="" board="" user=""
[18:31:53.535] [INFO] loadTreeCmd success: roots=7
[18:31:53.535] [INFO] treeLoadedMsg applied: roots=7 rows=13 loadErr=<nil>
[18:32:03.238] [DEBUG] loadTreeCmd start: cwd=/Users/iv/Developer/relux-proxy remote="" board="" user=""
[18:32:03.535] [INFO] loadTreeCmd success: roots=7
[18:32:03.535] [INFO] treeLoadedMsg applied: roots=7 rows=13 loadErr=<nil>
[18:32:13.240] [DEBUG] loadTreeCmd start: cwd=/Users/iv/Developer/relux-proxy remote="" board="" user=""
[18:32:13.533] [INFO] loadTreeCmd success: roots=7
[18:32:13.534] [INFO] treeLoadedMsg applied: roots=7 rows=13 loadErr=<nil>
[18:32:23.240] [DEBUG] loadTreeCmd start: cwd=/Users/iv/Developer/relux-proxy remote="" board="" user=""
[18:32:23.531] [INFO] loadTreeCmd success: roots=7
[18:32:23.532] [INFO] treeLoadedMsg applied: roots=7 rows=13 loadErr=<nil>
[18:32:33.240] [DEBUG] loadTreeCmd start: cwd=/Users/iv/Developer/relux-proxy remote="" board="" user=""
[18:32:33.532] [INFO] loadTreeCmd success: roots=7
[18:32:33.533] [INFO] treeLoadedMsg applied: roots=7 rows=13 loadErr=<nil>
[18:32:43.240] [DEBUG] loadTreeCmd start: cwd=/Users/iv/Developer/relux-proxy remote="" board="" user=""
[18:32:43.535] [INFO] loadTreeCmd success: roots=7
[18:32:43.535] [INFO] treeLoadedMsg applied: roots=7 rows=13 loadErr=<nil>
[18:32:53.241] [DEBUG] loadTreeCmd start: cwd=/Users/iv/Developer/relux-proxy remote="" board="" user=""
[18:32:53.535] [INFO] loadTreeCmd success: roots=7
[18:32:53.535] [INFO] treeLoadedMsg applied: roots=7 rows=13 loadErr=<nil>
[18:33:03.241] [DEBUG] loadTreeCmd start: cwd=/Users/iv/Developer/relux-proxy remote="" board="" user=""
[18:33:03.552] [INFO] loadTreeCmd success: roots=7
[18:33:03.552] [INFO] treeLoadedMsg applied: roots=7 rows=13 loadErr=<nil>
[18:33:13.241] [DEBUG] loadTreeCmd start: cwd=/Users/iv/Developer/relux-proxy remote="" board="" user=""
[18:33:13.651] [INFO] loadTreeCmd success: roots=7
[18:33:13.651] [INFO] treeLoadedMsg applied: roots=7 rows=13 loadErr=<nil>
[18:33:23.241] [DEBUG] loadTreeCmd start: cwd=/Users/iv/Developer/relux-proxy remote="" board="" user=""
[18:33:23.558] [INFO] loadTreeCmd success: roots=7
[18:33:23.558] [INFO] treeLoadedMsg applied: roots=7 rows=13 loadErr=<nil>
[18:33:33.242] [DEBUG] loadTreeCmd start: cwd=/Users/iv/Developer/relux-proxy remote="" board="" user=""
[18:33:33.562] [INFO] loadTreeCmd success: roots=7
[18:33:33.562] [INFO] treeLoadedMsg applied: roots=7 rows=13 loadErr=<nil>
[18:33:43.242] [DEBUG] loadTreeCmd start: cwd=/Users/iv/Developer/relux-proxy remote="" board="" user=""
[18:33:43.721] [INFO] loadTreeCmd success: roots=7
[18:33:43.721] [INFO] treeLoadedMsg applied: roots=7 rows=13 loadErr=<nil>
[18:33:53.242] [DEBUG] loadTreeCmd start: cwd=/Users/iv/Developer/relux-proxy remote="" board="" user=""
[18:33:53.540] [INFO] loadTreeCmd success: roots=7
[18:33:53.540] [INFO] treeLoadedMsg applied: roots=7 rows=13 loadErr=<nil>
[18:34:03.243] [DEBUG] loadTreeCmd start: cwd=/Users/iv/Developer/relux-proxy remote="" board="" user=""
[18:34:03.536] [INFO] loadTreeCmd success: roots=7
[18:34:03.536] [INFO] treeLoadedMsg applied: roots=7 rows=13 loadErr=<nil>
[18:34:13.244] [DEBUG] loadTreeCmd start: cwd=/Users/iv/Developer/relux-proxy remote="" board="" user=""
[18:34:13.538] [INFO] loadTreeCmd success: roots=7
[18:34:13.538] [INFO] treeLoadedMsg applied: roots=7 rows=13 loadErr=<nil>
[18:34:23.245] [DEBUG] loadTreeCmd start: cwd=/Users/iv/Developer/relux-proxy remote="" board="" user=""
[18:34:23.658] [INFO] loadTreeCmd success: roots=7
[18:34:23.658] [INFO] treeLoadedMsg applied: roots=7 rows=13 loadErr=<nil>
[18:34:33.246] [DEBUG] loadTreeCmd start: cwd=/Users/iv/Developer/relux-proxy remote="" board="" user=""
[18:34:33.646] [INFO] loadTreeCmd success: roots=7
[18:34:33.646] [INFO] treeLoadedMsg applied: roots=7 rows=13 loadErr=<nil>
[18:34:43.248] [DEBUG] loadTreeCmd start: cwd=/Users/iv/Developer/relux-proxy remote="" board="" user=""
[18:34:43.626] [INFO] loadTreeCmd success: roots=7
[18:34:43.626] [INFO] treeLoadedMsg applied: roots=7 rows=13 loadErr=<nil>
[18:34:53.250] [DEBUG] loadTreeCmd start: cwd=/Users/iv/Developer/relux-proxy remote="" board="" user=""
[18:34:53.556] [INFO] loadTreeCmd success: roots=7
[18:34:53.556] [INFO] treeLoadedMsg applied: roots=7 rows=13 loadErr=<nil>
[18:35:03.251] [DEBUG] loadTreeCmd start: cwd=/Users/iv/Developer/relux-proxy remote="" board="" user=""
[18:35:03.642] [INFO] loadTreeCmd success: roots=7
[18:35:03.642] [INFO] treeLoadedMsg applied: roots=7 rows=13 loadErr=<nil>
[18:35:13.253] [DEBUG] loadTreeCmd start: cwd=/Users/iv/Developer/relux-proxy remote="" board="" user=""
[18:35:13.673] [INFO] loadTreeCmd success: roots=7
[18:35:13.674] [INFO] treeLoadedMsg applied: roots=7 rows=13 loadErr=<nil>
[18:35:23.254] [DEBUG] loadTreeCmd start: cwd=/Users/iv/Developer/relux-proxy remote="" board="" user=""
[18:35:23.632] [INFO] loadTreeCmd success: roots=7
[18:35:23.632] [INFO] treeLoadedMsg applied: roots=7 rows=13 loadErr=<nil>
[18:35:33.256] [DEBUG] loadTreeCmd start: cwd=/Users/iv/Developer/relux-proxy remote="" board="" user=""
[18:35:33.559] [INFO] loadTreeCmd success: roots=7
[18:35:33.559] [INFO] treeLoadedMsg applied: roots=7 rows=13 loadErr=<nil>
[18:35:43.258] [DEBUG] loadTreeCmd start: cwd=/Users/iv/Developer/relux-proxy remote="" board="" user=""
[18:35:43.553] [INFO] loadTreeCmd success: roots=7
[18:35:43.553] [INFO] treeLoadedMsg applied: roots=7 rows=13 loadErr=<nil>
[18:35:53.258] [DEBUG] loadTreeCmd start: cwd=/Users/iv/Developer/relux-proxy remote="" board="" user=""
[18:35:53.561] [INFO] loadTreeCmd success: roots=7
[18:35:53.561] [INFO] treeLoadedMsg applied: roots=7 rows=13 loadErr=<nil>
[18:36:03.259] [DEBUG] loadTreeCmd start: cwd=/Users/iv/Developer/relux-proxy remote="" board="" user=""
[18:36:03.561] [INFO] loadTreeCmd success: roots=7
[18:36:03.562] [INFO] treeLoadedMsg applied: roots=7 rows=13 loadErr=<nil>
[18:36:13.259] [DEBUG] loadTreeCmd start: cwd=/Users/iv/Developer/relux-proxy remote="" board="" user=""
[18:36:13.554] [INFO] loadTreeCmd success: roots=7
[18:36:13.554] [INFO] treeLoadedMsg applied: roots=7 rows=13 loadErr=<nil>
[18:36:23.259] [DEBUG] loadTreeCmd start: cwd=/Users/iv/Developer/relux-proxy remote="" board="" user=""
[18:36:23.563] [INFO] loadTreeCmd success: roots=7
[18:36:23.563] [INFO] treeLoadedMsg applied: roots=7 rows=13 loadErr=<nil>
[18:36:33.260] [DEBUG] loadTreeCmd start: cwd=/Users/iv/Developer/relux-proxy remote="" board="" user=""
[18:36:33.557] [INFO] loadTreeCmd success: roots=7
[18:36:33.557] [INFO] treeLoadedMsg applied: roots=7 rows=13 loadErr=<nil>
[18:36:43.261] [DEBUG] loadTreeCmd start: cwd=/Users/iv/Developer/relux-proxy remote="" board="" user=""
[18:36:43.560] [INFO] loadTreeCmd success: roots=7
[18:36:43.561] [INFO] treeLoadedMsg applied: roots=7 rows=13 loadErr=<nil>
[18:36:53.261] [DEBUG] loadTreeCmd start: cwd=/Users/iv/Developer/relux-proxy remote="" board="" user=""
[18:36:53.601] [INFO] loadTreeCmd success: roots=7
[18:36:53.601] [INFO] treeLoadedMsg applied: roots=7 rows=13 loadErr=<nil>
[18:37:03.262] [DEBUG] loadTreeCmd start: cwd=/Users/iv/Developer/relux-proxy remote="" board="" user=""
[18:37:03.577] [INFO] loadTreeCmd success: roots=7
[18:37:03.577] [INFO] treeLoadedMsg applied: roots=7 rows=13 loadErr=<nil>
[18:37:13.263] [DEBUG] loadTreeCmd start: cwd=/Users/iv/Developer/relux-proxy remote="" board="" user=""
[18:37:13.558] [INFO] loadTreeCmd success: roots=7
[18:37:13.559] [INFO] treeLoadedMsg applied: roots=7 rows=13 loadErr=<nil>
[18:37:23.264] [DEBUG] loadTreeCmd start: cwd=/Users/iv/Developer/relux-proxy remote="" board="" user=""
[18:37:23.562] [INFO] loadTreeCmd success: roots=7
[18:37:23.562] [INFO] treeLoadedMsg applied: roots=7 rows=13 loadErr=<nil>
[18:37:33.266] [DEBUG] loadTreeCmd start: cwd=/Users/iv/Developer/relux-proxy remote="" board="" user=""
[18:37:33.555] [INFO] loadTreeCmd success: roots=7
[18:37:33.556] [INFO] treeLoadedMsg applied: roots=7 rows=13 loadErr=<nil>
[18:37:43.266] [DEBUG] loadTreeCmd start: cwd=/Users/iv/Developer/relux-proxy remote="" board="" user=""
[18:37:43.565] [INFO] loadTreeCmd success: roots=7
[18:37:43.566] [INFO] treeLoadedMsg applied: roots=7 rows=13 loadErr=<nil>
[18:37:53.268] [DEBUG] loadTreeCmd start: cwd=/Users/iv/Developer/relux-proxy remote="" board="" user=""
[18:37:53.561] [INFO] loadTreeCmd success: roots=7
[18:37:53.561] [INFO] treeLoadedMsg applied: roots=7 rows=13 loadErr=<nil>
[18:38:03.270] [DEBUG] loadTreeCmd start: cwd=/Users/iv/Developer/relux-proxy remote="" board="" user=""
[18:38:03.780] [INFO] loadTreeCmd success: roots=7
[18:38:03.781] [INFO] treeLoadedMsg applied: roots=7 rows=13 loadErr=<nil>
[18:38:13.271] [DEBUG] loadTreeCmd start: cwd=/Users/iv/Developer/relux-proxy remote="" board="" user=""
[18:38:13.593] [INFO] loadTreeCmd success: roots=7
[18:38:13.593] [INFO] treeLoadedMsg applied: roots=7 rows=13 loadErr=<nil>
[18:38:23.274] [DEBUG] loadTreeCmd start: cwd=/Users/iv/Developer/relux-proxy remote="" board="" user=""
[18:38:23.593] [INFO] loadTreeCmd success: roots=7
[18:38:23.594] [INFO] treeLoadedMsg applied: roots=7 rows=13 loadErr=<nil>
[18:38:33.276] [DEBUG] loadTreeCmd start: cwd=/Users/iv/Developer/relux-proxy remote="" board="" user=""
[18:38:33.648] [INFO] loadTreeCmd success: roots=7
[18:38:33.648] [INFO] treeLoadedMsg applied: roots=7 rows=13 loadErr=<nil>
[18:38:43.276] [DEBUG] loadTreeCmd start: cwd=/Users/iv/Developer/relux-proxy remote="" board="" user=""
[18:38:43.574] [INFO] loadTreeCmd success: roots=7
[18:38:43.574] [INFO] treeLoadedMsg applied: roots=7 rows=13 loadErr=<nil>
[18:38:53.276] [DEBUG] loadTreeCmd start: cwd=/Users/iv/Developer/relux-proxy remote="" board="" user=""
[18:38:53.574] [INFO] loadTreeCmd success: roots=7
[18:38:53.575] [INFO] treeLoadedMsg applied: roots=7 rows=13 loadErr=<nil>
[18:39:03.276] [DEBUG] loadTreeCmd start: cwd=/Users/iv/Developer/relux-proxy remote="" board="" user=""
[18:39:03.573] [INFO] loadTreeCmd success: roots=7
[18:39:03.574] [INFO] treeLoadedMsg applied: roots=7 rows=13 loadErr=<nil>
[18:39:13.277] [DEBUG] loadTreeCmd start: cwd=/Users/iv/Developer/relux-proxy remote="" board="" user=""
[18:39:13.573] [INFO] loadTreeCmd success: roots=7
[18:39:13.573] [INFO] treeLoadedMsg applied: roots=7 rows=13 loadErr=<nil>
[18:39:23.277] [DEBUG] loadTreeCmd start: cwd=/Users/iv/Developer/relux-proxy remote="" board="" user=""
[18:39:23.576] [INFO] loadTreeCmd success: roots=7
[18:39:23.576] [INFO] treeLoadedMsg applied: roots=7 rows=13 loadErr=<nil>
[18:39:33.278] [DEBUG] loadTreeCmd start: cwd=/Users/iv/Developer/relux-proxy remote="" board="" user=""
[18:39:33.576] [INFO] loadTreeCmd success: roots=7
[18:39:33.577] [INFO] treeLoadedMsg applied: roots=7 rows=13 loadErr=<nil>
[18:39:43.279] [DEBUG] loadTreeCmd start: cwd=/Users/iv/Developer/relux-proxy remote="" board="" user=""
[18:39:43.584] [INFO] loadTreeCmd success: roots=7
[18:39:43.584] [INFO] treeLoadedMsg applied: roots=7 rows=13 loadErr=<nil>
[18:39:53.280] [DEBUG] loadTreeCmd start: cwd=/Users/iv/Developer/relux-proxy remote="" board="" user=""
[18:39:53.576] [INFO] loadTreeCmd success: roots=7
[18:39:53.576] [INFO] treeLoadedMsg applied: roots=7 rows=13 loadErr=<nil>
[18:40:03.281] [DEBUG] loadTreeCmd start: cwd=/Users/iv/Developer/relux-proxy remote="" board="" user=""
[18:40:03.576] [INFO] loadTreeCmd success: roots=7
[18:40:03.576] [INFO] treeLoadedMsg applied: roots=7 rows=13 loadErr=<nil>
[18:40:13.284] [DEBUG] loadTreeCmd start: cwd=/Users/iv/Developer/relux-proxy remote="" board="" user=""
[18:40:13.753] [INFO] loadTreeCmd success: roots=7
[18:40:13.756] [INFO] treeLoadedMsg applied: roots=7 rows=13 loadErr=<nil>
[18:40:23.284] [DEBUG] loadTreeCmd start: cwd=/Users/iv/Developer/relux-proxy remote="" board="" user=""
[18:40:23.746] [INFO] loadTreeCmd success: roots=7
[18:40:23.754] [INFO] treeLoadedMsg applied: roots=7 rows=13 loadErr=<nil>
[18:40:33.286] [DEBUG] loadTreeCmd start: cwd=/Users/iv/Developer/relux-proxy remote="" board="" user=""
[18:40:33.702] [INFO] loadTreeCmd success: roots=7
[18:40:33.702] [INFO] treeLoadedMsg applied: roots=7 rows=13 loadErr=<nil>
[18:40:43.288] [DEBUG] loadTreeCmd start: cwd=/Users/iv/Developer/relux-proxy remote="" board="" user=""
[18:40:43.589] [INFO] loadTreeCmd success: roots=7
[18:40:43.589] [INFO] treeLoadedMsg applied: roots=7 rows=13 loadErr=<nil>
[18:40:53.289] [DEBUG] loadTreeCmd start: cwd=/Users/iv/Developer/relux-proxy remote="" board="" user=""
[18:40:53.598] [INFO] loadTreeCmd success: roots=7
[18:40:53.598] [INFO] treeLoadedMsg applied: roots=7 rows=13 loadErr=<nil>
[18:41:03.292] [DEBUG] loadTreeCmd start: cwd=/Users/iv/Developer/relux-proxy remote="" board="" user=""
[18:41:03.623] [INFO] loadTreeCmd success: roots=7
[18:41:03.623] [INFO] treeLoadedMsg applied: roots=7 rows=13 loadErr=<nil>
[18:41:13.293] [DEBUG] loadTreeCmd start: cwd=/Users/iv/Developer/relux-proxy remote="" board="" user=""
[18:41:13.622] [INFO] loadTreeCmd success: roots=7
[18:41:13.623] [INFO] treeLoadedMsg applied: roots=7 rows=13 loadErr=<nil>
[18:41:23.293] [DEBUG] loadTreeCmd start: cwd=/Users/iv/Developer/relux-proxy remote="" board="" user=""
[18:41:23.604] [INFO] loadTreeCmd success: roots=7
[18:41:23.604] [INFO] treeLoadedMsg applied: roots=7 rows=13 loadErr=<nil>
[18:41:33.295] [DEBUG] loadTreeCmd start: cwd=/Users/iv/Developer/relux-proxy remote="" board="" user=""
[18:41:33.691] [INFO] loadTreeCmd success: roots=7
[18:41:33.691] [INFO] treeLoadedMsg applied: roots=7 rows=13 loadErr=<nil>
[18:41:43.296] [DEBUG] loadTreeCmd start: cwd=/Users/iv/Developer/relux-proxy remote="" board="" user=""
[18:41:43.630] [INFO] loadTreeCmd success: roots=7
[18:41:43.631] [INFO] treeLoadedMsg applied: roots=7 rows=13 loadErr=<nil>
[18:41:53.297] [DEBUG] loadTreeCmd start: cwd=/Users/iv/Developer/relux-proxy remote="" board="" user=""
[18:41:53.633] [INFO] loadTreeCmd success: roots=7
[18:41:53.633] [INFO] treeLoadedMsg applied: roots=7 rows=13 loadErr=<nil>
[18:42:03.298] [DEBUG] loadTreeCmd start: cwd=/Users/iv/Developer/relux-proxy remote="" board="" user=""
[18:42:03.606] [INFO] loadTreeCmd success: roots=7
[18:42:03.606] [INFO] treeLoadedMsg applied: roots=7 rows=13 loadErr=<nil>
[18:42:13.300] [DEBUG] loadTreeCmd start: cwd=/Users/iv/Developer/relux-proxy remote="" board="" user=""
[18:42:13.596] [INFO] loadTreeCmd success: roots=7
[18:42:13.596] [INFO] treeLoadedMsg applied: roots=7 rows=13 loadErr=<nil>
[18:42:23.300] [DEBUG] loadTreeCmd start: cwd=/Users/iv/Developer/relux-proxy remote="" board="" user=""
[18:42:23.593] [INFO] loadTreeCmd success: roots=7
[18:42:23.594] [INFO] treeLoadedMsg applied: roots=7 rows=13 loadErr=<nil>
[18:42:33.302] [DEBUG] loadTreeCmd start: cwd=/Users/iv/Developer/relux-proxy remote="" board="" user=""
[18:42:33.601] [INFO] loadTreeCmd success: roots=7
[18:42:33.601] [INFO] treeLoadedMsg applied: roots=7 rows=13 loadErr=<nil>
[18:42:43.302] [DEBUG] loadTreeCmd start: cwd=/Users/iv/Developer/relux-proxy remote="" board="" user=""
[18:42:43.598] [INFO] loadTreeCmd success: roots=7
[18:42:43.598] [INFO] treeLoadedMsg applied: roots=7 rows=13 loadErr=<nil>
[18:42:53.304] [DEBUG] loadTreeCmd start: cwd=/Users/iv/Developer/relux-proxy remote="" board="" user=""
[18:42:53.603] [INFO] loadTreeCmd success: roots=7
[18:42:53.604] [INFO] treeLoadedMsg applied: roots=7 rows=13 loadErr=<nil>
[18:43:03.306] [DEBUG] loadTreeCmd start: cwd=/Users/iv/Developer/relux-proxy remote="" board="" user=""
[18:43:03.602] [INFO] loadTreeCmd success: roots=7
[18:43:03.602] [INFO] treeLoadedMsg applied: roots=7 rows=13 loadErr=<nil>
[18:43:13.308] [DEBUG] loadTreeCmd start: cwd=/Users/iv/Developer/relux-proxy remote="" board="" user=""
[18:43:13.607] [INFO] loadTreeCmd success: roots=7
[18:43:13.607] [INFO] treeLoadedMsg applied: roots=7 rows=13 loadErr=<nil>
[18:43:23.309] [DEBUG] loadTreeCmd start: cwd=/Users/iv/Developer/relux-proxy remote="" board="" user=""
[18:43:23.608] [INFO] loadTreeCmd success: roots=7
[18:43:23.608] [INFO] treeLoadedMsg applied: roots=7 rows=13 loadErr=<nil>
[18:43:33.311] [DEBUG] loadTreeCmd start: cwd=/Users/iv/Developer/relux-proxy remote="" board="" user=""
[18:43:33.604] [INFO] loadTreeCmd success: roots=7
[18:43:33.605] [INFO] treeLoadedMsg applied: roots=7 rows=13 loadErr=<nil>
[18:43:43.310] [DEBUG] loadTreeCmd start: cwd=/Users/iv/Developer/relux-proxy remote="" board="" user=""
[18:43:43.624] [INFO] loadTreeCmd success: roots=7
[18:43:43.624] [INFO] treeLoadedMsg applied: roots=7 rows=13 loadErr=<nil>
[18:43:53.310] [DEBUG] loadTreeCmd start: cwd=/Users/iv/Developer/relux-proxy remote="" board="" user=""
[18:43:53.609] [INFO] loadTreeCmd success: roots=7
[18:43:53.609] [INFO] treeLoadedMsg applied: roots=7 rows=13 loadErr=<nil>
[18:44:03.310] [DEBUG] loadTreeCmd start: cwd=/Users/iv/Developer/relux-proxy remote="" board="" user=""
[18:44:03.606] [INFO] loadTreeCmd success: roots=7
[18:44:03.606] [INFO] treeLoadedMsg applied: roots=7 rows=13 loadErr=<nil>
[18:44:13.311] [DEBUG] loadTreeCmd start: cwd=/Users/iv/Developer/relux-proxy remote="" board="" user=""
[18:44:13.607] [INFO] loadTreeCmd success: roots=7
[18:44:13.607] [INFO] treeLoadedMsg applied: roots=7 rows=13 loadErr=<nil>
[18:44:23.311] [DEBUG] loadTreeCmd start: cwd=/Users/iv/Developer/relux-proxy remote="" board="" user=""
[18:44:23.608] [INFO] loadTreeCmd success: roots=7
[18:44:23.608] [INFO] treeLoadedMsg applied: roots=7 rows=13 loadErr=<nil>
[18:44:33.312] [DEBUG] loadTreeCmd start: cwd=/Users/iv/Developer/relux-proxy remote="" board="" user=""
[18:44:33.601] [INFO] loadTreeCmd success: roots=7
[18:44:33.601] [INFO] treeLoadedMsg applied: roots=7 rows=13 loadErr=<nil>
[18:44:43.312] [DEBUG] loadTreeCmd start: cwd=/Users/iv/Developer/relux-proxy remote="" board="" user=""
[18:44:43.602] [INFO] loadTreeCmd success: roots=7
[18:44:43.602] [INFO] treeLoadedMsg applied: roots=7 rows=13 loadErr=<nil>
[18:44:53.313] [DEBUG] loadTreeCmd start: cwd=/Users/iv/Developer/relux-proxy remote="" board="" user=""
[18:44:53.608] [INFO] loadTreeCmd success: roots=7
[18:44:53.608] [INFO] treeLoadedMsg applied: roots=7 rows=13 loadErr=<nil>
[18:45:03.314] [DEBUG] loadTreeCmd start: cwd=/Users/iv/Developer/relux-proxy remote="" board="" user=""
[18:45:03.608] [INFO] loadTreeCmd success: roots=7
[18:45:03.608] [INFO] treeLoadedMsg applied: roots=7 rows=13 loadErr=<nil>
[18:45:13.315] [DEBUG] loadTreeCmd start: cwd=/Users/iv/Developer/relux-proxy remote="" board="" user=""
[18:45:13.607] [INFO] loadTreeCmd success: roots=7
[18:45:13.607] [INFO] treeLoadedMsg applied: roots=7 rows=13 loadErr=<nil>
[18:45:23.316] [DEBUG] loadTreeCmd start: cwd=/Users/iv/Developer/relux-proxy remote="" board="" user=""
[18:45:23.614] [INFO] loadTreeCmd success: roots=7
[18:45:23.614] [INFO] treeLoadedMsg applied: roots=7 rows=13 loadErr=<nil>
[18:45:33.318] [DEBUG] loadTreeCmd start: cwd=/Users/iv/Developer/relux-proxy remote="" board="" user=""
[18:45:33.611] [INFO] loadTreeCmd success: roots=7
[18:45:33.611] [INFO] treeLoadedMsg applied: roots=7 rows=13 loadErr=<nil>
[18:45:43.320] [DEBUG] loadTreeCmd start: cwd=/Users/iv/Developer/relux-proxy remote="" board="" user=""
[18:45:43.617] [INFO] loadTreeCmd success: roots=7
[18:45:43.617] [INFO] treeLoadedMsg applied: roots=7 rows=13 loadErr=<nil>
[18:45:53.322] [DEBUG] loadTreeCmd start: cwd=/Users/iv/Developer/relux-proxy remote="" board="" user=""
[18:45:53.612] [INFO] loadTreeCmd success: roots=7
[18:45:53.612] [INFO] treeLoadedMsg applied: roots=7 rows=13 loadErr=<nil>
[18:46:03.323] [DEBUG] loadTreeCmd start: cwd=/Users/iv/Developer/relux-proxy remote="" board="" user=""
[18:46:03.616] [INFO] loadTreeCmd success: roots=7
[18:46:03.616] [INFO] treeLoadedMsg applied: roots=7 rows=13 loadErr=<nil>
[18:46:13.325] [DEBUG] loadTreeCmd start: cwd=/Users/iv/Developer/relux-proxy remote="" board="" user=""
[18:46:13.620] [INFO] loadTreeCmd success: roots=7
[18:46:13.620] [INFO] treeLoadedMsg applied: roots=7 rows=13 loadErr=<nil>
[18:46:23.326] [DEBUG] loadTreeCmd start: cwd=/Users/iv/Developer/relux-proxy remote="" board="" user=""
[18:46:23.623] [INFO] loadTreeCmd success: roots=7
[18:46:23.623] [INFO] treeLoadedMsg applied: roots=7 rows=13 loadErr=<nil>
[18:46:33.327] [DEBUG] loadTreeCmd start: cwd=/Users/iv/Developer/relux-proxy remote="" board="" user=""
[18:46:33.619] [INFO] loadTreeCmd success: roots=7
[18:46:33.619] [INFO] treeLoadedMsg applied: roots=7 rows=13 loadErr=<nil>
[18:46:43.327] [DEBUG] loadTreeCmd start: cwd=/Users/iv/Developer/relux-proxy remote="" board="" user=""
[18:46:43.623] [INFO] loadTreeCmd success: roots=7
[18:46:43.624] [INFO] treeLoadedMsg applied: roots=7 rows=13 loadErr=<nil>
[18:46:53.327] [DEBUG] loadTreeCmd start: cwd=/Users/iv/Developer/relux-proxy remote="" board="" user=""
[18:46:53.624] [INFO] loadTreeCmd success: roots=7
[18:46:53.624] [INFO] treeLoadedMsg applied: roots=7 rows=13 loadErr=<nil>
[18:47:03.327] [DEBUG] loadTreeCmd start: cwd=/Users/iv/Developer/relux-proxy remote="" board="" user=""
[18:47:03.626] [INFO] loadTreeCmd success: roots=7
[18:47:03.626] [INFO] treeLoadedMsg applied: roots=7 rows=13 loadErr=<nil>
[18:47:13.328] [DEBUG] loadTreeCmd start: cwd=/Users/iv/Developer/relux-proxy remote="" board="" user=""
[18:47:13.621] [INFO] loadTreeCmd success: roots=7
[18:47:13.622] [INFO] treeLoadedMsg applied: roots=7 rows=13 loadErr=<nil>
[18:47:23.328] [DEBUG] loadTreeCmd start: cwd=/Users/iv/Developer/relux-proxy remote="" board="" user=""
[18:47:23.617] [INFO] loadTreeCmd success: roots=7
[18:47:23.617] [INFO] treeLoadedMsg applied: roots=7 rows=13 loadErr=<nil>
[18:47:33.328] [DEBUG] loadTreeCmd start: cwd=/Users/iv/Developer/relux-proxy remote="" board="" user=""
[18:47:33.620] [INFO] loadTreeCmd success: roots=7
[18:47:33.620] [INFO] treeLoadedMsg applied: roots=7 rows=13 loadErr=<nil>
[18:47:43.329] [DEBUG] loadTreeCmd start: cwd=/Users/iv/Developer/relux-proxy remote="" board="" user=""
[18:47:43.627] [INFO] loadTreeCmd success: roots=7
[18:47:43.627] [INFO] treeLoadedMsg applied: roots=7 rows=13 loadErr=<nil>
[18:47:53.329] [DEBUG] loadTreeCmd start: cwd=/Users/iv/Developer/relux-proxy remote="" board="" user=""
[18:47:53.625] [INFO] loadTreeCmd success: roots=7
[18:47:53.625] [INFO] treeLoadedMsg applied: roots=7 rows=13 loadErr=<nil>
[18:48:03.330] [DEBUG] loadTreeCmd start: cwd=/Users/iv/Developer/relux-proxy remote="" board="" user=""
[18:48:03.626] [INFO] loadTreeCmd success: roots=7
[18:48:03.627] [INFO] treeLoadedMsg applied: roots=7 rows=13 loadErr=<nil>
[18:48:13.331] [DEBUG] loadTreeCmd start: cwd=/Users/iv/Developer/relux-proxy remote="" board="" user=""
[18:48:13.628] [INFO] loadTreeCmd success: roots=7
[18:48:13.628] [INFO] treeLoadedMsg applied: roots=7 rows=13 loadErr=<nil>
[18:48:23.331] [DEBUG] loadTreeCmd start: cwd=/Users/iv/Developer/relux-proxy remote="" board="" user=""
[18:48:23.625] [INFO] loadTreeCmd success: roots=7
[18:48:23.625] [INFO] treeLoadedMsg applied: roots=7 rows=13 loadErr=<nil>
[18:48:33.333] [DEBUG] loadTreeCmd start: cwd=/Users/iv/Developer/relux-proxy remote="" board="" user=""
[18:48:33.628] [INFO] loadTreeCmd success: roots=7
[18:48:33.628] [INFO] treeLoadedMsg applied: roots=7 rows=13 loadErr=<nil>
[18:48:43.334] [DEBUG] loadTreeCmd start: cwd=/Users/iv/Developer/relux-proxy remote="" board="" user=""
[18:48:43.628] [INFO] loadTreeCmd success: roots=7
[18:48:43.628] [INFO] treeLoadedMsg applied: roots=7 rows=13 loadErr=<nil>
[18:48:53.335] [DEBUG] loadTreeCmd start: cwd=/Users/iv/Developer/relux-proxy remote="" board="" user=""
[18:48:53.637] [INFO] loadTreeCmd success: roots=7
[18:48:53.637] [INFO] treeLoadedMsg applied: roots=7 rows=13 loadErr=<nil>
[18:49:03.335] [DEBUG] loadTreeCmd start: cwd=/Users/iv/Developer/relux-proxy remote="" board="" user=""
[18:49:03.628] [INFO] loadTreeCmd success: roots=7
[18:49:03.629] [INFO] treeLoadedMsg applied: roots=7 rows=13 loadErr=<nil>
[18:49:13.337] [DEBUG] loadTreeCmd start: cwd=/Users/iv/Developer/relux-proxy remote="" board="" user=""
[18:49:13.633] [INFO] loadTreeCmd success: roots=7
[18:49:13.633] [INFO] treeLoadedMsg applied: roots=7 rows=13 loadErr=<nil>
[18:49:23.339] [DEBUG] loadTreeCmd start: cwd=/Users/iv/Developer/relux-proxy remote="" board="" user=""
[18:49:23.638] [INFO] loadTreeCmd success: roots=7
[18:49:23.638] [INFO] treeLoadedMsg applied: roots=7 rows=13 loadErr=<nil>
[18:49:33.341] [DEBUG] loadTreeCmd start: cwd=/Users/iv/Developer/relux-proxy remote="" board="" user=""
[18:49:33.642] [INFO] loadTreeCmd success: roots=7
[18:49:33.642] [INFO] treeLoadedMsg applied: roots=7 rows=13 loadErr=<nil>
[18:49:43.343] [DEBUG] loadTreeCmd start: cwd=/Users/iv/Developer/relux-proxy remote="" board="" user=""
[18:49:43.636] [INFO] loadTreeCmd success: roots=7
[18:49:43.636] [INFO] treeLoadedMsg applied: roots=7 rows=13 loadErr=<nil>
[18:49:53.344] [DEBUG] loadTreeCmd start: cwd=/Users/iv/Developer/relux-proxy remote="" board="" user=""
[18:49:53.651] [INFO] loadTreeCmd success: roots=7
[18:49:53.651] [INFO] treeLoadedMsg applied: roots=7 rows=13 loadErr=<nil>
[18:50:03.345] [DEBUG] loadTreeCmd start: cwd=/Users/iv/Developer/relux-proxy remote="" board="" user=""
[18:50:03.643] [INFO] loadTreeCmd success: roots=7
[18:50:03.643] [INFO] treeLoadedMsg applied: roots=7 rows=13 loadErr=<nil>
[18:50:13.345] [DEBUG] loadTreeCmd start: cwd=/Users/iv/Developer/relux-proxy remote="" board="" user=""
[18:50:13.635] [INFO] loadTreeCmd success: roots=7
[18:50:13.635] [INFO] treeLoadedMsg applied: roots=7 rows=13 loadErr=<nil>
[18:50:23.345] [DEBUG] loadTreeCmd start: cwd=/Users/iv/Developer/relux-proxy remote="" board="" user=""
[18:50:23.651] [INFO] loadTreeCmd success: roots=7
[18:50:23.651] [INFO] treeLoadedMsg applied: roots=7 rows=13 loadErr=<nil>
[18:50:33.345] [DEBUG] loadTreeCmd start: cwd=/Users/iv/Developer/relux-proxy remote="" board="" user=""
[18:50:33.645] [INFO] loadTreeCmd success: roots=7
[18:50:33.645] [INFO] treeLoadedMsg applied: roots=7 rows=13 loadErr=<nil>
[18:50:43.346] [DEBUG] loadTreeCmd start: cwd=/Users/iv/Developer/relux-proxy remote="" board="" user=""
[18:50:43.656] [INFO] loadTreeCmd success: roots=7
[18:50:43.656] [INFO] treeLoadedMsg applied: roots=7 rows=13 loadErr=<nil>
[18:50:53.346] [DEBUG] loadTreeCmd start: cwd=/Users/iv/Developer/relux-proxy remote="" board="" user=""
[18:50:53.641] [INFO] loadTreeCmd success: roots=7
[18:50:53.641] [INFO] treeLoadedMsg applied: roots=7 rows=13 loadErr=<nil>
[18:51:03.347] [DEBUG] loadTreeCmd start: cwd=/Users/iv/Developer/relux-proxy remote="" board="" user=""
[18:51:03.643] [INFO] loadTreeCmd success: roots=7
[18:51:03.643] [INFO] treeLoadedMsg applied: roots=7 rows=13 loadErr=<nil>
[18:51:13.348] [DEBUG] loadTreeCmd start: cwd=/Users/iv/Developer/relux-proxy remote="" board="" user=""
[18:51:13.646] [INFO] loadTreeCmd success: roots=7
[18:51:13.646] [INFO] treeLoadedMsg applied: roots=7 rows=13 loadErr=<nil>
[18:51:23.349] [DEBUG] loadTreeCmd start: cwd=/Users/iv/Developer/relux-proxy remote="" board="" user=""
[18:51:23.642] [INFO] loadTreeCmd success: roots=7
[18:51:23.642] [INFO] treeLoadedMsg applied: roots=7 rows=13 loadErr=<nil>
[18:51:33.350] [DEBUG] loadTreeCmd start: cwd=/Users/iv/Developer/relux-proxy remote="" board="" user=""
[18:51:33.647] [INFO] loadTreeCmd success: roots=7
[18:51:33.647] [INFO] treeLoadedMsg applied: roots=7 rows=13 loadErr=<nil>
[18:51:43.351] [DEBUG] loadTreeCmd start: cwd=/Users/iv/Developer/relux-proxy remote="" board="" user=""
[18:51:43.648] [INFO] loadTreeCmd success: roots=7
[18:51:43.648] [INFO] treeLoadedMsg applied: roots=7 rows=13 loadErr=<nil>
[18:51:53.353] [DEBUG] loadTreeCmd start: cwd=/Users/iv/Developer/relux-proxy remote="" board="" user=""
[18:51:53.645] [INFO] loadTreeCmd success: roots=7
[18:51:53.645] [INFO] treeLoadedMsg applied: roots=7 rows=13 loadErr=<nil>
[18:52:03.355] [DEBUG] loadTreeCmd start: cwd=/Users/iv/Developer/relux-proxy remote="" board="" user=""
[18:52:03.650] [INFO] loadTreeCmd success: roots=7
[18:52:03.650] [INFO] treeLoadedMsg applied: roots=7 rows=13 loadErr=<nil>
[18:52:13.357] [DEBUG] loadTreeCmd start: cwd=/Users/iv/Developer/relux-proxy remote="" board="" user=""
[18:52:13.657] [INFO] loadTreeCmd success: roots=7
[18:52:13.657] [INFO] treeLoadedMsg applied: roots=7 rows=13 loadErr=<nil>
[18:52:23.359] [DEBUG] loadTreeCmd start: cwd=/Users/iv/Developer/relux-proxy remote="" board="" user=""
[18:52:23.659] [INFO] loadTreeCmd success: roots=7
[18:52:23.659] [INFO] treeLoadedMsg applied: roots=7 rows=13 loadErr=<nil>
[18:52:33.360] [DEBUG] loadTreeCmd start: cwd=/Users/iv/Developer/relux-proxy remote="" board="" user=""
[18:52:33.664] [INFO] loadTreeCmd success: roots=7
[18:52:33.664] [INFO] treeLoadedMsg applied: roots=7 rows=13 loadErr=<nil>
[18:52:43.362] [DEBUG] loadTreeCmd start: cwd=/Users/iv/Developer/relux-proxy remote="" board="" user=""
[18:52:43.684] [INFO] loadTreeCmd success: roots=7
[18:52:43.697] [INFO] treeLoadedMsg applied: roots=7 rows=13 loadErr=<nil>
[18:52:53.362] [DEBUG] loadTreeCmd start: cwd=/Users/iv/Developer/relux-proxy remote="" board="" user=""
[18:52:54.292] [INFO] loadTreeCmd success: roots=7
[18:52:54.292] [INFO] treeLoadedMsg applied: roots=7 rows=13 loadErr=<nil>
[18:53:03.363] [DEBUG] loadTreeCmd start: cwd=/Users/iv/Developer/relux-proxy remote="" board="" user=""
[18:53:04.215] [INFO] loadTreeCmd success: roots=7
[18:53:04.226] [INFO] treeLoadedMsg applied: roots=7 rows=13 loadErr=<nil>
[18:53:13.362] [DEBUG] loadTreeCmd start: cwd=/Users/iv/Developer/relux-proxy remote="" board="" user=""
[18:53:14.268] [INFO] loadTreeCmd success: roots=7
[18:53:14.268] [INFO] treeLoadedMsg applied: roots=7 rows=13 loadErr=<nil>
[18:53:23.363] [DEBUG] loadTreeCmd start: cwd=/Users/iv/Developer/relux-proxy remote="" board="" user=""
[18:53:23.791] [INFO] loadTreeCmd success: roots=7
[18:53:23.791] [INFO] treeLoadedMsg applied: roots=7 rows=13 loadErr=<nil>
[18:53:33.379] [DEBUG] loadTreeCmd start: cwd=/Users/iv/Developer/relux-proxy remote="" board="" user=""
[18:53:34.142] [INFO] loadTreeCmd success: roots=7
[18:53:34.142] [INFO] treeLoadedMsg applied: roots=7 rows=13 loadErr=<nil>
[18:53:43.379] [DEBUG] loadTreeCmd start: cwd=/Users/iv/Developer/relux-proxy remote="" board="" user=""
[18:53:44.039] [INFO] loadTreeCmd success: roots=7
[18:53:44.040] [INFO] treeLoadedMsg applied: roots=7 rows=13 loadErr=<nil>
[18:53:53.379] [DEBUG] loadTreeCmd start: cwd=/Users/iv/Developer/relux-proxy remote="" board="" user=""
[18:53:53.992] [INFO] loadTreeCmd success: roots=7
[18:53:53.992] [INFO] treeLoadedMsg applied: roots=7 rows=13 loadErr=<nil>
[18:54:03.379] [DEBUG] loadTreeCmd start: cwd=/Users/iv/Developer/relux-proxy remote="" board="" user=""
[18:54:03.676] [INFO] loadTreeCmd success: roots=7
[18:54:03.676] [INFO] treeLoadedMsg applied: roots=7 rows=13 loadErr=<nil>
[18:54:13.380] [DEBUG] loadTreeCmd start: cwd=/Users/iv/Developer/relux-proxy remote="" board="" user=""
[18:54:13.682] [INFO] loadTreeCmd success: roots=7
[18:54:13.682] [INFO] treeLoadedMsg applied: roots=7 rows=13 loadErr=<nil>
[18:54:23.380] [DEBUG] loadTreeCmd start: cwd=/Users/iv/Developer/relux-proxy remote="" board="" user=""
[18:54:23.696] [INFO] loadTreeCmd success: roots=7
[18:54:23.697] [INFO] treeLoadedMsg applied: roots=7 rows=13 loadErr=<nil>
[18:54:33.383] [DEBUG] loadTreeCmd start: cwd=/Users/iv/Developer/relux-proxy remote="" board="" user=""
[18:54:33.699] [INFO] loadTreeCmd success: roots=7
[18:54:33.699] [INFO] treeLoadedMsg applied: roots=7 rows=13 loadErr=<nil>
[18:54:43.383] [DEBUG] loadTreeCmd start: cwd=/Users/iv/Developer/relux-proxy remote="" board="" user=""
[18:54:43.686] [INFO] loadTreeCmd success: roots=7
[18:54:43.687] [INFO] treeLoadedMsg applied: roots=7 rows=13 loadErr=<nil>
[18:54:53.385] [DEBUG] loadTreeCmd start: cwd=/Users/iv/Developer/relux-proxy remote="" board="" user=""
[18:54:53.680] [INFO] loadTreeCmd success: roots=7
[18:54:53.680] [INFO] treeLoadedMsg applied: roots=7 rows=13 loadErr=<nil>
[18:55:03.386] [DEBUG] loadTreeCmd start: cwd=/Users/iv/Developer/relux-proxy remote="" board="" user=""
[18:55:03.678] [INFO] loadTreeCmd success: roots=7
[18:55:03.678] [INFO] treeLoadedMsg applied: roots=7 rows=13 loadErr=<nil>
[18:55:13.386] [DEBUG] loadTreeCmd start: cwd=/Users/iv/Developer/relux-proxy remote="" board="" user=""
[18:55:13.681] [INFO] loadTreeCmd success: roots=7
[18:55:13.682] [INFO] treeLoadedMsg applied: roots=7 rows=13 loadErr=<nil>
[18:55:23.388] [DEBUG] loadTreeCmd start: cwd=/Users/iv/Developer/relux-proxy remote="" board="" user=""
[18:55:23.680] [INFO] loadTreeCmd success: roots=7
[18:55:23.680] [INFO] treeLoadedMsg applied: roots=7 rows=13 loadErr=<nil>
[18:55:33.390] [DEBUG] loadTreeCmd start: cwd=/Users/iv/Developer/relux-proxy remote="" board="" user=""
[18:55:33.685] [INFO] loadTreeCmd success: roots=7
[18:55:33.685] [INFO] treeLoadedMsg applied: roots=7 rows=13 loadErr=<nil>
[18:55:43.392] [DEBUG] loadTreeCmd start: cwd=/Users/iv/Developer/relux-proxy remote="" board="" user=""
[18:55:43.685] [INFO] loadTreeCmd success: roots=7
[18:55:43.685] [INFO] treeLoadedMsg applied: roots=7 rows=13 loadErr=<nil>
[18:55:53.393] [DEBUG] loadTreeCmd start: cwd=/Users/iv/Developer/relux-proxy remote="" board="" user=""
[18:55:53.686] [INFO] loadTreeCmd success: roots=7
[18:55:53.686] [INFO] treeLoadedMsg applied: roots=7 rows=13 loadErr=<nil>
[18:56:03.393] [DEBUG] loadTreeCmd start: cwd=/Users/iv/Developer/relux-proxy remote="" board="" user=""
[18:56:03.687] [INFO] loadTreeCmd success: roots=7
[18:56:03.688] [INFO] treeLoadedMsg applied: roots=7 rows=13 loadErr=<nil>
[18:56:13.394] [DEBUG] loadTreeCmd start: cwd=/Users/iv/Developer/relux-proxy remote="" board="" user=""
[18:56:13.690] [INFO] loadTreeCmd success: roots=7
[18:56:13.690] [INFO] treeLoadedMsg applied: roots=7 rows=13 loadErr=<nil>
[18:56:23.394] [DEBUG] loadTreeCmd start: cwd=/Users/iv/Developer/relux-proxy remote="" board="" user=""
[18:56:23.688] [INFO] loadTreeCmd success: roots=7
[18:56:23.688] [INFO] treeLoadedMsg applied: roots=7 rows=13 loadErr=<nil>
[18:56:33.396] [DEBUG] loadTreeCmd start: cwd=/Users/iv/Developer/relux-proxy remote="" board="" user=""
[18:56:33.805] [INFO] loadTreeCmd success: roots=7
[18:56:33.805] [INFO] treeLoadedMsg applied: roots=7 rows=13 loadErr=<nil>
[18:56:43.398] [DEBUG] loadTreeCmd start: cwd=/Users/iv/Developer/relux-proxy remote="" board="" user=""
[18:56:44.037] [INFO] loadTreeCmd success: roots=7
[18:56:44.037] [INFO] treeLoadedMsg applied: roots=7 rows=13 loadErr=<nil>
[18:56:53.406] [DEBUG] loadTreeCmd start: cwd=/Users/iv/Developer/relux-proxy remote="" board="" user=""
[18:56:53.900] [INFO] loadTreeCmd success: roots=7
[18:56:53.900] [INFO] treeLoadedMsg applied: roots=7 rows=13 loadErr=<nil>
[18:57:03.398] [DEBUG] loadTreeCmd start: cwd=/Users/iv/Developer/relux-proxy remote="" board="" user=""
[18:57:03.808] [INFO] loadTreeCmd success: roots=7
[18:57:03.808] [INFO] treeLoadedMsg applied: roots=7 rows=13 loadErr=<nil>
[18:57:13.398] [DEBUG] loadTreeCmd start: cwd=/Users/iv/Developer/relux-proxy remote="" board="" user=""
[18:57:13.693] [INFO] loadTreeCmd success: roots=7
[18:57:13.693] [INFO] treeLoadedMsg applied: roots=7 rows=13 loadErr=<nil>
[18:57:23.399] [DEBUG] loadTreeCmd start: cwd=/Users/iv/Developer/relux-proxy remote="" board="" user=""
[18:57:23.699] [INFO] loadTreeCmd success: roots=7
[18:57:23.699] [INFO] treeLoadedMsg applied: roots=7 rows=13 loadErr=<nil>
[18:57:33.399] [DEBUG] loadTreeCmd start: cwd=/Users/iv/Developer/relux-proxy remote="" board="" user=""
[18:57:33.701] [INFO] loadTreeCmd success: roots=7
[18:57:33.701] [INFO] treeLoadedMsg applied: roots=7 rows=13 loadErr=<nil>
[18:57:43.399] [DEBUG] loadTreeCmd start: cwd=/Users/iv/Developer/relux-proxy remote="" board="" user=""
[18:57:43.697] [INFO] loadTreeCmd success: roots=7
[18:57:43.697] [INFO] treeLoadedMsg applied: roots=7 rows=13 loadErr=<nil>
[18:57:53.400] [DEBUG] loadTreeCmd start: cwd=/Users/iv/Developer/relux-proxy remote="" board="" user=""
[18:57:53.693] [INFO] loadTreeCmd success: roots=7
[18:57:53.693] [INFO] treeLoadedMsg applied: roots=7 rows=13 loadErr=<nil>
[18:58:03.402] [DEBUG] loadTreeCmd start: cwd=/Users/iv/Developer/relux-proxy remote="" board="" user=""
[18:58:03.700] [INFO] loadTreeCmd success: roots=7
[18:58:03.700] [INFO] treeLoadedMsg applied: roots=7 rows=13 loadErr=<nil>
[18:58:13.403] [DEBUG] loadTreeCmd start: cwd=/Users/iv/Developer/relux-proxy remote="" board="" user=""
[18:58:13.695] [INFO] loadTreeCmd success: roots=7
[18:58:13.695] [INFO] treeLoadedMsg applied: roots=7 rows=13 loadErr=<nil>
[18:58:23.405] [DEBUG] loadTreeCmd start: cwd=/Users/iv/Developer/relux-proxy remote="" board="" user=""
[18:58:23.702] [INFO] loadTreeCmd success: roots=7
[18:58:23.703] [INFO] treeLoadedMsg applied: roots=7 rows=13 loadErr=<nil>
[18:58:33.407] [DEBUG] loadTreeCmd start: cwd=/Users/iv/Developer/relux-proxy remote="" board="" user=""
[18:58:33.699] [INFO] loadTreeCmd success: roots=7
[18:58:33.699] [INFO] treeLoadedMsg applied: roots=7 rows=13 loadErr=<nil>
[18:58:43.408] [DEBUG] loadTreeCmd start: cwd=/Users/iv/Developer/relux-proxy remote="" board="" user=""
[18:58:43.697] [INFO] loadTreeCmd success: roots=7
[18:58:43.697] [INFO] treeLoadedMsg applied: roots=7 rows=13 loadErr=<nil>
[18:58:53.410] [DEBUG] loadTreeCmd start: cwd=/Users/iv/Developer/relux-proxy remote="" board="" user=""
[18:58:53.707] [INFO] loadTreeCmd success: roots=7
[18:58:53.707] [INFO] treeLoadedMsg applied: roots=7 rows=13 loadErr=<nil>
[18:59:03.412] [DEBUG] loadTreeCmd start: cwd=/Users/iv/Developer/relux-proxy remote="" board="" user=""
[18:59:03.708] [INFO] loadTreeCmd success: roots=7
[18:59:03.708] [INFO] treeLoadedMsg applied: roots=7 rows=13 loadErr=<nil>
[18:59:13.413] [DEBUG] loadTreeCmd start: cwd=/Users/iv/Developer/relux-proxy remote="" board="" user=""
[18:59:13.708] [INFO] loadTreeCmd success: roots=7
[18:59:13.708] [INFO] treeLoadedMsg applied: roots=7 rows=13 loadErr=<nil>
[18:59:23.413] [DEBUG] loadTreeCmd start: cwd=/Users/iv/Developer/relux-proxy remote="" board="" user=""
[18:59:23.708] [INFO] loadTreeCmd success: roots=7
[18:59:23.708] [INFO] treeLoadedMsg applied: roots=7 rows=13 loadErr=<nil>
[18:59:33.413] [DEBUG] loadTreeCmd start: cwd=/Users/iv/Developer/relux-proxy remote="" board="" user=""
[18:59:33.702] [INFO] loadTreeCmd success: roots=7
[18:59:33.702] [INFO] treeLoadedMsg applied: roots=7 rows=13 loadErr=<nil>
[18:59:43.414] [DEBUG] loadTreeCmd start: cwd=/Users/iv/Developer/relux-proxy remote="" board="" user=""
[18:59:43.708] [INFO] loadTreeCmd success: roots=7
[18:59:43.708] [INFO] treeLoadedMsg applied: roots=7 rows=13 loadErr=<nil>
[18:59:53.414] [DEBUG] loadTreeCmd start: cwd=/Users/iv/Developer/relux-proxy remote="" board="" user=""
[18:59:53.711] [INFO] loadTreeCmd success: roots=7
[18:59:53.711] [INFO] treeLoadedMsg applied: roots=7 rows=13 loadErr=<nil>
[19:00:03.414] [DEBUG] loadTreeCmd start: cwd=/Users/iv/Developer/relux-proxy remote="" board="" user=""
[19:00:03.708] [INFO] loadTreeCmd success: roots=7
[19:00:03.708] [INFO] treeLoadedMsg applied: roots=7 rows=13 loadErr=<nil>
[19:00:13.415] [DEBUG] loadTreeCmd start: cwd=/Users/iv/Developer/relux-proxy remote="" board="" user=""
[19:00:13.706] [INFO] loadTreeCmd success: roots=7
[19:00:13.706] [INFO] treeLoadedMsg applied: roots=7 rows=13 loadErr=<nil>
[19:00:23.415] [DEBUG] loadTreeCmd start: cwd=/Users/iv/Developer/relux-proxy remote="" board="" user=""
[19:00:23.711] [INFO] loadTreeCmd success: roots=7
[19:00:23.711] [INFO] treeLoadedMsg applied: roots=7 rows=13 loadErr=<nil>
[19:00:33.416] [DEBUG] loadTreeCmd start: cwd=/Users/iv/Developer/relux-proxy remote="" board="" user=""
[19:00:33.709] [INFO] loadTreeCmd success: roots=7
[19:00:33.709] [INFO] treeLoadedMsg applied: roots=7 rows=13 loadErr=<nil>
[19:00:43.416] [DEBUG] loadTreeCmd start: cwd=/Users/iv/Developer/relux-proxy remote="" board="" user=""
[19:00:43.812] [INFO] loadTreeCmd success: roots=7
[19:00:43.813] [INFO] treeLoadedMsg applied: roots=7 rows=13 loadErr=<nil>
[19:00:53.417] [DEBUG] loadTreeCmd start: cwd=/Users/iv/Developer/relux-proxy remote="" board="" user=""
[19:00:53.758] [INFO] loadTreeCmd success: roots=7
[19:00:53.758] [INFO] treeLoadedMsg applied: roots=7 rows=13 loadErr=<nil>
[19:01:03.418] [DEBUG] loadTreeCmd start: cwd=/Users/iv/Developer/relux-proxy remote="" board="" user=""
[19:01:03.711] [INFO] loadTreeCmd success: roots=7
[19:01:03.712] [INFO] treeLoadedMsg applied: roots=7 rows=13 loadErr=<nil>
[19:01:13.419] [DEBUG] loadTreeCmd start: cwd=/Users/iv/Developer/relux-proxy remote="" board="" user=""
[19:01:13.714] [INFO] loadTreeCmd success: roots=7
[19:01:13.714] [INFO] treeLoadedMsg applied: roots=7 rows=13 loadErr=<nil>
[19:01:23.420] [DEBUG] loadTreeCmd start: cwd=/Users/iv/Developer/relux-proxy remote="" board="" user=""
[19:01:23.819] [INFO] loadTreeCmd success: roots=7
[19:01:23.821] [INFO] treeLoadedMsg applied: roots=7 rows=13 loadErr=<nil>
[19:01:33.422] [DEBUG] loadTreeCmd start: cwd=/Users/iv/Developer/relux-proxy remote="" board="" user=""
[19:01:33.715] [INFO] loadTreeCmd success: roots=7
[19:01:33.715] [INFO] treeLoadedMsg applied: roots=7 rows=13 loadErr=<nil>
[19:01:43.424] [DEBUG] loadTreeCmd start: cwd=/Users/iv/Developer/relux-proxy remote="" board="" user=""
[19:01:43.725] [INFO] loadTreeCmd success: roots=7
[19:01:43.725] [INFO] treeLoadedMsg applied: roots=7 rows=13 loadErr=<nil>
[19:01:53.425] [DEBUG] loadTreeCmd start: cwd=/Users/iv/Developer/relux-proxy remote="" board="" user=""
[19:01:53.787] [INFO] loadTreeCmd success: roots=7
[19:01:53.787] [INFO] treeLoadedMsg applied: roots=7 rows=13 loadErr=<nil>
[19:02:03.427] [DEBUG] loadTreeCmd start: cwd=/Users/iv/Developer/relux-proxy remote="" board="" user=""
[19:02:03.726] [INFO] loadTreeCmd success: roots=7
[19:02:03.726] [INFO] treeLoadedMsg applied: roots=7 rows=13 loadErr=<nil>
[19:02:13.428] [DEBUG] loadTreeCmd start: cwd=/Users/iv/Developer/relux-proxy remote="" board="" user=""
[19:02:13.725] [INFO] loadTreeCmd success: roots=7
[19:02:13.725] [INFO] treeLoadedMsg applied: roots=7 rows=13 loadErr=<nil>
[19:02:23.430] [DEBUG] loadTreeCmd start: cwd=/Users/iv/Developer/relux-proxy remote="" board="" user=""
[19:02:23.724] [INFO] loadTreeCmd success: roots=7
[19:02:23.725] [INFO] treeLoadedMsg applied: roots=7 rows=13 loadErr=<nil>
[19:02:33.430] [DEBUG] loadTreeCmd start: cwd=/Users/iv/Developer/relux-proxy remote="" board="" user=""
[19:02:33.728] [INFO] loadTreeCmd success: roots=7
[19:02:33.728] [INFO] treeLoadedMsg applied: roots=7 rows=13 loadErr=<nil>
[19:02:43.431] [DEBUG] loadTreeCmd start: cwd=/Users/iv/Developer/relux-proxy remote="" board="" user=""
[19:02:43.725] [INFO] loadTreeCmd success: roots=7
[19:02:43.725] [INFO] treeLoadedMsg applied: roots=7 rows=13 loadErr=<nil>
[19:02:53.431] [DEBUG] loadTreeCmd start: cwd=/Users/iv/Developer/relux-proxy remote="" board="" user=""
[19:02:53.724] [INFO] loadTreeCmd success: roots=7
[19:02:53.724] [INFO] treeLoadedMsg applied: roots=7 rows=13 loadErr=<nil>
[19:03:03.431] [DEBUG] loadTreeCmd start: cwd=/Users/iv/Developer/relux-proxy remote="" board="" user=""
[19:03:03.730] [INFO] loadTreeCmd success: roots=7
[19:03:03.730] [INFO] treeLoadedMsg applied: roots=7 rows=13 loadErr=<nil>
[19:03:13.431] [DEBUG] loadTreeCmd start: cwd=/Users/iv/Developer/relux-proxy remote="" board="" user=""
[19:03:13.728] [INFO] loadTreeCmd success: roots=7
[19:03:13.728] [INFO] treeLoadedMsg applied: roots=7 rows=13 loadErr=<nil>
[19:03:23.432] [DEBUG] loadTreeCmd start: cwd=/Users/iv/Developer/relux-proxy remote="" board="" user=""
[19:03:23.727] [INFO] loadTreeCmd success: roots=7
[19:03:23.727] [INFO] treeLoadedMsg applied: roots=7 rows=13 loadErr=<nil>
[19:03:33.433] [DEBUG] loadTreeCmd start: cwd=/Users/iv/Developer/relux-proxy remote="" board="" user=""
[19:03:33.730] [INFO] loadTreeCmd success: roots=7
[19:03:33.731] [INFO] treeLoadedMsg applied: roots=7 rows=13 loadErr=<nil>
[19:03:43.433] [DEBUG] loadTreeCmd start: cwd=/Users/iv/Developer/relux-proxy remote="" board="" user=""
[19:03:43.728] [INFO] loadTreeCmd success: roots=7
[19:03:43.729] [INFO] treeLoadedMsg applied: roots=7 rows=13 loadErr=<nil>
[19:03:53.434] [DEBUG] loadTreeCmd start: cwd=/Users/iv/Developer/relux-proxy remote="" board="" user=""
[19:03:53.729] [INFO] loadTreeCmd success: roots=7
[19:03:53.729] [INFO] treeLoadedMsg applied: roots=7 rows=13 loadErr=<nil>
[19:04:03.436] [DEBUG] loadTreeCmd start: cwd=/Users/iv/Developer/relux-proxy remote="" board="" user=""
[19:04:03.732] [INFO] loadTreeCmd success: roots=7
[19:04:03.732] [INFO] treeLoadedMsg applied: roots=7 rows=13 loadErr=<nil>
[19:04:13.437] [DEBUG] loadTreeCmd start: cwd=/Users/iv/Developer/relux-proxy remote="" board="" user=""
[19:04:13.730] [INFO] loadTreeCmd success: roots=7
[19:04:13.731] [INFO] treeLoadedMsg applied: roots=7 rows=13 loadErr=<nil>
[19:04:23.438] [DEBUG] loadTreeCmd start: cwd=/Users/iv/Developer/relux-proxy remote="" board="" user=""
[19:04:23.731] [INFO] loadTreeCmd success: roots=7
[19:04:23.731] [INFO] treeLoadedMsg applied: roots=7 rows=13 loadErr=<nil>
[19:04:33.439] [DEBUG] loadTreeCmd start: cwd=/Users/iv/Developer/relux-proxy remote="" board="" user=""
[19:04:34.021] [INFO] loadTreeCmd success: roots=7
[19:04:34.021] [INFO] treeLoadedMsg applied: roots=7 rows=13 loadErr=<nil>
[19:04:43.440] [DEBUG] loadTreeCmd start: cwd=/Users/iv/Developer/relux-proxy remote="" board="" user=""
[19:04:43.734] [INFO] loadTreeCmd success: roots=7
[19:04:43.735] [INFO] treeLoadedMsg applied: roots=7 rows=13 loadErr=<nil>
[19:04:53.441] [DEBUG] loadTreeCmd start: cwd=/Users/iv/Developer/relux-proxy remote="" board="" user=""
[19:04:53.737] [INFO] loadTreeCmd success: roots=7
[19:04:53.737] [INFO] treeLoadedMsg applied: roots=7 rows=13 loadErr=<nil>
[19:05:03.443] [DEBUG] loadTreeCmd start: cwd=/Users/iv/Developer/relux-proxy remote="" board="" user=""
[19:05:03.739] [INFO] loadTreeCmd success: roots=7
[19:05:03.739] [INFO] treeLoadedMsg applied: roots=7 rows=13 loadErr=<nil>
[19:05:13.444] [DEBUG] loadTreeCmd start: cwd=/Users/iv/Developer/relux-proxy remote="" board="" user=""
[19:05:13.739] [INFO] loadTreeCmd success: roots=7
[19:05:13.740] [INFO] treeLoadedMsg applied: roots=7 rows=13 loadErr=<nil>
[19:05:23.445] [DEBUG] loadTreeCmd start: cwd=/Users/iv/Developer/relux-proxy remote="" board="" user=""
[19:05:23.740] [INFO] loadTreeCmd success: roots=7
[19:05:23.740] [INFO] treeLoadedMsg applied: roots=7 rows=13 loadErr=<nil>
[19:05:33.447] [DEBUG] loadTreeCmd start: cwd=/Users/iv/Developer/relux-proxy remote="" board="" user=""
[19:05:33.742] [INFO] loadTreeCmd success: roots=7
[19:05:33.742] [INFO] treeLoadedMsg applied: roots=7 rows=13 loadErr=<nil>
[19:05:43.447] [DEBUG] loadTreeCmd start: cwd=/Users/iv/Developer/relux-proxy remote="" board="" user=""
[19:05:43.740] [INFO] loadTreeCmd success: roots=7
[19:05:43.740] [INFO] treeLoadedMsg applied: roots=7 rows=13 loadErr=<nil>
[19:05:53.447] [DEBUG] loadTreeCmd start: cwd=/Users/iv/Developer/relux-proxy remote="" board="" user=""
[19:05:53.742] [INFO] loadTreeCmd success: roots=7
[19:05:53.742] [INFO] treeLoadedMsg applied: roots=7 rows=13 loadErr=<nil>
[19:06:03.448] [DEBUG] loadTreeCmd start: cwd=/Users/iv/Developer/relux-proxy remote="" board="" user=""
[19:06:03.744] [INFO] loadTreeCmd success: roots=7
[19:06:03.744] [INFO] treeLoadedMsg applied: roots=7 rows=13 loadErr=<nil>
[19:06:13.448] [DEBUG] loadTreeCmd start: cwd=/Users/iv/Developer/relux-proxy remote="" board="" user=""
[19:06:13.749] [INFO] loadTreeCmd success: roots=7
[19:06:13.749] [INFO] treeLoadedMsg applied: roots=7 rows=13 loadErr=<nil>
[19:06:23.448] [DEBUG] loadTreeCmd start: cwd=/Users/iv/Developer/relux-proxy remote="" board="" user=""
[19:06:23.741] [INFO] loadTreeCmd success: roots=7
[19:06:23.741] [INFO] treeLoadedMsg applied: roots=7 rows=13 loadErr=<nil>
[19:06:33.449] [DEBUG] loadTreeCmd start: cwd=/Users/iv/Developer/relux-proxy remote="" board="" user=""
[19:06:33.742] [INFO] loadTreeCmd success: roots=7
[19:06:33.742] [INFO] treeLoadedMsg applied: roots=7 rows=13 loadErr=<nil>
[19:06:43.453] [DEBUG] loadTreeCmd start: cwd=/Users/iv/Developer/relux-proxy remote="" board="" user=""
[19:06:43.804] [INFO] loadTreeCmd success: roots=7
[19:06:43.804] [INFO] treeLoadedMsg applied: roots=7 rows=13 loadErr=<nil>
[19:06:53.454] [DEBUG] loadTreeCmd start: cwd=/Users/iv/Developer/relux-proxy remote="" board="" user=""
[19:06:53.749] [INFO] loadTreeCmd success: roots=7
[19:06:53.749] [INFO] treeLoadedMsg applied: roots=7 rows=13 loadErr=<nil>
[19:07:03.456] [DEBUG] loadTreeCmd start: cwd=/Users/iv/Developer/relux-proxy remote="" board="" user=""
[19:07:03.752] [INFO] loadTreeCmd success: roots=7
[19:07:03.753] [INFO] treeLoadedMsg applied: roots=7 rows=13 loadErr=<nil>
[19:07:13.458] [DEBUG] loadTreeCmd start: cwd=/Users/iv/Developer/relux-proxy remote="" board="" user=""
[19:07:13.752] [INFO] loadTreeCmd success: roots=7
[19:07:13.752] [INFO] treeLoadedMsg applied: roots=7 rows=13 loadErr=<nil>
[19:07:23.460] [DEBUG] loadTreeCmd start: cwd=/Users/iv/Developer/relux-proxy remote="" board="" user=""
[19:07:23.757] [INFO] loadTreeCmd success: roots=7
[19:07:23.757] [INFO] treeLoadedMsg applied: roots=7 rows=13 loadErr=<nil>
[19:07:33.462] [DEBUG] loadTreeCmd start: cwd=/Users/iv/Developer/relux-proxy remote="" board="" user=""
[19:07:33.750] [INFO] loadTreeCmd success: roots=7
[19:07:33.750] [INFO] treeLoadedMsg applied: roots=7 rows=13 loadErr=<nil>
[19:07:43.462] [DEBUG] loadTreeCmd start: cwd=/Users/iv/Developer/relux-proxy remote="" board="" user=""
[19:07:43.755] [INFO] loadTreeCmd success: roots=7
[19:07:43.755] [INFO] treeLoadedMsg applied: roots=7 rows=13 loadErr=<nil>
[19:07:53.463] [DEBUG] loadTreeCmd start: cwd=/Users/iv/Developer/relux-proxy remote="" board="" user=""
[19:07:53.759] [INFO] loadTreeCmd success: roots=7
[19:07:53.760] [INFO] treeLoadedMsg applied: roots=7 rows=13 loadErr=<nil>
[19:08:03.465] [DEBUG] loadTreeCmd start: cwd=/Users/iv/Developer/relux-proxy remote="" board="" user=""
[19:08:03.765] [INFO] loadTreeCmd success: roots=7
[19:08:03.766] [INFO] treeLoadedMsg applied: roots=7 rows=13 loadErr=<nil>
[19:08:13.465] [DEBUG] loadTreeCmd start: cwd=/Users/iv/Developer/relux-proxy remote="" board="" user=""
[19:08:13.758] [INFO] loadTreeCmd success: roots=7
[19:08:13.759] [INFO] treeLoadedMsg applied: roots=7 rows=13 loadErr=<nil>
[19:08:23.466] [DEBUG] loadTreeCmd start: cwd=/Users/iv/Developer/relux-proxy remote="" board="" user=""
[19:08:23.916] [INFO] loadTreeCmd success: roots=7
[19:08:23.917] [INFO] treeLoadedMsg applied: roots=7 rows=13 loadErr=<nil>
[19:08:33.466] [DEBUG] loadTreeCmd start: cwd=/Users/iv/Developer/relux-proxy remote="" board="" user=""
[19:08:33.761] [INFO] loadTreeCmd success: roots=7
[19:08:33.761] [INFO] treeLoadedMsg applied: roots=7 rows=13 loadErr=<nil>
[19:08:43.467] [DEBUG] loadTreeCmd start: cwd=/Users/iv/Developer/relux-proxy remote="" board="" user=""
[19:08:43.768] [INFO] loadTreeCmd success: roots=7
[19:08:43.768] [INFO] treeLoadedMsg applied: roots=7 rows=13 loadErr=<nil>
[19:08:53.467] [DEBUG] loadTreeCmd start: cwd=/Users/iv/Developer/relux-proxy remote="" board="" user=""
[19:08:53.766] [INFO] loadTreeCmd success: roots=7
[19:08:53.766] [INFO] treeLoadedMsg applied: roots=7 rows=13 loadErr=<nil>
[19:09:03.469] [DEBUG] loadTreeCmd start: cwd=/Users/iv/Developer/relux-proxy remote="" board="" user=""
[19:09:03.795] [INFO] loadTreeCmd success: roots=7
[19:09:03.795] [INFO] treeLoadedMsg applied: roots=7 rows=13 loadErr=<nil>
[19:09:13.470] [DEBUG] loadTreeCmd start: cwd=/Users/iv/Developer/relux-proxy remote="" board="" user=""
[19:09:13.778] [INFO] loadTreeCmd success: roots=7
[19:09:13.778] [INFO] treeLoadedMsg applied: roots=7 rows=13 loadErr=<nil>
[19:09:23.471] [DEBUG] loadTreeCmd start: cwd=/Users/iv/Developer/relux-proxy remote="" board="" user=""
[19:09:23.769] [INFO] loadTreeCmd success: roots=7
[19:09:23.769] [INFO] treeLoadedMsg applied: roots=7 rows=13 loadErr=<nil>
[19:09:33.472] [DEBUG] loadTreeCmd start: cwd=/Users/iv/Developer/relux-proxy remote="" board="" user=""
[19:09:33.769] [INFO] loadTreeCmd success: roots=7
[19:09:33.769] [INFO] treeLoadedMsg applied: roots=7 rows=13 loadErr=<nil>
[19:09:43.474] [DEBUG] loadTreeCmd start: cwd=/Users/iv/Developer/relux-proxy remote="" board="" user=""
[19:09:43.772] [INFO] loadTreeCmd success: roots=7
[19:09:43.772] [INFO] treeLoadedMsg applied: roots=7 rows=13 loadErr=<nil>
[19:09:53.477] [DEBUG] loadTreeCmd start: cwd=/Users/iv/Developer/relux-proxy remote="" board="" user=""
[19:09:53.773] [INFO] loadTreeCmd success: roots=7
[19:09:53.773] [INFO] treeLoadedMsg applied: roots=7 rows=13 loadErr=<nil>
[19:10:03.478] [DEBUG] loadTreeCmd start: cwd=/Users/iv/Developer/relux-proxy remote="" board="" user=""
[19:10:03.777] [INFO] loadTreeCmd success: roots=7
[19:10:03.777] [INFO] treeLoadedMsg applied: roots=7 rows=13 loadErr=<nil>
[19:10:13.480] [DEBUG] loadTreeCmd start: cwd=/Users/iv/Developer/relux-proxy remote="" board="" user=""
[19:10:13.777] [INFO] loadTreeCmd success: roots=7
[19:10:13.778] [INFO] treeLoadedMsg applied: roots=7 rows=13 loadErr=<nil>
[19:10:23.480] [DEBUG] loadTreeCmd start: cwd=/Users/iv/Developer/relux-proxy remote="" board="" user=""
[19:10:23.777] [INFO] loadTreeCmd success: roots=7
[19:10:23.777] [INFO] treeLoadedMsg applied: roots=7 rows=13 loadErr=<nil>
[19:10:33.483] [DEBUG] loadTreeCmd start: cwd=/Users/iv/Developer/relux-proxy remote="" board="" user=""
[19:10:33.834] [INFO] loadTreeCmd success: roots=7
[19:10:33.834] [INFO] treeLoadedMsg applied: roots=7 rows=13 loadErr=<nil>
[19:10:43.482] [DEBUG] loadTreeCmd start: cwd=/Users/iv/Developer/relux-proxy remote="" board="" user=""
[19:10:43.776] [INFO] loadTreeCmd success: roots=7
[19:10:43.776] [INFO] treeLoadedMsg applied: roots=7 rows=13 loadErr=<nil>
[19:10:53.483] [DEBUG] loadTreeCmd start: cwd=/Users/iv/Developer/relux-proxy remote="" board="" user=""
[19:10:53.780] [INFO] loadTreeCmd success: roots=7
[19:10:53.780] [INFO] treeLoadedMsg applied: roots=7 rows=13 loadErr=<nil>
[19:11:03.483] [DEBUG] loadTreeCmd start: cwd=/Users/iv/Developer/relux-proxy remote="" board="" user=""
[19:11:03.781] [INFO] loadTreeCmd success: roots=7
[19:11:03.781] [INFO] treeLoadedMsg applied: roots=7 rows=13 loadErr=<nil>
[19:11:13.484] [DEBUG] loadTreeCmd start: cwd=/Users/iv/Developer/relux-proxy remote="" board="" user=""
[19:11:13.780] [INFO] loadTreeCmd success: roots=7
[19:11:13.780] [INFO] treeLoadedMsg applied: roots=7 rows=13 loadErr=<nil>
[19:11:23.484] [DEBUG] loadTreeCmd start: cwd=/Users/iv/Developer/relux-proxy remote="" board="" user=""
[19:11:23.780] [INFO] loadTreeCmd success: roots=7
[19:11:23.780] [INFO] treeLoadedMsg applied: roots=7 rows=13 loadErr=<nil>
[19:11:33.485] [DEBUG] loadTreeCmd start: cwd=/Users/iv/Developer/relux-proxy remote="" board="" user=""
[19:11:33.780] [INFO] loadTreeCmd success: roots=7
[19:11:33.780] [INFO] treeLoadedMsg applied: roots=7 rows=13 loadErr=<nil>
[19:11:43.486] [DEBUG] loadTreeCmd start: cwd=/Users/iv/Developer/relux-proxy remote="" board="" user=""
[19:11:43.778] [INFO] loadTreeCmd success: roots=7
[19:11:43.779] [INFO] treeLoadedMsg applied: roots=7 rows=13 loadErr=<nil>
[19:11:53.487] [DEBUG] loadTreeCmd start: cwd=/Users/iv/Developer/relux-proxy remote="" board="" user=""
[19:11:53.782] [INFO] loadTreeCmd success: roots=7
[19:11:53.783] [INFO] treeLoadedMsg applied: roots=7 rows=13 loadErr=<nil>
[19:12:03.489] [DEBUG] loadTreeCmd start: cwd=/Users/iv/Developer/relux-proxy remote="" board="" user=""
[19:12:03.784] [INFO] loadTreeCmd success: roots=7
[19:12:03.784] [INFO] treeLoadedMsg applied: roots=7 rows=13 loadErr=<nil>
[19:12:13.490] [DEBUG] loadTreeCmd start: cwd=/Users/iv/Developer/relux-proxy remote="" board="" user=""
[19:12:13.787] [INFO] loadTreeCmd success: roots=7
[19:12:13.787] [INFO] treeLoadedMsg applied: roots=7 rows=13 loadErr=<nil>
[19:12:23.492] [DEBUG] loadTreeCmd start: cwd=/Users/iv/Developer/relux-proxy remote="" board="" user=""
[19:12:23.788] [INFO] loadTreeCmd success: roots=7
[19:12:23.788] [INFO] treeLoadedMsg applied: roots=7 rows=13 loadErr=<nil>
[19:12:33.494] [DEBUG] loadTreeCmd start: cwd=/Users/iv/Developer/relux-proxy remote="" board="" user=""
[19:12:33.791] [INFO] loadTreeCmd success: roots=7
[19:12:33.791] [INFO] treeLoadedMsg applied: roots=7 rows=13 loadErr=<nil>
[19:12:43.496] [DEBUG] loadTreeCmd start: cwd=/Users/iv/Developer/relux-proxy remote="" board="" user=""
[19:12:43.788] [INFO] loadTreeCmd success: roots=7
[19:12:43.788] [INFO] treeLoadedMsg applied: roots=7 rows=13 loadErr=<nil>
[19:12:53.499] [DEBUG] loadTreeCmd start: cwd=/Users/iv/Developer/relux-proxy remote="" board="" user=""
[19:12:53.797] [INFO] loadTreeCmd success: roots=7
[19:12:53.797] [INFO] treeLoadedMsg applied: roots=7 rows=13 loadErr=<nil>
[19:13:03.499] [DEBUG] loadTreeCmd start: cwd=/Users/iv/Developer/relux-proxy remote="" board="" user=""
[19:13:03.797] [INFO] loadTreeCmd success: roots=7
[19:13:03.797] [INFO] treeLoadedMsg applied: roots=7 rows=13 loadErr=<nil>
[19:13:13.499] [DEBUG] loadTreeCmd start: cwd=/Users/iv/Developer/relux-proxy remote="" board="" user=""
[19:13:13.793] [INFO] loadTreeCmd success: roots=7
[19:13:13.793] [INFO] treeLoadedMsg applied: roots=7 rows=13 loadErr=<nil>
[19:13:23.500] [DEBUG] loadTreeCmd start: cwd=/Users/iv/Developer/relux-proxy remote="" board="" user=""
[19:13:23.797] [INFO] loadTreeCmd success: roots=7
[19:13:23.797] [INFO] treeLoadedMsg applied: roots=7 rows=13 loadErr=<nil>
[19:13:33.500] [DEBUG] loadTreeCmd start: cwd=/Users/iv/Developer/relux-proxy remote="" board="" user=""
[19:13:33.798] [INFO] loadTreeCmd success: roots=7
[19:13:33.798] [INFO] treeLoadedMsg applied: roots=7 rows=13 loadErr=<nil>
[19:13:43.500] [DEBUG] loadTreeCmd start: cwd=/Users/iv/Developer/relux-proxy remote="" board="" user=""
[19:13:43.798] [INFO] loadTreeCmd success: roots=7
[19:13:43.798] [INFO] treeLoadedMsg applied: roots=7 rows=13 loadErr=<nil>
[19:13:53.501] [DEBUG] loadTreeCmd start: cwd=/Users/iv/Developer/relux-proxy remote="" board="" user=""
[19:13:53.798] [INFO] loadTreeCmd success: roots=7
[19:13:53.799] [INFO] treeLoadedMsg applied: roots=7 rows=13 loadErr=<nil>
[19:14:03.501] [DEBUG] loadTreeCmd start: cwd=/Users/iv/Developer/relux-proxy remote="" board="" user=""
[19:14:03.798] [INFO] loadTreeCmd success: roots=7
[19:14:03.799] [INFO] treeLoadedMsg applied: roots=7 rows=13 loadErr=<nil>
[19:14:13.501] [DEBUG] loadTreeCmd start: cwd=/Users/iv/Developer/relux-proxy remote="" board="" user=""
[19:14:13.798] [INFO] loadTreeCmd success: roots=7
[19:14:13.798] [INFO] treeLoadedMsg applied: roots=7 rows=13 loadErr=<nil>
[19:14:23.502] [DEBUG] loadTreeCmd start: cwd=/Users/iv/Developer/relux-proxy remote="" board="" user=""
[19:14:23.802] [INFO] loadTreeCmd success: roots=7
[19:14:23.802] [INFO] treeLoadedMsg applied: roots=7 rows=13 loadErr=<nil>
[19:14:33.503] [DEBUG] loadTreeCmd start: cwd=/Users/iv/Developer/relux-proxy remote="" board="" user=""
[19:14:33.799] [INFO] loadTreeCmd success: roots=7
[19:14:33.799] [INFO] treeLoadedMsg applied: roots=7 rows=13 loadErr=<nil>
[19:14:43.503] [DEBUG] loadTreeCmd start: cwd=/Users/iv/Developer/relux-proxy remote="" board="" user=""
[19:14:43.799] [INFO] loadTreeCmd success: roots=7
[19:14:43.799] [INFO] treeLoadedMsg applied: roots=7 rows=13 loadErr=<nil>
[19:14:53.504] [DEBUG] loadTreeCmd start: cwd=/Users/iv/Developer/relux-proxy remote="" board="" user=""
[19:14:53.796] [INFO] loadTreeCmd success: roots=7
[19:14:53.796] [INFO] treeLoadedMsg applied: roots=7 rows=13 loadErr=<nil>
[19:15:03.505] [DEBUG] loadTreeCmd start: cwd=/Users/iv/Developer/relux-proxy remote="" board="" user=""
[19:15:03.798] [INFO] loadTreeCmd success: roots=7
[19:15:03.798] [INFO] treeLoadedMsg applied: roots=7 rows=13 loadErr=<nil>
[19:15:13.506] [DEBUG] loadTreeCmd start: cwd=/Users/iv/Developer/relux-proxy remote="" board="" user=""
[19:15:13.801] [INFO] loadTreeCmd success: roots=7
[19:15:13.801] [INFO] treeLoadedMsg applied: roots=7 rows=13 loadErr=<nil>
[19:15:23.507] [DEBUG] loadTreeCmd start: cwd=/Users/iv/Developer/relux-proxy remote="" board="" user=""
[19:15:23.804] [INFO] loadTreeCmd success: roots=7
[19:15:23.804] [INFO] treeLoadedMsg applied: roots=7 rows=13 loadErr=<nil>
[19:15:33.508] [DEBUG] loadTreeCmd start: cwd=/Users/iv/Developer/relux-proxy remote="" board="" user=""
[19:15:33.805] [INFO] loadTreeCmd success: roots=7
[19:15:33.805] [INFO] treeLoadedMsg applied: roots=7 rows=13 loadErr=<nil>
[19:15:43.510] [DEBUG] loadTreeCmd start: cwd=/Users/iv/Developer/relux-proxy remote="" board="" user=""
[19:15:43.808] [INFO] loadTreeCmd success: roots=7
[19:15:43.808] [INFO] treeLoadedMsg applied: roots=7 rows=13 loadErr=<nil>
[19:15:53.511] [DEBUG] loadTreeCmd start: cwd=/Users/iv/Developer/relux-proxy remote="" board="" user=""
[19:15:53.805] [INFO] loadTreeCmd success: roots=7
[19:15:53.805] [INFO] treeLoadedMsg applied: roots=7 rows=13 loadErr=<nil>
[19:16:03.513] [DEBUG] loadTreeCmd start: cwd=/Users/iv/Developer/relux-proxy remote="" board="" user=""
[19:16:03.809] [INFO] loadTreeCmd success: roots=7
[19:16:03.809] [INFO] treeLoadedMsg applied: roots=7 rows=13 loadErr=<nil>
[19:16:13.515] [DEBUG] loadTreeCmd start: cwd=/Users/iv/Developer/relux-proxy remote="" board="" user=""
[19:16:13.810] [INFO] loadTreeCmd success: roots=7
[19:16:13.810] [INFO] treeLoadedMsg applied: roots=7 rows=13 loadErr=<nil>
[19:16:23.517] [DEBUG] loadTreeCmd start: cwd=/Users/iv/Developer/relux-proxy remote="" board="" user=""
[19:16:23.814] [INFO] loadTreeCmd success: roots=7
[19:16:23.814] [INFO] treeLoadedMsg applied: roots=7 rows=13 loadErr=<nil>
[19:16:33.517] [DEBUG] loadTreeCmd start: cwd=/Users/iv/Developer/relux-proxy remote="" board="" user=""
[19:16:33.810] [INFO] loadTreeCmd success: roots=7
[19:16:33.811] [INFO] treeLoadedMsg applied: roots=7 rows=13 loadErr=<nil>
[19:16:43.517] [DEBUG] loadTreeCmd start: cwd=/Users/iv/Developer/relux-proxy remote="" board="" user=""
[19:16:43.810] [INFO] loadTreeCmd success: roots=7
[19:16:43.810] [INFO] treeLoadedMsg applied: roots=7 rows=13 loadErr=<nil>
[19:16:53.517] [DEBUG] loadTreeCmd start: cwd=/Users/iv/Developer/relux-proxy remote="" board="" user=""
[19:16:53.810] [INFO] loadTreeCmd success: roots=7
[19:16:53.810] [INFO] treeLoadedMsg applied: roots=7 rows=13 loadErr=<nil>
[19:17:03.517] [DEBUG] loadTreeCmd start: cwd=/Users/iv/Developer/relux-proxy remote="" board="" user=""
[19:17:03.807] [INFO] loadTreeCmd success: roots=7
[19:17:03.807] [INFO] treeLoadedMsg applied: roots=7 rows=13 loadErr=<nil>
[19:17:13.517] [DEBUG] loadTreeCmd start: cwd=/Users/iv/Developer/relux-proxy remote="" board="" user=""
[19:17:13.812] [INFO] loadTreeCmd success: roots=7
[19:17:13.812] [INFO] treeLoadedMsg applied: roots=7 rows=13 loadErr=<nil>
[19:17:23.517] [DEBUG] loadTreeCmd start: cwd=/Users/iv/Developer/relux-proxy remote="" board="" user=""
[19:17:23.812] [INFO] loadTreeCmd success: roots=7
[19:17:23.812] [INFO] treeLoadedMsg applied: roots=7 rows=13 loadErr=<nil>
[19:17:33.518] [DEBUG] loadTreeCmd start: cwd=/Users/iv/Developer/relux-proxy remote="" board="" user=""
[19:17:33.814] [INFO] loadTreeCmd success: roots=7
[19:17:33.815] [INFO] treeLoadedMsg applied: roots=7 rows=13 loadErr=<nil>
[19:17:43.518] [DEBUG] loadTreeCmd start: cwd=/Users/iv/Developer/relux-proxy remote="" board="" user=""
[19:17:43.822] [INFO] loadTreeCmd success: roots=7
[19:17:43.822] [INFO] treeLoadedMsg applied: roots=7 rows=13 loadErr=<nil>
[19:17:53.519] [DEBUG] loadTreeCmd start: cwd=/Users/iv/Developer/relux-proxy remote="" board="" user=""
[19:17:53.811] [INFO] loadTreeCmd success: roots=7
[19:17:53.811] [INFO] treeLoadedMsg applied: roots=7 rows=13 loadErr=<nil>
[19:18:03.519] [DEBUG] loadTreeCmd start: cwd=/Users/iv/Developer/relux-proxy remote="" board="" user=""
[19:18:03.818] [INFO] loadTreeCmd success: roots=7
[19:18:03.818] [INFO] treeLoadedMsg applied: roots=7 rows=13 loadErr=<nil>
[19:18:13.520] [DEBUG] loadTreeCmd start: cwd=/Users/iv/Developer/relux-proxy remote="" board="" user=""
[19:18:13.814] [INFO] loadTreeCmd success: roots=7
[19:18:13.814] [INFO] treeLoadedMsg applied: roots=7 rows=13 loadErr=<nil>
[19:18:23.520] [DEBUG] loadTreeCmd start: cwd=/Users/iv/Developer/relux-proxy remote="" board="" user=""
[19:18:23.814] [INFO] loadTreeCmd success: roots=7
[19:18:23.814] [INFO] treeLoadedMsg applied: roots=7 rows=13 loadErr=<nil>
[19:18:33.522] [DEBUG] loadTreeCmd start: cwd=/Users/iv/Developer/relux-proxy remote="" board="" user=""
[19:18:33.816] [INFO] loadTreeCmd success: roots=7
[19:18:33.816] [INFO] treeLoadedMsg applied: roots=7 rows=13 loadErr=<nil>
[19:18:43.523] [DEBUG] loadTreeCmd start: cwd=/Users/iv/Developer/relux-proxy remote="" board="" user=""
[19:18:43.818] [INFO] loadTreeCmd success: roots=7
[19:18:43.818] [INFO] treeLoadedMsg applied: roots=7 rows=13 loadErr=<nil>
[19:18:53.525] [DEBUG] loadTreeCmd start: cwd=/Users/iv/Developer/relux-proxy remote="" board="" user=""
[19:18:53.822] [INFO] loadTreeCmd success: roots=7
[19:18:53.823] [INFO] treeLoadedMsg applied: roots=7 rows=13 loadErr=<nil>
[19:19:03.526] [DEBUG] loadTreeCmd start: cwd=/Users/iv/Developer/relux-proxy remote="" board="" user=""
[19:19:03.823] [INFO] loadTreeCmd success: roots=7
[19:19:03.823] [INFO] treeLoadedMsg applied: roots=7 rows=13 loadErr=<nil>
[19:19:13.527] [DEBUG] loadTreeCmd start: cwd=/Users/iv/Developer/relux-proxy remote="" board="" user=""
[19:19:13.824] [INFO] loadTreeCmd success: roots=7
[19:19:13.824] [INFO] treeLoadedMsg applied: roots=7 rows=13 loadErr=<nil>
[19:19:23.530] [DEBUG] loadTreeCmd start: cwd=/Users/iv/Developer/relux-proxy remote="" board="" user=""
[19:19:23.826] [INFO] loadTreeCmd success: roots=7
[19:19:23.827] [INFO] treeLoadedMsg applied: roots=7 rows=13 loadErr=<nil>
[19:19:33.530] [DEBUG] loadTreeCmd start: cwd=/Users/iv/Developer/relux-proxy remote="" board="" user=""
[19:19:33.823] [INFO] loadTreeCmd success: roots=7
[19:19:33.823] [INFO] treeLoadedMsg applied: roots=7 rows=13 loadErr=<nil>
[19:19:43.531] [DEBUG] loadTreeCmd start: cwd=/Users/iv/Developer/relux-proxy remote="" board="" user=""
[19:19:43.823] [INFO] loadTreeCmd success: roots=7
[19:19:43.824] [INFO] treeLoadedMsg applied: roots=7 rows=13 loadErr=<nil>
[19:19:53.525] [DEBUG] loadTreeCmd start: cwd=/Users/iv/Developer/relux-proxy remote="" board="" user=""
[19:19:53.836] [INFO] loadTreeCmd success: roots=7
[19:19:53.836] [INFO] treeLoadedMsg applied: roots=7 rows=13 loadErr=<nil>
[19:20:03.522] [DEBUG] loadTreeCmd start: cwd=/Users/iv/Developer/relux-proxy remote="" board="" user=""
[19:20:03.842] [INFO] loadTreeCmd success: roots=7
[19:20:03.842] [INFO] treeLoadedMsg applied: roots=7 rows=13 loadErr=<nil>
[19:20:13.521] [DEBUG] loadTreeCmd start: cwd=/Users/iv/Developer/relux-proxy remote="" board="" user=""
[19:20:13.821] [INFO] loadTreeCmd success: roots=7
[19:20:13.821] [INFO] treeLoadedMsg applied: roots=7 rows=13 loadErr=<nil>
[19:20:23.520] [DEBUG] loadTreeCmd start: cwd=/Users/iv/Developer/relux-proxy remote="" board="" user=""
[19:20:23.809] [INFO] loadTreeCmd success: roots=7
[19:20:23.809] [INFO] treeLoadedMsg applied: roots=7 rows=13 loadErr=<nil>
[19:20:33.519] [DEBUG] loadTreeCmd start: cwd=/Users/iv/Developer/relux-proxy remote="" board="" user=""
[19:20:33.819] [INFO] loadTreeCmd success: roots=7
[19:20:33.819] [INFO] treeLoadedMsg applied: roots=7 rows=13 loadErr=<nil>
[19:20:43.519] [DEBUG] loadTreeCmd start: cwd=/Users/iv/Developer/relux-proxy remote="" board="" user=""
[19:20:43.813] [INFO] loadTreeCmd success: roots=7
[19:20:43.814] [INFO] treeLoadedMsg applied: roots=7 rows=13 loadErr=<nil>
[19:20:53.519] [DEBUG] loadTreeCmd start: cwd=/Users/iv/Developer/relux-proxy remote="" board="" user=""
[19:20:53.812] [INFO] loadTreeCmd success: roots=7
[19:20:53.812] [INFO] treeLoadedMsg applied: roots=7 rows=13 loadErr=<nil>
[19:21:03.520] [DEBUG] loadTreeCmd start: cwd=/Users/iv/Developer/relux-proxy remote="" board="" user=""
[19:21:03.814] [INFO] loadTreeCmd success: roots=7
[19:21:03.814] [INFO] treeLoadedMsg applied: roots=7 rows=13 loadErr=<nil>
[19:21:13.520] [DEBUG] loadTreeCmd start: cwd=/Users/iv/Developer/relux-proxy remote="" board="" user=""
[19:21:13.814] [INFO] loadTreeCmd success: roots=7
[19:21:13.814] [INFO] treeLoadedMsg applied: roots=7 rows=13 loadErr=<nil>
[19:21:23.521] [DEBUG] loadTreeCmd start: cwd=/Users/iv/Developer/relux-proxy remote="" board="" user=""
[19:21:23.810] [INFO] loadTreeCmd success: roots=7
[19:21:23.810] [INFO] treeLoadedMsg applied: roots=7 rows=13 loadErr=<nil>
[19:21:33.522] [DEBUG] loadTreeCmd start: cwd=/Users/iv/Developer/relux-proxy remote="" board="" user=""
[19:21:33.816] [INFO] loadTreeCmd success: roots=7
[19:21:33.817] [INFO] treeLoadedMsg applied: roots=7 rows=13 loadErr=<nil>
[19:21:43.522] [DEBUG] loadTreeCmd start: cwd=/Users/iv/Developer/relux-proxy remote="" board="" user=""
[19:21:43.818] [INFO] loadTreeCmd success: roots=7
[19:21:43.818] [INFO] treeLoadedMsg applied: roots=7 rows=13 loadErr=<nil>
[19:21:53.523] [DEBUG] loadTreeCmd start: cwd=/Users/iv/Developer/relux-proxy remote="" board="" user=""
[19:21:53.821] [INFO] loadTreeCmd success: roots=7
[19:21:53.821] [INFO] treeLoadedMsg applied: roots=7 rows=13 loadErr=<nil>
[19:22:03.524] [DEBUG] loadTreeCmd start: cwd=/Users/iv/Developer/relux-proxy remote="" board="" user=""
[19:22:03.819] [INFO] loadTreeCmd success: roots=7
[19:22:03.819] [INFO] treeLoadedMsg applied: roots=7 rows=13 loadErr=<nil>
[19:22:13.526] [DEBUG] loadTreeCmd start: cwd=/Users/iv/Developer/relux-proxy remote="" board="" user=""
[19:22:13.823] [INFO] loadTreeCmd success: roots=7
[19:22:13.823] [INFO] treeLoadedMsg applied: roots=7 rows=13 loadErr=<nil>
[19:22:23.528] [DEBUG] loadTreeCmd start: cwd=/Users/iv/Developer/relux-proxy remote="" board="" user=""
[19:22:23.824] [INFO] loadTreeCmd success: roots=7
[19:22:23.824] [INFO] treeLoadedMsg applied: roots=7 rows=13 loadErr=<nil>
[19:22:33.530] [DEBUG] loadTreeCmd start: cwd=/Users/iv/Developer/relux-proxy remote="" board="" user=""
[19:22:33.826] [INFO] loadTreeCmd success: roots=7
[19:22:33.826] [INFO] treeLoadedMsg applied: roots=7 rows=13 loadErr=<nil>
[19:22:43.532] [DEBUG] loadTreeCmd start: cwd=/Users/iv/Developer/relux-proxy remote="" board="" user=""
[19:22:43.826] [INFO] loadTreeCmd success: roots=7
[19:22:43.826] [INFO] treeLoadedMsg applied: roots=7 rows=13 loadErr=<nil>
[19:22:53.534] [DEBUG] loadTreeCmd start: cwd=/Users/iv/Developer/relux-proxy remote="" board="" user=""
[19:22:53.833] [INFO] loadTreeCmd success: roots=7
[19:22:53.833] [INFO] treeLoadedMsg applied: roots=7 rows=13 loadErr=<nil>
[19:23:03.535] [DEBUG] loadTreeCmd start: cwd=/Users/iv/Developer/relux-proxy remote="" board="" user=""
[19:23:03.831] [INFO] loadTreeCmd success: roots=7
[19:23:03.832] [INFO] treeLoadedMsg applied: roots=7 rows=13 loadErr=<nil>
[19:23:13.535] [DEBUG] loadTreeCmd start: cwd=/Users/iv/Developer/relux-proxy remote="" board="" user=""
[19:23:13.829] [INFO] loadTreeCmd success: roots=7
[19:23:13.829] [INFO] treeLoadedMsg applied: roots=7 rows=13 loadErr=<nil>
[19:23:23.535] [DEBUG] loadTreeCmd start: cwd=/Users/iv/Developer/relux-proxy remote="" board="" user=""
[19:23:23.832] [INFO] loadTreeCmd success: roots=7
[19:23:23.833] [INFO] treeLoadedMsg applied: roots=7 rows=13 loadErr=<nil>
[19:23:33.536] [DEBUG] loadTreeCmd start: cwd=/Users/iv/Developer/relux-proxy remote="" board="" user=""
[19:23:33.835] [INFO] loadTreeCmd success: roots=7
[19:23:33.835] [INFO] treeLoadedMsg applied: roots=7 rows=13 loadErr=<nil>
[19:23:43.536] [DEBUG] loadTreeCmd start: cwd=/Users/iv/Developer/relux-proxy remote="" board="" user=""
[19:23:43.844] [INFO] loadTreeCmd success: roots=7
[19:23:43.844] [INFO] treeLoadedMsg applied: roots=7 rows=13 loadErr=<nil>
[19:23:53.536] [DEBUG] loadTreeCmd start: cwd=/Users/iv/Developer/relux-proxy remote="" board="" user=""
[19:23:53.833] [INFO] loadTreeCmd success: roots=7
[19:23:53.833] [INFO] treeLoadedMsg applied: roots=7 rows=13 loadErr=<nil>
[19:24:03.536] [DEBUG] loadTreeCmd start: cwd=/Users/iv/Developer/relux-proxy remote="" board="" user=""
[19:24:03.832] [INFO] loadTreeCmd success: roots=7
[19:24:03.832] [INFO] treeLoadedMsg applied: roots=7 rows=13 loadErr=<nil>
[19:24:13.537] [DEBUG] loadTreeCmd start: cwd=/Users/iv/Developer/relux-proxy remote="" board="" user=""
[19:24:13.827] [INFO] loadTreeCmd success: roots=7
[19:24:13.827] [INFO] treeLoadedMsg applied: roots=7 rows=13 loadErr=<nil>
[19:24:23.537] [DEBUG] loadTreeCmd start: cwd=/Users/iv/Developer/relux-proxy remote="" board="" user=""
[19:24:23.832] [INFO] loadTreeCmd success: roots=7
[19:24:23.832] [INFO] treeLoadedMsg applied: roots=7 rows=13 loadErr=<nil>
[19:24:33.538] [DEBUG] loadTreeCmd start: cwd=/Users/iv/Developer/relux-proxy remote="" board="" user=""
[19:24:33.829] [INFO] loadTreeCmd success: roots=7
[19:24:33.830] [INFO] treeLoadedMsg applied: roots=7 rows=13 loadErr=<nil>
[19:24:43.539] [DEBUG] loadTreeCmd start: cwd=/Users/iv/Developer/relux-proxy remote="" board="" user=""
[19:24:43.833] [INFO] loadTreeCmd success: roots=7
[19:24:43.833] [INFO] treeLoadedMsg applied: roots=7 rows=13 loadErr=<nil>
[19:24:53.540] [DEBUG] loadTreeCmd start: cwd=/Users/iv/Developer/relux-proxy remote="" board="" user=""
[19:24:53.839] [INFO] loadTreeCmd success: roots=7
[19:24:53.840] [INFO] treeLoadedMsg applied: roots=7 rows=13 loadErr=<nil>
[19:25:03.541] [DEBUG] loadTreeCmd start: cwd=/Users/iv/Developer/relux-proxy remote="" board="" user=""
[19:25:03.836] [INFO] loadTreeCmd success: roots=7
[19:25:03.837] [INFO] treeLoadedMsg applied: roots=7 rows=13 loadErr=<nil>
[19:25:13.542] [DEBUG] loadTreeCmd start: cwd=/Users/iv/Developer/relux-proxy remote="" board="" user=""
[19:25:13.839] [INFO] loadTreeCmd success: roots=7
[19:25:13.839] [INFO] treeLoadedMsg applied: roots=7 rows=13 loadErr=<nil>
[19:25:23.544] [DEBUG] loadTreeCmd start: cwd=/Users/iv/Developer/relux-proxy remote="" board="" user=""
[19:25:23.839] [INFO] loadTreeCmd success: roots=7
[19:25:23.839] [INFO] treeLoadedMsg applied: roots=7 rows=13 loadErr=<nil>
[19:25:33.546] [DEBUG] loadTreeCmd start: cwd=/Users/iv/Developer/relux-proxy remote="" board="" user=""
[19:25:33.841] [INFO] loadTreeCmd success: roots=7
[19:25:33.841] [INFO] treeLoadedMsg applied: roots=7 rows=13 loadErr=<nil>
[19:25:43.549] [DEBUG] loadTreeCmd start: cwd=/Users/iv/Developer/relux-proxy remote="" board="" user=""
[19:25:44.077] [INFO] loadTreeCmd success: roots=7
[19:25:44.078] [INFO] treeLoadedMsg applied: roots=7 rows=13 loadErr=<nil>
[19:25:53.552] [DEBUG] loadTreeCmd start: cwd=/Users/iv/Developer/relux-proxy remote="" board="" user=""
[19:25:53.988] [INFO] loadTreeCmd success: roots=7
[19:25:53.988] [INFO] treeLoadedMsg applied: roots=7 rows=13 loadErr=<nil>
[19:26:03.551] [DEBUG] loadTreeCmd start: cwd=/Users/iv/Developer/relux-proxy remote="" board="" user=""
[19:26:03.845] [INFO] loadTreeCmd success: roots=7
[19:26:03.845] [INFO] treeLoadedMsg applied: roots=7 rows=13 loadErr=<nil>
[19:26:13.551] [DEBUG] loadTreeCmd start: cwd=/Users/iv/Developer/relux-proxy remote="" board="" user=""
[19:26:13.843] [INFO] loadTreeCmd success: roots=7
[19:26:13.843] [INFO] treeLoadedMsg applied: roots=7 rows=13 loadErr=<nil>
[19:26:23.551] [DEBUG] loadTreeCmd start: cwd=/Users/iv/Developer/relux-proxy remote="" board="" user=""
[19:26:23.844] [INFO] loadTreeCmd success: roots=7
[19:26:23.844] [INFO] treeLoadedMsg applied: roots=7 rows=13 loadErr=<nil>
[19:26:33.551] [DEBUG] loadTreeCmd start: cwd=/Users/iv/Developer/relux-proxy remote="" board="" user=""
[19:26:33.843] [INFO] loadTreeCmd success: roots=7
[19:26:33.844] [INFO] treeLoadedMsg applied: roots=7 rows=13 loadErr=<nil>
[19:26:43.552] [DEBUG] loadTreeCmd start: cwd=/Users/iv/Developer/relux-proxy remote="" board="" user=""
[19:26:43.929] [INFO] loadTreeCmd success: roots=7
[19:26:43.930] [INFO] treeLoadedMsg applied: roots=7 rows=13 loadErr=<nil>
[19:26:53.552] [DEBUG] loadTreeCmd start: cwd=/Users/iv/Developer/relux-proxy remote="" board="" user=""
[19:26:53.843] [INFO] loadTreeCmd success: roots=7
[19:26:53.843] [INFO] treeLoadedMsg applied: roots=7 rows=13 loadErr=<nil>
[19:27:03.552] [DEBUG] loadTreeCmd start: cwd=/Users/iv/Developer/relux-proxy remote="" board="" user=""
[19:27:03.845] [INFO] loadTreeCmd success: roots=7
[19:27:03.846] [INFO] treeLoadedMsg applied: roots=7 rows=13 loadErr=<nil>
[19:27:13.552] [DEBUG] loadTreeCmd start: cwd=/Users/iv/Developer/relux-proxy remote="" board="" user=""
[19:27:13.845] [INFO] loadTreeCmd success: roots=7
[19:27:13.845] [INFO] treeLoadedMsg applied: roots=7 rows=13 loadErr=<nil>
[19:27:23.553] [DEBUG] loadTreeCmd start: cwd=/Users/iv/Developer/relux-proxy remote="" board="" user=""
[19:27:23.849] [INFO] loadTreeCmd success: roots=7
[19:27:23.849] [INFO] treeLoadedMsg applied: roots=7 rows=13 loadErr=<nil>
[19:27:33.553] [DEBUG] loadTreeCmd start: cwd=/Users/iv/Developer/relux-proxy remote="" board="" user=""
[19:27:33.845] [INFO] loadTreeCmd success: roots=7
[19:27:33.845] [INFO] treeLoadedMsg applied: roots=7 rows=13 loadErr=<nil>
[19:27:43.553] [DEBUG] loadTreeCmd start: cwd=/Users/iv/Developer/relux-proxy remote="" board="" user=""
[19:27:43.849] [INFO] loadTreeCmd success: roots=7
[19:27:43.849] [INFO] treeLoadedMsg applied: roots=7 rows=13 loadErr=<nil>
[19:27:53.554] [DEBUG] loadTreeCmd start: cwd=/Users/iv/Developer/relux-proxy remote="" board="" user=""
[19:27:53.847] [INFO] loadTreeCmd success: roots=7
[19:27:53.848] [INFO] treeLoadedMsg applied: roots=7 rows=13 loadErr=<nil>
[19:28:03.554] [DEBUG] loadTreeCmd start: cwd=/Users/iv/Developer/relux-proxy remote="" board="" user=""
[19:28:03.848] [INFO] loadTreeCmd success: roots=7
[19:28:03.848] [INFO] treeLoadedMsg applied: roots=7 rows=13 loadErr=<nil>
[19:28:13.555] [DEBUG] loadTreeCmd start: cwd=/Users/iv/Developer/relux-proxy remote="" board="" user=""
[19:28:13.845] [INFO] loadTreeCmd success: roots=7
[19:28:13.846] [INFO] treeLoadedMsg applied: roots=7 rows=13 loadErr=<nil>
[19:28:23.556] [DEBUG] loadTreeCmd start: cwd=/Users/iv/Developer/relux-proxy remote="" board="" user=""
[19:28:23.856] [INFO] loadTreeCmd success: roots=7
[19:28:23.856] [INFO] treeLoadedMsg applied: roots=7 rows=13 loadErr=<nil>
[19:28:33.557] [DEBUG] loadTreeCmd start: cwd=/Users/iv/Developer/relux-proxy remote="" board="" user=""
[19:28:33.853] [INFO] loadTreeCmd success: roots=7
[19:28:33.854] [INFO] treeLoadedMsg applied: roots=7 rows=13 loadErr=<nil>
[19:28:43.558] [DEBUG] loadTreeCmd start: cwd=/Users/iv/Developer/relux-proxy remote="" board="" user=""
[19:28:43.851] [INFO] loadTreeCmd success: roots=7
[19:28:43.851] [INFO] treeLoadedMsg applied: roots=7 rows=13 loadErr=<nil>
[19:28:53.560] [DEBUG] loadTreeCmd start: cwd=/Users/iv/Developer/relux-proxy remote="" board="" user=""
[19:28:53.853] [INFO] loadTreeCmd success: roots=7
[19:28:53.853] [INFO] treeLoadedMsg applied: roots=7 rows=13 loadErr=<nil>
[19:29:03.561] [DEBUG] loadTreeCmd start: cwd=/Users/iv/Developer/relux-proxy remote="" board="" user=""
[19:29:03.851] [INFO] loadTreeCmd success: roots=7
[19:29:03.851] [INFO] treeLoadedMsg applied: roots=7 rows=13 loadErr=<nil>
[19:29:13.563] [DEBUG] loadTreeCmd start: cwd=/Users/iv/Developer/relux-proxy remote="" board="" user=""
[19:29:13.855] [INFO] loadTreeCmd success: roots=7
[19:29:13.855] [INFO] treeLoadedMsg applied: roots=7 rows=13 loadErr=<nil>
[19:29:23.564] [DEBUG] loadTreeCmd start: cwd=/Users/iv/Developer/relux-proxy remote="" board="" user=""
[19:29:23.852] [INFO] loadTreeCmd success: roots=7
[19:29:23.853] [INFO] treeLoadedMsg applied: roots=7 rows=13 loadErr=<nil>
[19:29:33.566] [DEBUG] loadTreeCmd start: cwd=/Users/iv/Developer/relux-proxy remote="" board="" user=""
[19:29:33.860] [INFO] loadTreeCmd success: roots=7
[19:29:33.860] [INFO] treeLoadedMsg applied: roots=7 rows=13 loadErr=<nil>
[19:29:43.568] [DEBUG] loadTreeCmd start: cwd=/Users/iv/Developer/relux-proxy remote="" board="" user=""
[19:29:43.857] [INFO] loadTreeCmd success: roots=7
[19:29:43.857] [INFO] treeLoadedMsg applied: roots=7 rows=13 loadErr=<nil>
[19:29:53.571] [DEBUG] loadTreeCmd start: cwd=/Users/iv/Developer/relux-proxy remote="" board="" user=""
[19:29:53.908] [INFO] loadTreeCmd success: roots=7
[19:29:53.909] [INFO] treeLoadedMsg applied: roots=7 rows=13 loadErr=<nil>
[19:30:03.572] [DEBUG] loadTreeCmd start: cwd=/Users/iv/Developer/relux-proxy remote="" board="" user=""
[19:30:03.864] [INFO] loadTreeCmd success: roots=7
[19:30:03.864] [INFO] treeLoadedMsg applied: roots=7 rows=13 loadErr=<nil>
[19:30:13.573] [DEBUG] loadTreeCmd start: cwd=/Users/iv/Developer/relux-proxy remote="" board="" user=""
[19:30:13.867] [INFO] loadTreeCmd success: roots=7
[19:30:13.867] [INFO] treeLoadedMsg applied: roots=7 rows=13 loadErr=<nil>
[19:30:23.574] [DEBUG] loadTreeCmd start: cwd=/Users/iv/Developer/relux-proxy remote="" board="" user=""
[19:30:23.867] [INFO] loadTreeCmd success: roots=7
[19:30:23.867] [INFO] treeLoadedMsg applied: roots=7 rows=13 loadErr=<nil>
[19:30:33.574] [DEBUG] loadTreeCmd start: cwd=/Users/iv/Developer/relux-proxy remote="" board="" user=""
[19:30:33.867] [INFO] loadTreeCmd success: roots=7
[19:30:33.868] [INFO] treeLoadedMsg applied: roots=7 rows=13 loadErr=<nil>
[19:30:43.576] [DEBUG] loadTreeCmd start: cwd=/Users/iv/Developer/relux-proxy remote="" board="" user=""
[19:30:43.960] [INFO] loadTreeCmd success: roots=7
[19:30:43.960] [INFO] treeLoadedMsg applied: roots=7 rows=13 loadErr=<nil>
[19:30:53.576] [DEBUG] loadTreeCmd start: cwd=/Users/iv/Developer/relux-proxy remote="" board="" user=""
[19:30:53.867] [INFO] loadTreeCmd success: roots=7
[19:30:53.868] [INFO] treeLoadedMsg applied: roots=7 rows=13 loadErr=<nil>
[19:31:03.577] [DEBUG] loadTreeCmd start: cwd=/Users/iv/Developer/relux-proxy remote="" board="" user=""
[19:31:03.868] [INFO] loadTreeCmd success: roots=7
[19:31:03.869] [INFO] treeLoadedMsg applied: roots=7 rows=13 loadErr=<nil>
[19:31:13.579] [DEBUG] loadTreeCmd start: cwd=/Users/iv/Developer/relux-proxy remote="" board="" user=""
[19:31:13.873] [INFO] loadTreeCmd success: roots=7
[19:31:13.873] [INFO] treeLoadedMsg applied: roots=7 rows=13 loadErr=<nil>
[19:31:23.580] [DEBUG] loadTreeCmd start: cwd=/Users/iv/Developer/relux-proxy remote="" board="" user=""
[19:31:23.869] [INFO] loadTreeCmd success: roots=7
[19:31:23.870] [INFO] treeLoadedMsg applied: roots=7 rows=13 loadErr=<nil>
[19:31:33.582] [DEBUG] loadTreeCmd start: cwd=/Users/iv/Developer/relux-proxy remote="" board="" user=""
[19:31:33.877] [INFO] loadTreeCmd success: roots=7
[19:31:33.878] [INFO] treeLoadedMsg applied: roots=7 rows=13 loadErr=<nil>
[19:31:43.584] [DEBUG] loadTreeCmd start: cwd=/Users/iv/Developer/relux-proxy remote="" board="" user=""
[19:31:43.879] [INFO] loadTreeCmd success: roots=7
[19:31:43.879] [INFO] treeLoadedMsg applied: roots=7 rows=13 loadErr=<nil>
[19:31:53.586] [DEBUG] loadTreeCmd start: cwd=/Users/iv/Developer/relux-proxy remote="" board="" user=""
[19:31:53.877] [INFO] loadTreeCmd success: roots=7
[19:31:53.877] [INFO] treeLoadedMsg applied: roots=7 rows=13 loadErr=<nil>
[19:32:03.586] [DEBUG] loadTreeCmd start: cwd=/Users/iv/Developer/relux-proxy remote="" board="" user=""
[19:32:03.876] [INFO] loadTreeCmd success: roots=7
[19:32:03.877] [INFO] treeLoadedMsg applied: roots=7 rows=13 loadErr=<nil>
[19:32:13.587] [DEBUG] loadTreeCmd start: cwd=/Users/iv/Developer/relux-proxy remote="" board="" user=""
[19:32:13.881] [INFO] loadTreeCmd success: roots=7
[19:32:13.881] [INFO] treeLoadedMsg applied: roots=7 rows=13 loadErr=<nil>
[19:32:23.587] [DEBUG] loadTreeCmd start: cwd=/Users/iv/Developer/relux-proxy remote="" board="" user=""
[19:32:23.882] [INFO] loadTreeCmd success: roots=7
[19:32:23.882] [INFO] treeLoadedMsg applied: roots=7 rows=13 loadErr=<nil>
[19:32:33.587] [DEBUG] loadTreeCmd start: cwd=/Users/iv/Developer/relux-proxy remote="" board="" user=""
[19:32:33.877] [INFO] loadTreeCmd success: roots=7
[19:32:33.878] [INFO] treeLoadedMsg applied: roots=7 rows=13 loadErr=<nil>
[19:32:43.588] [DEBUG] loadTreeCmd start: cwd=/Users/iv/Developer/relux-proxy remote="" board="" user=""
[19:32:43.879] [INFO] loadTreeCmd success: roots=7
[19:32:43.880] [INFO] treeLoadedMsg applied: roots=7 rows=13 loadErr=<nil>
[19:32:53.589] [DEBUG] loadTreeCmd start: cwd=/Users/iv/Developer/relux-proxy remote="" board="" user=""
[19:32:53.881] [INFO] loadTreeCmd success: roots=7
[19:32:53.881] [INFO] treeLoadedMsg applied: roots=7 rows=13 loadErr=<nil>
[19:33:03.589] [DEBUG] loadTreeCmd start: cwd=/Users/iv/Developer/relux-proxy remote="" board="" user=""
[19:33:03.882] [INFO] loadTreeCmd success: roots=7
[19:33:03.882] [INFO] treeLoadedMsg applied: roots=7 rows=13 loadErr=<nil>
[19:33:13.590] [DEBUG] loadTreeCmd start: cwd=/Users/iv/Developer/relux-proxy remote="" board="" user=""
[19:33:13.887] [INFO] loadTreeCmd success: roots=7
[19:33:13.887] [INFO] treeLoadedMsg applied: roots=7 rows=13 loadErr=<nil>
[19:33:23.592] [DEBUG] loadTreeCmd start: cwd=/Users/iv/Developer/relux-proxy remote="" board="" user=""
[19:33:23.885] [INFO] loadTreeCmd success: roots=7
[19:33:23.885] [INFO] treeLoadedMsg applied: roots=7 rows=13 loadErr=<nil>
[19:33:33.593] [DEBUG] loadTreeCmd start: cwd=/Users/iv/Developer/relux-proxy remote="" board="" user=""
[19:33:33.888] [INFO] loadTreeCmd success: roots=7
[19:33:33.888] [INFO] treeLoadedMsg applied: roots=7 rows=13 loadErr=<nil>
[19:33:43.593] [DEBUG] loadTreeCmd start: cwd=/Users/iv/Developer/relux-proxy remote="" board="" user=""
[19:33:43.887] [INFO] loadTreeCmd success: roots=7
[19:33:43.888] [INFO] treeLoadedMsg applied: roots=7 rows=13 loadErr=<nil>
[19:33:53.595] [DEBUG] loadTreeCmd start: cwd=/Users/iv/Developer/relux-proxy remote="" board="" user=""
[19:33:53.886] [INFO] loadTreeCmd success: roots=7
[19:33:53.886] [INFO] treeLoadedMsg applied: roots=7 rows=13 loadErr=<nil>
[19:34:03.596] [DEBUG] loadTreeCmd start: cwd=/Users/iv/Developer/relux-proxy remote="" board="" user=""
[19:34:03.893] [INFO] loadTreeCmd success: roots=7
[19:34:03.894] [INFO] treeLoadedMsg applied: roots=7 rows=13 loadErr=<nil>
[19:34:13.598] [DEBUG] loadTreeCmd start: cwd=/Users/iv/Developer/relux-proxy remote="" board="" user=""
[19:34:13.892] [INFO] loadTreeCmd success: roots=7
[19:34:13.892] [INFO] treeLoadedMsg applied: roots=7 rows=13 loadErr=<nil>
[19:34:23.598] [DEBUG] loadTreeCmd start: cwd=/Users/iv/Developer/relux-proxy remote="" board="" user=""
[19:34:23.889] [INFO] loadTreeCmd success: roots=7
[19:34:23.889] [INFO] treeLoadedMsg applied: roots=7 rows=13 loadErr=<nil>
[19:34:33.600] [DEBUG] loadTreeCmd start: cwd=/Users/iv/Developer/relux-proxy remote="" board="" user=""
[19:34:33.890] [INFO] loadTreeCmd success: roots=7
[19:34:33.890] [INFO] treeLoadedMsg applied: roots=7 rows=13 loadErr=<nil>
[19:34:43.602] [DEBUG] loadTreeCmd start: cwd=/Users/iv/Developer/relux-proxy remote="" board="" user=""
[19:34:43.895] [INFO] loadTreeCmd success: roots=7
[19:34:43.895] [INFO] treeLoadedMsg applied: roots=7 rows=13 loadErr=<nil>
[19:34:53.602] [DEBUG] loadTreeCmd start: cwd=/Users/iv/Developer/relux-proxy remote="" board="" user=""
[19:34:53.894] [INFO] loadTreeCmd success: roots=7
[19:34:53.894] [INFO] treeLoadedMsg applied: roots=7 rows=13 loadErr=<nil>
[19:35:03.603] [DEBUG] loadTreeCmd start: cwd=/Users/iv/Developer/relux-proxy remote="" board="" user=""
[19:35:03.894] [INFO] loadTreeCmd success: roots=7
[19:35:03.895] [INFO] treeLoadedMsg applied: roots=7 rows=13 loadErr=<nil>
[19:35:13.603] [DEBUG] loadTreeCmd start: cwd=/Users/iv/Developer/relux-proxy remote="" board="" user=""
[19:35:13.895] [INFO] loadTreeCmd success: roots=7
[19:35:13.895] [INFO] treeLoadedMsg applied: roots=7 rows=13 loadErr=<nil>
[19:35:23.603] [DEBUG] loadTreeCmd start: cwd=/Users/iv/Developer/relux-proxy remote="" board="" user=""
[19:35:23.892] [INFO] loadTreeCmd success: roots=7
[19:35:23.893] [INFO] treeLoadedMsg applied: roots=7 rows=13 loadErr=<nil>
[19:35:33.603] [DEBUG] loadTreeCmd start: cwd=/Users/iv/Developer/relux-proxy remote="" board="" user=""
[19:35:33.897] [INFO] loadTreeCmd success: roots=7
[19:35:33.898] [INFO] treeLoadedMsg applied: roots=7 rows=13 loadErr=<nil>
[19:35:43.603] [DEBUG] loadTreeCmd start: cwd=/Users/iv/Developer/relux-proxy remote="" board="" user=""
[19:35:43.896] [INFO] loadTreeCmd success: roots=7
[19:35:43.896] [INFO] treeLoadedMsg applied: roots=7 rows=13 loadErr=<nil>
[19:35:53.603] [DEBUG] loadTreeCmd start: cwd=/Users/iv/Developer/relux-proxy remote="" board="" user=""
[19:35:53.896] [INFO] loadTreeCmd success: roots=7
[19:35:53.896] [INFO] treeLoadedMsg applied: roots=7 rows=13 loadErr=<nil>
[19:36:03.604] [DEBUG] loadTreeCmd start: cwd=/Users/iv/Developer/relux-proxy remote="" board="" user=""
[19:36:03.896] [INFO] loadTreeCmd success: roots=7
[19:36:03.896] [INFO] treeLoadedMsg applied: roots=7 rows=13 loadErr=<nil>
[19:36:13.604] [DEBUG] loadTreeCmd start: cwd=/Users/iv/Developer/relux-proxy remote="" board="" user=""
[19:36:13.897] [INFO] loadTreeCmd success: roots=7
[19:36:13.897] [INFO] treeLoadedMsg applied: roots=7 rows=13 loadErr=<nil>
[19:36:23.605] [DEBUG] loadTreeCmd start: cwd=/Users/iv/Developer/relux-proxy remote="" board="" user=""
[19:36:23.899] [INFO] loadTreeCmd success: roots=7
[19:36:23.899] [INFO] treeLoadedMsg applied: roots=7 rows=13 loadErr=<nil>
[19:36:33.606] [DEBUG] loadTreeCmd start: cwd=/Users/iv/Developer/relux-proxy remote="" board="" user=""
[19:36:33.913] [INFO] loadTreeCmd success: roots=7
[19:36:33.913] [INFO] treeLoadedMsg applied: roots=7 rows=13 loadErr=<nil>
[19:36:43.607] [DEBUG] loadTreeCmd start: cwd=/Users/iv/Developer/relux-proxy remote="" board="" user=""
[19:36:43.900] [INFO] loadTreeCmd success: roots=7
[19:36:43.901] [INFO] treeLoadedMsg applied: roots=7 rows=13 loadErr=<nil>
[19:36:53.608] [DEBUG] loadTreeCmd start: cwd=/Users/iv/Developer/relux-proxy remote="" board="" user=""
[19:36:53.902] [INFO] loadTreeCmd success: roots=7
[19:36:53.902] [INFO] treeLoadedMsg applied: roots=7 rows=13 loadErr=<nil>
[19:37:03.609] [DEBUG] loadTreeCmd start: cwd=/Users/iv/Developer/relux-proxy remote="" board="" user=""
[19:37:03.903] [INFO] loadTreeCmd success: roots=7
[19:37:03.903] [INFO] treeLoadedMsg applied: roots=7 rows=13 loadErr=<nil>
[19:37:13.611] [DEBUG] loadTreeCmd start: cwd=/Users/iv/Developer/relux-proxy remote="" board="" user=""
[19:37:13.903] [INFO] loadTreeCmd success: roots=7
[19:37:13.904] [INFO] treeLoadedMsg applied: roots=7 rows=13 loadErr=<nil>
[19:37:23.611] [DEBUG] loadTreeCmd start: cwd=/Users/iv/Developer/relux-proxy remote="" board="" user=""
[19:37:23.924] [INFO] loadTreeCmd success: roots=7
[19:37:23.924] [INFO] treeLoadedMsg applied: roots=7 rows=13 loadErr=<nil>
[19:37:33.613] [DEBUG] loadTreeCmd start: cwd=/Users/iv/Developer/relux-proxy remote="" board="" user=""
[19:37:33.910] [INFO] loadTreeCmd success: roots=7
[19:37:33.910] [INFO] treeLoadedMsg applied: roots=7 rows=13 loadErr=<nil>
[19:37:43.613] [DEBUG] loadTreeCmd start: cwd=/Users/iv/Developer/relux-proxy remote="" board="" user=""
[19:37:43.908] [INFO] loadTreeCmd success: roots=7
[19:37:43.909] [INFO] treeLoadedMsg applied: roots=7 rows=13 loadErr=<nil>
[19:37:53.614] [DEBUG] loadTreeCmd start: cwd=/Users/iv/Developer/relux-proxy remote="" board="" user=""
[19:37:53.906] [INFO] loadTreeCmd success: roots=7
[19:37:53.906] [INFO] treeLoadedMsg applied: roots=7 rows=13 loadErr=<nil>
[19:38:03.616] [DEBUG] loadTreeCmd start: cwd=/Users/iv/Developer/relux-proxy remote="" board="" user=""
[19:38:03.910] [INFO] loadTreeCmd success: roots=7
[19:38:03.910] [INFO] treeLoadedMsg applied: roots=7 rows=13 loadErr=<nil>
[19:38:13.618] [DEBUG] loadTreeCmd start: cwd=/Users/iv/Developer/relux-proxy remote="" board="" user=""
[19:38:13.909] [INFO] loadTreeCmd success: roots=7
[19:38:13.909] [INFO] treeLoadedMsg applied: roots=7 rows=13 loadErr=<nil>
[19:38:23.620] [DEBUG] loadTreeCmd start: cwd=/Users/iv/Developer/relux-proxy remote="" board="" user=""
[19:38:23.919] [INFO] loadTreeCmd success: roots=7
[19:38:23.919] [INFO] treeLoadedMsg applied: roots=7 rows=13 loadErr=<nil>
[19:38:33.620] [DEBUG] loadTreeCmd start: cwd=/Users/iv/Developer/relux-proxy remote="" board="" user=""
[19:38:33.916] [INFO] loadTreeCmd success: roots=7
[19:38:33.916] [INFO] treeLoadedMsg applied: roots=7 rows=13 loadErr=<nil>
[19:38:43.620] [DEBUG] loadTreeCmd start: cwd=/Users/iv/Developer/relux-proxy remote="" board="" user=""
[19:38:43.915] [INFO] loadTreeCmd success: roots=7
[19:38:43.916] [INFO] treeLoadedMsg applied: roots=7 rows=13 loadErr=<nil>
[19:38:53.621] [DEBUG] loadTreeCmd start: cwd=/Users/iv/Developer/relux-proxy remote="" board="" user=""
[19:38:53.909] [INFO] loadTreeCmd success: roots=7
[19:38:53.910] [INFO] treeLoadedMsg applied: roots=7 rows=13 loadErr=<nil>
[19:39:03.621] [DEBUG] loadTreeCmd start: cwd=/Users/iv/Developer/relux-proxy remote="" board="" user=""
[19:39:03.840] [INFO] loadTreeCmd success: roots=7
[19:39:03.840] [INFO] treeLoadedMsg applied: roots=7 rows=13 loadErr=<nil>
[19:39:13.621] [DEBUG] loadTreeCmd start: cwd=/Users/iv/Developer/relux-proxy remote="" board="" user=""
[19:39:13.707] [INFO] loadTreeCmd success: roots=7
[19:39:13.708] [INFO] treeLoadedMsg applied: roots=7 rows=13 loadErr=<nil>
[19:39:23.622] [DEBUG] loadTreeCmd start: cwd=/Users/iv/Developer/relux-proxy remote="" board="" user=""
[19:39:23.709] [INFO] loadTreeCmd success: roots=7
[19:39:23.709] [INFO] treeLoadedMsg applied: roots=7 rows=13 loadErr=<nil>
[19:39:33.623] [DEBUG] loadTreeCmd start: cwd=/Users/iv/Developer/relux-proxy remote="" board="" user=""
[19:39:33.709] [INFO] loadTreeCmd success: roots=7
[19:39:33.709] [INFO] treeLoadedMsg applied: roots=7 rows=13 loadErr=<nil>
[19:39:43.624] [DEBUG] loadTreeCmd start: cwd=/Users/iv/Developer/relux-proxy remote="" board="" user=""
[19:39:43.709] [INFO] loadTreeCmd success: roots=7
[19:39:43.709] [INFO] treeLoadedMsg applied: roots=7 rows=13 loadErr=<nil>
[19:39:53.624] [DEBUG] loadTreeCmd start: cwd=/Users/iv/Developer/relux-proxy remote="" board="" user=""
[19:39:53.718] [INFO] loadTreeCmd success: roots=7
[19:39:53.718] [INFO] treeLoadedMsg applied: roots=7 rows=13 loadErr=<nil>
[19:40:03.627] [DEBUG] loadTreeCmd start: cwd=/Users/iv/Developer/relux-proxy remote="" board="" user=""
[19:40:03.876] [INFO] loadTreeCmd success: roots=7
[19:40:03.880] [INFO] treeLoadedMsg applied: roots=7 rows=13 loadErr=<nil>
[19:40:13.627] [DEBUG] loadTreeCmd start: cwd=/Users/iv/Developer/relux-proxy remote="" board="" user=""
[19:40:13.715] [INFO] loadTreeCmd success: roots=7
[19:40:13.715] [INFO] treeLoadedMsg applied: roots=7 rows=13 loadErr=<nil>
[19:40:23.629] [DEBUG] loadTreeCmd start: cwd=/Users/iv/Developer/relux-proxy remote="" board="" user=""
[19:40:23.715] [INFO] loadTreeCmd success: roots=7
[19:40:23.716] [INFO] treeLoadedMsg applied: roots=7 rows=13 loadErr=<nil>
[19:40:33.630] [DEBUG] loadTreeCmd start: cwd=/Users/iv/Developer/relux-proxy remote="" board="" user=""
[19:40:33.716] [INFO] loadTreeCmd success: roots=7
[19:40:33.716] [INFO] treeLoadedMsg applied: roots=7 rows=13 loadErr=<nil>
[19:40:43.632] [DEBUG] loadTreeCmd start: cwd=/Users/iv/Developer/relux-proxy remote="" board="" user=""
[19:40:43.718] [INFO] loadTreeCmd success: roots=7
[19:40:43.718] [INFO] treeLoadedMsg applied: roots=7 rows=13 loadErr=<nil>
[19:40:53.634] [DEBUG] loadTreeCmd start: cwd=/Users/iv/Developer/relux-proxy remote="" board="" user=""
[19:40:53.725] [INFO] loadTreeCmd success: roots=7
[19:40:53.725] [INFO] treeLoadedMsg applied: roots=7 rows=13 loadErr=<nil>
[19:41:03.636] [DEBUG] loadTreeCmd start: cwd=/Users/iv/Developer/relux-proxy remote="" board="" user=""
[19:41:03.724] [INFO] loadTreeCmd success: roots=7
[19:41:03.724] [INFO] treeLoadedMsg applied: roots=7 rows=13 loadErr=<nil>
[19:41:13.636] [DEBUG] loadTreeCmd start: cwd=/Users/iv/Developer/relux-proxy remote="" board="" user=""
[19:41:13.726] [INFO] loadTreeCmd success: roots=7
[19:41:13.726] [INFO] treeLoadedMsg applied: roots=7 rows=13 loadErr=<nil>
[19:41:23.636] [DEBUG] loadTreeCmd start: cwd=/Users/iv/Developer/relux-proxy remote="" board="" user=""
[19:41:23.723] [INFO] loadTreeCmd success: roots=7
[19:41:23.723] [INFO] treeLoadedMsg applied: roots=7 rows=13 loadErr=<nil>
[19:41:33.637] [DEBUG] loadTreeCmd start: cwd=/Users/iv/Developer/relux-proxy remote="" board="" user=""
[19:41:33.722] [INFO] loadTreeCmd success: roots=7
[19:41:33.722] [INFO] treeLoadedMsg applied: roots=7 rows=13 loadErr=<nil>
[19:41:43.637] [DEBUG] loadTreeCmd start: cwd=/Users/iv/Developer/relux-proxy remote="" board="" user=""
[19:41:43.730] [INFO] loadTreeCmd success: roots=7
[19:41:43.730] [INFO] treeLoadedMsg applied: roots=7 rows=13 loadErr=<nil>
[19:41:53.637] [DEBUG] loadTreeCmd start: cwd=/Users/iv/Developer/relux-proxy remote="" board="" user=""
[19:41:53.723] [INFO] loadTreeCmd success: roots=7
[19:41:53.723] [INFO] treeLoadedMsg applied: roots=7 rows=13 loadErr=<nil>
[19:42:03.637] [DEBUG] loadTreeCmd start: cwd=/Users/iv/Developer/relux-proxy remote="" board="" user=""
[19:42:03.730] [INFO] loadTreeCmd success: roots=7
[19:42:03.731] [INFO] treeLoadedMsg applied: roots=7 rows=13 loadErr=<nil>
[19:42:13.637] [DEBUG] loadTreeCmd start: cwd=/Users/iv/Developer/relux-proxy remote="" board="" user=""
[19:42:13.723] [INFO] loadTreeCmd success: roots=7
[19:42:13.723] [INFO] treeLoadedMsg applied: roots=7 rows=13 loadErr=<nil>
[19:42:23.637] [DEBUG] loadTreeCmd start: cwd=/Users/iv/Developer/relux-proxy remote="" board="" user=""
[19:42:23.724] [INFO] loadTreeCmd success: roots=7
[19:42:23.724] [INFO] treeLoadedMsg applied: roots=7 rows=13 loadErr=<nil>
[19:42:33.638] [DEBUG] loadTreeCmd start: cwd=/Users/iv/Developer/relux-proxy remote="" board="" user=""
[19:42:33.724] [INFO] loadTreeCmd success: roots=7
[19:42:33.724] [INFO] treeLoadedMsg applied: roots=7 rows=13 loadErr=<nil>
[19:42:43.638] [DEBUG] loadTreeCmd start: cwd=/Users/iv/Developer/relux-proxy remote="" board="" user=""
[19:42:43.728] [INFO] loadTreeCmd success: roots=7
[19:42:43.728] [INFO] treeLoadedMsg applied: roots=7 rows=13 loadErr=<nil>
[19:42:53.639] [DEBUG] loadTreeCmd start: cwd=/Users/iv/Developer/relux-proxy remote="" board="" user=""
[19:42:53.726] [INFO] loadTreeCmd success: roots=7
[19:42:53.727] [INFO] treeLoadedMsg applied: roots=7 rows=13 loadErr=<nil>
[19:43:03.639] [DEBUG] loadTreeCmd start: cwd=/Users/iv/Developer/relux-proxy remote="" board="" user=""
[19:43:03.726] [INFO] loadTreeCmd success: roots=7
[19:43:03.726] [INFO] treeLoadedMsg applied: roots=7 rows=13 loadErr=<nil>
[19:43:13.640] [DEBUG] loadTreeCmd start: cwd=/Users/iv/Developer/relux-proxy remote="" board="" user=""
[19:43:13.728] [INFO] loadTreeCmd success: roots=7
[19:43:13.728] [INFO] treeLoadedMsg applied: roots=7 rows=13 loadErr=<nil>
[19:43:23.641] [DEBUG] loadTreeCmd start: cwd=/Users/iv/Developer/relux-proxy remote="" board="" user=""
[19:43:23.727] [INFO] loadTreeCmd success: roots=7
[19:43:23.727] [INFO] treeLoadedMsg applied: roots=7 rows=13 loadErr=<nil>
[19:43:33.642] [DEBUG] loadTreeCmd start: cwd=/Users/iv/Developer/relux-proxy remote="" board="" user=""
[19:43:33.773] [INFO] loadTreeCmd success: roots=7
[19:43:33.773] [INFO] treeLoadedMsg applied: roots=7 rows=13 loadErr=<nil>
[19:43:43.644] [DEBUG] loadTreeCmd start: cwd=/Users/iv/Developer/relux-proxy remote="" board="" user=""
[19:43:43.734] [INFO] loadTreeCmd success: roots=7
[19:43:43.734] [INFO] treeLoadedMsg applied: roots=7 rows=13 loadErr=<nil>
[19:43:53.646] [DEBUG] loadTreeCmd start: cwd=/Users/iv/Developer/relux-proxy remote="" board="" user=""
[19:43:53.737] [INFO] loadTreeCmd success: roots=7
[19:43:53.737] [INFO] treeLoadedMsg applied: roots=7 rows=13 loadErr=<nil>
[19:44:03.648] [DEBUG] loadTreeCmd start: cwd=/Users/iv/Developer/relux-proxy remote="" board="" user=""
[19:44:03.734] [INFO] loadTreeCmd success: roots=7
[19:44:03.734] [INFO] treeLoadedMsg applied: roots=7 rows=13 loadErr=<nil>
[19:44:13.650] [DEBUG] loadTreeCmd start: cwd=/Users/iv/Developer/relux-proxy remote="" board="" user=""
[19:44:13.738] [INFO] loadTreeCmd success: roots=7
[19:44:13.738] [INFO] treeLoadedMsg applied: roots=7 rows=13 loadErr=<nil>
[19:44:23.652] [DEBUG] loadTreeCmd start: cwd=/Users/iv/Developer/relux-proxy remote="" board="" user=""
[19:44:23.740] [INFO] loadTreeCmd success: roots=7
[19:44:23.741] [INFO] treeLoadedMsg applied: roots=7 rows=13 loadErr=<nil>
[19:44:33.652] [DEBUG] loadTreeCmd start: cwd=/Users/iv/Developer/relux-proxy remote="" board="" user=""
[19:44:33.735] [INFO] loadTreeCmd success: roots=7
[19:44:33.735] [INFO] treeLoadedMsg applied: roots=7 rows=13 loadErr=<nil>
[19:44:43.653] [DEBUG] loadTreeCmd start: cwd=/Users/iv/Developer/relux-proxy remote="" board="" user=""
[19:44:43.746] [INFO] loadTreeCmd success: roots=7
[19:44:43.746] [INFO] treeLoadedMsg applied: roots=7 rows=13 loadErr=<nil>
[19:44:53.654] [DEBUG] loadTreeCmd start: cwd=/Users/iv/Developer/relux-proxy remote="" board="" user=""
[19:44:53.740] [INFO] loadTreeCmd success: roots=7
[19:44:53.740] [INFO] treeLoadedMsg applied: roots=7 rows=13 loadErr=<nil>
[19:45:03.654] [DEBUG] loadTreeCmd start: cwd=/Users/iv/Developer/relux-proxy remote="" board="" user=""
[19:45:03.744] [INFO] loadTreeCmd success: roots=7
[19:45:03.744] [INFO] treeLoadedMsg applied: roots=7 rows=13 loadErr=<nil>
[19:45:13.654] [DEBUG] loadTreeCmd start: cwd=/Users/iv/Developer/relux-proxy remote="" board="" user=""
[19:45:13.742] [INFO] loadTreeCmd success: roots=7
[19:45:13.742] [INFO] treeLoadedMsg applied: roots=7 rows=13 loadErr=<nil>
[19:45:23.655] [DEBUG] loadTreeCmd start: cwd=/Users/iv/Developer/relux-proxy remote="" board="" user=""
[19:45:23.740] [INFO] loadTreeCmd success: roots=7
[19:45:23.740] [INFO] treeLoadedMsg applied: roots=7 rows=13 loadErr=<nil>
[19:45:33.655] [DEBUG] loadTreeCmd start: cwd=/Users/iv/Developer/relux-proxy remote="" board="" user=""
[19:45:33.753] [INFO] loadTreeCmd success: roots=7
[19:45:33.753] [INFO] treeLoadedMsg applied: roots=7 rows=13 loadErr=<nil>
[19:45:43.656] [DEBUG] loadTreeCmd start: cwd=/Users/iv/Developer/relux-proxy remote="" board="" user=""
[19:45:43.749] [INFO] loadTreeCmd success: roots=7
[19:45:43.749] [INFO] treeLoadedMsg applied: roots=7 rows=13 loadErr=<nil>
[19:45:53.656] [DEBUG] loadTreeCmd start: cwd=/Users/iv/Developer/relux-proxy remote="" board="" user=""
[19:45:53.744] [INFO] loadTreeCmd success: roots=7
[19:45:53.745] [INFO] treeLoadedMsg applied: roots=7 rows=13 loadErr=<nil>
[19:46:03.657] [DEBUG] loadTreeCmd start: cwd=/Users/iv/Developer/relux-proxy remote="" board="" user=""
[19:46:03.745] [INFO] loadTreeCmd success: roots=7
[19:46:03.746] [INFO] treeLoadedMsg applied: roots=7 rows=13 loadErr=<nil>
[19:46:13.658] [DEBUG] loadTreeCmd start: cwd=/Users/iv/Developer/relux-proxy remote="" board="" user=""
[19:46:13.740] [INFO] loadTreeCmd success: roots=7
[19:46:13.740] [INFO] treeLoadedMsg applied: roots=7 rows=13 loadErr=<nil>
[19:46:23.659] [DEBUG] loadTreeCmd start: cwd=/Users/iv/Developer/relux-proxy remote="" board="" user=""
[19:46:23.750] [INFO] loadTreeCmd success: roots=7
[19:46:23.750] [INFO] treeLoadedMsg applied: roots=7 rows=13 loadErr=<nil>
[19:46:33.660] [DEBUG] loadTreeCmd start: cwd=/Users/iv/Developer/relux-proxy remote="" board="" user=""
[19:46:33.745] [INFO] loadTreeCmd success: roots=7
[19:46:33.745] [INFO] treeLoadedMsg applied: roots=7 rows=13 loadErr=<nil>
[19:46:43.660] [DEBUG] loadTreeCmd start: cwd=/Users/iv/Developer/relux-proxy remote="" board="" user=""
[19:46:43.752] [INFO] loadTreeCmd success: roots=7
[19:46:43.752] [INFO] treeLoadedMsg applied: roots=7 rows=13 loadErr=<nil>
[19:46:53.662] [DEBUG] loadTreeCmd start: cwd=/Users/iv/Developer/relux-proxy remote="" board="" user=""
[19:46:53.750] [INFO] loadTreeCmd success: roots=7
[19:46:53.750] [INFO] treeLoadedMsg applied: roots=7 rows=13 loadErr=<nil>
[19:47:03.666] [DEBUG] loadTreeCmd start: cwd=/Users/iv/Developer/relux-proxy remote="" board="" user=""
[19:47:03.839] [INFO] loadTreeCmd success: roots=7
[19:47:03.839] [INFO] treeLoadedMsg applied: roots=7 rows=13 loadErr=<nil>
[19:47:13.667] [DEBUG] loadTreeCmd start: cwd=/Users/iv/Developer/relux-proxy remote="" board="" user=""
[19:47:13.754] [INFO] loadTreeCmd success: roots=7
[19:47:13.754] [INFO] treeLoadedMsg applied: roots=7 rows=13 loadErr=<nil>
[19:47:23.669] [DEBUG] loadTreeCmd start: cwd=/Users/iv/Developer/relux-proxy remote="" board="" user=""
[19:47:23.753] [INFO] loadTreeCmd success: roots=7
[19:47:23.753] [INFO] treeLoadedMsg applied: roots=7 rows=13 loadErr=<nil>
[19:47:33.670] [DEBUG] loadTreeCmd start: cwd=/Users/iv/Developer/relux-proxy remote="" board="" user=""
[19:47:33.787] [INFO] loadTreeCmd success: roots=7
[19:47:33.788] [INFO] treeLoadedMsg applied: roots=7 rows=13 loadErr=<nil>
[19:47:43.671] [DEBUG] loadTreeCmd start: cwd=/Users/iv/Developer/relux-proxy remote="" board="" user=""
[19:47:43.894] [INFO] loadTreeCmd success: roots=7
[19:47:43.894] [INFO] treeLoadedMsg applied: roots=7 rows=13 loadErr=<nil>
[19:47:53.671] [DEBUG] loadTreeCmd start: cwd=/Users/iv/Developer/relux-proxy remote="" board="" user=""
[19:47:53.973] [INFO] loadTreeCmd success: roots=7
[19:47:53.973] [INFO] treeLoadedMsg applied: roots=7 rows=13 loadErr=<nil>
[19:48:03.672] [DEBUG] loadTreeCmd start: cwd=/Users/iv/Developer/relux-proxy remote="" board="" user=""
[19:48:03.759] [INFO] loadTreeCmd success: roots=7
[19:48:03.760] [INFO] treeLoadedMsg applied: roots=7 rows=13 loadErr=<nil>
[19:48:13.672] [DEBUG] loadTreeCmd start: cwd=/Users/iv/Developer/relux-proxy remote="" board="" user=""
[19:48:13.760] [INFO] loadTreeCmd success: roots=7
[19:48:13.761] [INFO] treeLoadedMsg applied: roots=7 rows=13 loadErr=<nil>
[19:48:23.672] [DEBUG] loadTreeCmd start: cwd=/Users/iv/Developer/relux-proxy remote="" board="" user=""
[19:48:23.760] [INFO] loadTreeCmd success: roots=7
[19:48:23.760] [INFO] treeLoadedMsg applied: roots=7 rows=13 loadErr=<nil>
[19:48:33.673] [DEBUG] loadTreeCmd start: cwd=/Users/iv/Developer/relux-proxy remote="" board="" user=""
[19:48:33.760] [INFO] loadTreeCmd success: roots=7
[19:48:33.760] [INFO] treeLoadedMsg applied: roots=7 rows=13 loadErr=<nil>
[19:48:43.673] [DEBUG] loadTreeCmd start: cwd=/Users/iv/Developer/relux-proxy remote="" board="" user=""
[19:48:43.761] [INFO] loadTreeCmd success: roots=7
[19:48:43.761] [INFO] treeLoadedMsg applied: roots=7 rows=13 loadErr=<nil>
[19:48:53.675] [DEBUG] loadTreeCmd start: cwd=/Users/iv/Developer/relux-proxy remote="" board="" user=""
[19:48:53.874] [INFO] loadTreeCmd success: roots=7
[19:48:53.875] [INFO] treeLoadedMsg applied: roots=7 rows=13 loadErr=<nil>
[19:49:03.675] [DEBUG] loadTreeCmd start: cwd=/Users/iv/Developer/relux-proxy remote="" board="" user=""
[19:49:03.769] [INFO] loadTreeCmd success: roots=7
[19:49:03.769] [INFO] treeLoadedMsg applied: roots=7 rows=13 loadErr=<nil>
[19:49:13.676] [DEBUG] loadTreeCmd start: cwd=/Users/iv/Developer/relux-proxy remote="" board="" user=""
[19:49:13.776] [INFO] loadTreeCmd success: roots=7
[19:49:13.776] [INFO] treeLoadedMsg applied: roots=7 rows=13 loadErr=<nil>
[19:49:23.677] [DEBUG] loadTreeCmd start: cwd=/Users/iv/Developer/relux-proxy remote="" board="" user=""
[19:49:23.763] [INFO] loadTreeCmd success: roots=7
[19:49:23.763] [INFO] treeLoadedMsg applied: roots=7 rows=13 loadErr=<nil>
[19:49:33.677] [DEBUG] loadTreeCmd start: cwd=/Users/iv/Developer/relux-proxy remote="" board="" user=""
[19:49:33.759] [INFO] loadTreeCmd success: roots=7
[19:49:33.759] [INFO] treeLoadedMsg applied: roots=7 rows=13 loadErr=<nil>
[19:49:43.679] [DEBUG] loadTreeCmd start: cwd=/Users/iv/Developer/relux-proxy remote="" board="" user=""
[19:49:43.767] [INFO] loadTreeCmd success: roots=7
[19:49:43.767] [INFO] treeLoadedMsg applied: roots=7 rows=13 loadErr=<nil>
[19:49:53.681] [DEBUG] loadTreeCmd start: cwd=/Users/iv/Developer/relux-proxy remote="" board="" user=""
[19:49:53.769] [INFO] loadTreeCmd success: roots=7
[19:49:53.770] [INFO] treeLoadedMsg applied: roots=7 rows=13 loadErr=<nil>
[19:50:03.684] [DEBUG] loadTreeCmd start: cwd=/Users/iv/Developer/relux-proxy remote="" board="" user=""
[19:50:03.771] [INFO] loadTreeCmd success: roots=7
[19:50:03.771] [INFO] treeLoadedMsg applied: roots=7 rows=13 loadErr=<nil>
[19:50:13.686] [DEBUG] loadTreeCmd start: cwd=/Users/iv/Developer/relux-proxy remote="" board="" user=""
[19:50:13.773] [INFO] loadTreeCmd success: roots=7
[19:50:13.773] [INFO] treeLoadedMsg applied: roots=7 rows=13 loadErr=<nil>
[19:50:23.687] [DEBUG] loadTreeCmd start: cwd=/Users/iv/Developer/relux-proxy remote="" board="" user=""
[19:50:23.778] [INFO] loadTreeCmd success: roots=7
[19:50:23.778] [INFO] treeLoadedMsg applied: roots=7 rows=13 loadErr=<nil>
[19:50:33.687] [DEBUG] loadTreeCmd start: cwd=/Users/iv/Developer/relux-proxy remote="" board="" user=""
[19:50:33.817] [INFO] loadTreeCmd success: roots=7
[19:50:33.817] [INFO] treeLoadedMsg applied: roots=7 rows=13 loadErr=<nil>
[19:50:43.687] [DEBUG] loadTreeCmd start: cwd=/Users/iv/Developer/relux-proxy remote="" board="" user=""
[19:50:43.772] [INFO] loadTreeCmd success: roots=7
[19:50:43.772] [INFO] treeLoadedMsg applied: roots=7 rows=13 loadErr=<nil>
[19:50:53.687] [DEBUG] loadTreeCmd start: cwd=/Users/iv/Developer/relux-proxy remote="" board="" user=""
[19:50:53.775] [INFO] loadTreeCmd success: roots=7
[19:50:53.775] [INFO] treeLoadedMsg applied: roots=7 rows=13 loadErr=<nil>
[19:51:03.688] [DEBUG] loadTreeCmd start: cwd=/Users/iv/Developer/relux-proxy remote="" board="" user=""
[19:51:03.779] [INFO] loadTreeCmd success: roots=7
[19:51:03.779] [INFO] treeLoadedMsg applied: roots=7 rows=13 loadErr=<nil>
[19:51:13.688] [DEBUG] loadTreeCmd start: cwd=/Users/iv/Developer/relux-proxy remote="" board="" user=""
[19:51:13.776] [INFO] loadTreeCmd success: roots=7
[19:51:13.776] [INFO] treeLoadedMsg applied: roots=7 rows=13 loadErr=<nil>
[19:51:23.689] [DEBUG] loadTreeCmd start: cwd=/Users/iv/Developer/relux-proxy remote="" board="" user=""
[19:51:23.774] [INFO] loadTreeCmd success: roots=7
[19:51:23.774] [INFO] treeLoadedMsg applied: roots=7 rows=13 loadErr=<nil>
[19:51:33.689] [DEBUG] loadTreeCmd start: cwd=/Users/iv/Developer/relux-proxy remote="" board="" user=""
[19:51:33.776] [INFO] loadTreeCmd success: roots=7
[19:51:33.776] [INFO] treeLoadedMsg applied: roots=7 rows=13 loadErr=<nil>
[19:51:43.689] [DEBUG] loadTreeCmd start: cwd=/Users/iv/Developer/relux-proxy remote="" board="" user=""
[19:51:43.778] [INFO] loadTreeCmd success: roots=7
[19:51:43.778] [INFO] treeLoadedMsg applied: roots=7 rows=13 loadErr=<nil>
[19:51:53.690] [DEBUG] loadTreeCmd start: cwd=/Users/iv/Developer/relux-proxy remote="" board="" user=""
[19:51:53.785] [INFO] loadTreeCmd success: roots=7
[19:51:53.785] [INFO] treeLoadedMsg applied: roots=7 rows=13 loadErr=<nil>
[19:52:03.691] [DEBUG] loadTreeCmd start: cwd=/Users/iv/Developer/relux-proxy remote="" board="" user=""
[19:52:03.778] [INFO] loadTreeCmd success: roots=7
[19:52:03.778] [INFO] treeLoadedMsg applied: roots=7 rows=13 loadErr=<nil>
[19:52:13.692] [DEBUG] loadTreeCmd start: cwd=/Users/iv/Developer/relux-proxy remote="" board="" user=""
[19:52:13.780] [INFO] loadTreeCmd success: roots=7
[19:52:13.780] [INFO] treeLoadedMsg applied: roots=7 rows=13 loadErr=<nil>
[19:52:23.693] [DEBUG] loadTreeCmd start: cwd=/Users/iv/Developer/relux-proxy remote="" board="" user=""
[19:52:23.781] [INFO] loadTreeCmd success: roots=7
[19:52:23.781] [INFO] treeLoadedMsg applied: roots=7 rows=13 loadErr=<nil>
[19:52:33.695] [DEBUG] loadTreeCmd start: cwd=/Users/iv/Developer/relux-proxy remote="" board="" user=""
[19:52:33.779] [INFO] loadTreeCmd success: roots=7
[19:52:33.779] [INFO] treeLoadedMsg applied: roots=7 rows=13 loadErr=<nil>
[19:52:43.695] [DEBUG] loadTreeCmd start: cwd=/Users/iv/Developer/relux-proxy remote="" board="" user=""
[19:52:43.781] [INFO] loadTreeCmd success: roots=7
[19:52:43.782] [INFO] treeLoadedMsg applied: roots=7 rows=13 loadErr=<nil>
[19:52:53.697] [DEBUG] loadTreeCmd start: cwd=/Users/iv/Developer/relux-proxy remote="" board="" user=""
[19:52:53.784] [INFO] loadTreeCmd success: roots=7
[19:52:53.784] [INFO] treeLoadedMsg applied: roots=7 rows=13 loadErr=<nil>
[19:53:03.699] [DEBUG] loadTreeCmd start: cwd=/Users/iv/Developer/relux-proxy remote="" board="" user=""
[19:53:03.788] [INFO] loadTreeCmd success: roots=7
[19:53:03.788] [INFO] treeLoadedMsg applied: roots=7 rows=13 loadErr=<nil>
[19:53:13.701] [DEBUG] loadTreeCmd start: cwd=/Users/iv/Developer/relux-proxy remote="" board="" user=""
[19:53:13.792] [INFO] loadTreeCmd success: roots=7
[19:53:13.792] [INFO] treeLoadedMsg applied: roots=7 rows=13 loadErr=<nil>
[19:53:23.702] [DEBUG] loadTreeCmd start: cwd=/Users/iv/Developer/relux-proxy remote="" board="" user=""
[19:53:23.789] [INFO] loadTreeCmd success: roots=7
[19:53:23.789] [INFO] treeLoadedMsg applied: roots=7 rows=13 loadErr=<nil>
[19:53:33.702] [DEBUG] loadTreeCmd start: cwd=/Users/iv/Developer/relux-proxy remote="" board="" user=""
[19:53:33.787] [INFO] loadTreeCmd success: roots=7
[19:53:33.788] [INFO] treeLoadedMsg applied: roots=7 rows=13 loadErr=<nil>
[19:53:43.704] [DEBUG] loadTreeCmd start: cwd=/Users/iv/Developer/relux-proxy remote="" board="" user=""
[19:53:43.791] [INFO] loadTreeCmd success: roots=7
[19:53:43.791] [INFO] treeLoadedMsg applied: roots=7 rows=13 loadErr=<nil>
[19:53:53.705] [DEBUG] loadTreeCmd start: cwd=/Users/iv/Developer/relux-proxy remote="" board="" user=""
[19:53:53.790] [INFO] loadTreeCmd success: roots=7
[19:53:53.791] [INFO] treeLoadedMsg applied: roots=7 rows=13 loadErr=<nil>
[19:54:03.704] [DEBUG] loadTreeCmd start: cwd=/Users/iv/Developer/relux-proxy remote="" board="" user=""
[19:54:03.791] [INFO] loadTreeCmd success: roots=7
[19:54:03.791] [INFO] treeLoadedMsg applied: roots=7 rows=13 loadErr=<nil>
[19:54:13.705] [DEBUG] loadTreeCmd start: cwd=/Users/iv/Developer/relux-proxy remote="" board="" user=""
[19:54:13.794] [INFO] loadTreeCmd success: roots=7
[19:54:13.794] [INFO] treeLoadedMsg applied: roots=7 rows=13 loadErr=<nil>
[19:54:23.705] [DEBUG] loadTreeCmd start: cwd=/Users/iv/Developer/relux-proxy remote="" board="" user=""
[19:54:23.790] [INFO] loadTreeCmd success: roots=7
[19:54:23.790] [INFO] treeLoadedMsg applied: roots=7 rows=13 loadErr=<nil>
[19:54:33.706] [DEBUG] loadTreeCmd start: cwd=/Users/iv/Developer/relux-proxy remote="" board="" user=""
[19:54:33.791] [INFO] loadTreeCmd success: roots=7
[19:54:33.791] [INFO] treeLoadedMsg applied: roots=7 rows=13 loadErr=<nil>
[19:54:43.706] [DEBUG] loadTreeCmd start: cwd=/Users/iv/Developer/relux-proxy remote="" board="" user=""
[19:54:43.798] [INFO] loadTreeCmd success: roots=7
[19:54:43.798] [INFO] treeLoadedMsg applied: roots=7 rows=13 loadErr=<nil>
[19:54:53.706] [DEBUG] loadTreeCmd start: cwd=/Users/iv/Developer/relux-proxy remote="" board="" user=""
[19:54:53.792] [INFO] loadTreeCmd success: roots=7
[19:54:53.793] [INFO] treeLoadedMsg applied: roots=7 rows=13 loadErr=<nil>
[19:55:03.707] [DEBUG] loadTreeCmd start: cwd=/Users/iv/Developer/relux-proxy remote="" board="" user=""
[19:55:03.794] [INFO] loadTreeCmd success: roots=7
[19:55:03.794] [INFO] treeLoadedMsg applied: roots=7 rows=13 loadErr=<nil>
[19:55:13.708] [DEBUG] loadTreeCmd start: cwd=/Users/iv/Developer/relux-proxy remote="" board="" user=""
[19:55:13.793] [INFO] loadTreeCmd success: roots=7
[19:55:13.793] [INFO] treeLoadedMsg applied: roots=7 rows=13 loadErr=<nil>
[19:55:23.708] [DEBUG] loadTreeCmd start: cwd=/Users/iv/Developer/relux-proxy remote="" board="" user=""
[19:55:23.797] [INFO] loadTreeCmd success: roots=7
[19:55:23.797] [INFO] treeLoadedMsg applied: roots=7 rows=13 loadErr=<nil>
[19:55:33.710] [DEBUG] loadTreeCmd start: cwd=/Users/iv/Developer/relux-proxy remote="" board="" user=""
[19:55:33.796] [INFO] loadTreeCmd success: roots=7
[19:55:33.797] [INFO] treeLoadedMsg applied: roots=7 rows=13 loadErr=<nil>
[19:55:43.710] [DEBUG] loadTreeCmd start: cwd=/Users/iv/Developer/relux-proxy remote="" board="" user=""
[19:55:43.804] [INFO] loadTreeCmd success: roots=7
[19:55:43.804] [INFO] treeLoadedMsg applied: roots=7 rows=13 loadErr=<nil>
[19:55:53.711] [DEBUG] loadTreeCmd start: cwd=/Users/iv/Developer/relux-proxy remote="" board="" user=""
[19:55:53.798] [INFO] loadTreeCmd success: roots=7
[19:55:53.798] [INFO] treeLoadedMsg applied: roots=7 rows=13 loadErr=<nil>
[19:56:03.712] [DEBUG] loadTreeCmd start: cwd=/Users/iv/Developer/relux-proxy remote="" board="" user=""
[19:56:03.801] [INFO] loadTreeCmd success: roots=7
[19:56:03.801] [INFO] treeLoadedMsg applied: roots=7 rows=13 loadErr=<nil>
[19:56:13.714] [DEBUG] loadTreeCmd start: cwd=/Users/iv/Developer/relux-proxy remote="" board="" user=""
[19:56:13.803] [INFO] loadTreeCmd success: roots=7
[19:56:13.803] [INFO] treeLoadedMsg applied: roots=7 rows=13 loadErr=<nil>
[19:56:23.716] [DEBUG] loadTreeCmd start: cwd=/Users/iv/Developer/relux-proxy remote="" board="" user=""
[19:56:23.807] [INFO] loadTreeCmd success: roots=7
[19:56:23.807] [INFO] treeLoadedMsg applied: roots=7 rows=13 loadErr=<nil>
[19:56:33.718] [DEBUG] loadTreeCmd start: cwd=/Users/iv/Developer/relux-proxy remote="" board="" user=""
[19:56:33.808] [INFO] loadTreeCmd success: roots=7
[19:56:33.808] [INFO] treeLoadedMsg applied: roots=7 rows=13 loadErr=<nil>
[19:56:43.720] [DEBUG] loadTreeCmd start: cwd=/Users/iv/Developer/relux-proxy remote="" board="" user=""
[19:56:43.810] [INFO] loadTreeCmd success: roots=7
[19:56:43.810] [INFO] treeLoadedMsg applied: roots=7 rows=13 loadErr=<nil>
[19:56:53.721] [DEBUG] loadTreeCmd start: cwd=/Users/iv/Developer/relux-proxy remote="" board="" user=""
[19:56:53.819] [INFO] loadTreeCmd success: roots=7
[19:56:53.819] [INFO] treeLoadedMsg applied: roots=7 rows=13 loadErr=<nil>
[19:57:03.721] [DEBUG] loadTreeCmd start: cwd=/Users/iv/Developer/relux-proxy remote="" board="" user=""
[19:57:03.816] [INFO] loadTreeCmd success: roots=7
[19:57:03.817] [INFO] treeLoadedMsg applied: roots=7 rows=13 loadErr=<nil>
[19:57:13.721] [DEBUG] loadTreeCmd start: cwd=/Users/iv/Developer/relux-proxy remote="" board="" user=""
[19:57:13.812] [INFO] loadTreeCmd success: roots=7
[19:57:13.812] [INFO] treeLoadedMsg applied: roots=7 rows=13 loadErr=<nil>
[19:57:23.721] [DEBUG] loadTreeCmd start: cwd=/Users/iv/Developer/relux-proxy remote="" board="" user=""
[19:57:23.811] [INFO] loadTreeCmd success: roots=7
[19:57:23.811] [INFO] treeLoadedMsg applied: roots=7 rows=13 loadErr=<nil>
[19:57:33.722] [DEBUG] loadTreeCmd start: cwd=/Users/iv/Developer/relux-proxy remote="" board="" user=""
[19:57:33.818] [INFO] loadTreeCmd success: roots=7
[19:57:33.818] [INFO] treeLoadedMsg applied: roots=7 rows=13 loadErr=<nil>
[19:57:43.722] [DEBUG] loadTreeCmd start: cwd=/Users/iv/Developer/relux-proxy remote="" board="" user=""
[19:57:43.814] [INFO] loadTreeCmd success: roots=7
[19:57:43.814] [INFO] treeLoadedMsg applied: roots=7 rows=13 loadErr=<nil>
[19:57:53.722] [DEBUG] loadTreeCmd start: cwd=/Users/iv/Developer/relux-proxy remote="" board="" user=""
[19:57:53.812] [INFO] loadTreeCmd success: roots=7
[19:57:53.812] [INFO] treeLoadedMsg applied: roots=7 rows=13 loadErr=<nil>
[19:58:03.723] [DEBUG] loadTreeCmd start: cwd=/Users/iv/Developer/relux-proxy remote="" board="" user=""
[19:58:03.813] [INFO] loadTreeCmd success: roots=7
[19:58:03.814] [INFO] treeLoadedMsg applied: roots=7 rows=13 loadErr=<nil>
[19:58:13.723] [DEBUG] loadTreeCmd start: cwd=/Users/iv/Developer/relux-proxy remote="" board="" user=""
[19:58:13.812] [INFO] loadTreeCmd success: roots=7
[19:58:13.812] [INFO] treeLoadedMsg applied: roots=7 rows=13 loadErr=<nil>
[19:58:23.724] [DEBUG] loadTreeCmd start: cwd=/Users/iv/Developer/relux-proxy remote="" board="" user=""
[19:58:23.806] [INFO] loadTreeCmd success: roots=7
[19:58:23.806] [INFO] treeLoadedMsg applied: roots=7 rows=13 loadErr=<nil>
[19:58:33.725] [DEBUG] loadTreeCmd start: cwd=/Users/iv/Developer/relux-proxy remote="" board="" user=""
[19:58:33.809] [INFO] loadTreeCmd success: roots=7
[19:58:33.809] [INFO] treeLoadedMsg applied: roots=7 rows=13 loadErr=<nil>
[19:58:43.726] [DEBUG] loadTreeCmd start: cwd=/Users/iv/Developer/relux-proxy remote="" board="" user=""
[19:58:43.815] [INFO] loadTreeCmd success: roots=7
[19:58:43.815] [INFO] treeLoadedMsg applied: roots=7 rows=13 loadErr=<nil>
[19:58:53.728] [DEBUG] loadTreeCmd start: cwd=/Users/iv/Developer/relux-proxy remote="" board="" user=""
[19:58:53.817] [INFO] loadTreeCmd success: roots=7
[19:58:53.817] [INFO] treeLoadedMsg applied: roots=7 rows=13 loadErr=<nil>
[19:59:03.730] [DEBUG] loadTreeCmd start: cwd=/Users/iv/Developer/relux-proxy remote="" board="" user=""
[19:59:03.819] [INFO] loadTreeCmd success: roots=7
[19:59:03.820] [INFO] treeLoadedMsg applied: roots=7 rows=13 loadErr=<nil>
[19:59:13.732] [DEBUG] loadTreeCmd start: cwd=/Users/iv/Developer/relux-proxy remote="" board="" user=""
[19:59:13.821] [INFO] loadTreeCmd success: roots=7
[19:59:13.821] [INFO] treeLoadedMsg applied: roots=7 rows=13 loadErr=<nil>
[19:59:23.734] [DEBUG] loadTreeCmd start: cwd=/Users/iv/Developer/relux-proxy remote="" board="" user=""
[19:59:23.822] [INFO] loadTreeCmd success: roots=7
[19:59:23.822] [INFO] treeLoadedMsg applied: roots=7 rows=13 loadErr=<nil>
[19:59:33.736] [DEBUG] loadTreeCmd start: cwd=/Users/iv/Developer/relux-proxy remote="" board="" user=""
[19:59:33.824] [INFO] loadTreeCmd success: roots=7
[19:59:33.824] [INFO] treeLoadedMsg applied: roots=7 rows=13 loadErr=<nil>
[19:59:43.738] [DEBUG] loadTreeCmd start: cwd=/Users/iv/Developer/relux-proxy remote="" board="" user=""
[19:59:43.823] [INFO] loadTreeCmd success: roots=7
[19:59:43.823] [INFO] treeLoadedMsg applied: roots=7 rows=13 loadErr=<nil>
[19:59:53.738] [DEBUG] loadTreeCmd start: cwd=/Users/iv/Developer/relux-proxy remote="" board="" user=""
[19:59:53.826] [INFO] loadTreeCmd success: roots=7
[19:59:53.826] [INFO] treeLoadedMsg applied: roots=7 rows=13 loadErr=<nil>
[20:00:03.738] [DEBUG] loadTreeCmd start: cwd=/Users/iv/Developer/relux-proxy remote="" board="" user=""
[20:00:03.826] [INFO] loadTreeCmd success: roots=7
[20:00:03.826] [INFO] treeLoadedMsg applied: roots=7 rows=13 loadErr=<nil>
[20:00:13.738] [DEBUG] loadTreeCmd start: cwd=/Users/iv/Developer/relux-proxy remote="" board="" user=""
[20:00:13.828] [INFO] loadTreeCmd success: roots=7
[20:00:13.828] [INFO] treeLoadedMsg applied: roots=7 rows=13 loadErr=<nil>
[20:00:23.739] [DEBUG] loadTreeCmd start: cwd=/Users/iv/Developer/relux-proxy remote="" board="" user=""
[20:00:23.822] [INFO] loadTreeCmd success: roots=7
[20:00:23.823] [INFO] treeLoadedMsg applied: roots=7 rows=13 loadErr=<nil>
[20:00:33.739] [DEBUG] loadTreeCmd start: cwd=/Users/iv/Developer/relux-proxy remote="" board="" user=""
[20:00:33.826] [INFO] loadTreeCmd success: roots=7
[20:00:33.826] [INFO] treeLoadedMsg applied: roots=7 rows=13 loadErr=<nil>
[20:00:43.740] [DEBUG] loadTreeCmd start: cwd=/Users/iv/Developer/relux-proxy remote="" board="" user=""
[20:00:43.824] [INFO] loadTreeCmd success: roots=7
[20:00:43.824] [INFO] treeLoadedMsg applied: roots=7 rows=13 loadErr=<nil>
[20:00:53.740] [DEBUG] loadTreeCmd start: cwd=/Users/iv/Developer/relux-proxy remote="" board="" user=""
[20:00:53.829] [INFO] loadTreeCmd success: roots=7
[20:00:53.829] [INFO] treeLoadedMsg applied: roots=7 rows=13 loadErr=<nil>
[20:01:03.741] [DEBUG] loadTreeCmd start: cwd=/Users/iv/Developer/relux-proxy remote="" board="" user=""
[20:01:03.834] [INFO] loadTreeCmd success: roots=7
[20:01:03.835] [INFO] treeLoadedMsg applied: roots=7 rows=13 loadErr=<nil>
[20:01:13.742] [DEBUG] loadTreeCmd start: cwd=/Users/iv/Developer/relux-proxy remote="" board="" user=""
[20:01:13.831] [INFO] loadTreeCmd success: roots=7
[20:01:13.831] [INFO] treeLoadedMsg applied: roots=7 rows=13 loadErr=<nil>
[20:01:23.742] [DEBUG] loadTreeCmd start: cwd=/Users/iv/Developer/relux-proxy remote="" board="" user=""
[20:01:23.832] [INFO] loadTreeCmd success: roots=7
[20:01:23.832] [INFO] treeLoadedMsg applied: roots=7 rows=13 loadErr=<nil>
[20:01:33.743] [DEBUG] loadTreeCmd start: cwd=/Users/iv/Developer/relux-proxy remote="" board="" user=""
[20:01:33.830] [INFO] loadTreeCmd success: roots=7
[20:01:33.831] [INFO] treeLoadedMsg applied: roots=7 rows=13 loadErr=<nil>
[20:01:43.745] [DEBUG] loadTreeCmd start: cwd=/Users/iv/Developer/relux-proxy remote="" board="" user=""
[20:01:43.933] [INFO] loadTreeCmd success: roots=7
[20:01:43.933] [INFO] treeLoadedMsg applied: roots=7 rows=13 loadErr=<nil>
[20:01:53.746] [DEBUG] loadTreeCmd start: cwd=/Users/iv/Developer/relux-proxy remote="" board="" user=""
[20:01:53.887] [INFO] loadTreeCmd success: roots=7
[20:01:53.887] [INFO] treeLoadedMsg applied: roots=7 rows=13 loadErr=<nil>
[20:02:03.746] [DEBUG] loadTreeCmd start: cwd=/Users/iv/Developer/relux-proxy remote="" board="" user=""
[20:02:03.844] [INFO] loadTreeCmd success: roots=7
[20:02:03.845] [INFO] treeLoadedMsg applied: roots=7 rows=13 loadErr=<nil>
[20:02:13.747] [DEBUG] loadTreeCmd start: cwd=/Users/iv/Developer/relux-proxy remote="" board="" user=""
[20:02:13.833] [INFO] loadTreeCmd success: roots=7
[20:02:13.833] [INFO] treeLoadedMsg applied: roots=7 rows=13 loadErr=<nil>
[20:02:23.748] [DEBUG] loadTreeCmd start: cwd=/Users/iv/Developer/relux-proxy remote="" board="" user=""
[20:02:23.833] [INFO] loadTreeCmd success: roots=7
[20:02:23.833] [INFO] treeLoadedMsg applied: roots=7 rows=13 loadErr=<nil>
[20:02:33.750] [DEBUG] loadTreeCmd start: cwd=/Users/iv/Developer/relux-proxy remote="" board="" user=""
[20:02:33.837] [INFO] loadTreeCmd success: roots=7
[20:02:33.837] [INFO] treeLoadedMsg applied: roots=7 rows=13 loadErr=<nil>
[20:02:43.751] [DEBUG] loadTreeCmd start: cwd=/Users/iv/Developer/relux-proxy remote="" board="" user=""
[20:02:43.839] [INFO] loadTreeCmd success: roots=7
[20:02:43.840] [INFO] treeLoadedMsg applied: roots=7 rows=13 loadErr=<nil>
[20:02:53.753] [DEBUG] loadTreeCmd start: cwd=/Users/iv/Developer/relux-proxy remote="" board="" user=""
[20:02:53.840] [INFO] loadTreeCmd success: roots=7
[20:02:53.840] [INFO] treeLoadedMsg applied: roots=7 rows=13 loadErr=<nil>
[20:03:03.755] [DEBUG] loadTreeCmd start: cwd=/Users/iv/Developer/relux-proxy remote="" board="" user=""
[20:03:03.838] [INFO] loadTreeCmd success: roots=7
[20:03:03.838] [INFO] treeLoadedMsg applied: roots=7 rows=13 loadErr=<nil>
[20:03:13.755] [DEBUG] loadTreeCmd start: cwd=/Users/iv/Developer/relux-proxy remote="" board="" user=""
[20:03:13.845] [INFO] loadTreeCmd success: roots=7
[20:03:13.845] [INFO] treeLoadedMsg applied: roots=7 rows=13 loadErr=<nil>
[20:03:23.755] [DEBUG] loadTreeCmd start: cwd=/Users/iv/Developer/relux-proxy remote="" board="" user=""
[20:03:23.847] [INFO] loadTreeCmd success: roots=7
[20:03:23.847] [INFO] treeLoadedMsg applied: roots=7 rows=13 loadErr=<nil>
[20:03:33.755] [DEBUG] loadTreeCmd start: cwd=/Users/iv/Developer/relux-proxy remote="" board="" user=""
[20:03:33.844] [INFO] loadTreeCmd success: roots=7
[20:03:33.844] [INFO] treeLoadedMsg applied: roots=7 rows=13 loadErr=<nil>
[20:03:43.755] [DEBUG] loadTreeCmd start: cwd=/Users/iv/Developer/relux-proxy remote="" board="" user=""
[20:03:43.843] [INFO] loadTreeCmd success: roots=7
[20:03:43.844] [INFO] treeLoadedMsg applied: roots=7 rows=13 loadErr=<nil>
[20:03:53.756] [DEBUG] loadTreeCmd start: cwd=/Users/iv/Developer/relux-proxy remote="" board="" user=""
[20:03:53.840] [INFO] loadTreeCmd success: roots=7
[20:03:53.841] [INFO] treeLoadedMsg applied: roots=7 rows=13 loadErr=<nil>
[20:04:03.756] [DEBUG] loadTreeCmd start: cwd=/Users/iv/Developer/relux-proxy remote="" board="" user=""
[20:04:03.848] [INFO] loadTreeCmd success: roots=7
[20:04:03.848] [INFO] treeLoadedMsg applied: roots=7 rows=13 loadErr=<nil>
[20:04:13.756] [DEBUG] loadTreeCmd start: cwd=/Users/iv/Developer/relux-proxy remote="" board="" user=""
[20:04:13.846] [INFO] loadTreeCmd success: roots=7
[20:04:13.846] [INFO] treeLoadedMsg applied: roots=7 rows=13 loadErr=<nil>
[20:04:23.757] [DEBUG] loadTreeCmd start: cwd=/Users/iv/Developer/relux-proxy remote="" board="" user=""
[20:04:23.841] [INFO] loadTreeCmd success: roots=7
[20:04:23.841] [INFO] treeLoadedMsg applied: roots=7 rows=13 loadErr=<nil>
[20:04:33.758] [DEBUG] loadTreeCmd start: cwd=/Users/iv/Developer/relux-proxy remote="" board="" user=""
[20:04:33.846] [INFO] loadTreeCmd success: roots=7
[20:04:33.846] [INFO] treeLoadedMsg applied: roots=7 rows=13 loadErr=<nil>
[20:04:43.758] [DEBUG] loadTreeCmd start: cwd=/Users/iv/Developer/relux-proxy remote="" board="" user=""
[20:04:43.849] [INFO] loadTreeCmd success: roots=7
[20:04:43.849] [INFO] treeLoadedMsg applied: roots=7 rows=13 loadErr=<nil>
[20:04:53.759] [DEBUG] loadTreeCmd start: cwd=/Users/iv/Developer/relux-proxy remote="" board="" user=""
[20:04:53.843] [INFO] loadTreeCmd success: roots=7
[20:04:53.843] [INFO] treeLoadedMsg applied: roots=7 rows=13 loadErr=<nil>
[20:05:03.760] [DEBUG] loadTreeCmd start: cwd=/Users/iv/Developer/relux-proxy remote="" board="" user=""
[20:05:03.845] [INFO] loadTreeCmd success: roots=7
[20:05:03.845] [INFO] treeLoadedMsg applied: roots=7 rows=13 loadErr=<nil>
[20:05:13.762] [DEBUG] loadTreeCmd start: cwd=/Users/iv/Developer/relux-proxy remote="" board="" user=""
[20:05:13.853] [INFO] loadTreeCmd success: roots=7
[20:05:13.853] [INFO] treeLoadedMsg applied: roots=7 rows=13 loadErr=<nil>
[20:05:23.763] [DEBUG] loadTreeCmd start: cwd=/Users/iv/Developer/relux-proxy remote="" board="" user=""
[20:05:23.852] [INFO] loadTreeCmd success: roots=7
[20:05:23.852] [INFO] treeLoadedMsg applied: roots=7 rows=13 loadErr=<nil>
[20:05:33.765] [DEBUG] loadTreeCmd start: cwd=/Users/iv/Developer/relux-proxy remote="" board="" user=""
[20:05:33.854] [INFO] loadTreeCmd success: roots=7
[20:05:33.854] [INFO] treeLoadedMsg applied: roots=7 rows=13 loadErr=<nil>
[20:05:43.766] [DEBUG] loadTreeCmd start: cwd=/Users/iv/Developer/relux-proxy remote="" board="" user=""
[20:05:43.850] [INFO] loadTreeCmd success: roots=7
[20:05:43.850] [INFO] treeLoadedMsg applied: roots=7 rows=13 loadErr=<nil>
[20:05:53.768] [DEBUG] loadTreeCmd start: cwd=/Users/iv/Developer/relux-proxy remote="" board="" user=""
[20:05:53.854] [INFO] loadTreeCmd success: roots=7
[20:05:53.854] [INFO] treeLoadedMsg applied: roots=7 rows=13 loadErr=<nil>
[20:06:03.768] [DEBUG] loadTreeCmd start: cwd=/Users/iv/Developer/relux-proxy remote="" board="" user=""
[20:06:03.855] [INFO] loadTreeCmd success: roots=7
[20:06:03.855] [INFO] treeLoadedMsg applied: roots=7 rows=13 loadErr=<nil>
[20:06:13.770] [DEBUG] loadTreeCmd start: cwd=/Users/iv/Developer/relux-proxy remote="" board="" user=""
[20:06:13.909] [INFO] loadTreeCmd success: roots=7
[20:06:13.910] [INFO] treeLoadedMsg applied: roots=7 rows=13 loadErr=<nil>
[20:06:23.771] [DEBUG] loadTreeCmd start: cwd=/Users/iv/Developer/relux-proxy remote="" board="" user=""
[20:06:23.859] [INFO] loadTreeCmd success: roots=7
[20:06:23.860] [INFO] treeLoadedMsg applied: roots=7 rows=13 loadErr=<nil>
[20:06:33.773] [DEBUG] loadTreeCmd start: cwd=/Users/iv/Developer/relux-proxy remote="" board="" user=""
[20:06:33.918] [INFO] loadTreeCmd success: roots=7
[20:06:33.918] [INFO] treeLoadedMsg applied: roots=7 rows=13 loadErr=<nil>
[20:06:43.773] [DEBUG] loadTreeCmd start: cwd=/Users/iv/Developer/relux-proxy remote="" board="" user=""
[20:06:43.857] [INFO] loadTreeCmd success: roots=7
[20:06:43.858] [INFO] treeLoadedMsg applied: roots=7 rows=13 loadErr=<nil>
[20:06:53.773] [DEBUG] loadTreeCmd start: cwd=/Users/iv/Developer/relux-proxy remote="" board="" user=""
[20:06:54.023] [INFO] loadTreeCmd success: roots=7
[20:06:54.024] [INFO] treeLoadedMsg applied: roots=7 rows=13 loadErr=<nil>
[20:07:03.773] [DEBUG] loadTreeCmd start: cwd=/Users/iv/Developer/relux-proxy remote="" board="" user=""
[20:07:03.863] [INFO] loadTreeCmd success: roots=7
[20:07:03.863] [INFO] treeLoadedMsg applied: roots=7 rows=13 loadErr=<nil>
[20:07:13.777] [DEBUG] loadTreeCmd start: cwd=/Users/iv/Developer/relux-proxy remote="" board="" user=""
[20:07:14.068] [INFO] loadTreeCmd success: roots=7
[20:07:14.069] [INFO] treeLoadedMsg applied: roots=7 rows=13 loadErr=<nil>
[20:07:23.779] [DEBUG] loadTreeCmd start: cwd=/Users/iv/Developer/relux-proxy remote="" board="" user=""
[20:07:23.866] [INFO] loadTreeCmd success: roots=7
[20:07:23.866] [INFO] treeLoadedMsg applied: roots=7 rows=13 loadErr=<nil>
[20:07:33.780] [DEBUG] loadTreeCmd start: cwd=/Users/iv/Developer/relux-proxy remote="" board="" user=""
[20:07:33.888] [INFO] loadTreeCmd success: roots=7
[20:07:33.888] [INFO] treeLoadedMsg applied: roots=7 rows=13 loadErr=<nil>
[20:07:43.779] [DEBUG] loadTreeCmd start: cwd=/Users/iv/Developer/relux-proxy remote="" board="" user=""
[20:07:43.865] [INFO] loadTreeCmd success: roots=7
[20:07:43.865] [INFO] treeLoadedMsg applied: roots=7 rows=13 loadErr=<nil>
[20:07:53.778] [DEBUG] loadTreeCmd start: cwd=/Users/iv/Developer/relux-proxy remote="" board="" user=""
[20:07:53.868] [INFO] loadTreeCmd success: roots=7
[20:07:53.868] [INFO] treeLoadedMsg applied: roots=7 rows=13 loadErr=<nil>
[20:08:03.779] [DEBUG] loadTreeCmd start: cwd=/Users/iv/Developer/relux-proxy remote="" board="" user=""
[20:08:03.925] [INFO] loadTreeCmd success: roots=7
[20:08:03.925] [INFO] treeLoadedMsg applied: roots=7 rows=13 loadErr=<nil>
[20:08:13.779] [DEBUG] loadTreeCmd start: cwd=/Users/iv/Developer/relux-proxy remote="" board="" user=""
[20:08:13.872] [INFO] loadTreeCmd success: roots=7
[20:08:13.872] [INFO] treeLoadedMsg applied: roots=7 rows=13 loadErr=<nil>
[20:08:23.785] [DEBUG] loadTreeCmd start: cwd=/Users/iv/Developer/relux-proxy remote="" board="" user=""
[20:08:24.001] [INFO] loadTreeCmd success: roots=7
[20:08:24.001] [INFO] treeLoadedMsg applied: roots=7 rows=13 loadErr=<nil>
[20:08:33.781] [DEBUG] loadTreeCmd start: cwd=/Users/iv/Developer/relux-proxy remote="" board="" user=""
[20:08:33.956] [INFO] loadTreeCmd success: roots=7
[20:08:33.956] [INFO] treeLoadedMsg applied: roots=7 rows=13 loadErr=<nil>
[20:08:43.782] [DEBUG] loadTreeCmd start: cwd=/Users/iv/Developer/relux-proxy remote="" board="" user=""
[20:08:43.873] [INFO] loadTreeCmd success: roots=7
[20:08:43.873] [INFO] treeLoadedMsg applied: roots=7 rows=13 loadErr=<nil>
[20:08:53.783] [DEBUG] loadTreeCmd start: cwd=/Users/iv/Developer/relux-proxy remote="" board="" user=""
[20:08:53.873] [INFO] loadTreeCmd success: roots=7
[20:08:53.873] [INFO] treeLoadedMsg applied: roots=7 rows=13 loadErr=<nil>
[20:09:03.784] [DEBUG] loadTreeCmd start: cwd=/Users/iv/Developer/relux-proxy remote="" board="" user=""
[20:09:03.875] [INFO] loadTreeCmd success: roots=7
[20:09:03.875] [INFO] treeLoadedMsg applied: roots=7 rows=13 loadErr=<nil>
[20:09:13.785] [DEBUG] loadTreeCmd start: cwd=/Users/iv/Developer/relux-proxy remote="" board="" user=""
[20:09:14.107] [INFO] loadTreeCmd success: roots=7
[20:09:14.107] [INFO] treeLoadedMsg applied: roots=7 rows=13 loadErr=<nil>
[20:09:23.787] [DEBUG] loadTreeCmd start: cwd=/Users/iv/Developer/relux-proxy remote="" board="" user=""
[20:09:23.874] [INFO] loadTreeCmd success: roots=7
[20:09:23.874] [INFO] treeLoadedMsg applied: roots=7 rows=13 loadErr=<nil>
[20:09:33.789] [DEBUG] loadTreeCmd start: cwd=/Users/iv/Developer/relux-proxy remote="" board="" user=""
[20:09:33.881] [INFO] loadTreeCmd success: roots=7
[20:09:33.881] [INFO] treeLoadedMsg applied: roots=7 rows=13 loadErr=<nil>
[20:09:43.791] [DEBUG] loadTreeCmd start: cwd=/Users/iv/Developer/relux-proxy remote="" board="" user=""
[20:09:43.886] [INFO] loadTreeCmd success: roots=7
[20:09:43.886] [INFO] treeLoadedMsg applied: roots=7 rows=13 loadErr=<nil>
[20:09:53.793] [DEBUG] loadTreeCmd start: cwd=/Users/iv/Developer/relux-proxy remote="" board="" user=""
[20:09:53.881] [INFO] loadTreeCmd success: roots=7
[20:09:53.881] [INFO] treeLoadedMsg applied: roots=7 rows=13 loadErr=<nil>
[20:10:03.795] [DEBUG] loadTreeCmd start: cwd=/Users/iv/Developer/relux-proxy remote="" board="" user=""
[20:10:03.882] [INFO] loadTreeCmd success: roots=7
[20:10:03.882] [INFO] treeLoadedMsg applied: roots=7 rows=13 loadErr=<nil>
[20:10:13.795] [DEBUG] loadTreeCmd start: cwd=/Users/iv/Developer/relux-proxy remote="" board="" user=""
[20:10:13.887] [INFO] loadTreeCmd success: roots=7
[20:10:13.887] [INFO] treeLoadedMsg applied: roots=7 rows=13 loadErr=<nil>
[20:10:23.795] [DEBUG] loadTreeCmd start: cwd=/Users/iv/Developer/relux-proxy remote="" board="" user=""
[20:10:23.883] [INFO] loadTreeCmd success: roots=7
[20:10:23.883] [INFO] treeLoadedMsg applied: roots=7 rows=13 loadErr=<nil>
[20:10:33.796] [DEBUG] loadTreeCmd start: cwd=/Users/iv/Developer/relux-proxy remote="" board="" user=""
[20:10:33.888] [INFO] loadTreeCmd success: roots=7
[20:10:33.888] [INFO] treeLoadedMsg applied: roots=7 rows=13 loadErr=<nil>
[20:10:43.796] [DEBUG] loadTreeCmd start: cwd=/Users/iv/Developer/relux-proxy remote="" board="" user=""
[20:10:43.884] [INFO] loadTreeCmd success: roots=7
[20:10:43.884] [INFO] treeLoadedMsg applied: roots=7 rows=13 loadErr=<nil>
[20:10:53.797] [DEBUG] loadTreeCmd start: cwd=/Users/iv/Developer/relux-proxy remote="" board="" user=""
[20:10:53.885] [INFO] loadTreeCmd success: roots=7
[20:10:53.885] [INFO] treeLoadedMsg applied: roots=7 rows=13 loadErr=<nil>
[20:11:03.798] [DEBUG] loadTreeCmd start: cwd=/Users/iv/Developer/relux-proxy remote="" board="" user=""
[20:11:03.887] [INFO] loadTreeCmd success: roots=7
[20:11:03.888] [INFO] treeLoadedMsg applied: roots=7 rows=13 loadErr=<nil>
[20:11:13.799] [DEBUG] loadTreeCmd start: cwd=/Users/iv/Developer/relux-proxy remote="" board="" user=""
[20:11:13.882] [INFO] loadTreeCmd success: roots=7
[20:11:13.882] [INFO] treeLoadedMsg applied: roots=7 rows=13 loadErr=<nil>
[20:11:23.800] [DEBUG] loadTreeCmd start: cwd=/Users/iv/Developer/relux-proxy remote="" board="" user=""
[20:11:23.891] [INFO] loadTreeCmd success: roots=7
[20:11:23.892] [INFO] treeLoadedMsg applied: roots=7 rows=13 loadErr=<nil>
[20:11:33.801] [DEBUG] loadTreeCmd start: cwd=/Users/iv/Developer/relux-proxy remote="" board="" user=""
[20:11:33.888] [INFO] loadTreeCmd success: roots=7
[20:11:33.888] [INFO] treeLoadedMsg applied: roots=7 rows=13 loadErr=<nil>
[20:11:43.802] [DEBUG] loadTreeCmd start: cwd=/Users/iv/Developer/relux-proxy remote="" board="" user=""
[20:11:43.954] [INFO] loadTreeCmd success: roots=7
[20:11:43.954] [INFO] treeLoadedMsg applied: roots=7 rows=13 loadErr=<nil>
[20:11:53.803] [DEBUG] loadTreeCmd start: cwd=/Users/iv/Developer/relux-proxy remote="" board="" user=""
[20:11:53.891] [INFO] loadTreeCmd success: roots=7
[20:11:53.891] [INFO] treeLoadedMsg applied: roots=7 rows=13 loadErr=<nil>
[20:12:03.805] [DEBUG] loadTreeCmd start: cwd=/Users/iv/Developer/relux-proxy remote="" board="" user=""
[20:12:03.935] [INFO] loadTreeCmd success: roots=7
[20:12:03.935] [INFO] treeLoadedMsg applied: roots=7 rows=13 loadErr=<nil>
[20:12:13.807] [DEBUG] loadTreeCmd start: cwd=/Users/iv/Developer/relux-proxy remote="" board="" user=""
[20:12:13.898] [INFO] loadTreeCmd success: roots=7
[20:12:13.898] [INFO] treeLoadedMsg applied: roots=7 rows=13 loadErr=<nil>
[20:12:23.809] [DEBUG] loadTreeCmd start: cwd=/Users/iv/Developer/relux-proxy remote="" board="" user=""
[20:12:23.900] [INFO] loadTreeCmd success: roots=7
[20:12:23.900] [INFO] treeLoadedMsg applied: roots=7 rows=13 loadErr=<nil>
[20:12:33.811] [DEBUG] loadTreeCmd start: cwd=/Users/iv/Developer/relux-proxy remote="" board="" user=""
[20:12:33.895] [INFO] loadTreeCmd success: roots=7
[20:12:33.895] [INFO] treeLoadedMsg applied: roots=7 rows=13 loadErr=<nil>
[20:12:43.811] [DEBUG] loadTreeCmd start: cwd=/Users/iv/Developer/relux-proxy remote="" board="" user=""
[20:12:43.902] [INFO] loadTreeCmd success: roots=7
[20:12:43.902] [INFO] treeLoadedMsg applied: roots=7 rows=13 loadErr=<nil>
[20:12:53.811] [DEBUG] loadTreeCmd start: cwd=/Users/iv/Developer/relux-proxy remote="" board="" user=""
[20:12:53.899] [INFO] loadTreeCmd success: roots=7
[20:12:53.899] [INFO] treeLoadedMsg applied: roots=7 rows=13 loadErr=<nil>
[20:13:03.812] [DEBUG] loadTreeCmd start: cwd=/Users/iv/Developer/relux-proxy remote="" board="" user=""
[20:13:03.905] [INFO] loadTreeCmd success: roots=7
[20:13:03.905] [INFO] treeLoadedMsg applied: roots=7 rows=13 loadErr=<nil>
[20:13:13.812] [DEBUG] loadTreeCmd start: cwd=/Users/iv/Developer/relux-proxy remote="" board="" user=""
[20:13:13.895] [INFO] loadTreeCmd success: roots=7
[20:13:13.895] [INFO] treeLoadedMsg applied: roots=7 rows=13 loadErr=<nil>
[20:13:23.813] [DEBUG] loadTreeCmd start: cwd=/Users/iv/Developer/relux-proxy remote="" board="" user=""
[20:13:23.902] [INFO] loadTreeCmd success: roots=7
[20:13:23.902] [INFO] treeLoadedMsg applied: roots=7 rows=13 loadErr=<nil>
[20:13:33.813] [DEBUG] loadTreeCmd start: cwd=/Users/iv/Developer/relux-proxy remote="" board="" user=""
[20:13:33.902] [INFO] loadTreeCmd success: roots=7
[20:13:33.903] [INFO] treeLoadedMsg applied: roots=7 rows=13 loadErr=<nil>
[20:13:43.813] [DEBUG] loadTreeCmd start: cwd=/Users/iv/Developer/relux-proxy remote="" board="" user=""
[20:13:43.901] [INFO] loadTreeCmd success: roots=7
[20:13:43.902] [INFO] treeLoadedMsg applied: roots=7 rows=13 loadErr=<nil>
[20:13:53.814] [DEBUG] loadTreeCmd start: cwd=/Users/iv/Developer/relux-proxy remote="" board="" user=""
[20:13:53.905] [INFO] loadTreeCmd success: roots=7
[20:13:53.905] [INFO] treeLoadedMsg applied: roots=7 rows=13 loadErr=<nil>
[20:14:03.815] [DEBUG] loadTreeCmd start: cwd=/Users/iv/Developer/relux-proxy remote="" board="" user=""
[20:14:03.905] [INFO] loadTreeCmd success: roots=7
[20:14:03.905] [INFO] treeLoadedMsg applied: roots=7 rows=13 loadErr=<nil>
[20:14:13.816] [DEBUG] loadTreeCmd start: cwd=/Users/iv/Developer/relux-proxy remote="" board="" user=""
[20:14:13.899] [INFO] loadTreeCmd success: roots=7
[20:14:13.899] [INFO] treeLoadedMsg applied: roots=7 rows=13 loadErr=<nil>
[20:14:23.816] [DEBUG] loadTreeCmd start: cwd=/Users/iv/Developer/relux-proxy remote="" board="" user=""
[20:14:23.904] [INFO] loadTreeCmd success: roots=7
[20:14:23.904] [INFO] treeLoadedMsg applied: roots=7 rows=13 loadErr=<nil>
[20:14:33.818] [DEBUG] loadTreeCmd start: cwd=/Users/iv/Developer/relux-proxy remote="" board="" user=""
[20:14:33.905] [INFO] loadTreeCmd success: roots=7
[20:14:33.905] [INFO] treeLoadedMsg applied: roots=7 rows=13 loadErr=<nil>
[20:14:43.819] [DEBUG] loadTreeCmd start: cwd=/Users/iv/Developer/relux-proxy remote="" board="" user=""
[20:14:43.905] [INFO] loadTreeCmd success: roots=7
[20:14:43.905] [INFO] treeLoadedMsg applied: roots=7 rows=13 loadErr=<nil>
[20:14:53.821] [DEBUG] loadTreeCmd start: cwd=/Users/iv/Developer/relux-proxy remote="" board="" user=""
[20:14:53.903] [INFO] loadTreeCmd success: roots=7
[20:14:53.903] [INFO] treeLoadedMsg applied: roots=7 rows=13 loadErr=<nil>
[20:15:03.823] [DEBUG] loadTreeCmd start: cwd=/Users/iv/Developer/relux-proxy remote="" board="" user=""
[20:15:03.908] [INFO] loadTreeCmd success: roots=7
[20:15:03.908] [INFO] treeLoadedMsg applied: roots=7 rows=13 loadErr=<nil>
[20:15:13.825] [DEBUG] loadTreeCmd start: cwd=/Users/iv/Developer/relux-proxy remote="" board="" user=""
[20:15:13.907] [INFO] loadTreeCmd success: roots=7
[20:15:13.907] [INFO] treeLoadedMsg applied: roots=7 rows=13 loadErr=<nil>
[20:15:23.827] [DEBUG] loadTreeCmd start: cwd=/Users/iv/Developer/relux-proxy remote="" board="" user=""
[20:15:23.910] [INFO] loadTreeCmd success: roots=7
[20:15:23.911] [INFO] treeLoadedMsg applied: roots=7 rows=13 loadErr=<nil>
[20:15:33.829] [DEBUG] loadTreeCmd start: cwd=/Users/iv/Developer/relux-proxy remote="" board="" user=""
[20:15:33.912] [INFO] loadTreeCmd success: roots=7
[20:15:33.912] [INFO] treeLoadedMsg applied: roots=7 rows=13 loadErr=<nil>
[20:15:43.829] [DEBUG] loadTreeCmd start: cwd=/Users/iv/Developer/relux-proxy remote="" board="" user=""
[20:15:43.913] [INFO] loadTreeCmd success: roots=7
[20:15:43.914] [INFO] treeLoadedMsg applied: roots=7 rows=13 loadErr=<nil>
[20:15:53.829] [DEBUG] loadTreeCmd start: cwd=/Users/iv/Developer/relux-proxy remote="" board="" user=""
[20:15:53.916] [INFO] loadTreeCmd success: roots=7
[20:15:53.917] [INFO] treeLoadedMsg applied: roots=7 rows=13 loadErr=<nil>
[20:16:03.830] [DEBUG] loadTreeCmd start: cwd=/Users/iv/Developer/relux-proxy remote="" board="" user=""
[20:16:03.918] [INFO] loadTreeCmd success: roots=7
[20:16:03.918] [INFO] treeLoadedMsg applied: roots=7 rows=13 loadErr=<nil>
[20:16:13.830] [DEBUG] loadTreeCmd start: cwd=/Users/iv/Developer/relux-proxy remote="" board="" user=""
[20:16:13.917] [INFO] loadTreeCmd success: roots=7
[20:16:13.917] [INFO] treeLoadedMsg applied: roots=7 rows=13 loadErr=<nil>
[20:16:23.831] [DEBUG] loadTreeCmd start: cwd=/Users/iv/Developer/relux-proxy remote="" board="" user=""
[20:16:23.916] [INFO] loadTreeCmd success: roots=7
[20:16:23.917] [INFO] treeLoadedMsg applied: roots=7 rows=13 loadErr=<nil>
[20:16:33.831] [DEBUG] loadTreeCmd start: cwd=/Users/iv/Developer/relux-proxy remote="" board="" user=""
[20:16:33.912] [INFO] loadTreeCmd success: roots=7
[20:16:33.912] [INFO] treeLoadedMsg applied: roots=7 rows=13 loadErr=<nil>
[20:16:43.832] [DEBUG] loadTreeCmd start: cwd=/Users/iv/Developer/relux-proxy remote="" board="" user=""
[20:16:43.922] [INFO] loadTreeCmd success: roots=7
[20:16:43.922] [INFO] treeLoadedMsg applied: roots=7 rows=13 loadErr=<nil>
[20:16:53.833] [DEBUG] loadTreeCmd start: cwd=/Users/iv/Developer/relux-proxy remote="" board="" user=""
[20:16:53.918] [INFO] loadTreeCmd success: roots=7
[20:16:53.919] [INFO] treeLoadedMsg applied: roots=7 rows=13 loadErr=<nil>
[20:17:03.834] [DEBUG] loadTreeCmd start: cwd=/Users/iv/Developer/relux-proxy remote="" board="" user=""
[20:17:03.924] [INFO] loadTreeCmd success: roots=7
[20:17:03.924] [INFO] treeLoadedMsg applied: roots=7 rows=13 loadErr=<nil>
[20:17:13.835] [DEBUG] loadTreeCmd start: cwd=/Users/iv/Developer/relux-proxy remote="" board="" user=""
[20:17:13.919] [INFO] loadTreeCmd success: roots=7
[20:17:13.919] [INFO] treeLoadedMsg applied: roots=7 rows=13 loadErr=<nil>
[20:17:23.837] [DEBUG] loadTreeCmd start: cwd=/Users/iv/Developer/relux-proxy remote="" board="" user=""
[20:17:23.930] [INFO] loadTreeCmd success: roots=7
[20:17:23.930] [INFO] treeLoadedMsg applied: roots=7 rows=13 loadErr=<nil>
[20:17:33.838] [DEBUG] loadTreeCmd start: cwd=/Users/iv/Developer/relux-proxy remote="" board="" user=""
[20:17:33.928] [INFO] loadTreeCmd success: roots=7
[20:17:33.928] [INFO] treeLoadedMsg applied: roots=7 rows=13 loadErr=<nil>
[20:17:43.839] [DEBUG] loadTreeCmd start: cwd=/Users/iv/Developer/relux-proxy remote="" board="" user=""
[20:17:43.931] [INFO] loadTreeCmd success: roots=7
[20:17:43.931] [INFO] treeLoadedMsg applied: roots=7 rows=13 loadErr=<nil>
[20:17:53.842] [DEBUG] loadTreeCmd start: cwd=/Users/iv/Developer/relux-proxy remote="" board="" user=""
[20:17:53.930] [INFO] loadTreeCmd success: roots=7
[20:17:53.930] [INFO] treeLoadedMsg applied: roots=7 rows=13 loadErr=<nil>
[20:18:03.843] [DEBUG] loadTreeCmd start: cwd=/Users/iv/Developer/relux-proxy remote="" board="" user=""
[20:18:03.932] [INFO] loadTreeCmd success: roots=7
[20:18:03.933] [INFO] treeLoadedMsg applied: roots=7 rows=13 loadErr=<nil>
[20:18:13.845] [DEBUG] loadTreeCmd start: cwd=/Users/iv/Developer/relux-proxy remote="" board="" user=""
[20:18:13.937] [INFO] loadTreeCmd success: roots=7
[20:18:13.938] [INFO] treeLoadedMsg applied: roots=7 rows=13 loadErr=<nil>
[20:18:23.846] [DEBUG] loadTreeCmd start: cwd=/Users/iv/Developer/relux-proxy remote="" board="" user=""
[20:18:23.931] [INFO] loadTreeCmd success: roots=7
[20:18:23.931] [INFO] treeLoadedMsg applied: roots=7 rows=13 loadErr=<nil>
[20:18:33.846] [DEBUG] loadTreeCmd start: cwd=/Users/iv/Developer/relux-proxy remote="" board="" user=""
[20:18:33.936] [INFO] loadTreeCmd success: roots=7
[20:18:33.936] [INFO] treeLoadedMsg applied: roots=7 rows=13 loadErr=<nil>
[20:18:43.846] [DEBUG] loadTreeCmd start: cwd=/Users/iv/Developer/relux-proxy remote="" board="" user=""
[20:18:43.933] [INFO] loadTreeCmd success: roots=7
[20:18:43.933] [INFO] treeLoadedMsg applied: roots=7 rows=13 loadErr=<nil>
[20:18:53.846] [DEBUG] loadTreeCmd start: cwd=/Users/iv/Developer/relux-proxy remote="" board="" user=""
[20:18:53.931] [INFO] loadTreeCmd success: roots=7
[20:18:53.931] [INFO] treeLoadedMsg applied: roots=7 rows=13 loadErr=<nil>
[20:19:03.846] [DEBUG] loadTreeCmd start: cwd=/Users/iv/Developer/relux-proxy remote="" board="" user=""
[20:19:03.932] [INFO] loadTreeCmd success: roots=7
[20:19:03.933] [INFO] treeLoadedMsg applied: roots=7 rows=13 loadErr=<nil>
[20:19:13.847] [DEBUG] loadTreeCmd start: cwd=/Users/iv/Developer/relux-proxy remote="" board="" user=""
[20:19:13.933] [INFO] loadTreeCmd success: roots=7
[20:19:13.933] [INFO] treeLoadedMsg applied: roots=7 rows=13 loadErr=<nil>
[20:19:23.846] [DEBUG] loadTreeCmd start: cwd=/Users/iv/Developer/relux-proxy remote="" board="" user=""
[20:19:23.931] [INFO] loadTreeCmd success: roots=7
[20:19:23.932] [INFO] treeLoadedMsg applied: roots=7 rows=13 loadErr=<nil>
[20:19:33.847] [DEBUG] loadTreeCmd start: cwd=/Users/iv/Developer/relux-proxy remote="" board="" user=""
[20:19:33.937] [INFO] loadTreeCmd success: roots=7
[20:19:33.937] [INFO] treeLoadedMsg applied: roots=7 rows=13 loadErr=<nil>
[20:19:43.847] [DEBUG] loadTreeCmd start: cwd=/Users/iv/Developer/relux-proxy remote="" board="" user=""
[20:19:43.939] [INFO] loadTreeCmd success: roots=7
[20:19:43.939] [INFO] treeLoadedMsg applied: roots=7 rows=13 loadErr=<nil>
[20:19:53.848] [DEBUG] loadTreeCmd start: cwd=/Users/iv/Developer/relux-proxy remote="" board="" user=""
[20:19:53.936] [INFO] loadTreeCmd success: roots=7
[20:19:53.936] [INFO] treeLoadedMsg applied: roots=7 rows=13 loadErr=<nil>
[20:20:03.849] [DEBUG] loadTreeCmd start: cwd=/Users/iv/Developer/relux-proxy remote="" board="" user=""
[20:20:03.937] [INFO] loadTreeCmd success: roots=7
[20:20:03.937] [INFO] treeLoadedMsg applied: roots=7 rows=13 loadErr=<nil>
[20:20:13.849] [DEBUG] loadTreeCmd start: cwd=/Users/iv/Developer/relux-proxy remote="" board="" user=""
[20:20:13.938] [INFO] loadTreeCmd success: roots=7
[20:20:13.938] [INFO] treeLoadedMsg applied: roots=7 rows=13 loadErr=<nil>
[20:20:23.851] [DEBUG] loadTreeCmd start: cwd=/Users/iv/Developer/relux-proxy remote="" board="" user=""
[20:20:23.942] [INFO] loadTreeCmd success: roots=7
[20:20:23.942] [INFO] treeLoadedMsg applied: roots=7 rows=13 loadErr=<nil>
[20:20:33.852] [DEBUG] loadTreeCmd start: cwd=/Users/iv/Developer/relux-proxy remote="" board="" user=""
[20:20:33.933] [INFO] loadTreeCmd success: roots=7
[20:20:33.934] [INFO] treeLoadedMsg applied: roots=7 rows=13 loadErr=<nil>
[20:20:43.854] [DEBUG] loadTreeCmd start: cwd=/Users/iv/Developer/relux-proxy remote="" board="" user=""
[20:20:43.943] [INFO] loadTreeCmd success: roots=7
[20:20:43.943] [INFO] treeLoadedMsg applied: roots=7 rows=13 loadErr=<nil>
[20:20:53.856] [DEBUG] loadTreeCmd start: cwd=/Users/iv/Developer/relux-proxy remote="" board="" user=""
[20:20:53.941] [INFO] loadTreeCmd success: roots=7
[20:20:53.941] [INFO] treeLoadedMsg applied: roots=7 rows=13 loadErr=<nil>
[20:21:03.858] [DEBUG] loadTreeCmd start: cwd=/Users/iv/Developer/relux-proxy remote="" board="" user=""
[20:21:03.943] [INFO] loadTreeCmd success: roots=7
[20:21:03.943] [INFO] treeLoadedMsg applied: roots=7 rows=13 loadErr=<nil>
[20:21:13.860] [DEBUG] loadTreeCmd start: cwd=/Users/iv/Developer/relux-proxy remote="" board="" user=""
[20:21:13.947] [INFO] loadTreeCmd success: roots=7
[20:21:13.948] [INFO] treeLoadedMsg applied: roots=7 rows=13 loadErr=<nil>
[20:21:23.861] [DEBUG] loadTreeCmd start: cwd=/Users/iv/Developer/relux-proxy remote="" board="" user=""
[20:21:23.951] [INFO] loadTreeCmd success: roots=7
[20:21:23.952] [INFO] treeLoadedMsg applied: roots=7 rows=13 loadErr=<nil>
[20:21:33.862] [DEBUG] loadTreeCmd start: cwd=/Users/iv/Developer/relux-proxy remote="" board="" user=""
[20:21:33.950] [INFO] loadTreeCmd success: roots=7
[20:21:33.950] [INFO] treeLoadedMsg applied: roots=7 rows=13 loadErr=<nil>
[20:21:43.862] [DEBUG] loadTreeCmd start: cwd=/Users/iv/Developer/relux-proxy remote="" board="" user=""
[20:21:43.953] [INFO] loadTreeCmd success: roots=7
[20:21:43.953] [INFO] treeLoadedMsg applied: roots=7 rows=13 loadErr=<nil>
[20:21:53.862] [DEBUG] loadTreeCmd start: cwd=/Users/iv/Developer/relux-proxy remote="" board="" user=""
[20:21:53.948] [INFO] loadTreeCmd success: roots=7
[20:21:53.948] [INFO] treeLoadedMsg applied: roots=7 rows=13 loadErr=<nil>
[20:22:03.862] [DEBUG] loadTreeCmd start: cwd=/Users/iv/Developer/relux-proxy remote="" board="" user=""
[20:22:03.957] [INFO] loadTreeCmd success: roots=7
[20:22:03.957] [INFO] treeLoadedMsg applied: roots=7 rows=13 loadErr=<nil>
[20:22:13.863] [DEBUG] loadTreeCmd start: cwd=/Users/iv/Developer/relux-proxy remote="" board="" user=""
[20:22:13.996] [INFO] loadTreeCmd success: roots=7
[20:22:13.996] [INFO] treeLoadedMsg applied: roots=7 rows=13 loadErr=<nil>
[20:22:23.863] [DEBUG] loadTreeCmd start: cwd=/Users/iv/Developer/relux-proxy remote="" board="" user=""
[20:22:23.947] [INFO] loadTreeCmd success: roots=7
[20:22:23.947] [INFO] treeLoadedMsg applied: roots=7 rows=13 loadErr=<nil>
[20:22:33.864] [DEBUG] loadTreeCmd start: cwd=/Users/iv/Developer/relux-proxy remote="" board="" user=""
[20:22:33.958] [INFO] loadTreeCmd success: roots=7
[20:22:33.958] [INFO] treeLoadedMsg applied: roots=7 rows=13 loadErr=<nil>
[20:22:43.864] [DEBUG] loadTreeCmd start: cwd=/Users/iv/Developer/relux-proxy remote="" board="" user=""
[20:22:43.955] [INFO] loadTreeCmd success: roots=7
[20:22:43.955] [INFO] treeLoadedMsg applied: roots=7 rows=13 loadErr=<nil>
[20:22:53.864] [DEBUG] loadTreeCmd start: cwd=/Users/iv/Developer/relux-proxy remote="" board="" user=""
[20:22:54.048] [INFO] loadTreeCmd success: roots=7
[20:22:54.048] [INFO] treeLoadedMsg applied: roots=7 rows=13 loadErr=<nil>
[20:23:03.865] [DEBUG] loadTreeCmd start: cwd=/Users/iv/Developer/relux-proxy remote="" board="" user=""
[20:23:03.953] [INFO] loadTreeCmd success: roots=7
[20:23:03.953] [INFO] treeLoadedMsg applied: roots=7 rows=13 loadErr=<nil>
[20:23:13.866] [DEBUG] loadTreeCmd start: cwd=/Users/iv/Developer/relux-proxy remote="" board="" user=""
[20:23:13.957] [INFO] loadTreeCmd success: roots=7
[20:23:13.957] [INFO] treeLoadedMsg applied: roots=7 rows=13 loadErr=<nil>
[20:23:23.867] [DEBUG] loadTreeCmd start: cwd=/Users/iv/Developer/relux-proxy remote="" board="" user=""
[20:23:23.952] [INFO] loadTreeCmd success: roots=7
[20:23:23.952] [INFO] treeLoadedMsg applied: roots=7 rows=13 loadErr=<nil>
[20:23:33.867] [DEBUG] loadTreeCmd start: cwd=/Users/iv/Developer/relux-proxy remote="" board="" user=""
[20:23:33.957] [INFO] loadTreeCmd success: roots=7
[20:23:33.957] [INFO] treeLoadedMsg applied: roots=7 rows=13 loadErr=<nil>
[20:23:43.883] [DEBUG] loadTreeCmd start: cwd=/Users/iv/Developer/relux-proxy remote="" board="" user=""
[20:23:43.973] [INFO] loadTreeCmd success: roots=7
[20:23:43.973] [INFO] treeLoadedMsg applied: roots=7 rows=13 loadErr=<nil>
[20:23:53.898] [DEBUG] loadTreeCmd start: cwd=/Users/iv/Developer/relux-proxy remote="" board="" user=""
[20:23:53.982] [INFO] loadTreeCmd success: roots=7
[20:23:53.982] [INFO] treeLoadedMsg applied: roots=7 rows=13 loadErr=<nil>
[20:24:03.907] [DEBUG] loadTreeCmd start: cwd=/Users/iv/Developer/relux-proxy remote="" board="" user=""
[20:24:03.996] [INFO] loadTreeCmd success: roots=7
[20:24:03.996] [INFO] treeLoadedMsg applied: roots=7 rows=13 loadErr=<nil>
[20:24:13.913] [DEBUG] loadTreeCmd start: cwd=/Users/iv/Developer/relux-proxy remote="" board="" user=""
[20:24:14.002] [INFO] loadTreeCmd success: roots=7
[20:24:14.002] [INFO] treeLoadedMsg applied: roots=7 rows=13 loadErr=<nil>
[20:24:23.916] [DEBUG] loadTreeCmd start: cwd=/Users/iv/Developer/relux-proxy remote="" board="" user=""
[20:24:24.005] [INFO] loadTreeCmd success: roots=7
[20:24:24.005] [INFO] treeLoadedMsg applied: roots=7 rows=13 loadErr=<nil>
[20:24:33.917] [DEBUG] loadTreeCmd start: cwd=/Users/iv/Developer/relux-proxy remote="" board="" user=""
[20:24:34.006] [INFO] loadTreeCmd success: roots=7
[20:24:34.006] [INFO] treeLoadedMsg applied: roots=7 rows=13 loadErr=<nil>
[20:24:43.919] [DEBUG] loadTreeCmd start: cwd=/Users/iv/Developer/relux-proxy remote="" board="" user=""
[20:24:44.004] [INFO] loadTreeCmd success: roots=7
[20:24:44.004] [INFO] treeLoadedMsg applied: roots=7 rows=13 loadErr=<nil>
[20:24:53.919] [DEBUG] loadTreeCmd start: cwd=/Users/iv/Developer/relux-proxy remote="" board="" user=""
[20:24:54.007] [INFO] loadTreeCmd success: roots=7
[20:24:54.007] [INFO] treeLoadedMsg applied: roots=7 rows=13 loadErr=<nil>
[20:25:03.920] [DEBUG] loadTreeCmd start: cwd=/Users/iv/Developer/relux-proxy remote="" board="" user=""
[20:25:04.006] [INFO] loadTreeCmd success: roots=7
[20:25:04.006] [INFO] treeLoadedMsg applied: roots=7 rows=13 loadErr=<nil>
[20:25:13.922] [DEBUG] loadTreeCmd start: cwd=/Users/iv/Developer/relux-proxy remote="" board="" user=""
[20:25:14.011] [INFO] loadTreeCmd success: roots=7
[20:25:14.012] [INFO] treeLoadedMsg applied: roots=7 rows=13 loadErr=<nil>
[20:25:23.925] [DEBUG] loadTreeCmd start: cwd=/Users/iv/Developer/relux-proxy remote="" board="" user=""
[20:25:24.052] [INFO] loadTreeCmd success: roots=7
[20:25:24.053] [INFO] treeLoadedMsg applied: roots=7 rows=13 loadErr=<nil>
[20:25:33.923] [DEBUG] loadTreeCmd start: cwd=/Users/iv/Developer/relux-proxy remote="" board="" user=""
[20:25:34.006] [INFO] loadTreeCmd success: roots=7
[20:25:34.006] [INFO] treeLoadedMsg applied: roots=7 rows=13 loadErr=<nil>
[20:25:43.923] [DEBUG] loadTreeCmd start: cwd=/Users/iv/Developer/relux-proxy remote="" board="" user=""
[20:25:44.010] [INFO] loadTreeCmd success: roots=7
[20:25:44.010] [INFO] treeLoadedMsg applied: roots=7 rows=13 loadErr=<nil>
[20:25:53.923] [DEBUG] loadTreeCmd start: cwd=/Users/iv/Developer/relux-proxy remote="" board="" user=""
[20:25:54.007] [INFO] loadTreeCmd success: roots=7
[20:25:54.007] [INFO] treeLoadedMsg applied: roots=7 rows=13 loadErr=<nil>
[20:26:03.924] [DEBUG] loadTreeCmd start: cwd=/Users/iv/Developer/relux-proxy remote="" board="" user=""
[20:26:04.015] [INFO] loadTreeCmd success: roots=7
[20:26:04.015] [INFO] treeLoadedMsg applied: roots=7 rows=13 loadErr=<nil>
[20:26:13.925] [DEBUG] loadTreeCmd start: cwd=/Users/iv/Developer/relux-proxy remote="" board="" user=""
[20:26:14.006] [INFO] loadTreeCmd success: roots=7
[20:26:14.006] [INFO] treeLoadedMsg applied: roots=7 rows=13 loadErr=<nil>
[20:26:23.925] [DEBUG] loadTreeCmd start: cwd=/Users/iv/Developer/relux-proxy remote="" board="" user=""
[20:26:24.015] [INFO] loadTreeCmd success: roots=7
[20:26:24.015] [INFO] treeLoadedMsg applied: roots=7 rows=13 loadErr=<nil>
[20:26:33.926] [DEBUG] loadTreeCmd start: cwd=/Users/iv/Developer/relux-proxy remote="" board="" user=""
[20:26:34.015] [INFO] loadTreeCmd success: roots=7
[20:26:34.016] [INFO] treeLoadedMsg applied: roots=7 rows=13 loadErr=<nil>
[20:26:43.927] [DEBUG] loadTreeCmd start: cwd=/Users/iv/Developer/relux-proxy remote="" board="" user=""
[20:26:44.011] [INFO] loadTreeCmd success: roots=7
[20:26:44.011] [INFO] treeLoadedMsg applied: roots=7 rows=13 loadErr=<nil>
[20:26:53.928] [DEBUG] loadTreeCmd start: cwd=/Users/iv/Developer/relux-proxy remote="" board="" user=""
[20:26:54.014] [INFO] loadTreeCmd success: roots=7
[20:26:54.014] [INFO] treeLoadedMsg applied: roots=7 rows=13 loadErr=<nil>
[20:27:03.929] [DEBUG] loadTreeCmd start: cwd=/Users/iv/Developer/relux-proxy remote="" board="" user=""
[20:27:04.016] [INFO] loadTreeCmd success: roots=7
[20:27:04.016] [INFO] treeLoadedMsg applied: roots=7 rows=13 loadErr=<nil>
[20:27:13.930] [DEBUG] loadTreeCmd start: cwd=/Users/iv/Developer/relux-proxy remote="" board="" user=""
[20:27:14.013] [INFO] loadTreeCmd success: roots=7
[20:27:14.013] [INFO] treeLoadedMsg applied: roots=7 rows=13 loadErr=<nil>
[20:27:23.932] [DEBUG] loadTreeCmd start: cwd=/Users/iv/Developer/relux-proxy remote="" board="" user=""
[20:27:24.016] [INFO] loadTreeCmd success: roots=7
[20:27:24.017] [INFO] treeLoadedMsg applied: roots=7 rows=13 loadErr=<nil>
[20:27:33.934] [DEBUG] loadTreeCmd start: cwd=/Users/iv/Developer/relux-proxy remote="" board="" user=""
[20:27:34.015] [INFO] loadTreeCmd success: roots=7
[20:27:34.015] [INFO] treeLoadedMsg applied: roots=7 rows=13 loadErr=<nil>
[20:27:43.936] [DEBUG] loadTreeCmd start: cwd=/Users/iv/Developer/relux-proxy remote="" board="" user=""
[20:27:44.021] [INFO] loadTreeCmd success: roots=7
[20:27:44.021] [INFO] treeLoadedMsg applied: roots=7 rows=13 loadErr=<nil>
[20:27:53.938] [DEBUG] loadTreeCmd start: cwd=/Users/iv/Developer/relux-proxy remote="" board="" user=""
[20:27:54.024] [INFO] loadTreeCmd success: roots=7
[20:27:54.024] [INFO] treeLoadedMsg applied: roots=7 rows=13 loadErr=<nil>
[20:28:03.939] [DEBUG] loadTreeCmd start: cwd=/Users/iv/Developer/relux-proxy remote="" board="" user=""
[20:28:04.023] [INFO] loadTreeCmd success: roots=7
[20:28:04.024] [INFO] treeLoadedMsg applied: roots=7 rows=13 loadErr=<nil>
[20:28:13.939] [DEBUG] loadTreeCmd start: cwd=/Users/iv/Developer/relux-proxy remote="" board="" user=""
[20:28:14.037] [INFO] loadTreeCmd success: roots=7
[20:28:14.037] [INFO] treeLoadedMsg applied: roots=7 rows=13 loadErr=<nil>
[20:28:23.940] [DEBUG] loadTreeCmd start: cwd=/Users/iv/Developer/relux-proxy remote="" board="" user=""
[20:28:24.030] [INFO] loadTreeCmd success: roots=7
[20:28:24.030] [INFO] treeLoadedMsg applied: roots=7 rows=13 loadErr=<nil>
[20:28:33.941] [DEBUG] loadTreeCmd start: cwd=/Users/iv/Developer/relux-proxy remote="" board="" user=""
[20:28:34.027] [INFO] loadTreeCmd success: roots=7
[20:28:34.027] [INFO] treeLoadedMsg applied: roots=7 rows=13 loadErr=<nil>
[20:28:43.940] [DEBUG] loadTreeCmd start: cwd=/Users/iv/Developer/relux-proxy remote="" board="" user=""
[20:28:44.025] [INFO] loadTreeCmd success: roots=7
[20:28:44.025] [INFO] treeLoadedMsg applied: roots=7 rows=13 loadErr=<nil>
[20:28:53.941] [DEBUG] loadTreeCmd start: cwd=/Users/iv/Developer/relux-proxy remote="" board="" user=""
[20:28:54.028] [INFO] loadTreeCmd success: roots=7
[20:28:54.028] [INFO] treeLoadedMsg applied: roots=7 rows=13 loadErr=<nil>
[20:29:03.941] [DEBUG] loadTreeCmd start: cwd=/Users/iv/Developer/relux-proxy remote="" board="" user=""
[20:29:04.025] [INFO] loadTreeCmd success: roots=7
[20:29:04.025] [INFO] treeLoadedMsg applied: roots=7 rows=13 loadErr=<nil>
[20:29:13.942] [DEBUG] loadTreeCmd start: cwd=/Users/iv/Developer/relux-proxy remote="" board="" user=""
[20:29:14.026] [INFO] loadTreeCmd success: roots=7
[20:29:14.026] [INFO] treeLoadedMsg applied: roots=7 rows=13 loadErr=<nil>
[20:29:23.942] [DEBUG] loadTreeCmd start: cwd=/Users/iv/Developer/relux-proxy remote="" board="" user=""
[20:29:24.032] [INFO] loadTreeCmd success: roots=7
[20:29:24.032] [INFO] treeLoadedMsg applied: roots=7 rows=13 loadErr=<nil>
[20:29:33.943] [DEBUG] loadTreeCmd start: cwd=/Users/iv/Developer/relux-proxy remote="" board="" user=""
[20:29:34.028] [INFO] loadTreeCmd success: roots=7
[20:29:34.028] [INFO] treeLoadedMsg applied: roots=7 rows=13 loadErr=<nil>
[20:29:43.944] [DEBUG] loadTreeCmd start: cwd=/Users/iv/Developer/relux-proxy remote="" board="" user=""
[20:29:44.029] [INFO] loadTreeCmd success: roots=7
[20:29:44.029] [INFO] treeLoadedMsg applied: roots=7 rows=13 loadErr=<nil>
[20:29:53.945] [DEBUG] loadTreeCmd start: cwd=/Users/iv/Developer/relux-proxy remote="" board="" user=""
[20:29:54.032] [INFO] loadTreeCmd success: roots=7
[20:29:54.033] [INFO] treeLoadedMsg applied: roots=7 rows=13 loadErr=<nil>
[20:30:03.946] [DEBUG] loadTreeCmd start: cwd=/Users/iv/Developer/relux-proxy remote="" board="" user=""
[20:30:04.031] [INFO] loadTreeCmd success: roots=7
[20:30:04.031] [INFO] treeLoadedMsg applied: roots=7 rows=13 loadErr=<nil>
[20:30:13.948] [DEBUG] loadTreeCmd start: cwd=/Users/iv/Developer/relux-proxy remote="" board="" user=""
[20:30:14.034] [INFO] loadTreeCmd success: roots=7
[20:30:14.034] [INFO] treeLoadedMsg applied: roots=7 rows=13 loadErr=<nil>
[20:30:23.950] [DEBUG] loadTreeCmd start: cwd=/Users/iv/Developer/relux-proxy remote="" board="" user=""
[20:30:24.038] [INFO] loadTreeCmd success: roots=7
[20:30:24.038] [INFO] treeLoadedMsg applied: roots=7 rows=13 loadErr=<nil>
[20:30:33.952] [DEBUG] loadTreeCmd start: cwd=/Users/iv/Developer/relux-proxy remote="" board="" user=""
[20:30:34.036] [INFO] loadTreeCmd success: roots=7
[20:30:34.036] [INFO] treeLoadedMsg applied: roots=7 rows=13 loadErr=<nil>
[20:30:43.954] [DEBUG] loadTreeCmd start: cwd=/Users/iv/Developer/relux-proxy remote="" board="" user=""
[20:30:44.039] [INFO] loadTreeCmd success: roots=7
[20:30:44.039] [INFO] treeLoadedMsg applied: roots=7 rows=13 loadErr=<nil>
[20:30:53.955] [DEBUG] loadTreeCmd start: cwd=/Users/iv/Developer/relux-proxy remote="" board="" user=""
[20:30:54.038] [INFO] loadTreeCmd success: roots=7
[20:30:54.038] [INFO] treeLoadedMsg applied: roots=7 rows=13 loadErr=<nil>
[20:31:03.957] [DEBUG] loadTreeCmd start: cwd=/Users/iv/Developer/relux-proxy remote="" board="" user=""
[20:31:04.038] [INFO] loadTreeCmd success: roots=7
[20:31:04.038] [INFO] treeLoadedMsg applied: roots=7 rows=13 loadErr=<nil>
[20:31:13.957] [DEBUG] loadTreeCmd start: cwd=/Users/iv/Developer/relux-proxy remote="" board="" user=""
[20:31:14.036] [INFO] loadTreeCmd success: roots=7
[20:31:14.037] [INFO] treeLoadedMsg applied: roots=7 rows=13 loadErr=<nil>
[20:31:23.958] [DEBUG] loadTreeCmd start: cwd=/Users/iv/Developer/relux-proxy remote="" board="" user=""
[20:31:24.037] [INFO] loadTreeCmd success: roots=7
[20:31:24.038] [INFO] treeLoadedMsg applied: roots=7 rows=13 loadErr=<nil>
[20:31:33.958] [DEBUG] loadTreeCmd start: cwd=/Users/iv/Developer/relux-proxy remote="" board="" user=""
[20:31:34.038] [INFO] loadTreeCmd success: roots=7
[20:31:34.038] [INFO] treeLoadedMsg applied: roots=7 rows=13 loadErr=<nil>
[20:31:43.958] [DEBUG] loadTreeCmd start: cwd=/Users/iv/Developer/relux-proxy remote="" board="" user=""
[20:31:44.043] [INFO] loadTreeCmd success: roots=7
[20:31:44.043] [INFO] treeLoadedMsg applied: roots=7 rows=13 loadErr=<nil>
[20:31:53.959] [DEBUG] loadTreeCmd start: cwd=/Users/iv/Developer/relux-proxy remote="" board="" user=""
[20:31:54.049] [INFO] loadTreeCmd success: roots=7
[20:31:54.049] [INFO] treeLoadedMsg applied: roots=7 rows=13 loadErr=<nil>
[20:32:03.959] [DEBUG] loadTreeCmd start: cwd=/Users/iv/Developer/relux-proxy remote="" board="" user=""
[20:32:04.046] [INFO] loadTreeCmd success: roots=7
[20:32:04.047] [INFO] treeLoadedMsg applied: roots=7 rows=13 loadErr=<nil>
[20:32:13.960] [DEBUG] loadTreeCmd start: cwd=/Users/iv/Developer/relux-proxy remote="" board="" user=""
[20:32:14.046] [INFO] loadTreeCmd success: roots=7
[20:32:14.046] [INFO] treeLoadedMsg applied: roots=7 rows=13 loadErr=<nil>
[20:32:23.960] [DEBUG] loadTreeCmd start: cwd=/Users/iv/Developer/relux-proxy remote="" board="" user=""
[20:32:24.047] [INFO] loadTreeCmd success: roots=7
[20:32:24.047] [INFO] treeLoadedMsg applied: roots=7 rows=13 loadErr=<nil>
[20:32:33.961] [DEBUG] loadTreeCmd start: cwd=/Users/iv/Developer/relux-proxy remote="" board="" user=""
[20:32:34.045] [INFO] loadTreeCmd success: roots=7
[20:32:34.046] [INFO] treeLoadedMsg applied: roots=7 rows=13 loadErr=<nil>
[20:32:43.961] [DEBUG] loadTreeCmd start: cwd=/Users/iv/Developer/relux-proxy remote="" board="" user=""
[20:32:44.045] [INFO] loadTreeCmd success: roots=7
[20:32:44.045] [INFO] treeLoadedMsg applied: roots=7 rows=13 loadErr=<nil>
[20:32:53.963] [DEBUG] loadTreeCmd start: cwd=/Users/iv/Developer/relux-proxy remote="" board="" user=""
[20:32:54.043] [INFO] loadTreeCmd success: roots=7
[20:32:54.043] [INFO] treeLoadedMsg applied: roots=7 rows=13 loadErr=<nil>
[20:33:03.964] [DEBUG] loadTreeCmd start: cwd=/Users/iv/Developer/relux-proxy remote="" board="" user=""
[20:33:04.052] [INFO] loadTreeCmd success: roots=7
[20:33:04.052] [INFO] treeLoadedMsg applied: roots=7 rows=13 loadErr=<nil>
[20:33:13.965] [DEBUG] loadTreeCmd start: cwd=/Users/iv/Developer/relux-proxy remote="" board="" user=""
[20:33:14.054] [INFO] loadTreeCmd success: roots=7
[20:33:14.054] [INFO] treeLoadedMsg applied: roots=7 rows=13 loadErr=<nil>
[20:33:23.967] [DEBUG] loadTreeCmd start: cwd=/Users/iv/Developer/relux-proxy remote="" board="" user=""
[20:33:24.048] [INFO] loadTreeCmd success: roots=7
[20:33:24.048] [INFO] treeLoadedMsg applied: roots=7 rows=13 loadErr=<nil>
[20:33:33.969] [DEBUG] loadTreeCmd start: cwd=/Users/iv/Developer/relux-proxy remote="" board="" user=""
[20:33:34.049] [INFO] loadTreeCmd success: roots=7
[20:33:34.050] [INFO] treeLoadedMsg applied: roots=7 rows=13 loadErr=<nil>
[20:33:43.971] [DEBUG] loadTreeCmd start: cwd=/Users/iv/Developer/relux-proxy remote="" board="" user=""
[20:33:44.061] [INFO] loadTreeCmd success: roots=7
[20:33:44.061] [INFO] treeLoadedMsg applied: roots=7 rows=13 loadErr=<nil>
[20:33:53.972] [DEBUG] loadTreeCmd start: cwd=/Users/iv/Developer/relux-proxy remote="" board="" user=""
[20:33:54.051] [INFO] loadTreeCmd success: roots=7
[20:33:54.051] [INFO] treeLoadedMsg applied: roots=7 rows=13 loadErr=<nil>
[20:34:03.974] [DEBUG] loadTreeCmd start: cwd=/Users/iv/Developer/relux-proxy remote="" board="" user=""
[20:34:04.058] [INFO] loadTreeCmd success: roots=7
[20:34:04.058] [INFO] treeLoadedMsg applied: roots=7 rows=13 loadErr=<nil>
[20:34:13.975] [DEBUG] loadTreeCmd start: cwd=/Users/iv/Developer/relux-proxy remote="" board="" user=""
[20:34:14.056] [INFO] loadTreeCmd success: roots=7
[20:34:14.056] [INFO] treeLoadedMsg applied: roots=7 rows=13 loadErr=<nil>
[20:34:23.975] [DEBUG] loadTreeCmd start: cwd=/Users/iv/Developer/relux-proxy remote="" board="" user=""
[20:34:24.060] [INFO] loadTreeCmd success: roots=7
[20:34:24.060] [INFO] treeLoadedMsg applied: roots=7 rows=13 loadErr=<nil>
[20:34:33.976] [DEBUG] loadTreeCmd start: cwd=/Users/iv/Developer/relux-proxy remote="" board="" user=""
[20:34:34.062] [INFO] loadTreeCmd success: roots=7
[20:34:34.062] [INFO] treeLoadedMsg applied: roots=7 rows=13 loadErr=<nil>
[20:34:43.976] [DEBUG] loadTreeCmd start: cwd=/Users/iv/Developer/relux-proxy remote="" board="" user=""
[20:34:44.060] [INFO] loadTreeCmd success: roots=7
[20:34:44.060] [INFO] treeLoadedMsg applied: roots=7 rows=13 loadErr=<nil>
[20:34:53.977] [DEBUG] loadTreeCmd start: cwd=/Users/iv/Developer/relux-proxy remote="" board="" user=""
[20:34:54.060] [INFO] loadTreeCmd success: roots=7
[20:34:54.060] [INFO] treeLoadedMsg applied: roots=7 rows=13 loadErr=<nil>
[20:35:03.977] [DEBUG] loadTreeCmd start: cwd=/Users/iv/Developer/relux-proxy remote="" board="" user=""
[20:35:04.062] [INFO] loadTreeCmd success: roots=7
[20:35:04.063] [INFO] treeLoadedMsg applied: roots=7 rows=13 loadErr=<nil>
[20:35:13.977] [DEBUG] loadTreeCmd start: cwd=/Users/iv/Developer/relux-proxy remote="" board="" user=""
[20:35:14.061] [INFO] loadTreeCmd success: roots=7
[20:35:14.062] [INFO] treeLoadedMsg applied: roots=7 rows=13 loadErr=<nil>
[20:35:23.978] [DEBUG] loadTreeCmd start: cwd=/Users/iv/Developer/relux-proxy remote="" board="" user=""
[20:35:24.058] [INFO] loadTreeCmd success: roots=7
[20:35:24.058] [INFO] treeLoadedMsg applied: roots=7 rows=13 loadErr=<nil>
[20:35:33.980] [DEBUG] loadTreeCmd start: cwd=/Users/iv/Developer/relux-proxy remote="" board="" user=""
[20:35:34.131] [INFO] loadTreeCmd success: roots=7
[20:35:34.132] [INFO] treeLoadedMsg applied: roots=7 rows=13 loadErr=<nil>
[20:35:43.981] [DEBUG] loadTreeCmd start: cwd=/Users/iv/Developer/relux-proxy remote="" board="" user=""
[20:35:44.065] [INFO] loadTreeCmd success: roots=7
[20:35:44.065] [INFO] treeLoadedMsg applied: roots=7 rows=13 loadErr=<nil>
[20:35:53.982] [DEBUG] loadTreeCmd start: cwd=/Users/iv/Developer/relux-proxy remote="" board="" user=""
[20:35:54.064] [INFO] loadTreeCmd success: roots=7
[20:35:54.064] [INFO] treeLoadedMsg applied: roots=7 rows=13 loadErr=<nil>
[20:36:03.983] [DEBUG] loadTreeCmd start: cwd=/Users/iv/Developer/relux-proxy remote="" board="" user=""
[20:36:04.066] [INFO] loadTreeCmd success: roots=7
[20:36:04.066] [INFO] treeLoadedMsg applied: roots=7 rows=13 loadErr=<nil>
[20:36:13.984] [DEBUG] loadTreeCmd start: cwd=/Users/iv/Developer/relux-proxy remote="" board="" user=""
[20:36:14.068] [INFO] loadTreeCmd success: roots=7
[20:36:14.068] [INFO] treeLoadedMsg applied: roots=7 rows=13 loadErr=<nil>
[20:36:23.984] [DEBUG] loadTreeCmd start: cwd=/Users/iv/Developer/relux-proxy remote="" board="" user=""
[20:36:24.068] [INFO] loadTreeCmd success: roots=7
[20:36:24.068] [INFO] treeLoadedMsg applied: roots=7 rows=13 loadErr=<nil>
[20:36:33.986] [DEBUG] loadTreeCmd start: cwd=/Users/iv/Developer/relux-proxy remote="" board="" user=""
[20:36:34.070] [INFO] loadTreeCmd success: roots=7
[20:36:34.070] [INFO] treeLoadedMsg applied: roots=7 rows=13 loadErr=<nil>
[20:36:43.988] [DEBUG] loadTreeCmd start: cwd=/Users/iv/Developer/relux-proxy remote="" board="" user=""
[20:36:44.077] [INFO] loadTreeCmd success: roots=7
[20:36:44.077] [INFO] treeLoadedMsg applied: roots=7 rows=13 loadErr=<nil>
[20:36:53.990] [DEBUG] loadTreeCmd start: cwd=/Users/iv/Developer/relux-proxy remote="" board="" user=""
[20:36:54.075] [INFO] loadTreeCmd success: roots=7
[20:36:54.075] [INFO] treeLoadedMsg applied: roots=7 rows=13 loadErr=<nil>
[20:37:03.992] [DEBUG] loadTreeCmd start: cwd=/Users/iv/Developer/relux-proxy remote="" board="" user=""
[20:37:04.081] [INFO] loadTreeCmd success: roots=7
[20:37:04.082] [INFO] treeLoadedMsg applied: roots=7 rows=13 loadErr=<nil>
[20:37:13.992] [DEBUG] loadTreeCmd start: cwd=/Users/iv/Developer/relux-proxy remote="" board="" user=""
[20:37:14.079] [INFO] loadTreeCmd success: roots=7
[20:37:14.079] [INFO] treeLoadedMsg applied: roots=7 rows=13 loadErr=<nil>
[20:37:23.993] [DEBUG] loadTreeCmd start: cwd=/Users/iv/Developer/relux-proxy remote="" board="" user=""
[20:37:24.076] [INFO] loadTreeCmd success: roots=7
[20:37:24.076] [INFO] treeLoadedMsg applied: roots=7 rows=13 loadErr=<nil>
[20:37:33.993] [DEBUG] loadTreeCmd start: cwd=/Users/iv/Developer/relux-proxy remote="" board="" user=""
[20:37:34.074] [INFO] loadTreeCmd success: roots=7
[20:37:34.074] [INFO] treeLoadedMsg applied: roots=7 rows=13 loadErr=<nil>
[20:37:43.994] [DEBUG] loadTreeCmd start: cwd=/Users/iv/Developer/relux-proxy remote="" board="" user=""
[20:37:44.080] [INFO] loadTreeCmd success: roots=7
[20:37:44.080] [INFO] treeLoadedMsg applied: roots=7 rows=13 loadErr=<nil>
[20:37:53.997] [DEBUG] loadTreeCmd start: cwd=/Users/iv/Developer/relux-proxy remote="" board="" user=""
[20:37:54.274] [INFO] loadTreeCmd success: roots=7
[20:37:54.274] [INFO] treeLoadedMsg applied: roots=7 rows=13 loadErr=<nil>
[20:38:03.995] [DEBUG] loadTreeCmd start: cwd=/Users/iv/Developer/relux-proxy remote="" board="" user=""
[20:38:04.079] [INFO] loadTreeCmd success: roots=7
[20:38:04.079] [INFO] treeLoadedMsg applied: roots=7 rows=13 loadErr=<nil>
[20:38:13.996] [DEBUG] loadTreeCmd start: cwd=/Users/iv/Developer/relux-proxy remote="" board="" user=""
[20:38:14.080] [INFO] loadTreeCmd success: roots=7
[20:38:14.080] [INFO] treeLoadedMsg applied: roots=7 rows=13 loadErr=<nil>
[20:38:23.997] [DEBUG] loadTreeCmd start: cwd=/Users/iv/Developer/relux-proxy remote="" board="" user=""
[20:38:24.085] [INFO] loadTreeCmd success: roots=7
[20:38:24.085] [INFO] treeLoadedMsg applied: roots=7 rows=13 loadErr=<nil>
[20:38:33.997] [DEBUG] loadTreeCmd start: cwd=/Users/iv/Developer/relux-proxy remote="" board="" user=""
[20:38:34.082] [INFO] loadTreeCmd success: roots=7
[20:38:34.082] [INFO] treeLoadedMsg applied: roots=7 rows=13 loadErr=<nil>
[20:38:43.998] [DEBUG] loadTreeCmd start: cwd=/Users/iv/Developer/relux-proxy remote="" board="" user=""
[20:38:44.082] [INFO] loadTreeCmd success: roots=7
[20:38:44.082] [INFO] treeLoadedMsg applied: roots=7 rows=13 loadErr=<nil>
[20:38:54.000] [DEBUG] loadTreeCmd start: cwd=/Users/iv/Developer/relux-proxy remote="" board="" user=""
[20:38:54.091] [INFO] loadTreeCmd success: roots=7
[20:38:54.091] [INFO] treeLoadedMsg applied: roots=7 rows=13 loadErr=<nil>
[20:39:04.001] [DEBUG] loadTreeCmd start: cwd=/Users/iv/Developer/relux-proxy remote="" board="" user=""
[20:39:04.296] [INFO] loadTreeCmd success: roots=7
[20:39:04.296] [INFO] treeLoadedMsg applied: roots=7 rows=13 loadErr=<nil>
[20:39:14.003] [DEBUG] loadTreeCmd start: cwd=/Users/iv/Developer/relux-proxy remote="" board="" user=""
[20:39:14.297] [INFO] loadTreeCmd success: roots=7
[20:39:14.297] [INFO] treeLoadedMsg applied: roots=7 rows=13 loadErr=<nil>
[20:39:24.004] [DEBUG] loadTreeCmd start: cwd=/Users/iv/Developer/relux-proxy remote="" board="" user=""
[20:39:24.295] [INFO] loadTreeCmd success: roots=7
[20:39:24.295] [INFO] treeLoadedMsg applied: roots=7 rows=13 loadErr=<nil>
[20:39:34.006] [DEBUG] loadTreeCmd start: cwd=/Users/iv/Developer/relux-proxy remote="" board="" user=""
[20:39:34.294] [INFO] loadTreeCmd success: roots=7
[20:39:34.294] [INFO] treeLoadedMsg applied: roots=7 rows=13 loadErr=<nil>
[20:39:43.999] [DEBUG] loadTreeCmd start: cwd=/Users/iv/Developer/relux-proxy remote="" board="" user=""
[20:39:44.291] [INFO] loadTreeCmd success: roots=7
[20:39:44.291] [INFO] treeLoadedMsg applied: roots=7 rows=13 loadErr=<nil>
[20:39:53.993] [DEBUG] loadTreeCmd start: cwd=/Users/iv/Developer/relux-proxy remote="" board="" user=""
[20:39:54.286] [INFO] loadTreeCmd success: roots=7
[20:39:54.286] [INFO] treeLoadedMsg applied: roots=7 rows=13 loadErr=<nil>
[20:40:03.990] [DEBUG] loadTreeCmd start: cwd=/Users/iv/Developer/relux-proxy remote="" board="" user=""
[20:40:04.281] [INFO] loadTreeCmd success: roots=7
[20:40:04.281] [INFO] treeLoadedMsg applied: roots=7 rows=13 loadErr=<nil>
[20:40:13.987] [DEBUG] loadTreeCmd start: cwd=/Users/iv/Developer/relux-proxy remote="" board="" user=""
[20:40:14.277] [INFO] loadTreeCmd success: roots=7
[20:40:14.277] [INFO] treeLoadedMsg applied: roots=7 rows=13 loadErr=<nil>
[20:40:23.986] [DEBUG] loadTreeCmd start: cwd=/Users/iv/Developer/relux-proxy remote="" board="" user=""
[20:40:24.273] [INFO] loadTreeCmd success: roots=7
[20:40:24.273] [INFO] treeLoadedMsg applied: roots=7 rows=13 loadErr=<nil>
[20:40:33.986] [DEBUG] loadTreeCmd start: cwd=/Users/iv/Developer/relux-proxy remote="" board="" user=""
[20:40:34.276] [INFO] loadTreeCmd success: roots=7
[20:40:34.276] [INFO] treeLoadedMsg applied: roots=7 rows=13 loadErr=<nil>
[20:40:43.986] [DEBUG] loadTreeCmd start: cwd=/Users/iv/Developer/relux-proxy remote="" board="" user=""
[20:40:44.276] [INFO] loadTreeCmd success: roots=7
[20:40:44.277] [INFO] treeLoadedMsg applied: roots=7 rows=13 loadErr=<nil>
[20:40:53.986] [DEBUG] loadTreeCmd start: cwd=/Users/iv/Developer/relux-proxy remote="" board="" user=""
[20:40:54.283] [INFO] loadTreeCmd success: roots=7
[20:40:54.283] [INFO] treeLoadedMsg applied: roots=7 rows=13 loadErr=<nil>
[20:41:03.987] [DEBUG] loadTreeCmd start: cwd=/Users/iv/Developer/relux-proxy remote="" board="" user=""
[20:41:04.278] [INFO] loadTreeCmd success: roots=7
[20:41:04.278] [INFO] treeLoadedMsg applied: roots=7 rows=13 loadErr=<nil>
[20:41:13.987] [DEBUG] loadTreeCmd start: cwd=/Users/iv/Developer/relux-proxy remote="" board="" user=""
[20:41:14.281] [INFO] loadTreeCmd success: roots=7
[20:41:14.282] [INFO] treeLoadedMsg applied: roots=7 rows=13 loadErr=<nil>
[20:41:23.988] [DEBUG] loadTreeCmd start: cwd=/Users/iv/Developer/relux-proxy remote="" board="" user=""
[20:41:24.281] [INFO] loadTreeCmd success: roots=7
[20:41:24.281] [INFO] treeLoadedMsg applied: roots=7 rows=13 loadErr=<nil>
[20:41:33.989] [DEBUG] loadTreeCmd start: cwd=/Users/iv/Developer/relux-proxy remote="" board="" user=""
[20:41:34.275] [INFO] loadTreeCmd success: roots=7
[20:41:34.276] [INFO] treeLoadedMsg applied: roots=7 rows=13 loadErr=<nil>
[20:41:43.990] [DEBUG] loadTreeCmd start: cwd=/Users/iv/Developer/relux-proxy remote="" board="" user=""
[20:41:44.280] [INFO] loadTreeCmd success: roots=7
[20:41:44.281] [INFO] treeLoadedMsg applied: roots=7 rows=13 loadErr=<nil>
[20:41:53.992] [DEBUG] loadTreeCmd start: cwd=/Users/iv/Developer/relux-proxy remote="" board="" user=""
[20:41:54.285] [INFO] loadTreeCmd success: roots=7
[20:41:54.285] [INFO] treeLoadedMsg applied: roots=7 rows=13 loadErr=<nil>
[20:42:03.994] [DEBUG] loadTreeCmd start: cwd=/Users/iv/Developer/relux-proxy remote="" board="" user=""
[20:42:04.285] [INFO] loadTreeCmd success: roots=7
[20:42:04.285] [INFO] treeLoadedMsg applied: roots=7 rows=13 loadErr=<nil>
[20:42:13.995] [DEBUG] loadTreeCmd start: cwd=/Users/iv/Developer/relux-proxy remote="" board="" user=""
[20:42:14.288] [INFO] loadTreeCmd success: roots=7
[20:42:14.288] [INFO] treeLoadedMsg applied: roots=7 rows=13 loadErr=<nil>
[20:42:23.998] [DEBUG] loadTreeCmd start: cwd=/Users/iv/Developer/relux-proxy remote="" board="" user=""
[20:42:24.286] [INFO] loadTreeCmd success: roots=7
[20:42:24.287] [INFO] treeLoadedMsg applied: roots=7 rows=13 loadErr=<nil>
[20:42:33.999] [DEBUG] loadTreeCmd start: cwd=/Users/iv/Developer/relux-proxy remote="" board="" user=""
[20:42:34.289] [INFO] loadTreeCmd success: roots=7
[20:42:34.290] [INFO] treeLoadedMsg applied: roots=7 rows=13 loadErr=<nil>
[20:42:44.001] [DEBUG] loadTreeCmd start: cwd=/Users/iv/Developer/relux-proxy remote="" board="" user=""
[20:42:44.296] [INFO] loadTreeCmd success: roots=7
[20:42:44.296] [INFO] treeLoadedMsg applied: roots=7 rows=13 loadErr=<nil>
[20:42:54.001] [DEBUG] loadTreeCmd start: cwd=/Users/iv/Developer/relux-proxy remote="" board="" user=""
[20:42:54.294] [INFO] loadTreeCmd success: roots=7
[20:42:54.294] [INFO] treeLoadedMsg applied: roots=7 rows=13 loadErr=<nil>
[20:43:04.001] [DEBUG] loadTreeCmd start: cwd=/Users/iv/Developer/relux-proxy remote="" board="" user=""
[20:43:04.292] [INFO] loadTreeCmd success: roots=7
[20:43:04.292] [INFO] treeLoadedMsg applied: roots=7 rows=13 loadErr=<nil>
[20:43:14.001] [DEBUG] loadTreeCmd start: cwd=/Users/iv/Developer/relux-proxy remote="" board="" user=""
[20:43:14.292] [INFO] loadTreeCmd success: roots=7
[20:43:14.292] [INFO] treeLoadedMsg applied: roots=7 rows=13 loadErr=<nil>
[20:43:24.001] [DEBUG] loadTreeCmd start: cwd=/Users/iv/Developer/relux-proxy remote="" board="" user=""
[20:43:24.298] [INFO] loadTreeCmd success: roots=7
[20:43:24.298] [INFO] treeLoadedMsg applied: roots=7 rows=13 loadErr=<nil>
[20:43:34.002] [DEBUG] loadTreeCmd start: cwd=/Users/iv/Developer/relux-proxy remote="" board="" user=""
[20:43:34.295] [INFO] loadTreeCmd success: roots=7
[20:43:34.295] [INFO] treeLoadedMsg applied: roots=7 rows=13 loadErr=<nil>
[20:43:44.002] [DEBUG] loadTreeCmd start: cwd=/Users/iv/Developer/relux-proxy remote="" board="" user=""
[20:43:44.315] [INFO] loadTreeCmd success: roots=7
[20:43:44.315] [INFO] treeLoadedMsg applied: roots=7 rows=13 loadErr=<nil>
[20:43:54.003] [DEBUG] loadTreeCmd start: cwd=/Users/iv/Developer/relux-proxy remote="" board="" user=""
[20:43:54.297] [INFO] loadTreeCmd success: roots=7
[20:43:54.297] [INFO] treeLoadedMsg applied: roots=7 rows=13 loadErr=<nil>
[20:44:04.003] [DEBUG] loadTreeCmd start: cwd=/Users/iv/Developer/relux-proxy remote="" board="" user=""
[20:44:04.294] [INFO] loadTreeCmd success: roots=7
[20:44:04.294] [INFO] treeLoadedMsg applied: roots=7 rows=13 loadErr=<nil>
[20:44:14.004] [DEBUG] loadTreeCmd start: cwd=/Users/iv/Developer/relux-proxy remote="" board="" user=""
[20:44:14.294] [INFO] loadTreeCmd success: roots=7
[20:44:14.295] [INFO] treeLoadedMsg applied: roots=7 rows=13 loadErr=<nil>
[20:44:24.004] [DEBUG] loadTreeCmd start: cwd=/Users/iv/Developer/relux-proxy remote="" board="" user=""
[20:44:24.300] [INFO] loadTreeCmd success: roots=7
[20:44:24.300] [INFO] treeLoadedMsg applied: roots=7 rows=13 loadErr=<nil>
[20:44:34.005] [DEBUG] loadTreeCmd start: cwd=/Users/iv/Developer/relux-proxy remote="" board="" user=""
[20:44:34.297] [INFO] loadTreeCmd success: roots=7
[20:44:34.297] [INFO] treeLoadedMsg applied: roots=7 rows=13 loadErr=<nil>
[20:44:44.007] [DEBUG] loadTreeCmd start: cwd=/Users/iv/Developer/relux-proxy remote="" board="" user=""
[20:44:44.317] [INFO] loadTreeCmd success: roots=7
[20:44:44.317] [INFO] treeLoadedMsg applied: roots=7 rows=13 loadErr=<nil>
[20:44:54.008] [DEBUG] loadTreeCmd start: cwd=/Users/iv/Developer/relux-proxy remote="" board="" user=""
[20:44:54.301] [INFO] loadTreeCmd success: roots=7
[20:44:54.301] [INFO] treeLoadedMsg applied: roots=7 rows=13 loadErr=<nil>
[20:45:04.010] [DEBUG] loadTreeCmd start: cwd=/Users/iv/Developer/relux-proxy remote="" board="" user=""
[20:45:04.304] [INFO] loadTreeCmd success: roots=7
[20:45:04.304] [INFO] treeLoadedMsg applied: roots=7 rows=13 loadErr=<nil>
[20:45:14.010] [DEBUG] loadTreeCmd start: cwd=/Users/iv/Developer/relux-proxy remote="" board="" user=""
[20:45:14.307] [INFO] loadTreeCmd success: roots=7
[20:45:14.307] [INFO] treeLoadedMsg applied: roots=7 rows=13 loadErr=<nil>
[20:45:24.013] [DEBUG] loadTreeCmd start: cwd=/Users/iv/Developer/relux-proxy remote="" board="" user=""
[20:45:24.309] [INFO] loadTreeCmd success: roots=7
[20:45:24.309] [INFO] treeLoadedMsg applied: roots=7 rows=13 loadErr=<nil>
[20:45:34.014] [DEBUG] loadTreeCmd start: cwd=/Users/iv/Developer/relux-proxy remote="" board="" user=""
[20:45:34.319] [INFO] loadTreeCmd success: roots=7
[20:45:34.319] [INFO] treeLoadedMsg applied: roots=7 rows=13 loadErr=<nil>
[20:45:44.016] [DEBUG] loadTreeCmd start: cwd=/Users/iv/Developer/relux-proxy remote="" board="" user=""
[20:45:44.392] [INFO] loadTreeCmd success: roots=7
[20:45:44.392] [INFO] treeLoadedMsg applied: roots=7 rows=13 loadErr=<nil>
[20:45:54.018] [DEBUG] loadTreeCmd start: cwd=/Users/iv/Developer/relux-proxy remote="" board="" user=""
[20:45:54.316] [INFO] loadTreeCmd success: roots=7
[20:45:54.317] [INFO] treeLoadedMsg applied: roots=7 rows=13 loadErr=<nil>
[20:46:04.019] [DEBUG] loadTreeCmd start: cwd=/Users/iv/Developer/relux-proxy remote="" board="" user=""
[20:46:04.315] [INFO] loadTreeCmd success: roots=7
[20:46:04.316] [INFO] treeLoadedMsg applied: roots=7 rows=13 loadErr=<nil>
[20:46:14.020] [DEBUG] loadTreeCmd start: cwd=/Users/iv/Developer/relux-proxy remote="" board="" user=""
[20:46:14.318] [INFO] loadTreeCmd success: roots=7
[20:46:14.318] [INFO] treeLoadedMsg applied: roots=7 rows=13 loadErr=<nil>
[20:46:24.020] [DEBUG] loadTreeCmd start: cwd=/Users/iv/Developer/relux-proxy remote="" board="" user=""
[20:46:24.312] [INFO] loadTreeCmd success: roots=7
[20:46:24.312] [INFO] treeLoadedMsg applied: roots=7 rows=13 loadErr=<nil>
[20:46:34.020] [DEBUG] loadTreeCmd start: cwd=/Users/iv/Developer/relux-proxy remote="" board="" user=""
[20:46:34.323] [INFO] loadTreeCmd success: roots=7
[20:46:34.323] [INFO] treeLoadedMsg applied: roots=7 rows=13 loadErr=<nil>
[20:46:44.021] [DEBUG] loadTreeCmd start: cwd=/Users/iv/Developer/relux-proxy remote="" board="" user=""
[20:46:44.314] [INFO] loadTreeCmd success: roots=7
[20:46:44.314] [INFO] treeLoadedMsg applied: roots=7 rows=13 loadErr=<nil>
[20:46:54.021] [DEBUG] loadTreeCmd start: cwd=/Users/iv/Developer/relux-proxy remote="" board="" user=""
[20:46:54.314] [INFO] loadTreeCmd success: roots=7
[20:46:54.314] [INFO] treeLoadedMsg applied: roots=7 rows=13 loadErr=<nil>
[20:47:04.022] [DEBUG] loadTreeCmd start: cwd=/Users/iv/Developer/relux-proxy remote="" board="" user=""
[20:47:04.314] [INFO] loadTreeCmd success: roots=7
[20:47:04.314] [INFO] treeLoadedMsg applied: roots=7 rows=13 loadErr=<nil>
[20:47:14.023] [DEBUG] loadTreeCmd start: cwd=/Users/iv/Developer/relux-proxy remote="" board="" user=""
[20:47:14.323] [INFO] loadTreeCmd success: roots=7
[20:47:14.323] [INFO] treeLoadedMsg applied: roots=7 rows=13 loadErr=<nil>
[20:47:24.024] [DEBUG] loadTreeCmd start: cwd=/Users/iv/Developer/relux-proxy remote="" board="" user=""
[20:47:24.316] [INFO] loadTreeCmd success: roots=7
[20:47:24.316] [INFO] treeLoadedMsg applied: roots=7 rows=13 loadErr=<nil>
[20:47:34.025] [DEBUG] loadTreeCmd start: cwd=/Users/iv/Developer/relux-proxy remote="" board="" user=""
[20:47:34.317] [INFO] loadTreeCmd success: roots=7
[20:47:34.317] [INFO] treeLoadedMsg applied: roots=7 rows=13 loadErr=<nil>
[20:47:44.027] [DEBUG] loadTreeCmd start: cwd=/Users/iv/Developer/relux-proxy remote="" board="" user=""
[20:47:44.320] [INFO] loadTreeCmd success: roots=7
[20:47:44.320] [INFO] treeLoadedMsg applied: roots=7 rows=13 loadErr=<nil>
[20:47:54.029] [DEBUG] loadTreeCmd start: cwd=/Users/iv/Developer/relux-proxy remote="" board="" user=""
[20:47:54.322] [INFO] loadTreeCmd success: roots=7
[20:47:54.322] [INFO] treeLoadedMsg applied: roots=7 rows=13 loadErr=<nil>
[20:48:04.031] [DEBUG] loadTreeCmd start: cwd=/Users/iv/Developer/relux-proxy remote="" board="" user=""
[20:48:04.326] [INFO] loadTreeCmd success: roots=7
[20:48:04.327] [INFO] treeLoadedMsg applied: roots=7 rows=13 loadErr=<nil>
[20:48:14.033] [DEBUG] loadTreeCmd start: cwd=/Users/iv/Developer/relux-proxy remote="" board="" user=""
[20:48:14.328] [INFO] loadTreeCmd success: roots=7
[20:48:14.329] [INFO] treeLoadedMsg applied: roots=7 rows=13 loadErr=<nil>
[20:48:24.035] [DEBUG] loadTreeCmd start: cwd=/Users/iv/Developer/relux-proxy remote="" board="" user=""
[20:48:24.331] [INFO] loadTreeCmd success: roots=7
[20:48:24.331] [INFO] treeLoadedMsg applied: roots=7 rows=13 loadErr=<nil>
[20:48:34.035] [DEBUG] loadTreeCmd start: cwd=/Users/iv/Developer/relux-proxy remote="" board="" user=""
[20:48:34.326] [INFO] loadTreeCmd success: roots=7
[20:48:34.327] [INFO] treeLoadedMsg applied: roots=7 rows=13 loadErr=<nil>
[20:48:44.035] [DEBUG] loadTreeCmd start: cwd=/Users/iv/Developer/relux-proxy remote="" board="" user=""
[20:48:44.330] [INFO] loadTreeCmd success: roots=7
[20:48:44.330] [INFO] treeLoadedMsg applied: roots=7 rows=13 loadErr=<nil>
[20:48:54.035] [DEBUG] loadTreeCmd start: cwd=/Users/iv/Developer/relux-proxy remote="" board="" user=""
[20:48:54.327] [INFO] loadTreeCmd success: roots=7
[20:48:54.327] [INFO] treeLoadedMsg applied: roots=7 rows=13 loadErr=<nil>
[20:49:04.036] [DEBUG] loadTreeCmd start: cwd=/Users/iv/Developer/relux-proxy remote="" board="" user=""
[20:49:04.330] [INFO] loadTreeCmd success: roots=7
[20:49:04.330] [INFO] treeLoadedMsg applied: roots=7 rows=13 loadErr=<nil>
[20:49:14.036] [DEBUG] loadTreeCmd start: cwd=/Users/iv/Developer/relux-proxy remote="" board="" user=""
[20:49:14.329] [INFO] loadTreeCmd success: roots=7
[20:49:14.329] [INFO] treeLoadedMsg applied: roots=7 rows=13 loadErr=<nil>
[20:49:24.036] [DEBUG] loadTreeCmd start: cwd=/Users/iv/Developer/relux-proxy remote="" board="" user=""
[20:49:24.327] [INFO] loadTreeCmd success: roots=7
[20:49:24.328] [INFO] treeLoadedMsg applied: roots=7 rows=13 loadErr=<nil>
[20:49:34.036] [DEBUG] loadTreeCmd start: cwd=/Users/iv/Developer/relux-proxy remote="" board="" user=""
[20:49:34.325] [INFO] loadTreeCmd success: roots=7
[20:49:34.325] [INFO] treeLoadedMsg applied: roots=7 rows=13 loadErr=<nil>
[20:49:44.037] [DEBUG] loadTreeCmd start: cwd=/Users/iv/Developer/relux-proxy remote="" board="" user=""
[20:49:44.328] [INFO] loadTreeCmd success: roots=7
[20:49:44.328] [INFO] treeLoadedMsg applied: roots=7 rows=13 loadErr=<nil>
[20:49:54.037] [DEBUG] loadTreeCmd start: cwd=/Users/iv/Developer/relux-proxy remote="" board="" user=""
[20:49:54.336] [INFO] loadTreeCmd success: roots=7
[20:49:54.336] [INFO] treeLoadedMsg applied: roots=7 rows=13 loadErr=<nil>
[20:50:04.038] [DEBUG] loadTreeCmd start: cwd=/Users/iv/Developer/relux-proxy remote="" board="" user=""
[20:50:04.332] [INFO] loadTreeCmd success: roots=7
[20:50:04.332] [INFO] treeLoadedMsg applied: roots=7 rows=13 loadErr=<nil>
[20:50:14.039] [DEBUG] loadTreeCmd start: cwd=/Users/iv/Developer/relux-proxy remote="" board="" user=""
[20:50:14.331] [INFO] loadTreeCmd success: roots=7
[20:50:14.331] [INFO] treeLoadedMsg applied: roots=7 rows=13 loadErr=<nil>
[20:50:24.040] [DEBUG] loadTreeCmd start: cwd=/Users/iv/Developer/relux-proxy remote="" board="" user=""
[20:50:24.335] [INFO] loadTreeCmd success: roots=7
[20:50:24.335] [INFO] treeLoadedMsg applied: roots=7 rows=13 loadErr=<nil>
[20:50:34.041] [DEBUG] loadTreeCmd start: cwd=/Users/iv/Developer/relux-proxy remote="" board="" user=""
[20:50:34.335] [INFO] loadTreeCmd success: roots=7
[20:50:34.335] [INFO] treeLoadedMsg applied: roots=7 rows=13 loadErr=<nil>
[20:50:44.043] [DEBUG] loadTreeCmd start: cwd=/Users/iv/Developer/relux-proxy remote="" board="" user=""
[20:50:44.436] [INFO] loadTreeCmd success: roots=7
[20:50:44.436] [INFO] treeLoadedMsg applied: roots=7 rows=13 loadErr=<nil>
[20:50:54.044] [DEBUG] loadTreeCmd start: cwd=/Users/iv/Developer/relux-proxy remote="" board="" user=""
[20:50:54.341] [INFO] loadTreeCmd success: roots=7
[20:50:54.341] [INFO] treeLoadedMsg applied: roots=7 rows=13 loadErr=<nil>
[20:51:04.046] [DEBUG] loadTreeCmd start: cwd=/Users/iv/Developer/relux-proxy remote="" board="" user=""
[20:51:04.345] [INFO] loadTreeCmd success: roots=7
[20:51:04.345] [INFO] treeLoadedMsg applied: roots=7 rows=13 loadErr=<nil>
[20:51:14.049] [DEBUG] loadTreeCmd start: cwd=/Users/iv/Developer/relux-proxy remote="" board="" user=""
[20:51:14.417] [INFO] loadTreeCmd success: roots=7
[20:51:14.418] [INFO] treeLoadedMsg applied: roots=7 rows=13 loadErr=<nil>
[20:51:24.050] [DEBUG] loadTreeCmd start: cwd=/Users/iv/Developer/relux-proxy remote="" board="" user=""
[20:51:24.514] [INFO] loadTreeCmd success: roots=7
[20:51:24.514] [INFO] treeLoadedMsg applied: roots=7 rows=13 loadErr=<nil>
[20:51:34.053] [DEBUG] loadTreeCmd start: cwd=/Users/iv/Developer/relux-proxy remote="" board="" user=""
[20:51:34.415] [INFO] loadTreeCmd success: roots=7
[20:51:34.415] [INFO] treeLoadedMsg applied: roots=7 rows=13 loadErr=<nil>
[20:51:44.054] [DEBUG] loadTreeCmd start: cwd=/Users/iv/Developer/relux-proxy remote="" board="" user=""
[20:51:44.368] [INFO] loadTreeCmd success: roots=7
[20:51:44.368] [INFO] treeLoadedMsg applied: roots=7 rows=13 loadErr=<nil>
[20:51:54.054] [DEBUG] loadTreeCmd start: cwd=/Users/iv/Developer/relux-proxy remote="" board="" user=""
[20:51:54.351] [INFO] loadTreeCmd success: roots=7
[20:51:54.351] [INFO] treeLoadedMsg applied: roots=7 rows=13 loadErr=<nil>
[20:52:04.055] [DEBUG] loadTreeCmd start: cwd=/Users/iv/Developer/relux-proxy remote="" board="" user=""
[20:52:04.351] [INFO] loadTreeCmd success: roots=7
[20:52:04.351] [INFO] treeLoadedMsg applied: roots=7 rows=13 loadErr=<nil>
[20:52:14.055] [DEBUG] loadTreeCmd start: cwd=/Users/iv/Developer/relux-proxy remote="" board="" user=""
[20:52:14.351] [INFO] loadTreeCmd success: roots=7
[20:52:14.351] [INFO] treeLoadedMsg applied: roots=7 rows=13 loadErr=<nil>
[20:52:24.056] [DEBUG] loadTreeCmd start: cwd=/Users/iv/Developer/relux-proxy remote="" board="" user=""
[20:52:24.356] [INFO] loadTreeCmd success: roots=7
[20:52:24.356] [INFO] treeLoadedMsg applied: roots=7 rows=13 loadErr=<nil>
[20:52:34.057] [DEBUG] loadTreeCmd start: cwd=/Users/iv/Developer/relux-proxy remote="" board="" user=""
[20:52:34.351] [INFO] loadTreeCmd success: roots=7
[20:52:34.351] [INFO] treeLoadedMsg applied: roots=7 rows=13 loadErr=<nil>
[20:52:44.060] [DEBUG] loadTreeCmd start: cwd=/Users/iv/Developer/relux-proxy remote="" board="" user=""
[20:52:44.419] [INFO] loadTreeCmd success: roots=7
[20:52:44.419] [INFO] treeLoadedMsg applied: roots=7 rows=13 loadErr=<nil>
[20:52:54.062] [DEBUG] loadTreeCmd start: cwd=/Users/iv/Developer/relux-proxy remote="" board="" user=""
[20:52:54.370] [INFO] loadTreeCmd success: roots=7
[20:52:54.374] [INFO] treeLoadedMsg applied: roots=7 rows=13 loadErr=<nil>
[20:53:04.064] [DEBUG] loadTreeCmd start: cwd=/Users/iv/Developer/relux-proxy remote="" board="" user=""
[20:53:04.358] [INFO] loadTreeCmd success: roots=7
[20:53:04.358] [INFO] treeLoadedMsg applied: roots=7 rows=13 loadErr=<nil>
[20:53:14.065] [DEBUG] loadTreeCmd start: cwd=/Users/iv/Developer/relux-proxy remote="" board="" user=""
[20:53:14.358] [INFO] loadTreeCmd success: roots=7
[20:53:14.359] [INFO] treeLoadedMsg applied: roots=7 rows=13 loadErr=<nil>
[20:53:24.067] [DEBUG] loadTreeCmd start: cwd=/Users/iv/Developer/relux-proxy remote="" board="" user=""
[20:53:24.361] [INFO] loadTreeCmd success: roots=7
[20:53:24.361] [INFO] treeLoadedMsg applied: roots=7 rows=13 loadErr=<nil>
[20:53:34.069] [DEBUG] loadTreeCmd start: cwd=/Users/iv/Developer/relux-proxy remote="" board="" user=""
[20:53:34.363] [INFO] loadTreeCmd success: roots=7
[20:53:34.363] [INFO] treeLoadedMsg applied: roots=7 rows=13 loadErr=<nil>
[20:53:44.070] [DEBUG] loadTreeCmd start: cwd=/Users/iv/Developer/relux-proxy remote="" board="" user=""
[20:53:44.376] [INFO] loadTreeCmd success: roots=7
[20:53:44.376] [INFO] treeLoadedMsg applied: roots=7 rows=13 loadErr=<nil>
[20:53:54.070] [DEBUG] loadTreeCmd start: cwd=/Users/iv/Developer/relux-proxy remote="" board="" user=""
[20:53:54.361] [INFO] loadTreeCmd success: roots=7
[20:53:54.362] [INFO] treeLoadedMsg applied: roots=7 rows=13 loadErr=<nil>
[20:54:04.070] [DEBUG] loadTreeCmd start: cwd=/Users/iv/Developer/relux-proxy remote="" board="" user=""
[20:54:04.464] [INFO] loadTreeCmd success: roots=7
[20:54:04.465] [INFO] treeLoadedMsg applied: roots=7 rows=13 loadErr=<nil>
[20:54:14.070] [DEBUG] loadTreeCmd start: cwd=/Users/iv/Developer/relux-proxy remote="" board="" user=""
[20:54:14.363] [INFO] loadTreeCmd success: roots=7
[20:54:14.364] [INFO] treeLoadedMsg applied: roots=7 rows=13 loadErr=<nil>
[20:54:24.071] [DEBUG] loadTreeCmd start: cwd=/Users/iv/Developer/relux-proxy remote="" board="" user=""
[20:54:24.362] [INFO] loadTreeCmd success: roots=7
[20:54:24.362] [INFO] treeLoadedMsg applied: roots=7 rows=13 loadErr=<nil>
[20:54:34.071] [DEBUG] loadTreeCmd start: cwd=/Users/iv/Developer/relux-proxy remote="" board="" user=""
[20:54:34.364] [INFO] loadTreeCmd success: roots=7
[20:54:34.365] [INFO] treeLoadedMsg applied: roots=7 rows=13 loadErr=<nil>
[20:54:44.072] [DEBUG] loadTreeCmd start: cwd=/Users/iv/Developer/relux-proxy remote="" board="" user=""
[20:54:44.363] [INFO] loadTreeCmd success: roots=7
[20:54:44.363] [INFO] treeLoadedMsg applied: roots=7 rows=13 loadErr=<nil>
[20:54:54.073] [DEBUG] loadTreeCmd start: cwd=/Users/iv/Developer/relux-proxy remote="" board="" user=""
[20:54:54.366] [INFO] loadTreeCmd success: roots=7
[20:54:54.366] [INFO] treeLoadedMsg applied: roots=7 rows=13 loadErr=<nil>
[20:55:04.075] [DEBUG] loadTreeCmd start: cwd=/Users/iv/Developer/relux-proxy remote="" board="" user=""
[20:55:04.366] [INFO] loadTreeCmd success: roots=7
[20:55:04.367] [INFO] treeLoadedMsg applied: roots=7 rows=13 loadErr=<nil>
[20:55:14.076] [DEBUG] loadTreeCmd start: cwd=/Users/iv/Developer/relux-proxy remote="" board="" user=""
[20:55:14.370] [INFO] loadTreeCmd success: roots=7
[20:55:14.370] [INFO] treeLoadedMsg applied: roots=7 rows=13 loadErr=<nil>
[20:55:24.078] [DEBUG] loadTreeCmd start: cwd=/Users/iv/Developer/relux-proxy remote="" board="" user=""
[20:55:24.372] [INFO] loadTreeCmd success: roots=7
[20:55:24.372] [INFO] treeLoadedMsg applied: roots=7 rows=13 loadErr=<nil>
[20:55:34.080] [DEBUG] loadTreeCmd start: cwd=/Users/iv/Developer/relux-proxy remote="" board="" user=""
[20:55:34.374] [INFO] loadTreeCmd success: roots=7
[20:55:34.375] [INFO] treeLoadedMsg applied: roots=7 rows=13 loadErr=<nil>
[20:55:44.082] [DEBUG] loadTreeCmd start: cwd=/Users/iv/Developer/relux-proxy remote="" board="" user=""
[20:55:44.370] [INFO] loadTreeCmd success: roots=7
[20:55:44.370] [INFO] treeLoadedMsg applied: roots=7 rows=13 loadErr=<nil>
[20:55:54.083] [DEBUG] loadTreeCmd start: cwd=/Users/iv/Developer/relux-proxy remote="" board="" user=""
[20:55:54.378] [INFO] loadTreeCmd success: roots=7
[20:55:54.378] [INFO] treeLoadedMsg applied: roots=7 rows=13 loadErr=<nil>
[20:56:04.084] [DEBUG] loadTreeCmd start: cwd=/Users/iv/Developer/relux-proxy remote="" board="" user=""
[20:56:04.375] [INFO] loadTreeCmd success: roots=7
[20:56:04.375] [INFO] treeLoadedMsg applied: roots=7 rows=13 loadErr=<nil>
[20:56:14.086] [DEBUG] loadTreeCmd start: cwd=/Users/iv/Developer/relux-proxy remote="" board="" user=""
[20:56:14.375] [INFO] loadTreeCmd success: roots=7
[20:56:14.376] [INFO] treeLoadedMsg applied: roots=7 rows=13 loadErr=<nil>
[20:56:24.086] [DEBUG] loadTreeCmd start: cwd=/Users/iv/Developer/relux-proxy remote="" board="" user=""
[20:56:24.378] [INFO] loadTreeCmd success: roots=7
[20:56:24.378] [INFO] treeLoadedMsg applied: roots=7 rows=13 loadErr=<nil>
[20:56:34.086] [DEBUG] loadTreeCmd start: cwd=/Users/iv/Developer/relux-proxy remote="" board="" user=""
[20:56:34.380] [INFO] loadTreeCmd success: roots=7
[20:56:34.380] [INFO] treeLoadedMsg applied: roots=7 rows=13 loadErr=<nil>
[20:56:44.086] [DEBUG] loadTreeCmd start: cwd=/Users/iv/Developer/relux-proxy remote="" board="" user=""
[20:56:44.374] [INFO] loadTreeCmd success: roots=7
[20:56:44.374] [INFO] treeLoadedMsg applied: roots=7 rows=13 loadErr=<nil>
[20:56:54.086] [DEBUG] loadTreeCmd start: cwd=/Users/iv/Developer/relux-proxy remote="" board="" user=""
[20:56:54.382] [INFO] loadTreeCmd success: roots=7
[20:56:54.382] [INFO] treeLoadedMsg applied: roots=7 rows=13 loadErr=<nil>
[20:57:04.086] [DEBUG] loadTreeCmd start: cwd=/Users/iv/Developer/relux-proxy remote="" board="" user=""
[20:57:04.377] [INFO] loadTreeCmd success: roots=7
[20:57:04.377] [INFO] treeLoadedMsg applied: roots=7 rows=13 loadErr=<nil>
[20:57:14.087] [DEBUG] loadTreeCmd start: cwd=/Users/iv/Developer/relux-proxy remote="" board="" user=""
[20:57:14.381] [INFO] loadTreeCmd success: roots=7
[20:57:14.381] [INFO] treeLoadedMsg applied: roots=7 rows=13 loadErr=<nil>
[20:57:24.087] [DEBUG] loadTreeCmd start: cwd=/Users/iv/Developer/relux-proxy remote="" board="" user=""
[20:57:24.380] [INFO] loadTreeCmd success: roots=7
[20:57:24.380] [INFO] treeLoadedMsg applied: roots=7 rows=13 loadErr=<nil>
[20:57:34.087] [DEBUG] loadTreeCmd start: cwd=/Users/iv/Developer/relux-proxy remote="" board="" user=""
[20:57:34.378] [INFO] loadTreeCmd success: roots=7
[20:57:34.378] [INFO] treeLoadedMsg applied: roots=7 rows=13 loadErr=<nil>
[20:57:44.087] [DEBUG] loadTreeCmd start: cwd=/Users/iv/Developer/relux-proxy remote="" board="" user=""
[20:57:44.379] [INFO] loadTreeCmd success: roots=7
[20:57:44.379] [INFO] treeLoadedMsg applied: roots=7 rows=13 loadErr=<nil>
[20:57:54.088] [DEBUG] loadTreeCmd start: cwd=/Users/iv/Developer/relux-proxy remote="" board="" user=""
[20:57:54.397] [INFO] loadTreeCmd success: roots=7
[20:57:54.399] [INFO] treeLoadedMsg applied: roots=7 rows=13 loadErr=<nil>
[20:58:04.089] [DEBUG] loadTreeCmd start: cwd=/Users/iv/Developer/relux-proxy remote="" board="" user=""
[20:58:04.404] [INFO] loadTreeCmd success: roots=7
[20:58:04.404] [INFO] treeLoadedMsg applied: roots=7 rows=13 loadErr=<nil>
[20:58:14.089] [DEBUG] loadTreeCmd start: cwd=/Users/iv/Developer/relux-proxy remote="" board="" user=""
[20:58:14.404] [INFO] loadTreeCmd success: roots=7
[20:58:14.404] [INFO] treeLoadedMsg applied: roots=7 rows=13 loadErr=<nil>
[20:58:24.094] [DEBUG] loadTreeCmd start: cwd=/Users/iv/Developer/relux-proxy remote="" board="" user=""
[20:58:24.552] [INFO] loadTreeCmd success: roots=7
[20:58:24.553] [INFO] treeLoadedMsg applied: roots=7 rows=13 loadErr=<nil>
[20:58:34.091] [DEBUG] loadTreeCmd start: cwd=/Users/iv/Developer/relux-proxy remote="" board="" user=""
[20:58:34.382] [INFO] loadTreeCmd success: roots=7
[20:58:34.382] [INFO] treeLoadedMsg applied: roots=7 rows=13 loadErr=<nil>
[20:58:44.092] [DEBUG] loadTreeCmd start: cwd=/Users/iv/Developer/relux-proxy remote="" board="" user=""
[20:58:44.407] [INFO] loadTreeCmd success: roots=7
[20:58:44.407] [INFO] treeLoadedMsg applied: roots=7 rows=13 loadErr=<nil>
[20:58:54.093] [DEBUG] loadTreeCmd start: cwd=/Users/iv/Developer/relux-proxy remote="" board="" user=""
[20:58:54.407] [INFO] loadTreeCmd success: roots=7
[20:58:54.407] [INFO] treeLoadedMsg applied: roots=7 rows=13 loadErr=<nil>
[20:59:04.096] [DEBUG] loadTreeCmd start: cwd=/Users/iv/Developer/relux-proxy remote="" board="" user=""
[20:59:04.391] [INFO] loadTreeCmd success: roots=7
[20:59:04.391] [INFO] treeLoadedMsg applied: roots=7 rows=13 loadErr=<nil>
[20:59:14.098] [DEBUG] loadTreeCmd start: cwd=/Users/iv/Developer/relux-proxy remote="" board="" user=""
[20:59:14.391] [INFO] loadTreeCmd success: roots=7
[20:59:14.391] [INFO] treeLoadedMsg applied: roots=7 rows=13 loadErr=<nil>
[20:59:24.098] [DEBUG] loadTreeCmd start: cwd=/Users/iv/Developer/relux-proxy remote="" board="" user=""
[20:59:24.391] [INFO] loadTreeCmd success: roots=7
[20:59:24.391] [INFO] treeLoadedMsg applied: roots=7 rows=13 loadErr=<nil>
[20:59:34.100] [DEBUG] loadTreeCmd start: cwd=/Users/iv/Developer/relux-proxy remote="" board="" user=""
[20:59:34.390] [INFO] loadTreeCmd success: roots=7
[20:59:34.391] [INFO] treeLoadedMsg applied: roots=7 rows=13 loadErr=<nil>
[20:59:44.101] [DEBUG] loadTreeCmd start: cwd=/Users/iv/Developer/relux-proxy remote="" board="" user=""
[20:59:44.390] [INFO] loadTreeCmd success: roots=7
[20:59:44.390] [INFO] treeLoadedMsg applied: roots=7 rows=13 loadErr=<nil>
[20:59:54.103] [DEBUG] loadTreeCmd start: cwd=/Users/iv/Developer/relux-proxy remote="" board="" user=""
[20:59:54.395] [INFO] loadTreeCmd success: roots=7
[20:59:54.395] [INFO] treeLoadedMsg applied: roots=7 rows=13 loadErr=<nil>
[21:00:04.103] [DEBUG] loadTreeCmd start: cwd=/Users/iv/Developer/relux-proxy remote="" board="" user=""
[21:00:04.394] [INFO] loadTreeCmd success: roots=7
[21:00:04.394] [INFO] treeLoadedMsg applied: roots=7 rows=13 loadErr=<nil>
[21:00:14.103] [DEBUG] loadTreeCmd start: cwd=/Users/iv/Developer/relux-proxy remote="" board="" user=""
[21:00:14.392] [INFO] loadTreeCmd success: roots=7
[21:00:14.393] [INFO] treeLoadedMsg applied: roots=7 rows=13 loadErr=<nil>
[21:00:24.103] [DEBUG] loadTreeCmd start: cwd=/Users/iv/Developer/relux-proxy remote="" board="" user=""
[21:00:24.397] [INFO] loadTreeCmd success: roots=7
[21:00:24.397] [INFO] treeLoadedMsg applied: roots=7 rows=13 loadErr=<nil>
[21:00:34.104] [DEBUG] loadTreeCmd start: cwd=/Users/iv/Developer/relux-proxy remote="" board="" user=""
[21:00:34.562] [INFO] loadTreeCmd success: roots=7
[21:00:34.562] [INFO] treeLoadedMsg applied: roots=7 rows=13 loadErr=<nil>
[21:00:44.104] [DEBUG] loadTreeCmd start: cwd=/Users/iv/Developer/relux-proxy remote="" board="" user=""
[21:00:44.398] [INFO] loadTreeCmd success: roots=7
[21:00:44.398] [INFO] treeLoadedMsg applied: roots=7 rows=13 loadErr=<nil>
[21:00:54.104] [DEBUG] loadTreeCmd start: cwd=/Users/iv/Developer/relux-proxy remote="" board="" user=""
[21:00:54.397] [INFO] loadTreeCmd success: roots=7
[21:00:54.397] [INFO] treeLoadedMsg applied: roots=7 rows=13 loadErr=<nil>
[21:01:04.104] [DEBUG] loadTreeCmd start: cwd=/Users/iv/Developer/relux-proxy remote="" board="" user=""
[21:01:04.395] [INFO] loadTreeCmd success: roots=7
[21:01:04.395] [INFO] treeLoadedMsg applied: roots=7 rows=13 loadErr=<nil>
[21:01:14.104] [DEBUG] loadTreeCmd start: cwd=/Users/iv/Developer/relux-proxy remote="" board="" user=""
[21:01:14.391] [INFO] loadTreeCmd success: roots=7
[21:01:14.391] [INFO] treeLoadedMsg applied: roots=7 rows=13 loadErr=<nil>
[21:01:24.105] [DEBUG] loadTreeCmd start: cwd=/Users/iv/Developer/relux-proxy remote="" board="" user=""
[21:01:24.392] [INFO] loadTreeCmd success: roots=7
[21:01:24.392] [INFO] treeLoadedMsg applied: roots=7 rows=13 loadErr=<nil>
[21:01:34.105] [DEBUG] loadTreeCmd start: cwd=/Users/iv/Developer/relux-proxy remote="" board="" user=""
[21:01:34.399] [INFO] loadTreeCmd success: roots=7
[21:01:34.399] [INFO] treeLoadedMsg applied: roots=7 rows=13 loadErr=<nil>
[21:01:44.106] [DEBUG] loadTreeCmd start: cwd=/Users/iv/Developer/relux-proxy remote="" board="" user=""
[21:01:44.402] [INFO] loadTreeCmd success: roots=7
[21:01:44.403] [INFO] treeLoadedMsg applied: roots=7 rows=13 loadErr=<nil>
[21:01:54.106] [DEBUG] loadTreeCmd start: cwd=/Users/iv/Developer/relux-proxy remote="" board="" user=""
[21:01:54.399] [INFO] loadTreeCmd success: roots=7
[21:01:54.399] [INFO] treeLoadedMsg applied: roots=7 rows=13 loadErr=<nil>
[21:02:04.107] [DEBUG] loadTreeCmd start: cwd=/Users/iv/Developer/relux-proxy remote="" board="" user=""
[21:02:04.404] [INFO] loadTreeCmd success: roots=7
[21:02:04.405] [INFO] treeLoadedMsg applied: roots=7 rows=13 loadErr=<nil>
[21:02:14.108] [DEBUG] loadTreeCmd start: cwd=/Users/iv/Developer/relux-proxy remote="" board="" user=""
[21:02:14.480] [INFO] loadTreeCmd success: roots=7
[21:02:14.481] [INFO] treeLoadedMsg applied: roots=7 rows=13 loadErr=<nil>
[21:02:24.109] [DEBUG] loadTreeCmd start: cwd=/Users/iv/Developer/relux-proxy remote="" board="" user=""
[21:02:24.402] [INFO] loadTreeCmd success: roots=7
[21:02:24.402] [INFO] treeLoadedMsg applied: roots=7 rows=13 loadErr=<nil>
[21:02:34.110] [DEBUG] loadTreeCmd start: cwd=/Users/iv/Developer/relux-proxy remote="" board="" user=""
[21:02:34.420] [INFO] loadTreeCmd success: roots=7
[21:02:34.421] [INFO] treeLoadedMsg applied: roots=7 rows=13 loadErr=<nil>
[21:02:44.112] [DEBUG] loadTreeCmd start: cwd=/Users/iv/Developer/relux-proxy remote="" board="" user=""
[21:02:44.451] [INFO] loadTreeCmd success: roots=7
[21:02:44.451] [INFO] treeLoadedMsg applied: roots=7 rows=13 loadErr=<nil>
[21:02:54.113] [DEBUG] loadTreeCmd start: cwd=/Users/iv/Developer/relux-proxy remote="" board="" user=""
[21:02:54.407] [INFO] loadTreeCmd success: roots=7
[21:02:54.408] [INFO] treeLoadedMsg applied: roots=7 rows=13 loadErr=<nil>
[21:03:04.115] [DEBUG] loadTreeCmd start: cwd=/Users/iv/Developer/relux-proxy remote="" board="" user=""
[21:03:04.403] [INFO] loadTreeCmd success: roots=7
[21:03:04.403] [INFO] treeLoadedMsg applied: roots=7 rows=13 loadErr=<nil>
[21:03:14.116] [DEBUG] loadTreeCmd start: cwd=/Users/iv/Developer/relux-proxy remote="" board="" user=""
[21:03:14.408] [INFO] loadTreeCmd success: roots=7
[21:03:14.408] [INFO] treeLoadedMsg applied: roots=7 rows=13 loadErr=<nil>
[21:03:24.118] [DEBUG] loadTreeCmd start: cwd=/Users/iv/Developer/relux-proxy remote="" board="" user=""
[21:03:24.407] [INFO] loadTreeCmd success: roots=7
[21:03:24.407] [INFO] treeLoadedMsg applied: roots=7 rows=13 loadErr=<nil>
[21:03:34.120] [DEBUG] loadTreeCmd start: cwd=/Users/iv/Developer/relux-proxy remote="" board="" user=""
[21:03:34.407] [INFO] loadTreeCmd success: roots=7
[21:03:34.408] [INFO] treeLoadedMsg applied: roots=7 rows=13 loadErr=<nil>
[21:03:44.120] [DEBUG] loadTreeCmd start: cwd=/Users/iv/Developer/relux-proxy remote="" board="" user=""
[21:03:44.412] [INFO] loadTreeCmd success: roots=7
[21:03:44.412] [INFO] treeLoadedMsg applied: roots=7 rows=13 loadErr=<nil>
[21:03:54.120] [DEBUG] loadTreeCmd start: cwd=/Users/iv/Developer/relux-proxy remote="" board="" user=""
[21:03:54.413] [INFO] loadTreeCmd success: roots=7
[21:03:54.413] [INFO] treeLoadedMsg applied: roots=7 rows=13 loadErr=<nil>
[21:04:04.121] [DEBUG] loadTreeCmd start: cwd=/Users/iv/Developer/relux-proxy remote="" board="" user=""
[21:04:04.412] [INFO] loadTreeCmd success: roots=7
[21:04:04.412] [INFO] treeLoadedMsg applied: roots=7 rows=13 loadErr=<nil>
[21:04:14.121] [DEBUG] loadTreeCmd start: cwd=/Users/iv/Developer/relux-proxy remote="" board="" user=""
[21:04:14.413] [INFO] loadTreeCmd success: roots=7
[21:04:14.413] [INFO] treeLoadedMsg applied: roots=7 rows=13 loadErr=<nil>
[21:04:24.122] [DEBUG] loadTreeCmd start: cwd=/Users/iv/Developer/relux-proxy remote="" board="" user=""
[21:04:24.431] [INFO] loadTreeCmd success: roots=7
[21:04:24.431] [INFO] treeLoadedMsg applied: roots=7 rows=13 loadErr=<nil>
[21:04:34.123] [DEBUG] loadTreeCmd start: cwd=/Users/iv/Developer/relux-proxy remote="" board="" user=""
[21:04:34.417] [INFO] loadTreeCmd success: roots=7
[21:04:34.418] [INFO] treeLoadedMsg applied: roots=7 rows=13 loadErr=<nil>
[21:04:44.123] [DEBUG] loadTreeCmd start: cwd=/Users/iv/Developer/relux-proxy remote="" board="" user=""
[21:04:44.486] [INFO] loadTreeCmd success: roots=7
[21:04:44.486] [INFO] treeLoadedMsg applied: roots=7 rows=13 loadErr=<nil>
[21:04:54.125] [DEBUG] loadTreeCmd start: cwd=/Users/iv/Developer/relux-proxy remote="" board="" user=""
[21:04:54.421] [INFO] loadTreeCmd success: roots=7
[21:04:54.422] [INFO] treeLoadedMsg applied: roots=7 rows=13 loadErr=<nil>
[21:05:04.125] [DEBUG] loadTreeCmd start: cwd=/Users/iv/Developer/relux-proxy remote="" board="" user=""
[21:05:04.417] [INFO] loadTreeCmd success: roots=7
[21:05:04.417] [INFO] treeLoadedMsg applied: roots=7 rows=13 loadErr=<nil>
[21:05:14.126] [DEBUG] loadTreeCmd start: cwd=/Users/iv/Developer/relux-proxy remote="" board="" user=""
[21:05:14.416] [INFO] loadTreeCmd success: roots=7
[21:05:14.417] [INFO] treeLoadedMsg applied: roots=7 rows=13 loadErr=<nil>
[21:05:24.127] [DEBUG] loadTreeCmd start: cwd=/Users/iv/Developer/relux-proxy remote="" board="" user=""
[21:05:24.421] [INFO] loadTreeCmd success: roots=7
[21:05:24.421] [INFO] treeLoadedMsg applied: roots=7 rows=13 loadErr=<nil>
[21:05:34.128] [DEBUG] loadTreeCmd start: cwd=/Users/iv/Developer/relux-proxy remote="" board="" user=""
[21:05:34.422] [INFO] loadTreeCmd success: roots=7
[21:05:34.423] [INFO] treeLoadedMsg applied: roots=7 rows=13 loadErr=<nil>
[21:05:44.131] [DEBUG] loadTreeCmd start: cwd=/Users/iv/Developer/relux-proxy remote="" board="" user=""
[21:05:44.424] [INFO] loadTreeCmd success: roots=7
[21:05:44.424] [INFO] treeLoadedMsg applied: roots=7 rows=13 loadErr=<nil>
[21:05:54.131] [DEBUG] loadTreeCmd start: cwd=/Users/iv/Developer/relux-proxy remote="" board="" user=""
[21:05:54.422] [INFO] loadTreeCmd success: roots=7
[21:05:54.423] [INFO] treeLoadedMsg applied: roots=7 rows=13 loadErr=<nil>
[21:06:04.133] [DEBUG] loadTreeCmd start: cwd=/Users/iv/Developer/relux-proxy remote="" board="" user=""
[21:06:04.426] [INFO] loadTreeCmd success: roots=7
[21:06:04.426] [INFO] treeLoadedMsg applied: roots=7 rows=13 loadErr=<nil>
[21:06:14.134] [DEBUG] loadTreeCmd start: cwd=/Users/iv/Developer/relux-proxy remote="" board="" user=""
[21:06:14.428] [INFO] loadTreeCmd success: roots=7
[21:06:14.428] [INFO] treeLoadedMsg applied: roots=7 rows=13 loadErr=<nil>
[21:06:24.135] [DEBUG] loadTreeCmd start: cwd=/Users/iv/Developer/relux-proxy remote="" board="" user=""
[21:06:24.426] [INFO] loadTreeCmd success: roots=7
[21:06:24.427] [INFO] treeLoadedMsg applied: roots=7 rows=13 loadErr=<nil>
[21:06:34.135] [DEBUG] loadTreeCmd start: cwd=/Users/iv/Developer/relux-proxy remote="" board="" user=""
[21:06:34.426] [INFO] loadTreeCmd success: roots=7
[21:06:34.426] [INFO] treeLoadedMsg applied: roots=7 rows=13 loadErr=<nil>
[21:06:44.136] [DEBUG] loadTreeCmd start: cwd=/Users/iv/Developer/relux-proxy remote="" board="" user=""
[21:06:44.426] [INFO] loadTreeCmd success: roots=7
[21:06:44.426] [INFO] treeLoadedMsg applied: roots=7 rows=13 loadErr=<nil>
[21:06:54.138] [DEBUG] loadTreeCmd start: cwd=/Users/iv/Developer/relux-proxy remote="" board="" user=""
[21:06:54.429] [INFO] loadTreeCmd success: roots=7
[21:06:54.429] [INFO] treeLoadedMsg applied: roots=7 rows=13 loadErr=<nil>
[21:07:04.137] [DEBUG] loadTreeCmd start: cwd=/Users/iv/Developer/relux-proxy remote="" board="" user=""
[21:07:04.427] [INFO] loadTreeCmd success: roots=7
[21:07:04.427] [INFO] treeLoadedMsg applied: roots=7 rows=13 loadErr=<nil>
[21:07:14.137] [DEBUG] loadTreeCmd start: cwd=/Users/iv/Developer/relux-proxy remote="" board="" user=""
[21:07:14.430] [INFO] loadTreeCmd success: roots=7
[21:07:14.431] [INFO] treeLoadedMsg applied: roots=7 rows=13 loadErr=<nil>
[21:07:24.138] [DEBUG] loadTreeCmd start: cwd=/Users/iv/Developer/relux-proxy remote="" board="" user=""
[21:07:24.431] [INFO] loadTreeCmd success: roots=7
[21:07:24.431] [INFO] treeLoadedMsg applied: roots=7 rows=13 loadErr=<nil>
[21:07:34.138] [DEBUG] loadTreeCmd start: cwd=/Users/iv/Developer/relux-proxy remote="" board="" user=""
[21:07:34.433] [INFO] loadTreeCmd success: roots=7
[21:07:34.434] [INFO] treeLoadedMsg applied: roots=7 rows=13 loadErr=<nil>
[21:07:44.138] [DEBUG] loadTreeCmd start: cwd=/Users/iv/Developer/relux-proxy remote="" board="" user=""
[21:07:44.436] [INFO] loadTreeCmd success: roots=7
[21:07:44.436] [INFO] treeLoadedMsg applied: roots=7 rows=13 loadErr=<nil>
[21:07:54.139] [DEBUG] loadTreeCmd start: cwd=/Users/iv/Developer/relux-proxy remote="" board="" user=""
[21:07:54.437] [INFO] loadTreeCmd success: roots=7
[21:07:54.437] [INFO] treeLoadedMsg applied: roots=7 rows=13 loadErr=<nil>
[21:08:04.139] [DEBUG] loadTreeCmd start: cwd=/Users/iv/Developer/relux-proxy remote="" board="" user=""
[21:08:04.435] [INFO] loadTreeCmd success: roots=7
[21:08:04.435] [INFO] treeLoadedMsg applied: roots=7 rows=13 loadErr=<nil>
[21:08:14.140] [DEBUG] loadTreeCmd start: cwd=/Users/iv/Developer/relux-proxy remote="" board="" user=""
[21:08:14.436] [INFO] loadTreeCmd success: roots=7
[21:08:14.437] [INFO] treeLoadedMsg applied: roots=7 rows=13 loadErr=<nil>
[21:08:24.141] [DEBUG] loadTreeCmd start: cwd=/Users/iv/Developer/relux-proxy remote="" board="" user=""
[21:08:24.436] [INFO] loadTreeCmd success: roots=7
[21:08:24.436] [INFO] treeLoadedMsg applied: roots=7 rows=13 loadErr=<nil>
[21:08:34.142] [DEBUG] loadTreeCmd start: cwd=/Users/iv/Developer/relux-proxy remote="" board="" user=""
[21:08:34.442] [INFO] loadTreeCmd success: roots=7
[21:08:34.442] [INFO] treeLoadedMsg applied: roots=7 rows=13 loadErr=<nil>
[21:08:44.143] [DEBUG] loadTreeCmd start: cwd=/Users/iv/Developer/relux-proxy remote="" board="" user=""
[21:08:44.440] [INFO] loadTreeCmd success: roots=7
[21:08:44.440] [INFO] treeLoadedMsg applied: roots=7 rows=13 loadErr=<nil>
[21:08:54.144] [DEBUG] loadTreeCmd start: cwd=/Users/iv/Developer/relux-proxy remote="" board="" user=""
[21:08:54.437] [INFO] loadTreeCmd success: roots=7
[21:08:54.437] [INFO] treeLoadedMsg applied: roots=7 rows=13 loadErr=<nil>
[21:09:04.145] [DEBUG] loadTreeCmd start: cwd=/Users/iv/Developer/relux-proxy remote="" board="" user=""
[21:09:04.436] [INFO] loadTreeCmd success: roots=7
[21:09:04.436] [INFO] treeLoadedMsg applied: roots=7 rows=13 loadErr=<nil>
[21:09:14.145] [DEBUG] loadTreeCmd start: cwd=/Users/iv/Developer/relux-proxy remote="" board="" user=""
[21:09:14.439] [INFO] loadTreeCmd success: roots=7
[21:09:14.439] [INFO] treeLoadedMsg applied: roots=7 rows=13 loadErr=<nil>
[21:09:24.147] [DEBUG] loadTreeCmd start: cwd=/Users/iv/Developer/relux-proxy remote="" board="" user=""
[21:09:24.443] [INFO] loadTreeCmd success: roots=7
[21:09:24.443] [INFO] treeLoadedMsg applied: roots=7 rows=13 loadErr=<nil>
[21:09:34.149] [DEBUG] loadTreeCmd start: cwd=/Users/iv/Developer/relux-proxy remote="" board="" user=""
[21:09:34.538] [INFO] loadTreeCmd success: roots=7
[21:09:34.538] [INFO] treeLoadedMsg applied: roots=7 rows=13 loadErr=<nil>
[21:09:44.151] [DEBUG] loadTreeCmd start: cwd=/Users/iv/Developer/relux-proxy remote="" board="" user=""
[21:09:44.448] [INFO] loadTreeCmd success: roots=7
[21:09:44.448] [INFO] treeLoadedMsg applied: roots=7 rows=13 loadErr=<nil>
[21:09:54.152] [DEBUG] loadTreeCmd start: cwd=/Users/iv/Developer/relux-proxy remote="" board="" user=""
[21:09:54.448] [INFO] loadTreeCmd success: roots=7
[21:09:54.448] [INFO] treeLoadedMsg applied: roots=7 rows=13 loadErr=<nil>
[21:10:04.154] [DEBUG] loadTreeCmd start: cwd=/Users/iv/Developer/relux-proxy remote="" board="" user=""
[21:10:04.446] [INFO] loadTreeCmd success: roots=7
[21:10:04.446] [INFO] treeLoadedMsg applied: roots=7 rows=13 loadErr=<nil>
[21:10:14.154] [DEBUG] loadTreeCmd start: cwd=/Users/iv/Developer/relux-proxy remote="" board="" user=""
[21:10:14.447] [INFO] loadTreeCmd success: roots=7
[21:10:14.447] [INFO] treeLoadedMsg applied: roots=7 rows=13 loadErr=<nil>
[21:10:24.154] [DEBUG] loadTreeCmd start: cwd=/Users/iv/Developer/relux-proxy remote="" board="" user=""
[21:10:24.444] [INFO] loadTreeCmd success: roots=7
[21:10:24.444] [INFO] treeLoadedMsg applied: roots=7 rows=13 loadErr=<nil>
[21:10:34.154] [DEBUG] loadTreeCmd start: cwd=/Users/iv/Developer/relux-proxy remote="" board="" user=""
[21:10:34.448] [INFO] loadTreeCmd success: roots=7
[21:10:34.449] [INFO] treeLoadedMsg applied: roots=7 rows=13 loadErr=<nil>
[21:10:44.154] [DEBUG] loadTreeCmd start: cwd=/Users/iv/Developer/relux-proxy remote="" board="" user=""
[21:10:44.446] [INFO] loadTreeCmd success: roots=7
[21:10:44.446] [INFO] treeLoadedMsg applied: roots=7 rows=13 loadErr=<nil>
[21:10:54.155] [DEBUG] loadTreeCmd start: cwd=/Users/iv/Developer/relux-proxy remote="" board="" user=""
[21:10:54.501] [INFO] loadTreeCmd success: roots=7
[21:10:54.502] [INFO] treeLoadedMsg applied: roots=7 rows=13 loadErr=<nil>
[21:11:04.155] [DEBUG] loadTreeCmd start: cwd=/Users/iv/Developer/relux-proxy remote="" board="" user=""
[21:11:04.455] [INFO] loadTreeCmd success: roots=7
[21:11:04.455] [INFO] treeLoadedMsg applied: roots=7 rows=13 loadErr=<nil>
[21:11:14.155] [DEBUG] loadTreeCmd start: cwd=/Users/iv/Developer/relux-proxy remote="" board="" user=""
[21:11:14.532] [INFO] loadTreeCmd success: roots=7
[21:11:14.533] [INFO] treeLoadedMsg applied: roots=7 rows=13 loadErr=<nil>
[21:11:24.155] [DEBUG] loadTreeCmd start: cwd=/Users/iv/Developer/relux-proxy remote="" board="" user=""
[21:11:24.467] [INFO] loadTreeCmd success: roots=7
[21:11:24.467] [INFO] treeLoadedMsg applied: roots=7 rows=13 loadErr=<nil>
[21:11:34.156] [DEBUG] loadTreeCmd start: cwd=/Users/iv/Developer/relux-proxy remote="" board="" user=""
[21:11:34.452] [INFO] loadTreeCmd success: roots=7
[21:11:34.452] [INFO] treeLoadedMsg applied: roots=7 rows=13 loadErr=<nil>
[21:11:44.157] [DEBUG] loadTreeCmd start: cwd=/Users/iv/Developer/relux-proxy remote="" board="" user=""
[21:11:44.457] [INFO] loadTreeCmd success: roots=7
[21:11:44.457] [INFO] treeLoadedMsg applied: roots=7 rows=13 loadErr=<nil>
[21:11:54.157] [DEBUG] loadTreeCmd start: cwd=/Users/iv/Developer/relux-proxy remote="" board="" user=""
[21:11:54.451] [INFO] loadTreeCmd success: roots=7
[21:11:54.451] [INFO] treeLoadedMsg applied: roots=7 rows=13 loadErr=<nil>
[21:12:04.158] [DEBUG] loadTreeCmd start: cwd=/Users/iv/Developer/relux-proxy remote="" board="" user=""
[21:12:04.452] [INFO] loadTreeCmd success: roots=7
[21:12:04.453] [INFO] treeLoadedMsg applied: roots=7 rows=13 loadErr=<nil>
[21:12:14.158] [DEBUG] loadTreeCmd start: cwd=/Users/iv/Developer/relux-proxy remote="" board="" user=""
[21:12:14.453] [INFO] loadTreeCmd success: roots=7
[21:12:14.453] [INFO] treeLoadedMsg applied: roots=7 rows=13 loadErr=<nil>
[21:12:24.160] [DEBUG] loadTreeCmd start: cwd=/Users/iv/Developer/relux-proxy remote="" board="" user=""
[21:12:24.459] [INFO] loadTreeCmd success: roots=7
[21:12:24.459] [INFO] treeLoadedMsg applied: roots=7 rows=13 loadErr=<nil>
[21:12:34.161] [DEBUG] loadTreeCmd start: cwd=/Users/iv/Developer/relux-proxy remote="" board="" user=""
[21:12:34.466] [INFO] loadTreeCmd success: roots=7
[21:12:34.466] [INFO] treeLoadedMsg applied: roots=7 rows=13 loadErr=<nil>
[21:12:44.163] [DEBUG] loadTreeCmd start: cwd=/Users/iv/Developer/relux-proxy remote="" board="" user=""
[21:12:44.459] [INFO] loadTreeCmd success: roots=7
[21:12:44.459] [INFO] treeLoadedMsg applied: roots=7 rows=13 loadErr=<nil>
[21:12:54.165] [DEBUG] loadTreeCmd start: cwd=/Users/iv/Developer/relux-proxy remote="" board="" user=""
[21:12:54.464] [INFO] loadTreeCmd success: roots=7
[21:12:54.464] [INFO] treeLoadedMsg applied: roots=7 rows=13 loadErr=<nil>
[21:13:04.167] [DEBUG] loadTreeCmd start: cwd=/Users/iv/Developer/relux-proxy remote="" board="" user=""
[21:13:04.463] [INFO] loadTreeCmd success: roots=7
[21:13:04.464] [INFO] treeLoadedMsg applied: roots=7 rows=13 loadErr=<nil>
[21:13:14.169] [DEBUG] loadTreeCmd start: cwd=/Users/iv/Developer/relux-proxy remote="" board="" user=""
[21:13:14.461] [INFO] loadTreeCmd success: roots=7
[21:13:14.461] [INFO] treeLoadedMsg applied: roots=7 rows=13 loadErr=<nil>
[21:13:24.173] [DEBUG] loadTreeCmd start: cwd=/Users/iv/Developer/relux-proxy remote="" board="" user=""
[21:13:24.683] [INFO] loadTreeCmd success: roots=7
[21:13:24.683] [INFO] treeLoadedMsg applied: roots=7 rows=13 loadErr=<nil>
[21:13:34.174] [DEBUG] loadTreeCmd start: cwd=/Users/iv/Developer/relux-proxy remote="" board="" user=""
[21:13:34.528] [INFO] loadTreeCmd success: roots=7
[21:13:34.529] [INFO] treeLoadedMsg applied: roots=7 rows=13 loadErr=<nil>
[21:13:44.175] [DEBUG] loadTreeCmd start: cwd=/Users/iv/Developer/relux-proxy remote="" board="" user=""
[21:13:44.471] [INFO] loadTreeCmd success: roots=7
[21:13:44.471] [INFO] treeLoadedMsg applied: roots=7 rows=13 loadErr=<nil>
[21:13:54.175] [DEBUG] loadTreeCmd start: cwd=/Users/iv/Developer/relux-proxy remote="" board="" user=""
[21:13:54.470] [INFO] loadTreeCmd success: roots=7
[21:13:54.470] [INFO] treeLoadedMsg applied: roots=7 rows=13 loadErr=<nil>
[21:14:04.176] [DEBUG] loadTreeCmd start: cwd=/Users/iv/Developer/relux-proxy remote="" board="" user=""
[21:14:04.562] [INFO] loadTreeCmd success: roots=7
[21:14:04.563] [INFO] treeLoadedMsg applied: roots=7 rows=13 loadErr=<nil>
[21:14:14.178] [DEBUG] loadTreeCmd start: cwd=/Users/iv/Developer/relux-proxy remote="" board="" user=""
[21:14:14.480] [INFO] loadTreeCmd success: roots=7
[21:14:14.480] [INFO] treeLoadedMsg applied: roots=7 rows=13 loadErr=<nil>
[21:14:24.178] [DEBUG] loadTreeCmd start: cwd=/Users/iv/Developer/relux-proxy remote="" board="" user=""
[21:14:24.475] [INFO] loadTreeCmd success: roots=7
[21:14:24.476] [INFO] treeLoadedMsg applied: roots=7 rows=13 loadErr=<nil>
[21:14:34.180] [DEBUG] loadTreeCmd start: cwd=/Users/iv/Developer/relux-proxy remote="" board="" user=""
[21:14:34.478] [INFO] loadTreeCmd success: roots=7
[21:14:34.478] [INFO] treeLoadedMsg applied: roots=7 rows=13 loadErr=<nil>
[21:14:44.181] [DEBUG] loadTreeCmd start: cwd=/Users/iv/Developer/relux-proxy remote="" board="" user=""
[21:14:44.476] [INFO] loadTreeCmd success: roots=7
[21:14:44.476] [INFO] treeLoadedMsg applied: roots=7 rows=13 loadErr=<nil>
[21:14:54.183] [DEBUG] loadTreeCmd start: cwd=/Users/iv/Developer/relux-proxy remote="" board="" user=""
[21:14:54.482] [INFO] loadTreeCmd success: roots=7
[21:14:54.483] [INFO] treeLoadedMsg applied: roots=7 rows=13 loadErr=<nil>
[21:15:04.185] [DEBUG] loadTreeCmd start: cwd=/Users/iv/Developer/relux-proxy remote="" board="" user=""
[21:15:04.480] [INFO] loadTreeCmd success: roots=7
[21:15:04.480] [INFO] treeLoadedMsg applied: roots=7 rows=13 loadErr=<nil>
[21:15:14.187] [DEBUG] loadTreeCmd start: cwd=/Users/iv/Developer/relux-proxy remote="" board="" user=""
[21:15:14.481] [INFO] loadTreeCmd success: roots=7
[21:15:14.481] [INFO] treeLoadedMsg applied: roots=7 rows=13 loadErr=<nil>
[21:15:24.188] [DEBUG] loadTreeCmd start: cwd=/Users/iv/Developer/relux-proxy remote="" board="" user=""
[21:15:24.478] [INFO] loadTreeCmd success: roots=7
[21:15:24.478] [INFO] treeLoadedMsg applied: roots=7 rows=13 loadErr=<nil>
[21:15:34.189] [DEBUG] loadTreeCmd start: cwd=/Users/iv/Developer/relux-proxy remote="" board="" user=""
[21:15:34.483] [INFO] loadTreeCmd success: roots=7
[21:15:34.483] [INFO] treeLoadedMsg applied: roots=7 rows=13 loadErr=<nil>
[21:15:44.189] [DEBUG] loadTreeCmd start: cwd=/Users/iv/Developer/relux-proxy remote="" board="" user=""
[21:15:44.484] [INFO] loadTreeCmd success: roots=7
[21:15:44.484] [INFO] treeLoadedMsg applied: roots=7 rows=13 loadErr=<nil>
[21:15:54.189] [DEBUG] loadTreeCmd start: cwd=/Users/iv/Developer/relux-proxy remote="" board="" user=""
[21:15:54.636] [INFO] loadTreeCmd success: roots=7
[21:15:54.636] [INFO] treeLoadedMsg applied: roots=7 rows=13 loadErr=<nil>
[21:16:04.189] [DEBUG] loadTreeCmd start: cwd=/Users/iv/Developer/relux-proxy remote="" board="" user=""
[21:16:04.491] [INFO] loadTreeCmd success: roots=7
[21:16:04.491] [INFO] treeLoadedMsg applied: roots=7 rows=13 loadErr=<nil>
[21:16:14.190] [DEBUG] loadTreeCmd start: cwd=/Users/iv/Developer/relux-proxy remote="" board="" user=""
[21:16:14.642] [INFO] loadTreeCmd success: roots=7
[21:16:14.642] [INFO] treeLoadedMsg applied: roots=7 rows=13 loadErr=<nil>
[21:16:24.190] [DEBUG] loadTreeCmd start: cwd=/Users/iv/Developer/relux-proxy remote="" board="" user=""
[21:16:24.522] [INFO] loadTreeCmd success: roots=7
[21:16:24.523] [INFO] treeLoadedMsg applied: roots=7 rows=13 loadErr=<nil>
[21:16:34.191] [DEBUG] loadTreeCmd start: cwd=/Users/iv/Developer/relux-proxy remote="" board="" user=""
[21:16:34.525] [INFO] loadTreeCmd success: roots=7
[21:16:34.525] [INFO] treeLoadedMsg applied: roots=7 rows=13 loadErr=<nil>
[21:16:44.192] [DEBUG] loadTreeCmd start: cwd=/Users/iv/Developer/relux-proxy remote="" board="" user=""
[21:16:44.484] [INFO] loadTreeCmd success: roots=7
[21:16:44.484] [INFO] treeLoadedMsg applied: roots=7 rows=13 loadErr=<nil>
[21:16:54.193] [DEBUG] loadTreeCmd start: cwd=/Users/iv/Developer/relux-proxy remote="" board="" user=""
[21:16:54.487] [INFO] loadTreeCmd success: roots=7
[21:16:54.487] [INFO] treeLoadedMsg applied: roots=7 rows=13 loadErr=<nil>
[21:17:04.194] [DEBUG] loadTreeCmd start: cwd=/Users/iv/Developer/relux-proxy remote="" board="" user=""
[21:17:04.548] [INFO] loadTreeCmd success: roots=7
[21:17:04.548] [INFO] treeLoadedMsg applied: roots=7 rows=13 loadErr=<nil>
[21:17:14.196] [DEBUG] loadTreeCmd start: cwd=/Users/iv/Developer/relux-proxy remote="" board="" user=""
[21:17:14.490] [INFO] loadTreeCmd success: roots=7
[21:17:14.490] [INFO] treeLoadedMsg applied: roots=7 rows=13 loadErr=<nil>
[21:17:24.198] [DEBUG] loadTreeCmd start: cwd=/Users/iv/Developer/relux-proxy remote="" board="" user=""
[21:17:24.562] [INFO] loadTreeCmd success: roots=7
[21:17:24.562] [INFO] treeLoadedMsg applied: roots=7 rows=13 loadErr=<nil>
[21:17:34.198] [DEBUG] loadTreeCmd start: cwd=/Users/iv/Developer/relux-proxy remote="" board="" user=""
[21:17:34.492] [INFO] loadTreeCmd success: roots=7
[21:17:34.492] [INFO] treeLoadedMsg applied: roots=7 rows=13 loadErr=<nil>
[21:17:44.199] [DEBUG] loadTreeCmd start: cwd=/Users/iv/Developer/relux-proxy remote="" board="" user=""
[21:17:44.580] [INFO] loadTreeCmd success: roots=7
[21:17:44.583] [INFO] treeLoadedMsg applied: roots=7 rows=13 loadErr=<nil>
[21:17:54.200] [DEBUG] loadTreeCmd start: cwd=/Users/iv/Developer/relux-proxy remote="" board="" user=""
[21:17:54.501] [INFO] loadTreeCmd success: roots=7
[21:17:54.501] [INFO] treeLoadedMsg applied: roots=7 rows=13 loadErr=<nil>
[21:18:04.203] [DEBUG] loadTreeCmd start: cwd=/Users/iv/Developer/relux-proxy remote="" board="" user=""
[21:18:04.500] [INFO] loadTreeCmd success: roots=7
[21:18:04.500] [INFO] treeLoadedMsg applied: roots=7 rows=13 loadErr=<nil>
[21:18:14.203] [DEBUG] loadTreeCmd start: cwd=/Users/iv/Developer/relux-proxy remote="" board="" user=""
[21:18:14.500] [INFO] loadTreeCmd success: roots=7
[21:18:14.500] [INFO] treeLoadedMsg applied: roots=7 rows=13 loadErr=<nil>
[21:18:24.205] [DEBUG] loadTreeCmd start: cwd=/Users/iv/Developer/relux-proxy remote="" board="" user=""
[21:18:24.502] [INFO] loadTreeCmd success: roots=7
[21:18:24.502] [INFO] treeLoadedMsg applied: roots=7 rows=13 loadErr=<nil>
[21:18:34.205] [DEBUG] loadTreeCmd start: cwd=/Users/iv/Developer/relux-proxy remote="" board="" user=""
[21:18:34.500] [INFO] loadTreeCmd success: roots=7
[21:18:34.500] [INFO] treeLoadedMsg applied: roots=7 rows=13 loadErr=<nil>
[21:18:44.206] [DEBUG] loadTreeCmd start: cwd=/Users/iv/Developer/relux-proxy remote="" board="" user=""
[21:18:44.498] [INFO] loadTreeCmd success: roots=7
[21:18:44.498] [INFO] treeLoadedMsg applied: roots=7 rows=13 loadErr=<nil>
[21:18:54.205] [DEBUG] loadTreeCmd start: cwd=/Users/iv/Developer/relux-proxy remote="" board="" user=""
[21:18:54.496] [INFO] loadTreeCmd success: roots=7
[21:18:54.496] [INFO] treeLoadedMsg applied: roots=7 rows=13 loadErr=<nil>
[21:19:04.206] [DEBUG] loadTreeCmd start: cwd=/Users/iv/Developer/relux-proxy remote="" board="" user=""
[21:19:04.500] [INFO] loadTreeCmd success: roots=7
[21:19:04.500] [INFO] treeLoadedMsg applied: roots=7 rows=13 loadErr=<nil>
[21:19:14.206] [DEBUG] loadTreeCmd start: cwd=/Users/iv/Developer/relux-proxy remote="" board="" user=""
[21:19:14.498] [INFO] loadTreeCmd success: roots=7
[21:19:14.498] [INFO] treeLoadedMsg applied: roots=7 rows=13 loadErr=<nil>
[21:19:24.206] [DEBUG] loadTreeCmd start: cwd=/Users/iv/Developer/relux-proxy remote="" board="" user=""
[21:19:24.508] [INFO] loadTreeCmd success: roots=7
[21:19:24.508] [INFO] treeLoadedMsg applied: roots=7 rows=13 loadErr=<nil>
[21:19:34.207] [DEBUG] loadTreeCmd start: cwd=/Users/iv/Developer/relux-proxy remote="" board="" user=""
[21:19:34.502] [INFO] loadTreeCmd success: roots=7
[21:19:34.502] [INFO] treeLoadedMsg applied: roots=7 rows=13 loadErr=<nil>
[21:19:44.207] [DEBUG] loadTreeCmd start: cwd=/Users/iv/Developer/relux-proxy remote="" board="" user=""
[21:19:44.500] [INFO] loadTreeCmd success: roots=7
[21:19:44.500] [INFO] treeLoadedMsg applied: roots=7 rows=13 loadErr=<nil>
[21:19:54.208] [DEBUG] loadTreeCmd start: cwd=/Users/iv/Developer/relux-proxy remote="" board="" user=""
[21:19:54.502] [INFO] loadTreeCmd success: roots=7
[21:19:54.502] [INFO] treeLoadedMsg applied: roots=7 rows=13 loadErr=<nil>
[21:20:04.208] [DEBUG] loadTreeCmd start: cwd=/Users/iv/Developer/relux-proxy remote="" board="" user=""
[21:20:04.501] [INFO] loadTreeCmd success: roots=7
[21:20:04.502] [INFO] treeLoadedMsg applied: roots=7 rows=13 loadErr=<nil>
[21:20:14.209] [DEBUG] loadTreeCmd start: cwd=/Users/iv/Developer/relux-proxy remote="" board="" user=""
[21:20:14.498] [INFO] loadTreeCmd success: roots=7
[21:20:14.499] [INFO] treeLoadedMsg applied: roots=7 rows=13 loadErr=<nil>
[21:20:24.210] [DEBUG] loadTreeCmd start: cwd=/Users/iv/Developer/relux-proxy remote="" board="" user=""
[21:20:24.504] [INFO] loadTreeCmd success: roots=7
[21:20:24.504] [INFO] treeLoadedMsg applied: roots=7 rows=13 loadErr=<nil>
[21:20:34.212] [DEBUG] loadTreeCmd start: cwd=/Users/iv/Developer/relux-proxy remote="" board="" user=""
[21:20:34.506] [INFO] loadTreeCmd success: roots=7
[21:20:34.506] [INFO] treeLoadedMsg applied: roots=7 rows=13 loadErr=<nil>
[21:20:44.213] [DEBUG] loadTreeCmd start: cwd=/Users/iv/Developer/relux-proxy remote="" board="" user=""
[21:20:44.502] [INFO] loadTreeCmd success: roots=7
[21:20:44.502] [INFO] treeLoadedMsg applied: roots=7 rows=13 loadErr=<nil>
[21:20:54.215] [DEBUG] loadTreeCmd start: cwd=/Users/iv/Developer/relux-proxy remote="" board="" user=""
[21:20:54.502] [INFO] loadTreeCmd success: roots=7
[21:20:54.502] [INFO] treeLoadedMsg applied: roots=7 rows=13 loadErr=<nil>
[21:21:04.216] [DEBUG] loadTreeCmd start: cwd=/Users/iv/Developer/relux-proxy remote="" board="" user=""
[21:21:04.510] [INFO] loadTreeCmd success: roots=7
[21:21:04.511] [INFO] treeLoadedMsg applied: roots=7 rows=13 loadErr=<nil>
[21:21:14.218] [DEBUG] loadTreeCmd start: cwd=/Users/iv/Developer/relux-proxy remote="" board="" user=""
[21:21:14.506] [INFO] loadTreeCmd success: roots=7
[21:21:14.506] [INFO] treeLoadedMsg applied: roots=7 rows=13 loadErr=<nil>
[21:21:24.218] [DEBUG] loadTreeCmd start: cwd=/Users/iv/Developer/relux-proxy remote="" board="" user=""
[21:21:24.573] [INFO] loadTreeCmd success: roots=7
[21:21:24.574] [INFO] treeLoadedMsg applied: roots=7 rows=13 loadErr=<nil>
[21:21:34.221] [DEBUG] loadTreeCmd start: cwd=/Users/iv/Developer/relux-proxy remote="" board="" user=""
[21:21:34.529] [INFO] loadTreeCmd success: roots=7
[21:21:34.529] [INFO] treeLoadedMsg applied: roots=7 rows=13 loadErr=<nil>
[21:21:44.222] [DEBUG] loadTreeCmd start: cwd=/Users/iv/Developer/relux-proxy remote="" board="" user=""
[21:21:44.580] [INFO] loadTreeCmd success: roots=7
[21:21:44.580] [INFO] treeLoadedMsg applied: roots=7 rows=13 loadErr=<nil>
[21:21:54.223] [DEBUG] loadTreeCmd start: cwd=/Users/iv/Developer/relux-proxy remote="" board="" user=""
[21:21:54.515] [INFO] loadTreeCmd success: roots=7
[21:21:54.516] [INFO] treeLoadedMsg applied: roots=7 rows=13 loadErr=<nil>
[21:22:04.223] [DEBUG] loadTreeCmd start: cwd=/Users/iv/Developer/relux-proxy remote="" board="" user=""
[21:22:04.518] [INFO] loadTreeCmd success: roots=7
[21:22:04.519] [INFO] treeLoadedMsg applied: roots=7 rows=13 loadErr=<nil>
[21:22:14.223] [DEBUG] loadTreeCmd start: cwd=/Users/iv/Developer/relux-proxy remote="" board="" user=""
[21:22:14.518] [INFO] loadTreeCmd success: roots=7
[21:22:14.518] [INFO] treeLoadedMsg applied: roots=7 rows=13 loadErr=<nil>
[21:22:24.223] [DEBUG] loadTreeCmd start: cwd=/Users/iv/Developer/relux-proxy remote="" board="" user=""
[21:22:24.519] [INFO] loadTreeCmd success: roots=7
[21:22:24.519] [INFO] treeLoadedMsg applied: roots=7 rows=13 loadErr=<nil>
[21:22:34.224] [DEBUG] loadTreeCmd start: cwd=/Users/iv/Developer/relux-proxy remote="" board="" user=""
[21:22:34.520] [INFO] loadTreeCmd success: roots=7
[21:22:34.521] [INFO] treeLoadedMsg applied: roots=7 rows=13 loadErr=<nil>
[21:22:44.224] [DEBUG] loadTreeCmd start: cwd=/Users/iv/Developer/relux-proxy remote="" board="" user=""
[21:22:44.520] [INFO] loadTreeCmd success: roots=7
[21:22:44.520] [INFO] treeLoadedMsg applied: roots=7 rows=13 loadErr=<nil>
[21:22:54.224] [DEBUG] loadTreeCmd start: cwd=/Users/iv/Developer/relux-proxy remote="" board="" user=""
[21:22:54.519] [INFO] loadTreeCmd success: roots=7
[21:22:54.519] [INFO] treeLoadedMsg applied: roots=7 rows=13 loadErr=<nil>
[21:23:04.224] [DEBUG] loadTreeCmd start: cwd=/Users/iv/Developer/relux-proxy remote="" board="" user=""
[21:23:04.519] [INFO] loadTreeCmd success: roots=7
[21:23:04.519] [INFO] treeLoadedMsg applied: roots=7 rows=13 loadErr=<nil>
[21:23:14.225] [DEBUG] loadTreeCmd start: cwd=/Users/iv/Developer/relux-proxy remote="" board="" user=""
[21:23:14.516] [INFO] loadTreeCmd success: roots=7
[21:23:14.516] [INFO] treeLoadedMsg applied: roots=7 rows=13 loadErr=<nil>
[21:23:24.225] [DEBUG] loadTreeCmd start: cwd=/Users/iv/Developer/relux-proxy remote="" board="" user=""
[21:23:24.514] [INFO] loadTreeCmd success: roots=7
[21:23:24.515] [INFO] treeLoadedMsg applied: roots=7 rows=13 loadErr=<nil>
[21:23:34.226] [DEBUG] loadTreeCmd start: cwd=/Users/iv/Developer/relux-proxy remote="" board="" user=""
[21:23:34.587] [INFO] loadTreeCmd success: roots=7
[21:23:34.588] [INFO] treeLoadedMsg applied: roots=7 rows=13 loadErr=<nil>
[21:23:44.226] [DEBUG] loadTreeCmd start: cwd=/Users/iv/Developer/relux-proxy remote="" board="" user=""
[21:23:44.518] [INFO] loadTreeCmd success: roots=7
[21:23:44.519] [INFO] treeLoadedMsg applied: roots=7 rows=13 loadErr=<nil>
[21:23:54.227] [DEBUG] loadTreeCmd start: cwd=/Users/iv/Developer/relux-proxy remote="" board="" user=""
[21:23:54.521] [INFO] loadTreeCmd success: roots=7
[21:23:54.521] [INFO] treeLoadedMsg applied: roots=7 rows=13 loadErr=<nil>
[21:24:04.228] [DEBUG] loadTreeCmd start: cwd=/Users/iv/Developer/relux-proxy remote="" board="" user=""
[21:24:04.521] [INFO] loadTreeCmd success: roots=7
[21:24:04.521] [INFO] treeLoadedMsg applied: roots=7 rows=13 loadErr=<nil>
[21:24:14.228] [DEBUG] loadTreeCmd start: cwd=/Users/iv/Developer/relux-proxy remote="" board="" user=""
[21:24:14.522] [INFO] loadTreeCmd success: roots=7
[21:24:14.522] [INFO] treeLoadedMsg applied: roots=7 rows=13 loadErr=<nil>
[21:24:24.229] [DEBUG] loadTreeCmd start: cwd=/Users/iv/Developer/relux-proxy remote="" board="" user=""
[21:24:24.522] [INFO] loadTreeCmd success: roots=7
[21:24:24.522] [INFO] treeLoadedMsg applied: roots=7 rows=13 loadErr=<nil>
[21:24:34.230] [DEBUG] loadTreeCmd start: cwd=/Users/iv/Developer/relux-proxy remote="" board="" user=""
[21:24:34.524] [INFO] loadTreeCmd success: roots=7
[21:24:34.524] [INFO] treeLoadedMsg applied: roots=7 rows=13 loadErr=<nil>
[21:24:44.232] [DEBUG] loadTreeCmd start: cwd=/Users/iv/Developer/relux-proxy remote="" board="" user=""
[21:24:44.551] [INFO] loadTreeCmd success: roots=7
[21:24:44.551] [INFO] treeLoadedMsg applied: roots=7 rows=13 loadErr=<nil>
[21:24:54.233] [DEBUG] loadTreeCmd start: cwd=/Users/iv/Developer/relux-proxy remote="" board="" user=""
[21:24:54.659] [INFO] loadTreeCmd success: roots=7
[21:24:54.659] [INFO] treeLoadedMsg applied: roots=7 rows=13 loadErr=<nil>
[21:25:04.234] [DEBUG] loadTreeCmd start: cwd=/Users/iv/Developer/relux-proxy remote="" board="" user=""
[21:25:04.529] [INFO] loadTreeCmd success: roots=7
[21:25:04.529] [INFO] treeLoadedMsg applied: roots=7 rows=13 loadErr=<nil>
[21:25:14.236] [DEBUG] loadTreeCmd start: cwd=/Users/iv/Developer/relux-proxy remote="" board="" user=""
[21:25:14.532] [INFO] loadTreeCmd success: roots=7
[21:25:14.532] [INFO] treeLoadedMsg applied: roots=7 rows=13 loadErr=<nil>
[21:25:24.236] [DEBUG] loadTreeCmd start: cwd=/Users/iv/Developer/relux-proxy remote="" board="" user=""
[21:25:24.530] [INFO] loadTreeCmd success: roots=7
[21:25:24.530] [INFO] treeLoadedMsg applied: roots=7 rows=13 loadErr=<nil>
[21:25:34.237] [DEBUG] loadTreeCmd start: cwd=/Users/iv/Developer/relux-proxy remote="" board="" user=""
[21:25:34.529] [INFO] loadTreeCmd success: roots=7
[21:25:34.530] [INFO] treeLoadedMsg applied: roots=7 rows=13 loadErr=<nil>
[21:25:44.238] [DEBUG] loadTreeCmd start: cwd=/Users/iv/Developer/relux-proxy remote="" board="" user=""
[21:25:44.533] [INFO] loadTreeCmd success: roots=7
[21:25:44.533] [INFO] treeLoadedMsg applied: roots=7 rows=13 loadErr=<nil>
[21:25:54.238] [DEBUG] loadTreeCmd start: cwd=/Users/iv/Developer/relux-proxy remote="" board="" user=""
[21:25:54.539] [INFO] loadTreeCmd success: roots=7
[21:25:54.539] [INFO] treeLoadedMsg applied: roots=7 rows=13 loadErr=<nil>
[21:26:04.238] [DEBUG] loadTreeCmd start: cwd=/Users/iv/Developer/relux-proxy remote="" board="" user=""
[21:26:04.539] [INFO] loadTreeCmd success: roots=7
[21:26:04.539] [INFO] treeLoadedMsg applied: roots=7 rows=13 loadErr=<nil>
[21:26:14.238] [DEBUG] loadTreeCmd start: cwd=/Users/iv/Developer/relux-proxy remote="" board="" user=""
[21:26:14.532] [INFO] loadTreeCmd success: roots=7
[21:26:14.532] [INFO] treeLoadedMsg applied: roots=7 rows=13 loadErr=<nil>
[21:26:24.239] [DEBUG] loadTreeCmd start: cwd=/Users/iv/Developer/relux-proxy remote="" board="" user=""
[21:26:24.533] [INFO] loadTreeCmd success: roots=7
[21:26:24.534] [INFO] treeLoadedMsg applied: roots=7 rows=13 loadErr=<nil>
[21:26:34.239] [DEBUG] loadTreeCmd start: cwd=/Users/iv/Developer/relux-proxy remote="" board="" user=""
[21:26:34.537] [INFO] loadTreeCmd success: roots=7
[21:26:34.538] [INFO] treeLoadedMsg applied: roots=7 rows=13 loadErr=<nil>
[21:26:44.239] [DEBUG] loadTreeCmd start: cwd=/Users/iv/Developer/relux-proxy remote="" board="" user=""
[21:26:44.534] [INFO] loadTreeCmd success: roots=7
[21:26:44.534] [INFO] treeLoadedMsg applied: roots=7 rows=13 loadErr=<nil>
[21:26:54.239] [DEBUG] loadTreeCmd start: cwd=/Users/iv/Developer/relux-proxy remote="" board="" user=""
[21:26:54.536] [INFO] loadTreeCmd success: roots=7
[21:26:54.536] [INFO] treeLoadedMsg applied: roots=7 rows=13 loadErr=<nil>
[21:27:04.239] [DEBUG] loadTreeCmd start: cwd=/Users/iv/Developer/relux-proxy remote="" board="" user=""
[21:27:04.546] [INFO] loadTreeCmd success: roots=7
[21:27:04.546] [INFO] treeLoadedMsg applied: roots=7 rows=13 loadErr=<nil>
[21:27:14.239] [DEBUG] loadTreeCmd start: cwd=/Users/iv/Developer/relux-proxy remote="" board="" user=""
[21:27:14.538] [INFO] loadTreeCmd success: roots=7
[21:27:14.538] [INFO] treeLoadedMsg applied: roots=7 rows=13 loadErr=<nil>
[21:27:24.239] [DEBUG] loadTreeCmd start: cwd=/Users/iv/Developer/relux-proxy remote="" board="" user=""
[21:27:24.534] [INFO] loadTreeCmd success: roots=7
[21:27:24.534] [INFO] treeLoadedMsg applied: roots=7 rows=13 loadErr=<nil>
[21:27:34.240] [DEBUG] loadTreeCmd start: cwd=/Users/iv/Developer/relux-proxy remote="" board="" user=""
[21:27:34.537] [INFO] loadTreeCmd success: roots=7
[21:27:34.537] [INFO] treeLoadedMsg applied: roots=7 rows=13 loadErr=<nil>
[21:27:44.049] [DEBUG] loadTreeCmd start: cwd=/Users/iv/Developer/relux-proxy remote="" board="" user=""
[21:27:44.342] [INFO] loadTreeCmd success: roots=7
[21:27:44.342] [INFO] treeLoadedMsg applied: roots=7 rows=13 loadErr=<nil>
[21:27:54.049] [DEBUG] loadTreeCmd start: cwd=/Users/iv/Developer/relux-proxy remote="" board="" user=""
[21:27:54.342] [INFO] loadTreeCmd success: roots=7
[21:27:54.342] [INFO] treeLoadedMsg applied: roots=7 rows=13 loadErr=<nil>
[21:28:04.049] [DEBUG] loadTreeCmd start: cwd=/Users/iv/Developer/relux-proxy remote="" board="" user=""
[21:28:04.343] [INFO] loadTreeCmd success: roots=7
[21:28:04.344] [INFO] treeLoadedMsg applied: roots=7 rows=13 loadErr=<nil>
[21:28:14.049] [DEBUG] loadTreeCmd start: cwd=/Users/iv/Developer/relux-proxy remote="" board="" user=""
[21:28:14.344] [INFO] loadTreeCmd success: roots=7
[21:28:14.344] [INFO] treeLoadedMsg applied: roots=7 rows=13 loadErr=<nil>
[21:28:24.049] [DEBUG] loadTreeCmd start: cwd=/Users/iv/Developer/relux-proxy remote="" board="" user=""
[21:28:24.386] [INFO] loadTreeCmd success: roots=7
[21:28:24.387] [INFO] treeLoadedMsg applied: roots=7 rows=13 loadErr=<nil>
[21:28:34.049] [DEBUG] loadTreeCmd start: cwd=/Users/iv/Developer/relux-proxy remote="" board="" user=""
[21:28:34.345] [INFO] loadTreeCmd success: roots=7
[21:28:34.345] [INFO] treeLoadedMsg applied: roots=7 rows=13 loadErr=<nil>
[21:28:44.055] [DEBUG] loadTreeCmd start: cwd=/Users/iv/Developer/relux-proxy remote="" board="" user=""
[21:28:44.479] [INFO] loadTreeCmd success: roots=7
[21:28:44.479] [INFO] treeLoadedMsg applied: roots=7 rows=13 loadErr=<nil>
[21:28:54.050] [DEBUG] loadTreeCmd start: cwd=/Users/iv/Developer/relux-proxy remote="" board="" user=""
[21:28:54.347] [INFO] loadTreeCmd success: roots=7
[21:28:54.347] [INFO] treeLoadedMsg applied: roots=7 rows=13 loadErr=<nil>
[21:29:04.051] [DEBUG] loadTreeCmd start: cwd=/Users/iv/Developer/relux-proxy remote="" board="" user=""
[21:29:04.347] [INFO] loadTreeCmd success: roots=7
[21:29:04.347] [INFO] treeLoadedMsg applied: roots=7 rows=13 loadErr=<nil>
[21:29:14.052] [DEBUG] loadTreeCmd start: cwd=/Users/iv/Developer/relux-proxy remote="" board="" user=""
[21:29:14.346] [INFO] loadTreeCmd success: roots=7
[21:29:14.347] [INFO] treeLoadedMsg applied: roots=7 rows=13 loadErr=<nil>
[21:29:24.053] [DEBUG] loadTreeCmd start: cwd=/Users/iv/Developer/relux-proxy remote="" board="" user=""
[21:29:24.352] [INFO] loadTreeCmd success: roots=7
[21:29:24.353] [INFO] treeLoadedMsg applied: roots=7 rows=13 loadErr=<nil>
[21:29:34.055] [DEBUG] loadTreeCmd start: cwd=/Users/iv/Developer/relux-proxy remote="" board="" user=""
[21:29:34.352] [INFO] loadTreeCmd success: roots=7
[21:29:34.352] [INFO] treeLoadedMsg applied: roots=7 rows=13 loadErr=<nil>
[21:29:44.057] [DEBUG] loadTreeCmd start: cwd=/Users/iv/Developer/relux-proxy remote="" board="" user=""
[21:29:44.347] [INFO] loadTreeCmd success: roots=7
[21:29:44.347] [INFO] treeLoadedMsg applied: roots=7 rows=13 loadErr=<nil>
[21:29:54.062] [DEBUG] loadTreeCmd start: cwd=/Users/iv/Developer/relux-proxy remote="" board="" user=""
[21:29:54.503] [INFO] loadTreeCmd success: roots=7
[21:29:54.503] [INFO] treeLoadedMsg applied: roots=7 rows=13 loadErr=<nil>
[21:30:04.062] [DEBUG] loadTreeCmd start: cwd=/Users/iv/Developer/relux-proxy remote="" board="" user=""
[21:30:04.373] [INFO] loadTreeCmd success: roots=7
[21:30:04.373] [INFO] treeLoadedMsg applied: roots=7 rows=13 loadErr=<nil>
[21:30:14.061] [DEBUG] loadTreeCmd start: cwd=/Users/iv/Developer/relux-proxy remote="" board="" user=""
[21:30:14.360] [INFO] loadTreeCmd success: roots=7
[21:30:14.360] [INFO] treeLoadedMsg applied: roots=7 rows=13 loadErr=<nil>
[21:30:24.062] [DEBUG] loadTreeCmd start: cwd=/Users/iv/Developer/relux-proxy remote="" board="" user=""
[21:30:24.360] [INFO] loadTreeCmd success: roots=7
[21:30:24.361] [INFO] treeLoadedMsg applied: roots=7 rows=13 loadErr=<nil>
[21:30:34.062] [DEBUG] loadTreeCmd start: cwd=/Users/iv/Developer/relux-proxy remote="" board="" user=""
[21:30:34.359] [INFO] loadTreeCmd success: roots=7
[21:30:34.359] [INFO] treeLoadedMsg applied: roots=7 rows=13 loadErr=<nil>
[21:30:44.062] [DEBUG] loadTreeCmd start: cwd=/Users/iv/Developer/relux-proxy remote="" board="" user=""
[21:30:44.362] [INFO] loadTreeCmd success: roots=7
[21:30:44.362] [INFO] treeLoadedMsg applied: roots=7 rows=13 loadErr=<nil>
[21:30:54.062] [DEBUG] loadTreeCmd start: cwd=/Users/iv/Developer/relux-proxy remote="" board="" user=""
[21:30:54.359] [INFO] loadTreeCmd success: roots=7
[21:30:54.359] [INFO] treeLoadedMsg applied: roots=7 rows=13 loadErr=<nil>
[21:31:04.063] [DEBUG] loadTreeCmd start: cwd=/Users/iv/Developer/relux-proxy remote="" board="" user=""
[21:31:04.360] [INFO] loadTreeCmd success: roots=7
[21:31:04.360] [INFO] treeLoadedMsg applied: roots=7 rows=13 loadErr=<nil>
[21:31:14.063] [DEBUG] loadTreeCmd start: cwd=/Users/iv/Developer/relux-proxy remote="" board="" user=""
[21:31:14.354] [INFO] loadTreeCmd success: roots=7
[21:31:14.355] [INFO] treeLoadedMsg applied: roots=7 rows=13 loadErr=<nil>
[21:31:24.064] [DEBUG] loadTreeCmd start: cwd=/Users/iv/Developer/relux-proxy remote="" board="" user=""
[21:31:24.356] [INFO] loadTreeCmd success: roots=7
[21:31:24.356] [INFO] treeLoadedMsg applied: roots=7 rows=13 loadErr=<nil>
[21:31:34.065] [DEBUG] loadTreeCmd start: cwd=/Users/iv/Developer/relux-proxy remote="" board="" user=""
[21:31:34.361] [INFO] loadTreeCmd success: roots=7
[21:31:34.361] [INFO] treeLoadedMsg applied: roots=7 rows=13 loadErr=<nil>
[21:31:44.065] [DEBUG] loadTreeCmd start: cwd=/Users/iv/Developer/relux-proxy remote="" board="" user=""
[21:31:44.385] [INFO] loadTreeCmd success: roots=7
[21:31:44.385] [INFO] treeLoadedMsg applied: roots=7 rows=13 loadErr=<nil>
[21:31:54.067] [DEBUG] loadTreeCmd start: cwd=/Users/iv/Developer/relux-proxy remote="" board="" user=""
[21:31:54.366] [INFO] loadTreeCmd success: roots=7
[21:31:54.367] [INFO] treeLoadedMsg applied: roots=7 rows=13 loadErr=<nil>
[21:32:04.068] [DEBUG] loadTreeCmd start: cwd=/Users/iv/Developer/relux-proxy remote="" board="" user=""
[21:32:04.364] [INFO] loadTreeCmd success: roots=7
[21:32:04.365] [INFO] treeLoadedMsg applied: roots=7 rows=13 loadErr=<nil>
[21:32:14.069] [DEBUG] loadTreeCmd start: cwd=/Users/iv/Developer/relux-proxy remote="" board="" user=""
[21:32:14.423] [INFO] loadTreeCmd success: roots=7
[21:32:14.423] [INFO] treeLoadedMsg applied: roots=7 rows=13 loadErr=<nil>
[21:32:24.070] [DEBUG] loadTreeCmd start: cwd=/Users/iv/Developer/relux-proxy remote="" board="" user=""
[21:32:24.369] [INFO] loadTreeCmd success: roots=7
[21:32:24.369] [INFO] treeLoadedMsg applied: roots=7 rows=13 loadErr=<nil>
[21:32:34.072] [DEBUG] loadTreeCmd start: cwd=/Users/iv/Developer/relux-proxy remote="" board="" user=""
[21:32:34.455] [INFO] loadTreeCmd success: roots=7
[21:32:34.455] [INFO] treeLoadedMsg applied: roots=7 rows=13 loadErr=<nil>
[21:32:44.074] [DEBUG] loadTreeCmd start: cwd=/Users/iv/Developer/relux-proxy remote="" board="" user=""
[21:32:44.376] [INFO] loadTreeCmd success: roots=7
[21:32:44.376] [INFO] treeLoadedMsg applied: roots=7 rows=13 loadErr=<nil>
[21:32:54.074] [DEBUG] loadTreeCmd start: cwd=/Users/iv/Developer/relux-proxy remote="" board="" user=""
[21:32:54.370] [INFO] loadTreeCmd success: roots=7
[21:32:54.370] [INFO] treeLoadedMsg applied: roots=7 rows=13 loadErr=<nil>
[21:33:04.073] [DEBUG] loadTreeCmd start: cwd=/Users/iv/Developer/relux-proxy remote="" board="" user=""
[21:33:04.370] [INFO] loadTreeCmd success: roots=7
[21:33:04.370] [INFO] treeLoadedMsg applied: roots=7 rows=13 loadErr=<nil>
[21:33:14.073] [DEBUG] loadTreeCmd start: cwd=/Users/iv/Developer/relux-proxy remote="" board="" user=""
[21:33:14.369] [INFO] loadTreeCmd success: roots=7
[21:33:14.369] [INFO] treeLoadedMsg applied: roots=7 rows=13 loadErr=<nil>
[21:33:24.073] [DEBUG] loadTreeCmd start: cwd=/Users/iv/Developer/relux-proxy remote="" board="" user=""
[21:33:24.371] [INFO] loadTreeCmd success: roots=7
[21:33:24.371] [INFO] treeLoadedMsg applied: roots=7 rows=13 loadErr=<nil>
[21:33:34.074] [DEBUG] loadTreeCmd start: cwd=/Users/iv/Developer/relux-proxy remote="" board="" user=""
[21:33:34.373] [INFO] loadTreeCmd success: roots=7
[21:33:34.373] [INFO] treeLoadedMsg applied: roots=7 rows=13 loadErr=<nil>
[21:33:44.074] [DEBUG] loadTreeCmd start: cwd=/Users/iv/Developer/relux-proxy remote="" board="" user=""
[21:33:44.370] [INFO] loadTreeCmd success: roots=7
[21:33:44.370] [INFO] treeLoadedMsg applied: roots=7 rows=13 loadErr=<nil>
[21:33:54.074] [DEBUG] loadTreeCmd start: cwd=/Users/iv/Developer/relux-proxy remote="" board="" user=""
[21:33:54.377] [INFO] loadTreeCmd success: roots=7
[21:33:54.377] [INFO] treeLoadedMsg applied: roots=7 rows=13 loadErr=<nil>
[21:34:04.075] [DEBUG] loadTreeCmd start: cwd=/Users/iv/Developer/relux-proxy remote="" board="" user=""
[21:34:04.373] [INFO] loadTreeCmd success: roots=7
[21:34:04.373] [INFO] treeLoadedMsg applied: roots=7 rows=13 loadErr=<nil>
[21:34:14.076] [DEBUG] loadTreeCmd start: cwd=/Users/iv/Developer/relux-proxy remote="" board="" user=""
[21:34:14.374] [INFO] loadTreeCmd success: roots=7
[21:34:14.375] [INFO] treeLoadedMsg applied: roots=7 rows=13 loadErr=<nil>
[21:34:24.077] [DEBUG] loadTreeCmd start: cwd=/Users/iv/Developer/relux-proxy remote="" board="" user=""
[21:34:24.374] [INFO] loadTreeCmd success: roots=7
[21:34:24.375] [INFO] treeLoadedMsg applied: roots=7 rows=13 loadErr=<nil>
[21:34:34.077] [DEBUG] loadTreeCmd start: cwd=/Users/iv/Developer/relux-proxy remote="" board="" user=""
[21:34:34.375] [INFO] loadTreeCmd success: roots=7
[21:34:34.376] [INFO] treeLoadedMsg applied: roots=7 rows=13 loadErr=<nil>
[21:34:44.077] [DEBUG] loadTreeCmd start: cwd=/Users/iv/Developer/relux-proxy remote="" board="" user=""
[21:34:44.374] [INFO] loadTreeCmd success: roots=7
[21:34:44.374] [INFO] treeLoadedMsg applied: roots=7 rows=13 loadErr=<nil>
[21:34:54.079] [DEBUG] loadTreeCmd start: cwd=/Users/iv/Developer/relux-proxy remote="" board="" user=""
[21:34:54.370] [INFO] loadTreeCmd success: roots=7
[21:34:54.370] [INFO] treeLoadedMsg applied: roots=7 rows=13 loadErr=<nil>
[21:35:04.080] [DEBUG] loadTreeCmd start: cwd=/Users/iv/Developer/relux-proxy remote="" board="" user=""
[21:35:04.377] [INFO] loadTreeCmd success: roots=7
[21:35:04.377] [INFO] treeLoadedMsg applied: roots=7 rows=13 loadErr=<nil>
[21:35:14.081] [DEBUG] loadTreeCmd start: cwd=/Users/iv/Developer/relux-proxy remote="" board="" user=""
[21:35:14.376] [INFO] loadTreeCmd success: roots=7
[21:35:14.376] [INFO] treeLoadedMsg applied: roots=7 rows=13 loadErr=<nil>
[21:35:24.083] [DEBUG] loadTreeCmd start: cwd=/Users/iv/Developer/relux-proxy remote="" board="" user=""
[21:35:24.378] [INFO] loadTreeCmd success: roots=7
[21:35:24.378] [INFO] treeLoadedMsg applied: roots=7 rows=13 loadErr=<nil>
[21:35:34.085] [DEBUG] loadTreeCmd start: cwd=/Users/iv/Developer/relux-proxy remote="" board="" user=""
[21:35:34.378] [INFO] loadTreeCmd success: roots=7
[21:35:34.378] [INFO] treeLoadedMsg applied: roots=7 rows=13 loadErr=<nil>
[21:35:44.085] [DEBUG] loadTreeCmd start: cwd=/Users/iv/Developer/relux-proxy remote="" board="" user=""
[21:35:44.378] [INFO] loadTreeCmd success: roots=7
[21:35:44.378] [INFO] treeLoadedMsg applied: roots=7 rows=13 loadErr=<nil>
[21:35:54.085] [DEBUG] loadTreeCmd start: cwd=/Users/iv/Developer/relux-proxy remote="" board="" user=""
[21:35:54.378] [INFO] loadTreeCmd success: roots=7
[21:35:54.378] [INFO] treeLoadedMsg applied: roots=7 rows=13 loadErr=<nil>
[21:36:04.085] [DEBUG] loadTreeCmd start: cwd=/Users/iv/Developer/relux-proxy remote="" board="" user=""
[21:36:04.379] [INFO] loadTreeCmd success: roots=7
[21:36:04.379] [INFO] treeLoadedMsg applied: roots=7 rows=13 loadErr=<nil>
[21:36:14.085] [DEBUG] loadTreeCmd start: cwd=/Users/iv/Developer/relux-proxy remote="" board="" user=""
[21:36:14.386] [INFO] loadTreeCmd success: roots=7
[21:36:14.386] [INFO] treeLoadedMsg applied: roots=7 rows=13 loadErr=<nil>
[21:36:24.085] [DEBUG] loadTreeCmd start: cwd=/Users/iv/Developer/relux-proxy remote="" board="" user=""
[21:36:24.388] [INFO] loadTreeCmd success: roots=7
[21:36:24.389] [INFO] treeLoadedMsg applied: roots=7 rows=13 loadErr=<nil>
[21:36:34.085] [DEBUG] loadTreeCmd start: cwd=/Users/iv/Developer/relux-proxy remote="" board="" user=""
[21:36:34.381] [INFO] loadTreeCmd success: roots=7
[21:36:34.381] [INFO] treeLoadedMsg applied: roots=7 rows=13 loadErr=<nil>
[21:36:44.085] [DEBUG] loadTreeCmd start: cwd=/Users/iv/Developer/relux-proxy remote="" board="" user=""
[21:36:44.452] [INFO] loadTreeCmd success: roots=7
[21:36:44.452] [INFO] treeLoadedMsg applied: roots=7 rows=13 loadErr=<nil>
[21:36:54.085] [DEBUG] loadTreeCmd start: cwd=/Users/iv/Developer/relux-proxy remote="" board="" user=""
[21:36:54.453] [INFO] loadTreeCmd success: roots=7
[21:36:54.453] [INFO] treeLoadedMsg applied: roots=7 rows=13 loadErr=<nil>
[21:37:04.086] [DEBUG] loadTreeCmd start: cwd=/Users/iv/Developer/relux-proxy remote="" board="" user=""
[21:37:04.452] [INFO] loadTreeCmd success: roots=7
[21:37:04.452] [INFO] treeLoadedMsg applied: roots=7 rows=13 loadErr=<nil>
[21:37:14.086] [DEBUG] loadTreeCmd start: cwd=/Users/iv/Developer/relux-proxy remote="" board="" user=""
[21:37:14.383] [INFO] loadTreeCmd success: roots=7
[21:37:14.383] [INFO] treeLoadedMsg applied: roots=7 rows=13 loadErr=<nil>
[21:37:24.087] [DEBUG] loadTreeCmd start: cwd=/Users/iv/Developer/relux-proxy remote="" board="" user=""
[21:37:24.378] [INFO] loadTreeCmd success: roots=7
[21:37:24.378] [INFO] treeLoadedMsg applied: roots=7 rows=13 loadErr=<nil>
[21:37:34.088] [DEBUG] loadTreeCmd start: cwd=/Users/iv/Developer/relux-proxy remote="" board="" user=""
[21:37:34.380] [INFO] loadTreeCmd success: roots=7
[21:37:34.380] [INFO] treeLoadedMsg applied: roots=7 rows=13 loadErr=<nil>
[21:37:44.088] [DEBUG] loadTreeCmd start: cwd=/Users/iv/Developer/relux-proxy remote="" board="" user=""
[21:37:44.383] [INFO] loadTreeCmd success: roots=7
[21:37:44.383] [INFO] treeLoadedMsg applied: roots=7 rows=13 loadErr=<nil>
[21:37:54.090] [DEBUG] loadTreeCmd start: cwd=/Users/iv/Developer/relux-proxy remote="" board="" user=""
[21:37:54.380] [INFO] loadTreeCmd success: roots=7
[21:37:54.380] [INFO] treeLoadedMsg applied: roots=7 rows=13 loadErr=<nil>
[21:38:04.091] [DEBUG] loadTreeCmd start: cwd=/Users/iv/Developer/relux-proxy remote="" board="" user=""
[21:38:04.387] [INFO] loadTreeCmd success: roots=7
[21:38:04.387] [INFO] treeLoadedMsg applied: roots=7 rows=13 loadErr=<nil>
[21:38:14.093] [DEBUG] loadTreeCmd start: cwd=/Users/iv/Developer/relux-proxy remote="" board="" user=""
[21:38:14.389] [INFO] loadTreeCmd success: roots=7
[21:38:14.389] [INFO] treeLoadedMsg applied: roots=7 rows=13 loadErr=<nil>
[21:38:24.093] [DEBUG] loadTreeCmd start: cwd=/Users/iv/Developer/relux-proxy remote="" board="" user=""
[21:38:24.433] [INFO] loadTreeCmd success: roots=7
[21:38:24.434] [INFO] treeLoadedMsg applied: roots=7 rows=13 loadErr=<nil>
[21:38:34.095] [DEBUG] loadTreeCmd start: cwd=/Users/iv/Developer/relux-proxy remote="" board="" user=""
[21:38:34.390] [INFO] loadTreeCmd success: roots=7
[21:38:34.390] [INFO] treeLoadedMsg applied: roots=7 rows=13 loadErr=<nil>
[21:38:44.098] [DEBUG] loadTreeCmd start: cwd=/Users/iv/Developer/relux-proxy remote="" board="" user=""
[21:38:44.472] [INFO] loadTreeCmd success: roots=7
[21:38:44.472] [INFO] treeLoadedMsg applied: roots=7 rows=13 loadErr=<nil>
[21:38:54.097] [DEBUG] loadTreeCmd start: cwd=/Users/iv/Developer/relux-proxy remote="" board="" user=""
[21:38:54.445] [INFO] loadTreeCmd success: roots=7
[21:38:54.445] [INFO] treeLoadedMsg applied: roots=7 rows=13 loadErr=<nil>
[21:39:04.097] [DEBUG] loadTreeCmd start: cwd=/Users/iv/Developer/relux-proxy remote="" board="" user=""
[21:39:04.398] [INFO] loadTreeCmd success: roots=7
[21:39:04.398] [INFO] treeLoadedMsg applied: roots=7 rows=13 loadErr=<nil>
[21:39:14.097] [DEBUG] loadTreeCmd start: cwd=/Users/iv/Developer/relux-proxy remote="" board="" user=""
[21:39:14.398] [INFO] loadTreeCmd success: roots=7
[21:39:14.399] [INFO] treeLoadedMsg applied: roots=7 rows=13 loadErr=<nil>
[21:39:24.097] [DEBUG] loadTreeCmd start: cwd=/Users/iv/Developer/relux-proxy remote="" board="" user=""
[21:39:24.394] [INFO] loadTreeCmd success: roots=7
[21:39:24.394] [INFO] treeLoadedMsg applied: roots=7 rows=13 loadErr=<nil>
[21:39:34.096] [DEBUG] loadTreeCmd start: cwd=/Users/iv/Developer/relux-proxy remote="" board="" user=""
[21:39:34.397] [INFO] loadTreeCmd success: roots=7
[21:39:34.397] [INFO] treeLoadedMsg applied: roots=7 rows=13 loadErr=<nil>
[21:39:44.097] [DEBUG] loadTreeCmd start: cwd=/Users/iv/Developer/relux-proxy remote="" board="" user=""
[21:39:44.391] [INFO] loadTreeCmd success: roots=7
[21:39:44.391] [INFO] treeLoadedMsg applied: roots=7 rows=13 loadErr=<nil>
[21:39:54.097] [DEBUG] loadTreeCmd start: cwd=/Users/iv/Developer/relux-proxy remote="" board="" user=""
[21:39:54.396] [INFO] loadTreeCmd success: roots=7
[21:39:54.397] [INFO] treeLoadedMsg applied: roots=7 rows=13 loadErr=<nil>
[21:40:04.097] [DEBUG] loadTreeCmd start: cwd=/Users/iv/Developer/relux-proxy remote="" board="" user=""
[21:40:04.397] [INFO] loadTreeCmd success: roots=7
[21:40:04.397] [INFO] treeLoadedMsg applied: roots=7 rows=13 loadErr=<nil>
[21:40:14.097] [DEBUG] loadTreeCmd start: cwd=/Users/iv/Developer/relux-proxy remote="" board="" user=""
[21:40:14.395] [INFO] loadTreeCmd success: roots=7
[21:40:14.395] [INFO] treeLoadedMsg applied: roots=7 rows=13 loadErr=<nil>
[21:40:24.097] [DEBUG] loadTreeCmd start: cwd=/Users/iv/Developer/relux-proxy remote="" board="" user=""
[21:40:24.403] [INFO] loadTreeCmd success: roots=7
[21:40:24.403] [INFO] treeLoadedMsg applied: roots=7 rows=13 loadErr=<nil>
[21:40:34.098] [DEBUG] loadTreeCmd start: cwd=/Users/iv/Developer/relux-proxy remote="" board="" user=""
[21:40:34.394] [INFO] loadTreeCmd success: roots=7
[21:40:34.395] [INFO] treeLoadedMsg applied: roots=7 rows=13 loadErr=<nil>
[21:40:44.099] [DEBUG] loadTreeCmd start: cwd=/Users/iv/Developer/relux-proxy remote="" board="" user=""
[21:40:44.396] [INFO] loadTreeCmd success: roots=7
[21:40:44.396] [INFO] treeLoadedMsg applied: roots=7 rows=13 loadErr=<nil>
[21:40:54.100] [DEBUG] loadTreeCmd start: cwd=/Users/iv/Developer/relux-proxy remote="" board="" user=""
[21:40:54.393] [INFO] loadTreeCmd success: roots=7
[21:40:54.393] [INFO] treeLoadedMsg applied: roots=7 rows=13 loadErr=<nil>
[21:41:04.100] [DEBUG] loadTreeCmd start: cwd=/Users/iv/Developer/relux-proxy remote="" board="" user=""
[21:41:04.395] [INFO] loadTreeCmd success: roots=7
[21:41:04.395] [INFO] treeLoadedMsg applied: roots=7 rows=13 loadErr=<nil>
[21:41:14.101] [DEBUG] loadTreeCmd start: cwd=/Users/iv/Developer/relux-proxy remote="" board="" user=""
[21:41:14.396] [INFO] loadTreeCmd success: roots=7
[21:41:14.396] [INFO] treeLoadedMsg applied: roots=7 rows=13 loadErr=<nil>
[21:41:24.102] [DEBUG] loadTreeCmd start: cwd=/Users/iv/Developer/relux-proxy remote="" board="" user=""
[21:41:24.396] [INFO] loadTreeCmd success: roots=7
[21:41:24.396] [INFO] treeLoadedMsg applied: roots=7 rows=13 loadErr=<nil>
[21:41:34.104] [DEBUG] loadTreeCmd start: cwd=/Users/iv/Developer/relux-proxy remote="" board="" user=""
[21:41:34.594] [INFO] loadTreeCmd success: roots=7
[21:41:34.594] [INFO] treeLoadedMsg applied: roots=7 rows=13 loadErr=<nil>
[21:41:44.105] [DEBUG] loadTreeCmd start: cwd=/Users/iv/Developer/relux-proxy remote="" board="" user=""
[21:41:44.397] [INFO] loadTreeCmd success: roots=7
[21:41:44.397] [INFO] treeLoadedMsg applied: roots=7 rows=13 loadErr=<nil>
[21:41:54.106] [DEBUG] loadTreeCmd start: cwd=/Users/iv/Developer/relux-proxy remote="" board="" user=""
[21:41:54.429] [INFO] loadTreeCmd success: roots=7
[21:41:54.429] [INFO] treeLoadedMsg applied: roots=7 rows=13 loadErr=<nil>
[21:42:04.106] [DEBUG] loadTreeCmd start: cwd=/Users/iv/Developer/relux-proxy remote="" board="" user=""
[21:42:04.401] [INFO] loadTreeCmd success: roots=7
[21:42:04.401] [INFO] treeLoadedMsg applied: roots=7 rows=13 loadErr=<nil>
[21:42:14.108] [DEBUG] loadTreeCmd start: cwd=/Users/iv/Developer/relux-proxy remote="" board="" user=""
[21:42:14.402] [INFO] loadTreeCmd success: roots=7
[21:42:14.402] [INFO] treeLoadedMsg applied: roots=7 rows=13 loadErr=<nil>
[21:42:24.108] [DEBUG] loadTreeCmd start: cwd=/Users/iv/Developer/relux-proxy remote="" board="" user=""
[21:42:24.403] [INFO] loadTreeCmd success: roots=7
[21:42:24.403] [INFO] treeLoadedMsg applied: roots=7 rows=13 loadErr=<nil>
[21:42:34.108] [DEBUG] loadTreeCmd start: cwd=/Users/iv/Developer/relux-proxy remote="" board="" user=""
[21:42:34.406] [INFO] loadTreeCmd success: roots=7
[21:42:34.406] [INFO] treeLoadedMsg applied: roots=7 rows=13 loadErr=<nil>
[21:42:44.107] [DEBUG] loadTreeCmd start: cwd=/Users/iv/Developer/relux-proxy remote="" board="" user=""
[21:42:44.402] [INFO] loadTreeCmd success: roots=7
[21:42:44.403] [INFO] treeLoadedMsg applied: roots=7 rows=13 loadErr=<nil>
[21:42:54.107] [DEBUG] loadTreeCmd start: cwd=/Users/iv/Developer/relux-proxy remote="" board="" user=""
[21:42:54.402] [INFO] loadTreeCmd success: roots=7
[21:42:54.402] [INFO] treeLoadedMsg applied: roots=7 rows=13 loadErr=<nil>
[21:43:04.107] [DEBUG] loadTreeCmd start: cwd=/Users/iv/Developer/relux-proxy remote="" board="" user=""
[21:43:04.404] [INFO] loadTreeCmd success: roots=7
[21:43:04.404] [INFO] treeLoadedMsg applied: roots=7 rows=13 loadErr=<nil>
[21:43:14.107] [DEBUG] loadTreeCmd start: cwd=/Users/iv/Developer/relux-proxy remote="" board="" user=""
[21:43:14.397] [INFO] loadTreeCmd success: roots=7
[21:43:14.397] [INFO] treeLoadedMsg applied: roots=7 rows=13 loadErr=<nil>
[21:43:24.107] [DEBUG] loadTreeCmd start: cwd=/Users/iv/Developer/relux-proxy remote="" board="" user=""
[21:43:24.412] [INFO] loadTreeCmd success: roots=7
[21:43:24.412] [INFO] treeLoadedMsg applied: roots=7 rows=13 loadErr=<nil>
[21:43:34.107] [DEBUG] loadTreeCmd start: cwd=/Users/iv/Developer/relux-proxy remote="" board="" user=""
[21:43:34.433] [INFO] loadTreeCmd success: roots=7
[21:43:34.433] [INFO] treeLoadedMsg applied: roots=7 rows=13 loadErr=<nil>
[21:43:44.115] [DEBUG] loadTreeCmd start: cwd=/Users/iv/Developer/relux-proxy remote="" board="" user=""
[21:43:44.501] [INFO] loadTreeCmd success: roots=7
[21:43:44.508] [INFO] treeLoadedMsg applied: roots=7 rows=13 loadErr=<nil>
[21:43:54.135] [DEBUG] loadTreeCmd start: cwd=/Users/iv/Developer/relux-proxy remote="" board="" user=""
[21:43:54.429] [INFO] loadTreeCmd success: roots=7
[21:43:54.429] [INFO] treeLoadedMsg applied: roots=7 rows=13 loadErr=<nil>
[21:44:04.145] [DEBUG] loadTreeCmd start: cwd=/Users/iv/Developer/relux-proxy remote="" board="" user=""
[21:44:04.441] [INFO] loadTreeCmd success: roots=7
[21:44:04.442] [INFO] treeLoadedMsg applied: roots=7 rows=13 loadErr=<nil>
[21:44:14.151] [DEBUG] loadTreeCmd start: cwd=/Users/iv/Developer/relux-proxy remote="" board="" user=""
[21:44:14.445] [INFO] loadTreeCmd success: roots=7
[21:44:14.446] [INFO] treeLoadedMsg applied: roots=7 rows=13 loadErr=<nil>
[21:44:24.155] [DEBUG] loadTreeCmd start: cwd=/Users/iv/Developer/relux-proxy remote="" board="" user=""
[21:44:24.456] [INFO] loadTreeCmd success: roots=7
[21:44:24.456] [INFO] treeLoadedMsg applied: roots=7 rows=13 loadErr=<nil>
[21:44:34.157] [DEBUG] loadTreeCmd start: cwd=/Users/iv/Developer/relux-proxy remote="" board="" user=""
[21:44:34.453] [INFO] loadTreeCmd success: roots=7
[21:44:34.453] [INFO] treeLoadedMsg applied: roots=7 rows=13 loadErr=<nil>
[21:44:44.159] [DEBUG] loadTreeCmd start: cwd=/Users/iv/Developer/relux-proxy remote="" board="" user=""
[21:44:44.460] [INFO] loadTreeCmd success: roots=7
[21:44:44.461] [INFO] treeLoadedMsg applied: roots=7 rows=13 loadErr=<nil>
[21:44:54.161] [DEBUG] loadTreeCmd start: cwd=/Users/iv/Developer/relux-proxy remote="" board="" user=""
[21:44:54.459] [INFO] loadTreeCmd success: roots=7
[21:44:54.459] [INFO] treeLoadedMsg applied: roots=7 rows=13 loadErr=<nil>
[21:45:04.163] [DEBUG] loadTreeCmd start: cwd=/Users/iv/Developer/relux-proxy remote="" board="" user=""
[21:45:04.461] [INFO] loadTreeCmd success: roots=7
[21:45:04.461] [INFO] treeLoadedMsg applied: roots=7 rows=13 loadErr=<nil>
[21:45:14.166] [DEBUG] loadTreeCmd start: cwd=/Users/iv/Developer/relux-proxy remote="" board="" user=""
[21:45:14.459] [INFO] loadTreeCmd success: roots=7
[21:45:14.459] [INFO] treeLoadedMsg applied: roots=7 rows=13 loadErr=<nil>
[21:45:24.167] [DEBUG] loadTreeCmd start: cwd=/Users/iv/Developer/relux-proxy remote="" board="" user=""
[21:45:24.472] [INFO] loadTreeCmd success: roots=7
[21:45:24.472] [INFO] treeLoadedMsg applied: roots=7 rows=13 loadErr=<nil>
[21:45:34.168] [DEBUG] loadTreeCmd start: cwd=/Users/iv/Developer/relux-proxy remote="" board="" user=""
[21:45:34.466] [INFO] loadTreeCmd success: roots=7
[21:45:34.466] [INFO] treeLoadedMsg applied: roots=7 rows=13 loadErr=<nil>
[21:45:44.196] [DEBUG] loadTreeCmd start: cwd=/Users/iv/Developer/relux-proxy remote="" board="" user=""
[21:45:44.655] [INFO] loadTreeCmd success: roots=7
[21:45:44.655] [INFO] treeLoadedMsg applied: roots=7 rows=13 loadErr=<nil>
[21:45:54.198] [DEBUG] loadTreeCmd start: cwd=/Users/iv/Developer/relux-proxy remote="" board="" user=""
[21:45:54.492] [INFO] loadTreeCmd success: roots=7
[21:45:54.493] [INFO] treeLoadedMsg applied: roots=7 rows=13 loadErr=<nil>
[21:46:04.198] [DEBUG] loadTreeCmd start: cwd=/Users/iv/Developer/relux-proxy remote="" board="" user=""
[21:46:04.508] [INFO] loadTreeCmd success: roots=7
[21:46:04.508] [INFO] treeLoadedMsg applied: roots=7 rows=13 loadErr=<nil>
[21:46:14.199] [DEBUG] loadTreeCmd start: cwd=/Users/iv/Developer/relux-proxy remote="" board="" user=""
[21:46:14.527] [INFO] loadTreeCmd success: roots=7
[21:46:14.528] [INFO] treeLoadedMsg applied: roots=7 rows=13 loadErr=<nil>
[21:46:24.198] [DEBUG] loadTreeCmd start: cwd=/Users/iv/Developer/relux-proxy remote="" board="" user=""
[21:46:24.494] [INFO] loadTreeCmd success: roots=7
[21:46:24.495] [INFO] treeLoadedMsg applied: roots=7 rows=13 loadErr=<nil>
[21:46:34.200] [DEBUG] loadTreeCmd start: cwd=/Users/iv/Developer/relux-proxy remote="" board="" user=""
[21:46:34.496] [INFO] loadTreeCmd success: roots=7
[21:46:34.497] [INFO] treeLoadedMsg applied: roots=7 rows=13 loadErr=<nil>
[21:46:44.201] [DEBUG] loadTreeCmd start: cwd=/Users/iv/Developer/relux-proxy remote="" board="" user=""
[21:46:44.496] [INFO] loadTreeCmd success: roots=7
[21:46:44.496] [INFO] treeLoadedMsg applied: roots=7 rows=13 loadErr=<nil>
[21:46:54.201] [DEBUG] loadTreeCmd start: cwd=/Users/iv/Developer/relux-proxy remote="" board="" user=""
[21:46:54.507] [INFO] loadTreeCmd success: roots=7
[21:46:54.507] [INFO] treeLoadedMsg applied: roots=7 rows=13 loadErr=<nil>
[21:47:04.210] [DEBUG] loadTreeCmd start: cwd=/Users/iv/Developer/relux-proxy remote="" board="" user=""
[21:47:04.557] [INFO] loadTreeCmd success: roots=7
[21:47:04.557] [INFO] treeLoadedMsg applied: roots=7 rows=13 loadErr=<nil>
[21:47:14.211] [DEBUG] loadTreeCmd start: cwd=/Users/iv/Developer/relux-proxy remote="" board="" user=""
[21:47:14.600] [INFO] loadTreeCmd success: roots=7
[21:47:14.600] [INFO] treeLoadedMsg applied: roots=7 rows=13 loadErr=<nil>
[21:47:24.213] [DEBUG] loadTreeCmd start: cwd=/Users/iv/Developer/relux-proxy remote="" board="" user=""
[21:47:24.535] [INFO] loadTreeCmd success: roots=7
[21:47:24.535] [INFO] treeLoadedMsg applied: roots=7 rows=13 loadErr=<nil>
[21:47:34.214] [DEBUG] loadTreeCmd start: cwd=/Users/iv/Developer/relux-proxy remote="" board="" user=""
[21:47:34.510] [INFO] loadTreeCmd success: roots=7
[21:47:34.510] [INFO] treeLoadedMsg applied: roots=7 rows=13 loadErr=<nil>
[21:47:44.216] [DEBUG] loadTreeCmd start: cwd=/Users/iv/Developer/relux-proxy remote="" board="" user=""
[21:47:44.526] [INFO] loadTreeCmd success: roots=7
[21:47:44.526] [INFO] treeLoadedMsg applied: roots=7 rows=13 loadErr=<nil>
[21:47:54.217] [DEBUG] loadTreeCmd start: cwd=/Users/iv/Developer/relux-proxy remote="" board="" user=""
[21:47:54.517] [INFO] loadTreeCmd success: roots=7
[21:47:54.517] [INFO] treeLoadedMsg applied: roots=7 rows=13 loadErr=<nil>
[21:48:04.216] [DEBUG] loadTreeCmd start: cwd=/Users/iv/Developer/relux-proxy remote="" board="" user=""
[21:48:04.516] [INFO] loadTreeCmd success: roots=7
[21:48:04.517] [INFO] treeLoadedMsg applied: roots=7 rows=13 loadErr=<nil>
[21:48:14.217] [DEBUG] loadTreeCmd start: cwd=/Users/iv/Developer/relux-proxy remote="" board="" user=""
[21:48:14.510] [INFO] loadTreeCmd success: roots=7
[21:48:14.510] [INFO] treeLoadedMsg applied: roots=7 rows=13 loadErr=<nil>
[21:48:24.216] [DEBUG] loadTreeCmd start: cwd=/Users/iv/Developer/relux-proxy remote="" board="" user=""
[21:48:24.517] [INFO] loadTreeCmd success: roots=7
[21:48:24.517] [INFO] treeLoadedMsg applied: roots=7 rows=13 loadErr=<nil>
[21:48:34.216] [DEBUG] loadTreeCmd start: cwd=/Users/iv/Developer/relux-proxy remote="" board="" user=""
[21:48:34.509] [INFO] loadTreeCmd success: roots=7
[21:48:34.509] [INFO] treeLoadedMsg applied: roots=7 rows=13 loadErr=<nil>
[21:48:44.216] [DEBUG] loadTreeCmd start: cwd=/Users/iv/Developer/relux-proxy remote="" board="" user=""
[21:48:44.516] [INFO] loadTreeCmd success: roots=7
[21:48:44.516] [INFO] treeLoadedMsg applied: roots=7 rows=13 loadErr=<nil>
[21:48:54.217] [DEBUG] loadTreeCmd start: cwd=/Users/iv/Developer/relux-proxy remote="" board="" user=""
[21:48:54.514] [INFO] loadTreeCmd success: roots=7
[21:48:54.514] [INFO] treeLoadedMsg applied: roots=7 rows=13 loadErr=<nil>
[21:49:04.217] [DEBUG] loadTreeCmd start: cwd=/Users/iv/Developer/relux-proxy remote="" board="" user=""
[21:49:04.517] [INFO] loadTreeCmd success: roots=7
[21:49:04.517] [INFO] treeLoadedMsg applied: roots=7 rows=13 loadErr=<nil>
[21:49:14.217] [DEBUG] loadTreeCmd start: cwd=/Users/iv/Developer/relux-proxy remote="" board="" user=""
[21:49:14.509] [INFO] loadTreeCmd success: roots=7
[21:49:14.509] [INFO] treeLoadedMsg applied: roots=7 rows=13 loadErr=<nil>
[21:49:24.217] [DEBUG] loadTreeCmd start: cwd=/Users/iv/Developer/relux-proxy remote="" board="" user=""
[21:49:24.547] [INFO] loadTreeCmd success: roots=7
[21:49:24.548] [INFO] treeLoadedMsg applied: roots=7 rows=13 loadErr=<nil>
[21:49:34.218] [DEBUG] loadTreeCmd start: cwd=/Users/iv/Developer/relux-proxy remote="" board="" user=""
[21:49:34.513] [INFO] loadTreeCmd success: roots=7
[21:49:34.513] [INFO] treeLoadedMsg applied: roots=7 rows=13 loadErr=<nil>
[21:49:44.219] [DEBUG] loadTreeCmd start: cwd=/Users/iv/Developer/relux-proxy remote="" board="" user=""
[21:49:44.523] [INFO] loadTreeCmd success: roots=7
[21:49:44.524] [INFO] treeLoadedMsg applied: roots=7 rows=13 loadErr=<nil>
[21:49:54.220] [DEBUG] loadTreeCmd start: cwd=/Users/iv/Developer/relux-proxy remote="" board="" user=""
[21:49:54.523] [INFO] loadTreeCmd success: roots=7
[21:49:54.523] [INFO] treeLoadedMsg applied: roots=7 rows=13 loadErr=<nil>
[21:50:04.221] [DEBUG] loadTreeCmd start: cwd=/Users/iv/Developer/relux-proxy remote="" board="" user=""
[21:50:04.514] [INFO] loadTreeCmd success: roots=7
[21:50:04.514] [INFO] treeLoadedMsg applied: roots=7 rows=13 loadErr=<nil>
[21:50:14.222] [DEBUG] loadTreeCmd start: cwd=/Users/iv/Developer/relux-proxy remote="" board="" user=""
[21:50:14.512] [INFO] loadTreeCmd success: roots=7
[21:50:14.512] [INFO] treeLoadedMsg applied: roots=7 rows=13 loadErr=<nil>
[21:50:24.225] [DEBUG] loadTreeCmd start: cwd=/Users/iv/Developer/relux-proxy remote="" board="" user=""
[21:50:24.560] [INFO] loadTreeCmd success: roots=7
[21:50:24.561] [INFO] treeLoadedMsg applied: roots=7 rows=13 loadErr=<nil>
[21:50:34.226] [DEBUG] loadTreeCmd start: cwd=/Users/iv/Developer/relux-proxy remote="" board="" user=""
[21:50:34.525] [INFO] loadTreeCmd success: roots=7
[21:50:34.525] [INFO] treeLoadedMsg applied: roots=7 rows=13 loadErr=<nil>
[21:50:44.228] [DEBUG] loadTreeCmd start: cwd=/Users/iv/Developer/relux-proxy remote="" board="" user=""
[21:50:44.523] [INFO] loadTreeCmd success: roots=7
[21:50:44.523] [INFO] treeLoadedMsg applied: roots=7 rows=13 loadErr=<nil>
[21:50:54.232] [DEBUG] loadTreeCmd start: cwd=/Users/iv/Developer/relux-proxy remote="" board="" user=""
[21:50:54.642] [INFO] loadTreeCmd success: roots=7
[21:50:54.642] [INFO] treeLoadedMsg applied: roots=7 rows=13 loadErr=<nil>
[21:51:04.233] [DEBUG] loadTreeCmd start: cwd=/Users/iv/Developer/relux-proxy remote="" board="" user=""
[21:51:04.531] [INFO] loadTreeCmd success: roots=7
[21:51:04.531] [INFO] treeLoadedMsg applied: roots=7 rows=13 loadErr=<nil>
[21:51:14.233] [DEBUG] loadTreeCmd start: cwd=/Users/iv/Developer/relux-proxy remote="" board="" user=""
[21:51:14.525] [INFO] loadTreeCmd success: roots=7
[21:51:14.525] [INFO] treeLoadedMsg applied: roots=7 rows=13 loadErr=<nil>
[21:51:24.233] [DEBUG] loadTreeCmd start: cwd=/Users/iv/Developer/relux-proxy remote="" board="" user=""
[21:51:24.528] [INFO] loadTreeCmd success: roots=7
[21:51:24.528] [INFO] treeLoadedMsg applied: roots=7 rows=13 loadErr=<nil>
[21:51:34.234] [DEBUG] loadTreeCmd start: cwd=/Users/iv/Developer/relux-proxy remote="" board="" user=""
[21:51:34.533] [INFO] loadTreeCmd success: roots=7
[21:51:34.533] [INFO] treeLoadedMsg applied: roots=7 rows=13 loadErr=<nil>
[21:51:44.235] [DEBUG] loadTreeCmd start: cwd=/Users/iv/Developer/relux-proxy remote="" board="" user=""
[21:51:44.530] [INFO] loadTreeCmd success: roots=7
[21:51:44.530] [INFO] treeLoadedMsg applied: roots=7 rows=13 loadErr=<nil>
[21:51:54.237] [DEBUG] loadTreeCmd start: cwd=/Users/iv/Developer/relux-proxy remote="" board="" user=""
[21:51:54.535] [INFO] loadTreeCmd success: roots=7
[21:51:54.535] [INFO] treeLoadedMsg applied: roots=7 rows=13 loadErr=<nil>
[21:52:04.239] [DEBUG] loadTreeCmd start: cwd=/Users/iv/Developer/relux-proxy remote="" board="" user=""
[21:52:04.542] [INFO] loadTreeCmd success: roots=7
[21:52:04.542] [INFO] treeLoadedMsg applied: roots=7 rows=13 loadErr=<nil>
[21:52:14.240] [DEBUG] loadTreeCmd start: cwd=/Users/iv/Developer/relux-proxy remote="" board="" user=""
[21:52:14.533] [INFO] loadTreeCmd success: roots=7
[21:52:14.533] [INFO] treeLoadedMsg applied: roots=7 rows=13 loadErr=<nil>
[21:52:24.242] [DEBUG] loadTreeCmd start: cwd=/Users/iv/Developer/relux-proxy remote="" board="" user=""
[21:52:24.538] [INFO] loadTreeCmd success: roots=7
[21:52:24.538] [INFO] treeLoadedMsg applied: roots=7 rows=13 loadErr=<nil>
[21:52:34.244] [DEBUG] loadTreeCmd start: cwd=/Users/iv/Developer/relux-proxy remote="" board="" user=""
[21:52:34.539] [INFO] loadTreeCmd success: roots=7
[21:52:34.539] [INFO] treeLoadedMsg applied: roots=7 rows=13 loadErr=<nil>
[21:52:44.244] [DEBUG] loadTreeCmd start: cwd=/Users/iv/Developer/relux-proxy remote="" board="" user=""
[21:52:44.538] [INFO] loadTreeCmd success: roots=7
[21:52:44.539] [INFO] treeLoadedMsg applied: roots=7 rows=13 loadErr=<nil>
[21:52:54.244] [DEBUG] loadTreeCmd start: cwd=/Users/iv/Developer/relux-proxy remote="" board="" user=""
[21:52:54.542] [INFO] loadTreeCmd success: roots=7
[21:52:54.542] [INFO] treeLoadedMsg applied: roots=7 rows=13 loadErr=<nil>
[21:53:04.244] [DEBUG] loadTreeCmd start: cwd=/Users/iv/Developer/relux-proxy remote="" board="" user=""
[21:53:04.539] [INFO] loadTreeCmd success: roots=7
[21:53:04.539] [INFO] treeLoadedMsg applied: roots=7 rows=13 loadErr=<nil>
[21:53:14.244] [DEBUG] loadTreeCmd start: cwd=/Users/iv/Developer/relux-proxy remote="" board="" user=""
[21:53:14.334] [INFO] loadTreeCmd success: roots=7
[21:53:14.334] [INFO] treeLoadedMsg applied: roots=7 rows=13 loadErr=<nil>
[21:53:24.244] [DEBUG] loadTreeCmd start: cwd=/Users/iv/Developer/relux-proxy remote="" board="" user=""
[21:53:24.326] [INFO] loadTreeCmd success: roots=7
[21:53:24.326] [INFO] treeLoadedMsg applied: roots=7 rows=13 loadErr=<nil>
[21:53:34.244] [DEBUG] loadTreeCmd start: cwd=/Users/iv/Developer/relux-proxy remote="" board="" user=""
[21:53:34.328] [INFO] loadTreeCmd success: roots=7
[21:53:34.328] [INFO] treeLoadedMsg applied: roots=7 rows=13 loadErr=<nil>
[21:53:44.244] [DEBUG] loadTreeCmd start: cwd=/Users/iv/Developer/relux-proxy remote="" board="" user=""
[21:53:44.333] [INFO] loadTreeCmd success: roots=7
[21:53:44.333] [INFO] treeLoadedMsg applied: roots=7 rows=13 loadErr=<nil>
[21:53:54.244] [DEBUG] loadTreeCmd start: cwd=/Users/iv/Developer/relux-proxy remote="" board="" user=""
[21:53:54.332] [INFO] loadTreeCmd success: roots=7
[21:53:54.332] [INFO] treeLoadedMsg applied: roots=7 rows=13 loadErr=<nil>
[21:54:04.244] [DEBUG] loadTreeCmd start: cwd=/Users/iv/Developer/relux-proxy remote="" board="" user=""
[21:54:04.332] [INFO] loadTreeCmd success: roots=7
[21:54:04.332] [INFO] treeLoadedMsg applied: roots=7 rows=13 loadErr=<nil>
[21:54:14.245] [DEBUG] loadTreeCmd start: cwd=/Users/iv/Developer/relux-proxy remote="" board="" user=""
[21:54:14.333] [INFO] loadTreeCmd success: roots=7
[21:54:14.333] [INFO] treeLoadedMsg applied: roots=7 rows=13 loadErr=<nil>
[21:54:24.244] [DEBUG] loadTreeCmd start: cwd=/Users/iv/Developer/relux-proxy remote="" board="" user=""
[21:54:24.335] [INFO] loadTreeCmd success: roots=7
[21:54:24.335] [INFO] treeLoadedMsg applied: roots=7 rows=13 loadErr=<nil>
[21:54:34.245] [DEBUG] loadTreeCmd start: cwd=/Users/iv/Developer/relux-proxy remote="" board="" user=""
[21:54:34.331] [INFO] loadTreeCmd success: roots=7
[21:54:34.332] [INFO] treeLoadedMsg applied: roots=7 rows=13 loadErr=<nil>
[21:54:44.245] [DEBUG] loadTreeCmd start: cwd=/Users/iv/Developer/relux-proxy remote="" board="" user=""
[21:54:44.332] [INFO] loadTreeCmd success: roots=7
[21:54:44.333] [INFO] treeLoadedMsg applied: roots=7 rows=13 loadErr=<nil>
[21:54:54.246] [DEBUG] loadTreeCmd start: cwd=/Users/iv/Developer/relux-proxy remote="" board="" user=""
[21:54:54.328] [INFO] loadTreeCmd success: roots=7
[21:54:54.328] [INFO] treeLoadedMsg applied: roots=7 rows=13 loadErr=<nil>
[21:55:04.248] [DEBUG] loadTreeCmd start: cwd=/Users/iv/Developer/relux-proxy remote="" board="" user=""
[21:55:04.351] [INFO] loadTreeCmd success: roots=7
[21:55:04.351] [INFO] treeLoadedMsg applied: roots=7 rows=13 loadErr=<nil>
[21:55:14.249] [DEBUG] loadTreeCmd start: cwd=/Users/iv/Developer/relux-proxy remote="" board="" user=""
[21:55:14.336] [INFO] loadTreeCmd success: roots=7
[21:55:14.336] [INFO] treeLoadedMsg applied: roots=7 rows=13 loadErr=<nil>
[21:55:24.251] [DEBUG] loadTreeCmd start: cwd=/Users/iv/Developer/relux-proxy remote="" board="" user=""
[21:55:24.365] [INFO] loadTreeCmd success: roots=7
[21:55:24.365] [INFO] treeLoadedMsg applied: roots=7 rows=13 loadErr=<nil>
[21:55:34.253] [DEBUG] loadTreeCmd start: cwd=/Users/iv/Developer/relux-proxy remote="" board="" user=""
[21:55:34.340] [INFO] loadTreeCmd success: roots=7
[21:55:34.340] [INFO] treeLoadedMsg applied: roots=7 rows=13 loadErr=<nil>
[21:55:44.254] [DEBUG] loadTreeCmd start: cwd=/Users/iv/Developer/relux-proxy remote="" board="" user=""
[21:55:44.383] [INFO] loadTreeCmd success: roots=7
[21:55:44.383] [INFO] treeLoadedMsg applied: roots=7 rows=13 loadErr=<nil>
[21:55:54.256] [DEBUG] loadTreeCmd start: cwd=/Users/iv/Developer/relux-proxy remote="" board="" user=""
[21:55:54.346] [INFO] loadTreeCmd success: roots=7
[21:55:54.347] [INFO] treeLoadedMsg applied: roots=7 rows=13 loadErr=<nil>
[21:56:04.257] [DEBUG] loadTreeCmd start: cwd=/Users/iv/Developer/relux-proxy remote="" board="" user=""
[21:56:04.348] [INFO] loadTreeCmd success: roots=7
[21:56:04.349] [INFO] treeLoadedMsg applied: roots=7 rows=13 loadErr=<nil>
[21:56:14.257] [DEBUG] loadTreeCmd start: cwd=/Users/iv/Developer/relux-proxy remote="" board="" user=""
[21:56:14.352] [INFO] loadTreeCmd success: roots=7
[21:56:14.352] [INFO] treeLoadedMsg applied: roots=7 rows=13 loadErr=<nil>
[21:56:24.257] [DEBUG] loadTreeCmd start: cwd=/Users/iv/Developer/relux-proxy remote="" board="" user=""
[21:56:24.351] [INFO] loadTreeCmd success: roots=7
[21:56:24.351] [INFO] treeLoadedMsg applied: roots=7 rows=13 loadErr=<nil>
[21:56:34.257] [DEBUG] loadTreeCmd start: cwd=/Users/iv/Developer/relux-proxy remote="" board="" user=""
[21:56:34.355] [INFO] loadTreeCmd success: roots=7
[21:56:34.355] [INFO] treeLoadedMsg applied: roots=7 rows=13 loadErr=<nil>
[21:56:44.256] [DEBUG] loadTreeCmd start: cwd=/Users/iv/Developer/relux-proxy remote="" board="" user=""
[21:56:44.350] [INFO] loadTreeCmd success: roots=7
[21:56:44.350] [INFO] treeLoadedMsg applied: roots=7 rows=13 loadErr=<nil>
[21:56:54.256] [DEBUG] loadTreeCmd start: cwd=/Users/iv/Developer/relux-proxy remote="" board="" user=""
[21:56:54.351] [INFO] loadTreeCmd success: roots=7
[21:56:54.351] [INFO] treeLoadedMsg applied: roots=7 rows=13 loadErr=<nil>
[21:57:04.257] [DEBUG] loadTreeCmd start: cwd=/Users/iv/Developer/relux-proxy remote="" board="" user=""
[21:57:04.345] [INFO] loadTreeCmd success: roots=7
[21:57:04.346] [INFO] treeLoadedMsg applied: roots=7 rows=13 loadErr=<nil>
[21:57:14.257] [DEBUG] loadTreeCmd start: cwd=/Users/iv/Developer/relux-proxy remote="" board="" user=""
[21:57:14.355] [INFO] loadTreeCmd success: roots=7
[21:57:14.355] [INFO] treeLoadedMsg applied: roots=7 rows=13 loadErr=<nil>
[21:57:24.257] [DEBUG] loadTreeCmd start: cwd=/Users/iv/Developer/relux-proxy remote="" board="" user=""
[21:57:24.351] [INFO] loadTreeCmd success: roots=7
[21:57:24.351] [INFO] treeLoadedMsg applied: roots=7 rows=13 loadErr=<nil>
[21:57:34.258] [DEBUG] loadTreeCmd start: cwd=/Users/iv/Developer/relux-proxy remote="" board="" user=""
[21:57:34.349] [INFO] loadTreeCmd success: roots=7
[21:57:34.349] [INFO] treeLoadedMsg applied: roots=7 rows=13 loadErr=<nil>
[21:57:44.258] [DEBUG] loadTreeCmd start: cwd=/Users/iv/Developer/relux-proxy remote="" board="" user=""
[21:57:44.345] [INFO] loadTreeCmd success: roots=7
[21:57:44.346] [INFO] treeLoadedMsg applied: roots=7 rows=13 loadErr=<nil>
[21:57:54.259] [DEBUG] loadTreeCmd start: cwd=/Users/iv/Developer/relux-proxy remote="" board="" user=""
[21:57:54.345] [INFO] loadTreeCmd success: roots=7
[21:57:54.346] [INFO] treeLoadedMsg applied: roots=7 rows=13 loadErr=<nil>
[21:58:04.260] [DEBUG] loadTreeCmd start: cwd=/Users/iv/Developer/relux-proxy remote="" board="" user=""
[21:58:04.351] [INFO] loadTreeCmd success: roots=7
[21:58:04.352] [INFO] treeLoadedMsg applied: roots=7 rows=13 loadErr=<nil>
[21:58:14.260] [DEBUG] loadTreeCmd start: cwd=/Users/iv/Developer/relux-proxy remote="" board="" user=""
[21:58:14.348] [INFO] loadTreeCmd success: roots=7
[21:58:14.349] [INFO] treeLoadedMsg applied: roots=7 rows=13 loadErr=<nil>
[21:58:24.261] [DEBUG] loadTreeCmd start: cwd=/Users/iv/Developer/relux-proxy remote="" board="" user=""
[21:58:24.355] [INFO] loadTreeCmd success: roots=7
[21:58:24.355] [INFO] treeLoadedMsg applied: roots=7 rows=13 loadErr=<nil>
[21:58:34.263] [DEBUG] loadTreeCmd start: cwd=/Users/iv/Developer/relux-proxy remote="" board="" user=""
[21:58:34.353] [INFO] loadTreeCmd success: roots=7
[21:58:34.353] [INFO] treeLoadedMsg applied: roots=7 rows=13 loadErr=<nil>
[21:58:44.265] [DEBUG] loadTreeCmd start: cwd=/Users/iv/Developer/relux-proxy remote="" board="" user=""
[21:58:44.356] [INFO] loadTreeCmd success: roots=7
[21:58:44.356] [INFO] treeLoadedMsg applied: roots=7 rows=13 loadErr=<nil>
[21:58:54.267] [DEBUG] loadTreeCmd start: cwd=/Users/iv/Developer/relux-proxy remote="" board="" user=""
[21:58:54.355] [INFO] loadTreeCmd success: roots=7
[21:58:54.355] [INFO] treeLoadedMsg applied: roots=7 rows=13 loadErr=<nil>
[21:59:04.268] [DEBUG] loadTreeCmd start: cwd=/Users/iv/Developer/relux-proxy remote="" board="" user=""
[21:59:04.366] [INFO] loadTreeCmd success: roots=7
[21:59:04.366] [INFO] treeLoadedMsg applied: roots=7 rows=13 loadErr=<nil>
[21:59:14.269] [DEBUG] loadTreeCmd start: cwd=/Users/iv/Developer/relux-proxy remote="" board="" user=""
[21:59:14.360] [INFO] loadTreeCmd success: roots=7
[21:59:14.360] [INFO] treeLoadedMsg applied: roots=7 rows=13 loadErr=<nil>
[21:59:24.270] [DEBUG] loadTreeCmd start: cwd=/Users/iv/Developer/relux-proxy remote="" board="" user=""
[21:59:24.360] [INFO] loadTreeCmd success: roots=7
[21:59:24.360] [INFO] treeLoadedMsg applied: roots=7 rows=13 loadErr=<nil>
[21:59:34.270] [DEBUG] loadTreeCmd start: cwd=/Users/iv/Developer/relux-proxy remote="" board="" user=""
[21:59:34.358] [INFO] loadTreeCmd success: roots=7
[21:59:34.358] [INFO] treeLoadedMsg applied: roots=7 rows=13 loadErr=<nil>
[21:59:44.269] [DEBUG] loadTreeCmd start: cwd=/Users/iv/Developer/relux-proxy remote="" board="" user=""
[21:59:44.357] [INFO] loadTreeCmd success: roots=7
[21:59:44.357] [INFO] treeLoadedMsg applied: roots=7 rows=13 loadErr=<nil>
[21:59:54.269] [DEBUG] loadTreeCmd start: cwd=/Users/iv/Developer/relux-proxy remote="" board="" user=""
[21:59:54.356] [INFO] loadTreeCmd success: roots=7
[21:59:54.356] [INFO] treeLoadedMsg applied: roots=7 rows=13 loadErr=<nil>
[22:00:04.269] [DEBUG] loadTreeCmd start: cwd=/Users/iv/Developer/relux-proxy remote="" board="" user=""
[22:00:04.361] [INFO] loadTreeCmd success: roots=7
[22:00:04.361] [INFO] treeLoadedMsg applied: roots=7 rows=13 loadErr=<nil>
[22:00:14.269] [DEBUG] loadTreeCmd start: cwd=/Users/iv/Developer/relux-proxy remote="" board="" user=""
[22:00:14.365] [INFO] loadTreeCmd success: roots=7
[22:00:14.365] [INFO] treeLoadedMsg applied: roots=7 rows=13 loadErr=<nil>
[22:00:24.269] [DEBUG] loadTreeCmd start: cwd=/Users/iv/Developer/relux-proxy remote="" board="" user=""
[22:00:24.358] [INFO] loadTreeCmd success: roots=7
[22:00:24.358] [INFO] treeLoadedMsg applied: roots=7 rows=13 loadErr=<nil>
[22:00:34.269] [DEBUG] loadTreeCmd start: cwd=/Users/iv/Developer/relux-proxy remote="" board="" user=""
[22:00:34.363] [INFO] loadTreeCmd success: roots=7
[22:00:34.364] [INFO] treeLoadedMsg applied: roots=7 rows=13 loadErr=<nil>
[22:00:44.270] [DEBUG] loadTreeCmd start: cwd=/Users/iv/Developer/relux-proxy remote="" board="" user=""
[22:00:44.370] [INFO] loadTreeCmd success: roots=7
[22:00:44.370] [INFO] treeLoadedMsg applied: roots=7 rows=13 loadErr=<nil>
[22:00:54.270] [DEBUG] loadTreeCmd start: cwd=/Users/iv/Developer/relux-proxy remote="" board="" user=""
[22:00:54.358] [INFO] loadTreeCmd success: roots=7
[22:00:54.358] [INFO] treeLoadedMsg applied: roots=7 rows=13 loadErr=<nil>
[22:01:04.270] [DEBUG] loadTreeCmd start: cwd=/Users/iv/Developer/relux-proxy remote="" board="" user=""
[22:01:04.374] [INFO] loadTreeCmd success: roots=7
[22:01:04.374] [INFO] treeLoadedMsg applied: roots=7 rows=13 loadErr=<nil>
[22:01:14.271] [DEBUG] loadTreeCmd start: cwd=/Users/iv/Developer/relux-proxy remote="" board="" user=""
[22:01:14.361] [INFO] loadTreeCmd success: roots=7
[22:01:14.362] [INFO] treeLoadedMsg applied: roots=7 rows=13 loadErr=<nil>
[22:01:24.271] [DEBUG] loadTreeCmd start: cwd=/Users/iv/Developer/relux-proxy remote="" board="" user=""
[22:01:24.360] [INFO] loadTreeCmd success: roots=7
[22:01:24.360] [INFO] treeLoadedMsg applied: roots=7 rows=13 loadErr=<nil>
[22:01:34.273] [DEBUG] loadTreeCmd start: cwd=/Users/iv/Developer/relux-proxy remote="" board="" user=""
[22:01:34.359] [INFO] loadTreeCmd success: roots=7
[22:01:34.359] [INFO] treeLoadedMsg applied: roots=7 rows=13 loadErr=<nil>
[22:01:44.273] [DEBUG] loadTreeCmd start: cwd=/Users/iv/Developer/relux-proxy remote="" board="" user=""
[22:01:44.362] [INFO] loadTreeCmd success: roots=7
[22:01:44.362] [INFO] treeLoadedMsg applied: roots=7 rows=13 loadErr=<nil>
[22:01:54.274] [DEBUG] loadTreeCmd start: cwd=/Users/iv/Developer/relux-proxy remote="" board="" user=""
[22:01:54.366] [INFO] loadTreeCmd success: roots=7
[22:01:54.366] [INFO] treeLoadedMsg applied: roots=7 rows=13 loadErr=<nil>
[22:02:04.275] [DEBUG] loadTreeCmd start: cwd=/Users/iv/Developer/relux-proxy remote="" board="" user=""
[22:02:04.368] [INFO] loadTreeCmd success: roots=7
[22:02:04.368] [INFO] treeLoadedMsg applied: roots=7 rows=13 loadErr=<nil>
[22:02:14.277] [DEBUG] loadTreeCmd start: cwd=/Users/iv/Developer/relux-proxy remote="" board="" user=""
[22:02:14.367] [INFO] loadTreeCmd success: roots=7
[22:02:14.367] [INFO] treeLoadedMsg applied: roots=7 rows=13 loadErr=<nil>
[22:02:24.279] [DEBUG] loadTreeCmd start: cwd=/Users/iv/Developer/relux-proxy remote="" board="" user=""
[22:02:24.374] [INFO] loadTreeCmd success: roots=7
[22:02:24.374] [INFO] treeLoadedMsg applied: roots=7 rows=13 loadErr=<nil>
[22:02:34.280] [DEBUG] loadTreeCmd start: cwd=/Users/iv/Developer/relux-proxy remote="" board="" user=""
[22:02:34.395] [INFO] loadTreeCmd success: roots=7
[22:02:34.399] [INFO] treeLoadedMsg applied: roots=7 rows=13 loadErr=<nil>
[22:02:44.282] [DEBUG] loadTreeCmd start: cwd=/Users/iv/Developer/relux-proxy remote="" board="" user=""
[22:02:44.377] [INFO] loadTreeCmd success: roots=7
[22:02:44.378] [INFO] treeLoadedMsg applied: roots=7 rows=13 loadErr=<nil>
[22:02:54.282] [DEBUG] loadTreeCmd start: cwd=/Users/iv/Developer/relux-proxy remote="" board="" user=""
[22:02:54.375] [INFO] loadTreeCmd success: roots=7
[22:02:54.375] [INFO] treeLoadedMsg applied: roots=7 rows=13 loadErr=<nil>
[22:03:04.282] [DEBUG] loadTreeCmd start: cwd=/Users/iv/Developer/relux-proxy remote="" board="" user=""
[22:03:04.373] [INFO] loadTreeCmd success: roots=7
[22:03:04.373] [INFO] treeLoadedMsg applied: roots=7 rows=13 loadErr=<nil>
[22:03:14.282] [DEBUG] loadTreeCmd start: cwd=/Users/iv/Developer/relux-proxy remote="" board="" user=""
[22:03:14.368] [INFO] loadTreeCmd success: roots=7
[22:03:14.368] [INFO] treeLoadedMsg applied: roots=7 rows=13 loadErr=<nil>
[22:03:24.282] [DEBUG] loadTreeCmd start: cwd=/Users/iv/Developer/relux-proxy remote="" board="" user=""
[22:03:24.371] [INFO] loadTreeCmd success: roots=7
[22:03:24.371] [INFO] treeLoadedMsg applied: roots=7 rows=13 loadErr=<nil>
[22:03:34.282] [DEBUG] loadTreeCmd start: cwd=/Users/iv/Developer/relux-proxy remote="" board="" user=""
[22:03:34.369] [INFO] loadTreeCmd success: roots=7
[22:03:34.369] [INFO] treeLoadedMsg applied: roots=7 rows=13 loadErr=<nil>
[22:03:44.282] [DEBUG] loadTreeCmd start: cwd=/Users/iv/Developer/relux-proxy remote="" board="" user=""
[22:03:44.367] [INFO] loadTreeCmd success: roots=7
[22:03:44.367] [INFO] treeLoadedMsg applied: roots=7 rows=13 loadErr=<nil>
[22:03:54.282] [DEBUG] loadTreeCmd start: cwd=/Users/iv/Developer/relux-proxy remote="" board="" user=""
[22:03:54.370] [INFO] loadTreeCmd success: roots=7
[22:03:54.370] [INFO] treeLoadedMsg applied: roots=7 rows=13 loadErr=<nil>
[22:04:04.282] [DEBUG] loadTreeCmd start: cwd=/Users/iv/Developer/relux-proxy remote="" board="" user=""
[22:04:04.374] [INFO] loadTreeCmd success: roots=7
[22:04:04.374] [INFO] treeLoadedMsg applied: roots=7 rows=13 loadErr=<nil>
[22:04:14.282] [DEBUG] loadTreeCmd start: cwd=/Users/iv/Developer/relux-proxy remote="" board="" user=""
[22:04:14.372] [INFO] loadTreeCmd success: roots=7
[22:04:14.373] [INFO] treeLoadedMsg applied: roots=7 rows=13 loadErr=<nil>
[22:04:24.283] [DEBUG] loadTreeCmd start: cwd=/Users/iv/Developer/relux-proxy remote="" board="" user=""
[22:04:24.379] [INFO] loadTreeCmd success: roots=7
[22:04:24.379] [INFO] treeLoadedMsg applied: roots=7 rows=13 loadErr=<nil>
[22:04:34.283] [DEBUG] loadTreeCmd start: cwd=/Users/iv/Developer/relux-proxy remote="" board="" user=""
[22:04:34.379] [INFO] loadTreeCmd success: roots=7
[22:04:34.380] [INFO] treeLoadedMsg applied: roots=7 rows=13 loadErr=<nil>
[22:04:44.284] [DEBUG] loadTreeCmd start: cwd=/Users/iv/Developer/relux-proxy remote="" board="" user=""
[22:04:44.377] [INFO] loadTreeCmd success: roots=7
[22:04:44.378] [INFO] treeLoadedMsg applied: roots=7 rows=13 loadErr=<nil>
[22:04:54.285] [DEBUG] loadTreeCmd start: cwd=/Users/iv/Developer/relux-proxy remote="" board="" user=""
[22:04:54.375] [INFO] loadTreeCmd success: roots=7
[22:04:54.375] [INFO] treeLoadedMsg applied: roots=7 rows=13 loadErr=<nil>
[22:05:04.286] [DEBUG] loadTreeCmd start: cwd=/Users/iv/Developer/relux-proxy remote="" board="" user=""
[22:05:04.381] [INFO] loadTreeCmd success: roots=7
[22:05:04.381] [INFO] treeLoadedMsg applied: roots=7 rows=13 loadErr=<nil>
[22:05:14.287] [DEBUG] loadTreeCmd start: cwd=/Users/iv/Developer/relux-proxy remote="" board="" user=""
[22:05:14.375] [INFO] loadTreeCmd success: roots=7
[22:05:14.375] [INFO] treeLoadedMsg applied: roots=7 rows=13 loadErr=<nil>
[22:05:24.288] [DEBUG] loadTreeCmd start: cwd=/Users/iv/Developer/relux-proxy remote="" board="" user=""
[22:05:24.375] [INFO] loadTreeCmd success: roots=7
[22:05:24.375] [INFO] treeLoadedMsg applied: roots=7 rows=13 loadErr=<nil>
[22:05:34.288] [DEBUG] loadTreeCmd start: cwd=/Users/iv/Developer/relux-proxy remote="" board="" user=""
[22:05:34.378] [INFO] loadTreeCmd success: roots=7
[22:05:34.378] [INFO] treeLoadedMsg applied: roots=7 rows=13 loadErr=<nil>
[22:05:44.289] [DEBUG] loadTreeCmd start: cwd=/Users/iv/Developer/relux-proxy remote="" board="" user=""
[22:05:44.377] [INFO] loadTreeCmd success: roots=7
[22:05:44.377] [INFO] treeLoadedMsg applied: roots=7 rows=13 loadErr=<nil>
[22:05:54.291] [DEBUG] loadTreeCmd start: cwd=/Users/iv/Developer/relux-proxy remote="" board="" user=""
[22:05:54.381] [INFO] loadTreeCmd success: roots=7
[22:05:54.382] [INFO] treeLoadedMsg applied: roots=7 rows=13 loadErr=<nil>
[22:06:04.293] [DEBUG] loadTreeCmd start: cwd=/Users/iv/Developer/relux-proxy remote="" board="" user=""
[22:06:04.385] [INFO] loadTreeCmd success: roots=7
[22:06:04.385] [INFO] treeLoadedMsg applied: roots=7 rows=13 loadErr=<nil>
[22:06:14.294] [DEBUG] loadTreeCmd start: cwd=/Users/iv/Developer/relux-proxy remote="" board="" user=""
[22:06:14.387] [INFO] loadTreeCmd success: roots=7
[22:06:14.388] [INFO] treeLoadedMsg applied: roots=7 rows=13 loadErr=<nil>
[22:06:24.295] [DEBUG] loadTreeCmd start: cwd=/Users/iv/Developer/relux-proxy remote="" board="" user=""
[22:06:24.387] [INFO] loadTreeCmd success: roots=7
[22:06:24.388] [INFO] treeLoadedMsg applied: roots=7 rows=13 loadErr=<nil>
[22:06:34.295] [DEBUG] loadTreeCmd start: cwd=/Users/iv/Developer/relux-proxy remote="" board="" user=""
[22:06:34.390] [INFO] loadTreeCmd success: roots=7
[22:06:34.390] [INFO] treeLoadedMsg applied: roots=7 rows=13 loadErr=<nil>
[22:06:44.295] [DEBUG] loadTreeCmd start: cwd=/Users/iv/Developer/relux-proxy remote="" board="" user=""
[22:06:44.384] [INFO] loadTreeCmd success: roots=7
[22:06:44.384] [INFO] treeLoadedMsg applied: roots=7 rows=13 loadErr=<nil>
[22:06:54.295] [DEBUG] loadTreeCmd start: cwd=/Users/iv/Developer/relux-proxy remote="" board="" user=""
[22:06:54.381] [INFO] loadTreeCmd success: roots=7
[22:06:54.382] [INFO] treeLoadedMsg applied: roots=7 rows=13 loadErr=<nil>
[22:07:04.295] [DEBUG] loadTreeCmd start: cwd=/Users/iv/Developer/relux-proxy remote="" board="" user=""
[22:07:04.384] [INFO] loadTreeCmd success: roots=7
[22:07:04.384] [INFO] treeLoadedMsg applied: roots=7 rows=13 loadErr=<nil>
[22:07:14.295] [DEBUG] loadTreeCmd start: cwd=/Users/iv/Developer/relux-proxy remote="" board="" user=""
[22:07:14.383] [INFO] loadTreeCmd success: roots=7
[22:07:14.383] [INFO] treeLoadedMsg applied: roots=7 rows=13 loadErr=<nil>
[22:07:24.296] [DEBUG] loadTreeCmd start: cwd=/Users/iv/Developer/relux-proxy remote="" board="" user=""
[22:07:24.382] [INFO] loadTreeCmd success: roots=7
[22:07:24.382] [INFO] treeLoadedMsg applied: roots=7 rows=13 loadErr=<nil>
[22:07:34.296] [DEBUG] loadTreeCmd start: cwd=/Users/iv/Developer/relux-proxy remote="" board="" user=""
[22:07:34.390] [INFO] loadTreeCmd success: roots=7
[22:07:34.390] [INFO] treeLoadedMsg applied: roots=7 rows=13 loadErr=<nil>
[22:07:44.296] [DEBUG] loadTreeCmd start: cwd=/Users/iv/Developer/relux-proxy remote="" board="" user=""
[22:07:44.385] [INFO] loadTreeCmd success: roots=7
[22:07:44.385] [INFO] treeLoadedMsg applied: roots=7 rows=13 loadErr=<nil>
[22:07:54.298] [DEBUG] loadTreeCmd start: cwd=/Users/iv/Developer/relux-proxy remote="" board="" user=""
[22:07:54.457] [INFO] loadTreeCmd success: roots=7
[22:07:54.457] [INFO] treeLoadedMsg applied: roots=7 rows=13 loadErr=<nil>
[22:08:04.298] [DEBUG] loadTreeCmd start: cwd=/Users/iv/Developer/relux-proxy remote="" board="" user=""
[22:08:04.387] [INFO] loadTreeCmd success: roots=7
[22:08:04.388] [INFO] treeLoadedMsg applied: roots=7 rows=13 loadErr=<nil>
[22:08:14.299] [DEBUG] loadTreeCmd start: cwd=/Users/iv/Developer/relux-proxy remote="" board="" user=""
[22:08:14.383] [INFO] loadTreeCmd success: roots=7
[22:08:14.383] [INFO] treeLoadedMsg applied: roots=7 rows=13 loadErr=<nil>
[22:08:24.300] [DEBUG] loadTreeCmd start: cwd=/Users/iv/Developer/relux-proxy remote="" board="" user=""
[22:08:24.384] [INFO] loadTreeCmd success: roots=7
[22:08:24.384] [INFO] treeLoadedMsg applied: roots=7 rows=13 loadErr=<nil>
[22:08:34.302] [DEBUG] loadTreeCmd start: cwd=/Users/iv/Developer/relux-proxy remote="" board="" user=""
[22:08:34.385] [INFO] loadTreeCmd success: roots=7
[22:08:34.385] [INFO] treeLoadedMsg applied: roots=7 rows=13 loadErr=<nil>
[22:08:44.303] [DEBUG] loadTreeCmd start: cwd=/Users/iv/Developer/relux-proxy remote="" board="" user=""
[22:08:44.388] [INFO] loadTreeCmd success: roots=7
[22:08:44.388] [INFO] treeLoadedMsg applied: roots=7 rows=13 loadErr=<nil>
[22:08:54.304] [DEBUG] loadTreeCmd start: cwd=/Users/iv/Developer/relux-proxy remote="" board="" user=""
[22:08:54.392] [INFO] loadTreeCmd success: roots=7
[22:08:54.393] [INFO] treeLoadedMsg applied: roots=7 rows=13 loadErr=<nil>
[22:09:04.306] [DEBUG] loadTreeCmd start: cwd=/Users/iv/Developer/relux-proxy remote="" board="" user=""
[22:09:04.393] [INFO] loadTreeCmd success: roots=7
[22:09:04.393] [INFO] treeLoadedMsg applied: roots=7 rows=13 loadErr=<nil>
[22:09:14.307] [DEBUG] loadTreeCmd start: cwd=/Users/iv/Developer/relux-proxy remote="" board="" user=""
[22:09:14.457] [INFO] loadTreeCmd success: roots=7
[22:09:14.464] [INFO] treeLoadedMsg applied: roots=7 rows=13 loadErr=<nil>
[22:09:24.308] [DEBUG] loadTreeCmd start: cwd=/Users/iv/Developer/relux-proxy remote="" board="" user=""
[22:09:24.447] [INFO] loadTreeCmd success: roots=7
[22:09:24.447] [INFO] treeLoadedMsg applied: roots=7 rows=13 loadErr=<nil>
[22:09:34.308] [DEBUG] loadTreeCmd start: cwd=/Users/iv/Developer/relux-proxy remote="" board="" user=""
[22:09:34.394] [INFO] loadTreeCmd success: roots=7
[22:09:34.394] [INFO] treeLoadedMsg applied: roots=7 rows=13 loadErr=<nil>
[22:09:44.308] [DEBUG] loadTreeCmd start: cwd=/Users/iv/Developer/relux-proxy remote="" board="" user=""
[22:09:44.395] [INFO] loadTreeCmd success: roots=7
[22:09:44.396] [INFO] treeLoadedMsg applied: roots=7 rows=13 loadErr=<nil>
[22:09:54.308] [DEBUG] loadTreeCmd start: cwd=/Users/iv/Developer/relux-proxy remote="" board="" user=""
[22:09:54.400] [INFO] loadTreeCmd success: roots=7
[22:09:54.400] [INFO] treeLoadedMsg applied: roots=7 rows=13 loadErr=<nil>
[22:10:04.308] [DEBUG] loadTreeCmd start: cwd=/Users/iv/Developer/relux-proxy remote="" board="" user=""
[22:10:04.400] [INFO] loadTreeCmd success: roots=7
[22:10:04.400] [INFO] treeLoadedMsg applied: roots=7 rows=13 loadErr=<nil>
[22:10:14.307] [DEBUG] loadTreeCmd start: cwd=/Users/iv/Developer/relux-proxy remote="" board="" user=""
[22:10:14.395] [INFO] loadTreeCmd success: roots=7
[22:10:14.395] [INFO] treeLoadedMsg applied: roots=7 rows=13 loadErr=<nil>
[22:10:24.308] [DEBUG] loadTreeCmd start: cwd=/Users/iv/Developer/relux-proxy remote="" board="" user=""
[22:10:24.400] [INFO] loadTreeCmd success: roots=7
[22:10:24.401] [INFO] treeLoadedMsg applied: roots=7 rows=13 loadErr=<nil>
[22:10:34.308] [DEBUG] loadTreeCmd start: cwd=/Users/iv/Developer/relux-proxy remote="" board="" user=""
[22:10:34.389] [INFO] loadTreeCmd success: roots=7
[22:10:34.390] [INFO] treeLoadedMsg applied: roots=7 rows=13 loadErr=<nil>
[22:10:44.308] [DEBUG] loadTreeCmd start: cwd=/Users/iv/Developer/relux-proxy remote="" board="" user=""
[22:10:44.399] [INFO] loadTreeCmd success: roots=7
[22:10:44.399] [INFO] treeLoadedMsg applied: roots=7 rows=13 loadErr=<nil>
[22:10:54.308] [DEBUG] loadTreeCmd start: cwd=/Users/iv/Developer/relux-proxy remote="" board="" user=""
[22:10:54.392] [INFO] loadTreeCmd success: roots=7
[22:10:54.392] [INFO] treeLoadedMsg applied: roots=7 rows=13 loadErr=<nil>
[22:11:04.308] [DEBUG] loadTreeCmd start: cwd=/Users/iv/Developer/relux-proxy remote="" board="" user=""
[22:11:04.391] [INFO] loadTreeCmd success: roots=7
[22:11:04.391] [INFO] treeLoadedMsg applied: roots=7 rows=13 loadErr=<nil>
[22:11:14.309] [DEBUG] loadTreeCmd start: cwd=/Users/iv/Developer/relux-proxy remote="" board="" user=""
[22:11:14.399] [INFO] loadTreeCmd success: roots=7
[22:11:14.399] [INFO] treeLoadedMsg applied: roots=7 rows=13 loadErr=<nil>
[22:11:24.310] [DEBUG] loadTreeCmd start: cwd=/Users/iv/Developer/relux-proxy remote="" board="" user=""
[22:11:24.398] [INFO] loadTreeCmd success: roots=7
[22:11:24.398] [INFO] treeLoadedMsg applied: roots=7 rows=13 loadErr=<nil>
[22:11:34.310] [DEBUG] loadTreeCmd start: cwd=/Users/iv/Developer/relux-proxy remote="" board="" user=""
[22:11:34.404] [INFO] loadTreeCmd success: roots=7
[22:11:34.404] [INFO] treeLoadedMsg applied: roots=7 rows=13 loadErr=<nil>
[22:11:44.310] [DEBUG] loadTreeCmd start: cwd=/Users/iv/Developer/relux-proxy remote="" board="" user=""
[22:11:44.402] [INFO] loadTreeCmd success: roots=7
[22:11:44.402] [INFO] treeLoadedMsg applied: roots=7 rows=13 loadErr=<nil>
[22:11:54.311] [DEBUG] loadTreeCmd start: cwd=/Users/iv/Developer/relux-proxy remote="" board="" user=""
[22:11:54.400] [INFO] loadTreeCmd success: roots=7
[22:11:54.400] [INFO] treeLoadedMsg applied: roots=7 rows=13 loadErr=<nil>
[22:12:04.312] [DEBUG] loadTreeCmd start: cwd=/Users/iv/Developer/relux-proxy remote="" board="" user=""
[22:12:04.408] [INFO] loadTreeCmd success: roots=7
[22:12:04.408] [INFO] treeLoadedMsg applied: roots=7 rows=13 loadErr=<nil>
[22:12:14.313] [DEBUG] loadTreeCmd start: cwd=/Users/iv/Developer/relux-proxy remote="" board="" user=""
[22:12:14.409] [INFO] loadTreeCmd success: roots=7
[22:12:14.409] [INFO] treeLoadedMsg applied: roots=7 rows=13 loadErr=<nil>
[22:12:24.315] [DEBUG] loadTreeCmd start: cwd=/Users/iv/Developer/relux-proxy remote="" board="" user=""
[22:12:24.404] [INFO] loadTreeCmd success: roots=7
[22:12:24.404] [INFO] treeLoadedMsg applied: roots=7 rows=13 loadErr=<nil>
[22:12:34.316] [DEBUG] loadTreeCmd start: cwd=/Users/iv/Developer/relux-proxy remote="" board="" user=""
[22:12:34.404] [INFO] loadTreeCmd success: roots=7
[22:12:34.404] [INFO] treeLoadedMsg applied: roots=7 rows=13 loadErr=<nil>
[22:12:44.318] [DEBUG] loadTreeCmd start: cwd=/Users/iv/Developer/relux-proxy remote="" board="" user=""
[22:12:44.405] [INFO] loadTreeCmd success: roots=7
[22:12:44.405] [INFO] treeLoadedMsg applied: roots=7 rows=13 loadErr=<nil>
[22:12:54.318] [DEBUG] loadTreeCmd start: cwd=/Users/iv/Developer/relux-proxy remote="" board="" user=""
[22:12:54.406] [INFO] loadTreeCmd success: roots=7
[22:12:54.406] [INFO] treeLoadedMsg applied: roots=7 rows=13 loadErr=<nil>
[22:13:04.320] [DEBUG] loadTreeCmd start: cwd=/Users/iv/Developer/relux-proxy remote="" board="" user=""
[22:13:04.408] [INFO] loadTreeCmd success: roots=7
[22:13:04.408] [INFO] treeLoadedMsg applied: roots=7 rows=13 loadErr=<nil>
[22:13:14.321] [DEBUG] loadTreeCmd start: cwd=/Users/iv/Developer/relux-proxy remote="" board="" user=""
[22:13:14.418] [INFO] loadTreeCmd success: roots=7
[22:13:14.418] [INFO] treeLoadedMsg applied: roots=7 rows=13 loadErr=<nil>
[22:13:24.321] [DEBUG] loadTreeCmd start: cwd=/Users/iv/Developer/relux-proxy remote="" board="" user=""
[22:13:24.411] [INFO] loadTreeCmd success: roots=7
[22:13:24.412] [INFO] treeLoadedMsg applied: roots=7 rows=13 loadErr=<nil>
[22:13:34.321] [DEBUG] loadTreeCmd start: cwd=/Users/iv/Developer/relux-proxy remote="" board="" user=""
[22:13:34.407] [INFO] loadTreeCmd success: roots=7
[22:13:34.407] [INFO] treeLoadedMsg applied: roots=7 rows=13 loadErr=<nil>
[22:13:44.321] [DEBUG] loadTreeCmd start: cwd=/Users/iv/Developer/relux-proxy remote="" board="" user=""
[22:13:44.410] [INFO] loadTreeCmd success: roots=7
[22:13:44.410] [INFO] treeLoadedMsg applied: roots=7 rows=13 loadErr=<nil>
[22:13:54.322] [DEBUG] loadTreeCmd start: cwd=/Users/iv/Developer/relux-proxy remote="" board="" user=""
[22:13:54.411] [INFO] loadTreeCmd success: roots=7
[22:13:54.411] [INFO] treeLoadedMsg applied: roots=7 rows=13 loadErr=<nil>
[22:14:04.322] [DEBUG] loadTreeCmd start: cwd=/Users/iv/Developer/relux-proxy remote="" board="" user=""
[22:14:04.415] [INFO] loadTreeCmd success: roots=7
[22:14:04.416] [INFO] treeLoadedMsg applied: roots=7 rows=13 loadErr=<nil>
[22:14:14.323] [DEBUG] loadTreeCmd start: cwd=/Users/iv/Developer/relux-proxy remote="" board="" user=""
[22:14:14.408] [INFO] loadTreeCmd success: roots=7
[22:14:14.408] [INFO] treeLoadedMsg applied: roots=7 rows=13 loadErr=<nil>
[22:14:24.324] [DEBUG] loadTreeCmd start: cwd=/Users/iv/Developer/relux-proxy remote="" board="" user=""
[22:14:24.413] [INFO] loadTreeCmd success: roots=7
[22:14:24.413] [INFO] treeLoadedMsg applied: roots=7 rows=13 loadErr=<nil>
[22:14:34.325] [DEBUG] loadTreeCmd start: cwd=/Users/iv/Developer/relux-proxy remote="" board="" user=""
[22:14:34.415] [INFO] loadTreeCmd success: roots=7
[22:14:34.415] [INFO] treeLoadedMsg applied: roots=7 rows=13 loadErr=<nil>
[22:14:44.327] [DEBUG] loadTreeCmd start: cwd=/Users/iv/Developer/relux-proxy remote="" board="" user=""
[22:14:44.415] [INFO] loadTreeCmd success: roots=7
[22:14:44.416] [INFO] treeLoadedMsg applied: roots=7 rows=13 loadErr=<nil>
[22:14:54.328] [DEBUG] loadTreeCmd start: cwd=/Users/iv/Developer/relux-proxy remote="" board="" user=""
[22:14:54.412] [INFO] loadTreeCmd success: roots=7
[22:14:54.412] [INFO] treeLoadedMsg applied: roots=7 rows=13 loadErr=<nil>
[22:15:04.328] [DEBUG] loadTreeCmd start: cwd=/Users/iv/Developer/relux-proxy remote="" board="" user=""
[22:15:04.412] [INFO] loadTreeCmd success: roots=7
[22:15:04.412] [INFO] treeLoadedMsg applied: roots=7 rows=13 loadErr=<nil>
[22:15:14.328] [DEBUG] loadTreeCmd start: cwd=/Users/iv/Developer/relux-proxy remote="" board="" user=""
[22:15:14.415] [INFO] loadTreeCmd success: roots=7
[22:15:14.415] [INFO] treeLoadedMsg applied: roots=7 rows=13 loadErr=<nil>
[22:15:24.330] [DEBUG] loadTreeCmd start: cwd=/Users/iv/Developer/relux-proxy remote="" board="" user=""
[22:15:24.418] [INFO] loadTreeCmd success: roots=7
[22:15:24.418] [INFO] treeLoadedMsg applied: roots=7 rows=13 loadErr=<nil>
[22:15:34.332] [DEBUG] loadTreeCmd start: cwd=/Users/iv/Developer/relux-proxy remote="" board="" user=""
[22:15:34.418] [INFO] loadTreeCmd success: roots=7
[22:15:34.418] [INFO] treeLoadedMsg applied: roots=7 rows=13 loadErr=<nil>
[22:15:44.334] [DEBUG] loadTreeCmd start: cwd=/Users/iv/Developer/relux-proxy remote="" board="" user=""
[22:15:44.432] [INFO] loadTreeCmd success: roots=7
[22:15:44.432] [INFO] treeLoadedMsg applied: roots=7 rows=13 loadErr=<nil>
[22:15:54.334] [DEBUG] loadTreeCmd start: cwd=/Users/iv/Developer/relux-proxy remote="" board="" user=""
[22:15:54.425] [INFO] loadTreeCmd success: roots=7
[22:15:54.425] [INFO] treeLoadedMsg applied: roots=7 rows=13 loadErr=<nil>
[22:16:04.334] [DEBUG] loadTreeCmd start: cwd=/Users/iv/Developer/relux-proxy remote="" board="" user=""
[22:16:04.425] [INFO] loadTreeCmd success: roots=7
[22:16:04.425] [INFO] treeLoadedMsg applied: roots=7 rows=13 loadErr=<nil>
[22:16:14.333] [DEBUG] loadTreeCmd start: cwd=/Users/iv/Developer/relux-proxy remote="" board="" user=""
[22:16:14.431] [INFO] loadTreeCmd success: roots=7
[22:16:14.432] [INFO] treeLoadedMsg applied: roots=7 rows=13 loadErr=<nil>
[22:16:24.334] [DEBUG] loadTreeCmd start: cwd=/Users/iv/Developer/relux-proxy remote="" board="" user=""
[22:16:24.424] [INFO] loadTreeCmd success: roots=7
[22:16:24.424] [INFO] treeLoadedMsg applied: roots=7 rows=13 loadErr=<nil>
[22:16:34.334] [DEBUG] loadTreeCmd start: cwd=/Users/iv/Developer/relux-proxy remote="" board="" user=""
[22:16:34.425] [INFO] loadTreeCmd success: roots=7
[22:16:34.425] [INFO] treeLoadedMsg applied: roots=7 rows=13 loadErr=<nil>
[22:16:44.334] [DEBUG] loadTreeCmd start: cwd=/Users/iv/Developer/relux-proxy remote="" board="" user=""
[22:16:44.423] [INFO] loadTreeCmd success: roots=7
[22:16:44.423] [INFO] treeLoadedMsg applied: roots=7 rows=13 loadErr=<nil>
[22:16:54.334] [DEBUG] loadTreeCmd start: cwd=/Users/iv/Developer/relux-proxy remote="" board="" user=""
[22:16:54.430] [INFO] loadTreeCmd success: roots=7
[22:16:54.431] [INFO] treeLoadedMsg applied: roots=7 rows=13 loadErr=<nil>
[22:17:04.334] [DEBUG] loadTreeCmd start: cwd=/Users/iv/Developer/relux-proxy remote="" board="" user=""
[22:17:04.430] [INFO] loadTreeCmd success: roots=7
[22:17:04.430] [INFO] treeLoadedMsg applied: roots=7 rows=13 loadErr=<nil>
[22:17:14.335] [DEBUG] loadTreeCmd start: cwd=/Users/iv/Developer/relux-proxy remote="" board="" user=""
[22:17:14.426] [INFO] loadTreeCmd success: roots=7
[22:17:14.427] [INFO] treeLoadedMsg applied: roots=7 rows=13 loadErr=<nil>
[22:17:24.335] [DEBUG] loadTreeCmd start: cwd=/Users/iv/Developer/relux-proxy remote="" board="" user=""
[22:17:24.429] [INFO] loadTreeCmd success: roots=7
[22:17:24.429] [INFO] treeLoadedMsg applied: roots=7 rows=13 loadErr=<nil>
[22:17:34.336] [DEBUG] loadTreeCmd start: cwd=/Users/iv/Developer/relux-proxy remote="" board="" user=""
[22:17:34.428] [INFO] loadTreeCmd success: roots=7
[22:17:34.428] [INFO] treeLoadedMsg applied: roots=7 rows=13 loadErr=<nil>
[22:17:44.336] [DEBUG] loadTreeCmd start: cwd=/Users/iv/Developer/relux-proxy remote="" board="" user=""
[22:17:44.429] [INFO] loadTreeCmd success: roots=7
[22:17:44.430] [INFO] treeLoadedMsg applied: roots=7 rows=13 loadErr=<nil>
[22:17:54.337] [DEBUG] loadTreeCmd start: cwd=/Users/iv/Developer/relux-proxy remote="" board="" user=""
[22:17:54.429] [INFO] loadTreeCmd success: roots=7
[22:17:54.429] [INFO] treeLoadedMsg applied: roots=7 rows=13 loadErr=<nil>
[22:18:04.338] [DEBUG] loadTreeCmd start: cwd=/Users/iv/Developer/relux-proxy remote="" board="" user=""
[22:18:04.426] [INFO] loadTreeCmd success: roots=7
[22:18:04.426] [INFO] treeLoadedMsg applied: roots=7 rows=13 loadErr=<nil>
[22:18:14.339] [DEBUG] loadTreeCmd start: cwd=/Users/iv/Developer/relux-proxy remote="" board="" user=""
[22:18:14.423] [INFO] loadTreeCmd success: roots=7
[22:18:14.423] [INFO] treeLoadedMsg applied: roots=7 rows=13 loadErr=<nil>
[22:18:24.341] [DEBUG] loadTreeCmd start: cwd=/Users/iv/Developer/relux-proxy remote="" board="" user=""
[22:18:24.425] [INFO] loadTreeCmd success: roots=7
[22:18:24.425] [INFO] treeLoadedMsg applied: roots=7 rows=13 loadErr=<nil>
[22:18:34.343] [DEBUG] loadTreeCmd start: cwd=/Users/iv/Developer/relux-proxy remote="" board="" user=""
[22:18:34.435] [INFO] loadTreeCmd success: roots=7
[22:18:34.436] [INFO] treeLoadedMsg applied: roots=7 rows=13 loadErr=<nil>
[22:18:44.344] [DEBUG] loadTreeCmd start: cwd=/Users/iv/Developer/relux-proxy remote="" board="" user=""
[22:18:44.435] [INFO] loadTreeCmd success: roots=7
[22:18:44.436] [INFO] treeLoadedMsg applied: roots=7 rows=13 loadErr=<nil>
[22:18:54.346] [DEBUG] loadTreeCmd start: cwd=/Users/iv/Developer/relux-proxy remote="" board="" user=""
[22:18:54.434] [INFO] loadTreeCmd success: roots=7
[22:18:54.434] [INFO] treeLoadedMsg applied: roots=7 rows=13 loadErr=<nil>
[22:19:04.346] [DEBUG] loadTreeCmd start: cwd=/Users/iv/Developer/relux-proxy remote="" board="" user=""
[22:19:04.433] [INFO] loadTreeCmd success: roots=7
[22:19:04.434] [INFO] treeLoadedMsg applied: roots=7 rows=13 loadErr=<nil>
[22:19:14.346] [DEBUG] loadTreeCmd start: cwd=/Users/iv/Developer/relux-proxy remote="" board="" user=""
[22:19:14.442] [INFO] loadTreeCmd success: roots=7
[22:19:14.443] [INFO] treeLoadedMsg applied: roots=7 rows=13 loadErr=<nil>
[22:19:24.346] [DEBUG] loadTreeCmd start: cwd=/Users/iv/Developer/relux-proxy remote="" board="" user=""
[22:19:24.433] [INFO] loadTreeCmd success: roots=7
[22:19:24.433] [INFO] treeLoadedMsg applied: roots=7 rows=13 loadErr=<nil>
[22:19:34.346] [DEBUG] loadTreeCmd start: cwd=/Users/iv/Developer/relux-proxy remote="" board="" user=""
[22:19:34.436] [INFO] loadTreeCmd success: roots=7
[22:19:34.437] [INFO] treeLoadedMsg applied: roots=7 rows=13 loadErr=<nil>
[22:19:44.346] [DEBUG] loadTreeCmd start: cwd=/Users/iv/Developer/relux-proxy remote="" board="" user=""
[22:19:44.435] [INFO] loadTreeCmd success: roots=7
[22:19:44.435] [INFO] treeLoadedMsg applied: roots=7 rows=13 loadErr=<nil>
[22:19:54.346] [DEBUG] loadTreeCmd start: cwd=/Users/iv/Developer/relux-proxy remote="" board="" user=""
[22:19:54.440] [INFO] loadTreeCmd success: roots=7
[22:19:54.440] [INFO] treeLoadedMsg applied: roots=7 rows=13 loadErr=<nil>
[22:20:04.346] [DEBUG] loadTreeCmd start: cwd=/Users/iv/Developer/relux-proxy remote="" board="" user=""
[22:20:04.437] [INFO] loadTreeCmd success: roots=7
[22:20:04.438] [INFO] treeLoadedMsg applied: roots=7 rows=13 loadErr=<nil>
[22:20:14.346] [DEBUG] loadTreeCmd start: cwd=/Users/iv/Developer/relux-proxy remote="" board="" user=""
[22:20:14.430] [INFO] loadTreeCmd success: roots=7
[22:20:14.430] [INFO] treeLoadedMsg applied: roots=7 rows=13 loadErr=<nil>
[22:20:24.346] [DEBUG] loadTreeCmd start: cwd=/Users/iv/Developer/relux-proxy remote="" board="" user=""
[22:20:24.439] [INFO] loadTreeCmd success: roots=7
[22:20:24.439] [INFO] treeLoadedMsg applied: roots=7 rows=13 loadErr=<nil>
[22:20:34.347] [DEBUG] loadTreeCmd start: cwd=/Users/iv/Developer/relux-proxy remote="" board="" user=""
[22:20:34.441] [INFO] loadTreeCmd success: roots=7
[22:20:34.441] [INFO] treeLoadedMsg applied: roots=7 rows=13 loadErr=<nil>
[22:20:44.347] [DEBUG] loadTreeCmd start: cwd=/Users/iv/Developer/relux-proxy remote="" board="" user=""
[22:20:44.448] [INFO] loadTreeCmd success: roots=7
[22:20:44.448] [INFO] treeLoadedMsg applied: roots=7 rows=13 loadErr=<nil>
[22:20:54.347] [DEBUG] loadTreeCmd start: cwd=/Users/iv/Developer/relux-proxy remote="" board="" user=""
[22:20:54.438] [INFO] loadTreeCmd success: roots=7
[22:20:54.439] [INFO] treeLoadedMsg applied: roots=7 rows=13 loadErr=<nil>
[22:21:04.348] [DEBUG] loadTreeCmd start: cwd=/Users/iv/Developer/relux-proxy remote="" board="" user=""
[22:21:04.439] [INFO] loadTreeCmd success: roots=7
[22:21:04.439] [INFO] treeLoadedMsg applied: roots=7 rows=13 loadErr=<nil>
[22:21:14.349] [DEBUG] loadTreeCmd start: cwd=/Users/iv/Developer/relux-proxy remote="" board="" user=""
[22:21:14.441] [INFO] loadTreeCmd success: roots=7
[22:21:14.441] [INFO] treeLoadedMsg applied: roots=7 rows=13 loadErr=<nil>
[22:21:24.350] [DEBUG] loadTreeCmd start: cwd=/Users/iv/Developer/relux-proxy remote="" board="" user=""
[22:21:24.442] [INFO] loadTreeCmd success: roots=7
[22:21:24.442] [INFO] treeLoadedMsg applied: roots=7 rows=13 loadErr=<nil>
[22:21:34.352] [DEBUG] loadTreeCmd start: cwd=/Users/iv/Developer/relux-proxy remote="" board="" user=""
[22:21:34.438] [INFO] loadTreeCmd success: roots=7
[22:21:34.439] [INFO] treeLoadedMsg applied: roots=7 rows=13 loadErr=<nil>
[22:21:44.358] [DEBUG] loadTreeCmd start: cwd=/Users/iv/Developer/relux-proxy remote="" board="" user=""
[22:21:44.455] [INFO] loadTreeCmd success: roots=7
[22:21:44.455] [INFO] treeLoadedMsg applied: roots=7 rows=13 loadErr=<nil>
[22:21:54.360] [DEBUG] loadTreeCmd start: cwd=/Users/iv/Developer/relux-proxy remote="" board="" user=""
[22:21:54.640] [INFO] loadTreeCmd success: roots=7
[22:21:54.640] [INFO] treeLoadedMsg applied: roots=7 rows=13 loadErr=<nil>
[22:22:04.360] [DEBUG] loadTreeCmd start: cwd=/Users/iv/Developer/relux-proxy remote="" board="" user=""
[22:22:04.456] [INFO] loadTreeCmd success: roots=7
[22:22:04.456] [INFO] treeLoadedMsg applied: roots=7 rows=13 loadErr=<nil>
[22:22:14.360] [DEBUG] loadTreeCmd start: cwd=/Users/iv/Developer/relux-proxy remote="" board="" user=""
[22:22:14.450] [INFO] loadTreeCmd success: roots=7
[22:22:14.450] [INFO] treeLoadedMsg applied: roots=7 rows=13 loadErr=<nil>
[22:22:24.360] [DEBUG] loadTreeCmd start: cwd=/Users/iv/Developer/relux-proxy remote="" board="" user=""
[22:22:24.451] [INFO] loadTreeCmd success: roots=7
[22:22:24.451] [INFO] treeLoadedMsg applied: roots=7 rows=13 loadErr=<nil>
[22:22:34.360] [DEBUG] loadTreeCmd start: cwd=/Users/iv/Developer/relux-proxy remote="" board="" user=""
[22:22:34.451] [INFO] loadTreeCmd success: roots=7
[22:22:34.451] [INFO] treeLoadedMsg applied: roots=7 rows=13 loadErr=<nil>
[22:22:44.360] [DEBUG] loadTreeCmd start: cwd=/Users/iv/Developer/relux-proxy remote="" board="" user=""
[22:22:44.448] [INFO] loadTreeCmd success: roots=7
[22:22:44.448] [INFO] treeLoadedMsg applied: roots=7 rows=13 loadErr=<nil>
[22:22:54.361] [DEBUG] loadTreeCmd start: cwd=/Users/iv/Developer/relux-proxy remote="" board="" user=""
[22:22:54.452] [INFO] loadTreeCmd success: roots=7
[22:22:54.452] [INFO] treeLoadedMsg applied: roots=7 rows=13 loadErr=<nil>
[22:23:04.361] [DEBUG] loadTreeCmd start: cwd=/Users/iv/Developer/relux-proxy remote="" board="" user=""
[22:23:04.449] [INFO] loadTreeCmd success: roots=7
[22:23:04.449] [INFO] treeLoadedMsg applied: roots=7 rows=13 loadErr=<nil>
[22:23:14.361] [DEBUG] loadTreeCmd start: cwd=/Users/iv/Developer/relux-proxy remote="" board="" user=""
[22:23:14.444] [INFO] loadTreeCmd success: roots=7
[22:23:14.444] [INFO] treeLoadedMsg applied: roots=7 rows=13 loadErr=<nil>
[22:23:24.361] [DEBUG] loadTreeCmd start: cwd=/Users/iv/Developer/relux-proxy remote="" board="" user=""
[22:23:24.452] [INFO] loadTreeCmd success: roots=7
[22:23:24.452] [INFO] treeLoadedMsg applied: roots=7 rows=13 loadErr=<nil>
[22:23:34.362] [DEBUG] loadTreeCmd start: cwd=/Users/iv/Developer/relux-proxy remote="" board="" user=""
[22:23:34.452] [INFO] loadTreeCmd success: roots=7
[22:23:34.452] [INFO] treeLoadedMsg applied: roots=7 rows=13 loadErr=<nil>
[22:23:44.363] [DEBUG] loadTreeCmd start: cwd=/Users/iv/Developer/relux-proxy remote="" board="" user=""
[22:23:44.447] [INFO] loadTreeCmd success: roots=7
[22:23:44.447] [INFO] treeLoadedMsg applied: roots=7 rows=13 loadErr=<nil>
[22:23:54.364] [DEBUG] loadTreeCmd start: cwd=/Users/iv/Developer/relux-proxy remote="" board="" user=""
[22:23:54.455] [INFO] loadTreeCmd success: roots=7
[22:23:54.455] [INFO] treeLoadedMsg applied: roots=7 rows=13 loadErr=<nil>
[22:24:04.366] [DEBUG] loadTreeCmd start: cwd=/Users/iv/Developer/relux-proxy remote="" board="" user=""
[22:24:04.462] [INFO] loadTreeCmd success: roots=7
[22:24:04.462] [INFO] treeLoadedMsg applied: roots=7 rows=13 loadErr=<nil>
[22:24:14.367] [DEBUG] loadTreeCmd start: cwd=/Users/iv/Developer/relux-proxy remote="" board="" user=""
[22:24:14.455] [INFO] loadTreeCmd success: roots=7
[22:24:14.455] [INFO] treeLoadedMsg applied: roots=7 rows=13 loadErr=<nil>
[22:24:24.368] [DEBUG] loadTreeCmd start: cwd=/Users/iv/Developer/relux-proxy remote="" board="" user=""
[22:24:24.459] [INFO] loadTreeCmd success: roots=7
[22:24:24.459] [INFO] treeLoadedMsg applied: roots=7 rows=13 loadErr=<nil>
[22:24:34.369] [DEBUG] loadTreeCmd start: cwd=/Users/iv/Developer/relux-proxy remote="" board="" user=""
[22:24:34.454] [INFO] loadTreeCmd success: roots=7
[22:24:34.454] [INFO] treeLoadedMsg applied: roots=7 rows=13 loadErr=<nil>
[22:24:44.371] [DEBUG] loadTreeCmd start: cwd=/Users/iv/Developer/relux-proxy remote="" board="" user=""
[22:24:44.466] [INFO] loadTreeCmd success: roots=7
[22:24:44.467] [INFO] treeLoadedMsg applied: roots=7 rows=13 loadErr=<nil>
[22:24:54.371] [DEBUG] loadTreeCmd start: cwd=/Users/iv/Developer/relux-proxy remote="" board="" user=""
[22:24:54.459] [INFO] loadTreeCmd success: roots=7
[22:24:54.459] [INFO] treeLoadedMsg applied: roots=7 rows=13 loadErr=<nil>
[22:25:04.372] [DEBUG] loadTreeCmd start: cwd=/Users/iv/Developer/relux-proxy remote="" board="" user=""
[22:25:04.460] [INFO] loadTreeCmd success: roots=7
[22:25:04.460] [INFO] treeLoadedMsg applied: roots=7 rows=13 loadErr=<nil>
[22:25:14.373] [DEBUG] loadTreeCmd start: cwd=/Users/iv/Developer/relux-proxy remote="" board="" user=""
[22:25:14.453] [INFO] loadTreeCmd success: roots=7
[22:25:14.454] [INFO] treeLoadedMsg applied: roots=7 rows=13 loadErr=<nil>
[22:25:24.372] [DEBUG] loadTreeCmd start: cwd=/Users/iv/Developer/relux-proxy remote="" board="" user=""
[22:25:24.457] [INFO] loadTreeCmd success: roots=7
[22:25:24.457] [INFO] treeLoadedMsg applied: roots=7 rows=13 loadErr=<nil>
[22:25:34.372] [DEBUG] loadTreeCmd start: cwd=/Users/iv/Developer/relux-proxy remote="" board="" user=""
[22:25:34.458] [INFO] loadTreeCmd success: roots=7
[22:25:34.458] [INFO] treeLoadedMsg applied: roots=7 rows=13 loadErr=<nil>
[22:25:44.372] [DEBUG] loadTreeCmd start: cwd=/Users/iv/Developer/relux-proxy remote="" board="" user=""
[22:25:44.462] [INFO] loadTreeCmd success: roots=7
[22:25:44.462] [INFO] treeLoadedMsg applied: roots=7 rows=13 loadErr=<nil>
[22:25:54.372] [DEBUG] loadTreeCmd start: cwd=/Users/iv/Developer/relux-proxy remote="" board="" user=""
[22:25:54.468] [INFO] loadTreeCmd success: roots=7
[22:25:54.468] [INFO] treeLoadedMsg applied: roots=7 rows=13 loadErr=<nil>
[22:26:04.372] [DEBUG] loadTreeCmd start: cwd=/Users/iv/Developer/relux-proxy remote="" board="" user=""
[22:26:04.467] [INFO] loadTreeCmd success: roots=7
[22:26:04.467] [INFO] treeLoadedMsg applied: roots=7 rows=13 loadErr=<nil>
[22:26:14.373] [DEBUG] loadTreeCmd start: cwd=/Users/iv/Developer/relux-proxy remote="" board="" user=""
[22:26:14.462] [INFO] loadTreeCmd success: roots=7
[22:26:14.462] [INFO] treeLoadedMsg applied: roots=7 rows=13 loadErr=<nil>
[22:26:24.373] [DEBUG] loadTreeCmd start: cwd=/Users/iv/Developer/relux-proxy remote="" board="" user=""
[22:26:24.468] [INFO] loadTreeCmd success: roots=7
[22:26:24.469] [INFO] treeLoadedMsg applied: roots=7 rows=13 loadErr=<nil>
[22:26:34.373] [DEBUG] loadTreeCmd start: cwd=/Users/iv/Developer/relux-proxy remote="" board="" user=""
[22:26:34.467] [INFO] loadTreeCmd success: roots=7
[22:26:34.467] [INFO] treeLoadedMsg applied: roots=7 rows=13 loadErr=<nil>
[22:26:44.374] [DEBUG] loadTreeCmd start: cwd=/Users/iv/Developer/relux-proxy remote="" board="" user=""
[22:26:44.469] [INFO] loadTreeCmd success: roots=7
[22:26:44.469] [INFO] treeLoadedMsg applied: roots=7 rows=13 loadErr=<nil>
[22:26:54.375] [DEBUG] loadTreeCmd start: cwd=/Users/iv/Developer/relux-proxy remote="" board="" user=""
[22:26:54.478] [INFO] loadTreeCmd success: roots=7
[22:26:54.478] [INFO] treeLoadedMsg applied: roots=7 rows=13 loadErr=<nil>
[22:27:04.376] [DEBUG] loadTreeCmd start: cwd=/Users/iv/Developer/relux-proxy remote="" board="" user=""
[22:27:04.471] [INFO] loadTreeCmd success: roots=7
[22:27:04.471] [INFO] treeLoadedMsg applied: roots=7 rows=13 loadErr=<nil>
[22:27:14.376] [DEBUG] loadTreeCmd start: cwd=/Users/iv/Developer/relux-proxy remote="" board="" user=""
[22:27:14.468] [INFO] loadTreeCmd success: roots=7
[22:27:14.468] [INFO] treeLoadedMsg applied: roots=7 rows=13 loadErr=<nil>
[22:27:24.377] [DEBUG] loadTreeCmd start: cwd=/Users/iv/Developer/relux-proxy remote="" board="" user=""
[22:27:24.471] [INFO] loadTreeCmd success: roots=7
[22:27:24.471] [INFO] treeLoadedMsg applied: roots=7 rows=13 loadErr=<nil>
[22:27:34.378] [DEBUG] loadTreeCmd start: cwd=/Users/iv/Developer/relux-proxy remote="" board="" user=""
[22:27:34.473] [INFO] loadTreeCmd success: roots=7
[22:27:34.473] [INFO] treeLoadedMsg applied: roots=7 rows=13 loadErr=<nil>
[22:27:44.380] [DEBUG] loadTreeCmd start: cwd=/Users/iv/Developer/relux-proxy remote="" board="" user=""
[22:27:44.465] [INFO] loadTreeCmd success: roots=7
[22:27:44.465] [INFO] treeLoadedMsg applied: roots=7 rows=13 loadErr=<nil>
[22:27:54.382] [DEBUG] loadTreeCmd start: cwd=/Users/iv/Developer/relux-proxy remote="" board="" user=""
[22:27:54.479] [INFO] loadTreeCmd success: roots=7
[22:27:54.479] [INFO] treeLoadedMsg applied: roots=7 rows=13 loadErr=<nil>
[22:28:04.384] [DEBUG] loadTreeCmd start: cwd=/Users/iv/Developer/relux-proxy remote="" board="" user=""
[22:28:04.474] [INFO] loadTreeCmd success: roots=7
[22:28:04.474] [INFO] treeLoadedMsg applied: roots=7 rows=13 loadErr=<nil>
[22:28:14.386] [DEBUG] loadTreeCmd start: cwd=/Users/iv/Developer/relux-proxy remote="" board="" user=""
[22:28:14.467] [INFO] loadTreeCmd success: roots=7
[22:28:14.467] [INFO] treeLoadedMsg applied: roots=7 rows=13 loadErr=<nil>
[22:28:24.385] [DEBUG] loadTreeCmd start: cwd=/Users/iv/Developer/relux-proxy remote="" board="" user=""
[22:28:24.469] [INFO] loadTreeCmd success: roots=7
[22:28:24.469] [INFO] treeLoadedMsg applied: roots=7 rows=13 loadErr=<nil>
[22:28:34.386] [DEBUG] loadTreeCmd start: cwd=/Users/iv/Developer/relux-proxy remote="" board="" user=""
[22:28:34.472] [INFO] loadTreeCmd success: roots=7
[22:28:34.472] [INFO] treeLoadedMsg applied: roots=7 rows=13 loadErr=<nil>
[22:28:44.386] [DEBUG] loadTreeCmd start: cwd=/Users/iv/Developer/relux-proxy remote="" board="" user=""
[22:28:44.467] [INFO] loadTreeCmd success: roots=7
[22:28:44.467] [INFO] treeLoadedMsg applied: roots=7 rows=13 loadErr=<nil>
[22:28:54.386] [DEBUG] loadTreeCmd start: cwd=/Users/iv/Developer/relux-proxy remote="" board="" user=""
[22:28:54.465] [INFO] loadTreeCmd success: roots=7
[22:28:54.466] [INFO] treeLoadedMsg applied: roots=7 rows=13 loadErr=<nil>
[22:29:04.386] [DEBUG] loadTreeCmd start: cwd=/Users/iv/Developer/relux-proxy remote="" board="" user=""
[22:29:04.479] [INFO] loadTreeCmd success: roots=7
[22:29:04.479] [INFO] treeLoadedMsg applied: roots=7 rows=13 loadErr=<nil>
[22:29:14.386] [DEBUG] loadTreeCmd start: cwd=/Users/iv/Developer/relux-proxy remote="" board="" user=""
[22:29:14.470] [INFO] loadTreeCmd success: roots=7
[22:29:14.471] [INFO] treeLoadedMsg applied: roots=7 rows=13 loadErr=<nil>
[22:29:24.386] [DEBUG] loadTreeCmd start: cwd=/Users/iv/Developer/relux-proxy remote="" board="" user=""
[22:29:24.472] [INFO] loadTreeCmd success: roots=7
[22:29:24.473] [INFO] treeLoadedMsg applied: roots=7 rows=13 loadErr=<nil>
[22:29:34.387] [DEBUG] loadTreeCmd start: cwd=/Users/iv/Developer/relux-proxy remote="" board="" user=""
[22:29:34.474] [INFO] loadTreeCmd success: roots=7
[22:29:34.474] [INFO] treeLoadedMsg applied: roots=7 rows=13 loadErr=<nil>
[22:29:44.387] [DEBUG] loadTreeCmd start: cwd=/Users/iv/Developer/relux-proxy remote="" board="" user=""
[22:29:44.471] [INFO] loadTreeCmd success: roots=7
[22:29:44.471] [INFO] treeLoadedMsg applied: roots=7 rows=13 loadErr=<nil>
[22:29:54.388] [DEBUG] loadTreeCmd start: cwd=/Users/iv/Developer/relux-proxy remote="" board="" user=""
[22:29:54.472] [INFO] loadTreeCmd success: roots=7
[22:29:54.472] [INFO] treeLoadedMsg applied: roots=7 rows=13 loadErr=<nil>
[22:30:04.389] [DEBUG] loadTreeCmd start: cwd=/Users/iv/Developer/relux-proxy remote="" board="" user=""
[22:30:04.477] [INFO] loadTreeCmd success: roots=7
[22:30:04.477] [INFO] treeLoadedMsg applied: roots=7 rows=13 loadErr=<nil>
[22:30:14.391] [DEBUG] loadTreeCmd start: cwd=/Users/iv/Developer/relux-proxy remote="" board="" user=""
[22:30:14.476] [INFO] loadTreeCmd success: roots=7
[22:30:14.476] [INFO] treeLoadedMsg applied: roots=7 rows=13 loadErr=<nil>
[22:30:24.392] [DEBUG] loadTreeCmd start: cwd=/Users/iv/Developer/relux-proxy remote="" board="" user=""
[22:30:24.476] [INFO] loadTreeCmd success: roots=7
[22:30:24.476] [INFO] treeLoadedMsg applied: roots=7 rows=13 loadErr=<nil>
[22:30:34.394] [DEBUG] loadTreeCmd start: cwd=/Users/iv/Developer/relux-proxy remote="" board="" user=""
[22:30:34.479] [INFO] loadTreeCmd success: roots=7
[22:30:34.479] [INFO] treeLoadedMsg applied: roots=7 rows=13 loadErr=<nil>
[22:30:44.396] [DEBUG] loadTreeCmd start: cwd=/Users/iv/Developer/relux-proxy remote="" board="" user=""
[22:30:44.484] [INFO] loadTreeCmd success: roots=7
[22:30:44.484] [INFO] treeLoadedMsg applied: roots=7 rows=13 loadErr=<nil>
[22:30:54.397] [DEBUG] loadTreeCmd start: cwd=/Users/iv/Developer/relux-proxy remote="" board="" user=""
[22:30:54.487] [INFO] loadTreeCmd success: roots=7
[22:30:54.487] [INFO] treeLoadedMsg applied: roots=7 rows=13 loadErr=<nil>
[22:31:04.397] [DEBUG] loadTreeCmd start: cwd=/Users/iv/Developer/relux-proxy remote="" board="" user=""
[22:31:04.488] [INFO] loadTreeCmd success: roots=7
[22:31:04.488] [INFO] treeLoadedMsg applied: roots=7 rows=13 loadErr=<nil>
[22:31:14.397] [DEBUG] loadTreeCmd start: cwd=/Users/iv/Developer/relux-proxy remote="" board="" user=""
[22:31:14.480] [INFO] loadTreeCmd success: roots=7
[22:31:14.480] [INFO] treeLoadedMsg applied: roots=7 rows=13 loadErr=<nil>
[22:31:24.398] [DEBUG] loadTreeCmd start: cwd=/Users/iv/Developer/relux-proxy remote="" board="" user=""
[22:31:24.479] [INFO] loadTreeCmd success: roots=7
[22:31:24.479] [INFO] treeLoadedMsg applied: roots=7 rows=13 loadErr=<nil>
[22:31:34.398] [DEBUG] loadTreeCmd start: cwd=/Users/iv/Developer/relux-proxy remote="" board="" user=""
[22:31:34.488] [INFO] loadTreeCmd success: roots=7
[22:31:34.488] [INFO] treeLoadedMsg applied: roots=7 rows=13 loadErr=<nil>
[22:31:44.472] [DEBUG] loadTreeCmd start: cwd=/Users/iv/Developer/relux-proxy remote="" board="" user=""
[22:31:44.559] [INFO] loadTreeCmd success: roots=7
[22:31:44.559] [INFO] treeLoadedMsg applied: roots=7 rows=13 loadErr=<nil>
[22:31:54.472] [DEBUG] loadTreeCmd start: cwd=/Users/iv/Developer/relux-proxy remote="" board="" user=""
[22:31:54.563] [INFO] loadTreeCmd success: roots=7
[22:31:54.563] [INFO] treeLoadedMsg applied: roots=7 rows=13 loadErr=<nil>
[22:32:04.472] [DEBUG] loadTreeCmd start: cwd=/Users/iv/Developer/relux-proxy remote="" board="" user=""
[22:32:04.556] [INFO] loadTreeCmd success: roots=7
[22:32:04.556] [INFO] treeLoadedMsg applied: roots=7 rows=13 loadErr=<nil>
[22:32:14.472] [DEBUG] loadTreeCmd start: cwd=/Users/iv/Developer/relux-proxy remote="" board="" user=""
[22:32:14.565] [INFO] loadTreeCmd success: roots=7
[22:32:14.565] [INFO] treeLoadedMsg applied: roots=7 rows=13 loadErr=<nil>
[22:32:24.473] [DEBUG] loadTreeCmd start: cwd=/Users/iv/Developer/relux-proxy remote="" board="" user=""
[22:32:24.560] [INFO] loadTreeCmd success: roots=7
[22:32:24.560] [INFO] treeLoadedMsg applied: roots=7 rows=13 loadErr=<nil>
[22:32:34.473] [DEBUG] loadTreeCmd start: cwd=/Users/iv/Developer/relux-proxy remote="" board="" user=""
[22:32:34.563] [INFO] loadTreeCmd success: roots=7
[22:32:34.563] [INFO] treeLoadedMsg applied: roots=7 rows=13 loadErr=<nil>
[22:32:44.473] [DEBUG] loadTreeCmd start: cwd=/Users/iv/Developer/relux-proxy remote="" board="" user=""
[22:32:44.563] [INFO] loadTreeCmd success: roots=7
[22:32:44.563] [INFO] treeLoadedMsg applied: roots=7 rows=13 loadErr=<nil>
[22:32:54.474] [DEBUG] loadTreeCmd start: cwd=/Users/iv/Developer/relux-proxy remote="" board="" user=""
[22:32:54.561] [INFO] loadTreeCmd success: roots=7
[22:32:54.561] [INFO] treeLoadedMsg applied: roots=7 rows=13 loadErr=<nil>
[22:33:04.474] [DEBUG] loadTreeCmd start: cwd=/Users/iv/Developer/relux-proxy remote="" board="" user=""
[22:33:04.559] [INFO] loadTreeCmd success: roots=7
[22:33:04.559] [INFO] treeLoadedMsg applied: roots=7 rows=13 loadErr=<nil>
[22:33:14.474] [DEBUG] loadTreeCmd start: cwd=/Users/iv/Developer/relux-proxy remote="" board="" user=""
[22:33:14.567] [INFO] loadTreeCmd success: roots=7
[22:33:14.567] [INFO] treeLoadedMsg applied: roots=7 rows=13 loadErr=<nil>
[22:33:24.475] [DEBUG] loadTreeCmd start: cwd=/Users/iv/Developer/relux-proxy remote="" board="" user=""
[22:33:24.561] [INFO] loadTreeCmd success: roots=7
[22:33:24.562] [INFO] treeLoadedMsg applied: roots=7 rows=13 loadErr=<nil>
[22:33:34.475] [DEBUG] loadTreeCmd start: cwd=/Users/iv/Developer/relux-proxy remote="" board="" user=""
[22:33:34.561] [INFO] loadTreeCmd success: roots=7
[22:33:34.561] [INFO] treeLoadedMsg applied: roots=7 rows=13 loadErr=<nil>
[22:33:44.477] [DEBUG] loadTreeCmd start: cwd=/Users/iv/Developer/relux-proxy remote="" board="" user=""
[22:33:44.562] [INFO] loadTreeCmd success: roots=7
[22:33:44.563] [INFO] treeLoadedMsg applied: roots=7 rows=13 loadErr=<nil>
[22:33:54.479] [DEBUG] loadTreeCmd start: cwd=/Users/iv/Developer/relux-proxy remote="" board="" user=""
[22:33:54.566] [INFO] loadTreeCmd success: roots=7
[22:33:54.566] [INFO] treeLoadedMsg applied: roots=7 rows=13 loadErr=<nil>
[22:34:04.481] [DEBUG] loadTreeCmd start: cwd=/Users/iv/Developer/relux-proxy remote="" board="" user=""
[22:34:04.569] [INFO] loadTreeCmd success: roots=7
[22:34:04.569] [INFO] treeLoadedMsg applied: roots=7 rows=13 loadErr=<nil>
[22:34:14.481] [DEBUG] loadTreeCmd start: cwd=/Users/iv/Developer/relux-proxy remote="" board="" user=""
[22:34:14.568] [INFO] loadTreeCmd success: roots=7
[22:34:14.568] [INFO] treeLoadedMsg applied: roots=7 rows=13 loadErr=<nil>
[22:34:24.483] [DEBUG] loadTreeCmd start: cwd=/Users/iv/Developer/relux-proxy remote="" board="" user=""
[22:34:24.568] [INFO] loadTreeCmd success: roots=7
[22:34:24.569] [INFO] treeLoadedMsg applied: roots=7 rows=13 loadErr=<nil>
[22:34:34.485] [DEBUG] loadTreeCmd start: cwd=/Users/iv/Developer/relux-proxy remote="" board="" user=""
[22:34:34.571] [INFO] loadTreeCmd success: roots=7
[22:34:34.571] [INFO] treeLoadedMsg applied: roots=7 rows=13 loadErr=<nil>
[22:34:44.486] [DEBUG] loadTreeCmd start: cwd=/Users/iv/Developer/relux-proxy remote="" board="" user=""
[22:34:44.575] [INFO] loadTreeCmd success: roots=7
[22:34:44.575] [INFO] treeLoadedMsg applied: roots=7 rows=13 loadErr=<nil>
[22:34:54.486] [DEBUG] loadTreeCmd start: cwd=/Users/iv/Developer/relux-proxy remote="" board="" user=""
[22:34:54.572] [INFO] loadTreeCmd success: roots=7
[22:34:54.572] [INFO] treeLoadedMsg applied: roots=7 rows=13 loadErr=<nil>
[22:35:04.486] [DEBUG] loadTreeCmd start: cwd=/Users/iv/Developer/relux-proxy remote="" board="" user=""
[22:35:04.573] [INFO] loadTreeCmd success: roots=7
[22:35:04.573] [INFO] treeLoadedMsg applied: roots=7 rows=13 loadErr=<nil>
[22:35:14.486] [DEBUG] loadTreeCmd start: cwd=/Users/iv/Developer/relux-proxy remote="" board="" user=""
[22:35:14.575] [INFO] loadTreeCmd success: roots=7
[22:35:14.575] [INFO] treeLoadedMsg applied: roots=7 rows=13 loadErr=<nil>
[22:35:24.491] [DEBUG] loadTreeCmd start: cwd=/Users/iv/Developer/relux-proxy remote="" board="" user=""
[22:35:24.643] [INFO] loadTreeCmd success: roots=7
[22:35:24.643] [INFO] treeLoadedMsg applied: roots=7 rows=13 loadErr=<nil>
[22:35:34.488] [DEBUG] loadTreeCmd start: cwd=/Users/iv/Developer/relux-proxy remote="" board="" user=""
[22:35:34.577] [INFO] loadTreeCmd success: roots=7
[22:35:34.577] [INFO] treeLoadedMsg applied: roots=7 rows=13 loadErr=<nil>
[22:35:44.489] [DEBUG] loadTreeCmd start: cwd=/Users/iv/Developer/relux-proxy remote="" board="" user=""
[22:35:44.635] [INFO] loadTreeCmd success: roots=7
[22:35:44.642] [INFO] treeLoadedMsg applied: roots=7 rows=13 loadErr=<nil>
[22:35:54.490] [DEBUG] loadTreeCmd start: cwd=/Users/iv/Developer/relux-proxy remote="" board="" user=""
[22:35:54.577] [INFO] loadTreeCmd success: roots=7
[22:35:54.578] [INFO] treeLoadedMsg applied: roots=7 rows=13 loadErr=<nil>
[22:36:04.491] [DEBUG] loadTreeCmd start: cwd=/Users/iv/Developer/relux-proxy remote="" board="" user=""
[22:36:04.576] [INFO] loadTreeCmd success: roots=7
[22:36:04.576] [INFO] treeLoadedMsg applied: roots=7 rows=13 loadErr=<nil>
[22:36:14.492] [DEBUG] loadTreeCmd start: cwd=/Users/iv/Developer/relux-proxy remote="" board="" user=""
[22:36:14.585] [INFO] loadTreeCmd success: roots=7
[22:36:14.586] [INFO] treeLoadedMsg applied: roots=7 rows=13 loadErr=<nil>
[22:36:24.494] [DEBUG] loadTreeCmd start: cwd=/Users/iv/Developer/relux-proxy remote="" board="" user=""
[22:36:24.583] [INFO] loadTreeCmd success: roots=7
[22:36:24.583] [INFO] treeLoadedMsg applied: roots=7 rows=13 loadErr=<nil>
[22:36:34.495] [DEBUG] loadTreeCmd start: cwd=/Users/iv/Developer/relux-proxy remote="" board="" user=""
[22:36:34.582] [INFO] loadTreeCmd success: roots=7
[22:36:34.583] [INFO] treeLoadedMsg applied: roots=7 rows=13 loadErr=<nil>
[22:36:44.497] [DEBUG] loadTreeCmd start: cwd=/Users/iv/Developer/relux-proxy remote="" board="" user=""
[22:36:44.584] [INFO] loadTreeCmd success: roots=7
[22:36:44.584] [INFO] treeLoadedMsg applied: roots=7 rows=13 loadErr=<nil>
[22:36:54.499] [DEBUG] loadTreeCmd start: cwd=/Users/iv/Developer/relux-proxy remote="" board="" user=""
[22:36:54.590] [INFO] loadTreeCmd success: roots=7
[22:36:54.590] [INFO] treeLoadedMsg applied: roots=7 rows=13 loadErr=<nil>
[22:37:04.499] [DEBUG] loadTreeCmd start: cwd=/Users/iv/Developer/relux-proxy remote="" board="" user=""
[22:37:04.583] [INFO] loadTreeCmd success: roots=7
[22:37:04.584] [INFO] treeLoadedMsg applied: roots=7 rows=13 loadErr=<nil>
[22:37:14.500] [DEBUG] loadTreeCmd start: cwd=/Users/iv/Developer/relux-proxy remote="" board="" user=""
[22:37:14.587] [INFO] loadTreeCmd success: roots=7
[22:37:14.587] [INFO] treeLoadedMsg applied: roots=7 rows=13 loadErr=<nil>
[22:37:24.501] [DEBUG] loadTreeCmd start: cwd=/Users/iv/Developer/relux-proxy remote="" board="" user=""
[22:37:24.591] [INFO] loadTreeCmd success: roots=7
[22:37:24.591] [INFO] treeLoadedMsg applied: roots=7 rows=13 loadErr=<nil>
[22:37:34.501] [DEBUG] loadTreeCmd start: cwd=/Users/iv/Developer/relux-proxy remote="" board="" user=""
[22:37:34.588] [INFO] loadTreeCmd success: roots=7
[22:37:34.588] [INFO] treeLoadedMsg applied: roots=7 rows=13 loadErr=<nil>
[22:37:44.501] [DEBUG] loadTreeCmd start: cwd=/Users/iv/Developer/relux-proxy remote="" board="" user=""
[22:37:44.597] [INFO] loadTreeCmd success: roots=7
[22:37:44.598] [INFO] treeLoadedMsg applied: roots=7 rows=13 loadErr=<nil>
[22:37:54.501] [DEBUG] loadTreeCmd start: cwd=/Users/iv/Developer/relux-proxy remote="" board="" user=""
[22:37:54.596] [INFO] loadTreeCmd success: roots=7
[22:37:54.596] [INFO] treeLoadedMsg applied: roots=7 rows=13 loadErr=<nil>
[22:38:04.502] [DEBUG] loadTreeCmd start: cwd=/Users/iv/Developer/relux-proxy remote="" board="" user=""
[22:38:04.594] [INFO] loadTreeCmd success: roots=7
[22:38:04.594] [INFO] treeLoadedMsg applied: roots=7 rows=13 loadErr=<nil>
[22:38:14.502] [DEBUG] loadTreeCmd start: cwd=/Users/iv/Developer/relux-proxy remote="" board="" user=""
[22:38:14.589] [INFO] loadTreeCmd success: roots=7
[22:38:14.589] [INFO] treeLoadedMsg applied: roots=7 rows=13 loadErr=<nil>
[22:38:24.503] [DEBUG] loadTreeCmd start: cwd=/Users/iv/Developer/relux-proxy remote="" board="" user=""
[22:38:24.595] [INFO] loadTreeCmd success: roots=7
[22:38:24.595] [INFO] treeLoadedMsg applied: roots=7 rows=13 loadErr=<nil>
[22:38:34.503] [DEBUG] loadTreeCmd start: cwd=/Users/iv/Developer/relux-proxy remote="" board="" user=""
[22:38:34.587] [INFO] loadTreeCmd success: roots=7
[22:38:34.587] [INFO] treeLoadedMsg applied: roots=7 rows=13 loadErr=<nil>
[22:38:44.504] [DEBUG] loadTreeCmd start: cwd=/Users/iv/Developer/relux-proxy remote="" board="" user=""
[22:38:44.589] [INFO] loadTreeCmd success: roots=7
[22:38:44.590] [INFO] treeLoadedMsg applied: roots=7 rows=13 loadErr=<nil>
[22:38:54.505] [DEBUG] loadTreeCmd start: cwd=/Users/iv/Developer/relux-proxy remote="" board="" user=""
[22:38:54.600] [INFO] loadTreeCmd success: roots=7
[22:38:54.600] [INFO] treeLoadedMsg applied: roots=7 rows=13 loadErr=<nil>
[22:39:04.506] [DEBUG] loadTreeCmd start: cwd=/Users/iv/Developer/relux-proxy remote="" board="" user=""
[22:39:04.592] [INFO] loadTreeCmd success: roots=7
[22:39:04.592] [INFO] treeLoadedMsg applied: roots=7 rows=13 loadErr=<nil>
[22:39:14.507] [DEBUG] loadTreeCmd start: cwd=/Users/iv/Developer/relux-proxy remote="" board="" user=""
[22:39:14.593] [INFO] loadTreeCmd success: roots=7
[22:39:14.593] [INFO] treeLoadedMsg applied: roots=7 rows=13 loadErr=<nil>
[22:39:24.509] [DEBUG] loadTreeCmd start: cwd=/Users/iv/Developer/relux-proxy remote="" board="" user=""
[22:39:24.593] [INFO] loadTreeCmd success: roots=7
[22:39:24.593] [INFO] treeLoadedMsg applied: roots=7 rows=13 loadErr=<nil>
[22:39:34.511] [DEBUG] loadTreeCmd start: cwd=/Users/iv/Developer/relux-proxy remote="" board="" user=""
[22:39:34.602] [INFO] loadTreeCmd success: roots=7
[22:39:34.602] [INFO] treeLoadedMsg applied: roots=7 rows=13 loadErr=<nil>
[22:39:44.513] [DEBUG] loadTreeCmd start: cwd=/Users/iv/Developer/relux-proxy remote="" board="" user=""
[22:39:44.604] [INFO] loadTreeCmd success: roots=7
[22:39:44.604] [INFO] treeLoadedMsg applied: roots=7 rows=13 loadErr=<nil>
[22:39:54.514] [DEBUG] loadTreeCmd start: cwd=/Users/iv/Developer/relux-proxy remote="" board="" user=""
[22:39:54.601] [INFO] loadTreeCmd success: roots=7
[22:39:54.601] [INFO] treeLoadedMsg applied: roots=7 rows=13 loadErr=<nil>
[22:40:04.516] [DEBUG] loadTreeCmd start: cwd=/Users/iv/Developer/relux-proxy remote="" board="" user=""
[22:40:04.605] [INFO] loadTreeCmd success: roots=7
[22:40:04.605] [INFO] treeLoadedMsg applied: roots=7 rows=13 loadErr=<nil>
[22:40:14.516] [DEBUG] loadTreeCmd start: cwd=/Users/iv/Developer/relux-proxy remote="" board="" user=""
[22:40:14.607] [INFO] loadTreeCmd success: roots=7
[22:40:14.607] [INFO] treeLoadedMsg applied: roots=7 rows=13 loadErr=<nil>
[22:40:24.517] [DEBUG] loadTreeCmd start: cwd=/Users/iv/Developer/relux-proxy remote="" board="" user=""
[22:40:24.609] [INFO] loadTreeCmd success: roots=7
[22:40:24.609] [INFO] treeLoadedMsg applied: roots=7 rows=13 loadErr=<nil>
[22:40:34.516] [DEBUG] loadTreeCmd start: cwd=/Users/iv/Developer/relux-proxy remote="" board="" user=""
[22:40:34.602] [INFO] loadTreeCmd success: roots=7
[22:40:34.602] [INFO] treeLoadedMsg applied: roots=7 rows=13 loadErr=<nil>
[22:40:44.516] [DEBUG] loadTreeCmd start: cwd=/Users/iv/Developer/relux-proxy remote="" board="" user=""
[22:40:44.606] [INFO] loadTreeCmd success: roots=7
[22:40:44.606] [INFO] treeLoadedMsg applied: roots=7 rows=13 loadErr=<nil>
[22:40:54.517] [DEBUG] loadTreeCmd start: cwd=/Users/iv/Developer/relux-proxy remote="" board="" user=""
[22:40:54.599] [INFO] loadTreeCmd success: roots=7
[22:40:54.600] [INFO] treeLoadedMsg applied: roots=7 rows=13 loadErr=<nil>
[22:41:04.517] [DEBUG] loadTreeCmd start: cwd=/Users/iv/Developer/relux-proxy remote="" board="" user=""
[22:41:04.602] [INFO] loadTreeCmd success: roots=7
[22:41:04.602] [INFO] treeLoadedMsg applied: roots=7 rows=13 loadErr=<nil>
[22:41:14.517] [DEBUG] loadTreeCmd start: cwd=/Users/iv/Developer/relux-proxy remote="" board="" user=""
[22:41:14.599] [INFO] loadTreeCmd success: roots=7
[22:41:14.599] [INFO] treeLoadedMsg applied: roots=7 rows=13 loadErr=<nil>
[22:41:24.517] [DEBUG] loadTreeCmd start: cwd=/Users/iv/Developer/relux-proxy remote="" board="" user=""
[22:41:24.604] [INFO] loadTreeCmd success: roots=7
[22:41:24.604] [INFO] treeLoadedMsg applied: roots=7 rows=13 loadErr=<nil>
[22:41:34.518] [DEBUG] loadTreeCmd start: cwd=/Users/iv/Developer/relux-proxy remote="" board="" user=""
[22:41:34.600] [INFO] loadTreeCmd success: roots=7
[22:41:34.600] [INFO] treeLoadedMsg applied: roots=7 rows=13 loadErr=<nil>
[22:41:44.519] [DEBUG] loadTreeCmd start: cwd=/Users/iv/Developer/relux-proxy remote="" board="" user=""
[22:41:44.613] [INFO] loadTreeCmd success: roots=7
[22:41:44.613] [INFO] treeLoadedMsg applied: roots=7 rows=13 loadErr=<nil>
[22:41:54.520] [DEBUG] loadTreeCmd start: cwd=/Users/iv/Developer/relux-proxy remote="" board="" user=""
[22:41:54.601] [INFO] loadTreeCmd success: roots=7
[22:41:54.601] [INFO] treeLoadedMsg applied: roots=7 rows=13 loadErr=<nil>
[22:42:04.521] [DEBUG] loadTreeCmd start: cwd=/Users/iv/Developer/relux-proxy remote="" board="" user=""
[22:42:04.610] [INFO] loadTreeCmd success: roots=7
[22:42:04.611] [INFO] treeLoadedMsg applied: roots=7 rows=13 loadErr=<nil>
[22:42:14.522] [DEBUG] loadTreeCmd start: cwd=/Users/iv/Developer/relux-proxy remote="" board="" user=""
[22:42:14.613] [INFO] loadTreeCmd success: roots=7
[22:42:14.613] [INFO] treeLoadedMsg applied: roots=7 rows=13 loadErr=<nil>
[22:42:24.524] [DEBUG] loadTreeCmd start: cwd=/Users/iv/Developer/relux-proxy remote="" board="" user=""
[22:42:24.607] [INFO] loadTreeCmd success: roots=7
[22:42:24.607] [INFO] treeLoadedMsg applied: roots=7 rows=13 loadErr=<nil>
[22:42:34.526] [DEBUG] loadTreeCmd start: cwd=/Users/iv/Developer/relux-proxy remote="" board="" user=""
[22:42:34.609] [INFO] loadTreeCmd success: roots=7
[22:42:34.610] [INFO] treeLoadedMsg applied: roots=7 rows=13 loadErr=<nil>
[22:42:44.528] [DEBUG] loadTreeCmd start: cwd=/Users/iv/Developer/relux-proxy remote="" board="" user=""
[22:42:44.620] [INFO] loadTreeCmd success: roots=7
[22:42:44.620] [INFO] treeLoadedMsg applied: roots=7 rows=13 loadErr=<nil>
[22:42:54.529] [DEBUG] loadTreeCmd start: cwd=/Users/iv/Developer/relux-proxy remote="" board="" user=""
[22:42:54.612] [INFO] loadTreeCmd success: roots=7
[22:42:54.612] [INFO] treeLoadedMsg applied: roots=7 rows=13 loadErr=<nil>
[22:43:04.531] [DEBUG] loadTreeCmd start: cwd=/Users/iv/Developer/relux-proxy remote="" board="" user=""
[22:43:04.617] [INFO] loadTreeCmd success: roots=7
[22:43:04.617] [INFO] treeLoadedMsg applied: roots=7 rows=13 loadErr=<nil>
[22:43:14.531] [DEBUG] loadTreeCmd start: cwd=/Users/iv/Developer/relux-proxy remote="" board="" user=""
[22:43:14.616] [INFO] loadTreeCmd success: roots=7
[22:43:14.616] [INFO] treeLoadedMsg applied: roots=7 rows=13 loadErr=<nil>
[22:43:24.531] [DEBUG] loadTreeCmd start: cwd=/Users/iv/Developer/relux-proxy remote="" board="" user=""
[22:43:24.635] [INFO] loadTreeCmd success: roots=7
[22:43:24.635] [INFO] treeLoadedMsg applied: roots=7 rows=13 loadErr=<nil>
[22:43:34.531] [DEBUG] loadTreeCmd start: cwd=/Users/iv/Developer/relux-proxy remote="" board="" user=""
[22:43:34.620] [INFO] loadTreeCmd success: roots=7
[22:43:34.621] [INFO] treeLoadedMsg applied: roots=7 rows=13 loadErr=<nil>
[22:43:44.532] [DEBUG] loadTreeCmd start: cwd=/Users/iv/Developer/relux-proxy remote="" board="" user=""
[22:43:44.616] [INFO] loadTreeCmd success: roots=7
[22:43:44.617] [INFO] treeLoadedMsg applied: roots=7 rows=13 loadErr=<nil>
[22:43:54.532] [DEBUG] loadTreeCmd start: cwd=/Users/iv/Developer/relux-proxy remote="" board="" user=""
[22:43:54.619] [INFO] loadTreeCmd success: roots=7
[22:43:54.619] [INFO] treeLoadedMsg applied: roots=7 rows=13 loadErr=<nil>
[22:44:04.532] [DEBUG] loadTreeCmd start: cwd=/Users/iv/Developer/relux-proxy remote="" board="" user=""
[22:44:04.617] [INFO] loadTreeCmd success: roots=7
[22:44:04.617] [INFO] treeLoadedMsg applied: roots=7 rows=13 loadErr=<nil>
[22:44:14.533] [DEBUG] loadTreeCmd start: cwd=/Users/iv/Developer/relux-proxy remote="" board="" user=""
[22:44:14.617] [INFO] loadTreeCmd success: roots=7
[22:44:14.617] [INFO] treeLoadedMsg applied: roots=7 rows=13 loadErr=<nil>
[22:44:24.534] [DEBUG] loadTreeCmd start: cwd=/Users/iv/Developer/relux-proxy remote="" board="" user=""
[22:44:24.682] [INFO] loadTreeCmd success: roots=7
[22:44:24.682] [INFO] treeLoadedMsg applied: roots=7 rows=13 loadErr=<nil>
[22:44:34.534] [DEBUG] loadTreeCmd start: cwd=/Users/iv/Developer/relux-proxy remote="" board="" user=""
[22:44:34.682] [INFO] loadTreeCmd success: roots=7
[22:44:34.682] [INFO] treeLoadedMsg applied: roots=7 rows=13 loadErr=<nil>
[22:44:44.535] [DEBUG] loadTreeCmd start: cwd=/Users/iv/Developer/relux-proxy remote="" board="" user=""
[22:44:44.627] [INFO] loadTreeCmd success: roots=7
[22:44:44.631] [INFO] treeLoadedMsg applied: roots=7 rows=13 loadErr=<nil>
[22:44:54.536] [DEBUG] loadTreeCmd start: cwd=/Users/iv/Developer/relux-proxy remote="" board="" user=""
[22:44:54.630] [INFO] loadTreeCmd success: roots=7
[22:44:54.630] [INFO] treeLoadedMsg applied: roots=7 rows=13 loadErr=<nil>
[22:45:04.538] [DEBUG] loadTreeCmd start: cwd=/Users/iv/Developer/relux-proxy remote="" board="" user=""
[22:45:04.628] [INFO] loadTreeCmd success: roots=7
[22:45:04.628] [INFO] treeLoadedMsg applied: roots=7 rows=13 loadErr=<nil>
[22:45:14.538] [DEBUG] loadTreeCmd start: cwd=/Users/iv/Developer/relux-proxy remote="" board="" user=""
[22:45:14.624] [INFO] loadTreeCmd success: roots=7
[22:45:14.624] [INFO] treeLoadedMsg applied: roots=7 rows=13 loadErr=<nil>
[22:45:24.538] [DEBUG] loadTreeCmd start: cwd=/Users/iv/Developer/relux-proxy remote="" board="" user=""
[22:45:24.626] [INFO] loadTreeCmd success: roots=7
[22:45:24.626] [INFO] treeLoadedMsg applied: roots=7 rows=13 loadErr=<nil>
[22:45:34.540] [DEBUG] loadTreeCmd start: cwd=/Users/iv/Developer/relux-proxy remote="" board="" user=""
[22:45:34.629] [INFO] loadTreeCmd success: roots=7
[22:45:34.629] [INFO] treeLoadedMsg applied: roots=7 rows=13 loadErr=<nil>
[22:45:44.540] [DEBUG] loadTreeCmd start: cwd=/Users/iv/Developer/relux-proxy remote="" board="" user=""
[22:45:44.625] [INFO] loadTreeCmd success: roots=7
[22:45:44.626] [INFO] treeLoadedMsg applied: roots=7 rows=13 loadErr=<nil>
[22:45:54.542] [DEBUG] loadTreeCmd start: cwd=/Users/iv/Developer/relux-proxy remote="" board="" user=""
[22:45:54.629] [INFO] loadTreeCmd success: roots=7
[22:45:54.629] [INFO] treeLoadedMsg applied: roots=7 rows=13 loadErr=<nil>
[22:46:04.544] [DEBUG] loadTreeCmd start: cwd=/Users/iv/Developer/relux-proxy remote="" board="" user=""
[22:46:04.629] [INFO] loadTreeCmd success: roots=7
[22:46:04.629] [INFO] treeLoadedMsg applied: roots=7 rows=13 loadErr=<nil>
[22:46:14.546] [DEBUG] loadTreeCmd start: cwd=/Users/iv/Developer/relux-proxy remote="" board="" user=""
[22:46:14.628] [INFO] loadTreeCmd success: roots=7
[22:46:14.629] [INFO] treeLoadedMsg applied: roots=7 rows=13 loadErr=<nil>
[22:46:24.546] [DEBUG] loadTreeCmd start: cwd=/Users/iv/Developer/relux-proxy remote="" board="" user=""
[22:46:24.628] [INFO] loadTreeCmd success: roots=7
[22:46:24.628] [INFO] treeLoadedMsg applied: roots=7 rows=13 loadErr=<nil>
[22:46:34.546] [DEBUG] loadTreeCmd start: cwd=/Users/iv/Developer/relux-proxy remote="" board="" user=""
[22:46:34.627] [INFO] loadTreeCmd success: roots=7
[22:46:34.627] [INFO] treeLoadedMsg applied: roots=7 rows=13 loadErr=<nil>
[22:46:44.546] [DEBUG] loadTreeCmd start: cwd=/Users/iv/Developer/relux-proxy remote="" board="" user=""
[22:46:44.628] [INFO] loadTreeCmd success: roots=7
[22:46:44.628] [INFO] treeLoadedMsg applied: roots=7 rows=13 loadErr=<nil>
[22:46:54.546] [DEBUG] loadTreeCmd start: cwd=/Users/iv/Developer/relux-proxy remote="" board="" user=""
[22:46:54.632] [INFO] loadTreeCmd success: roots=7
[22:46:54.632] [INFO] treeLoadedMsg applied: roots=7 rows=13 loadErr=<nil>
[22:47:04.546] [DEBUG] loadTreeCmd start: cwd=/Users/iv/Developer/relux-proxy remote="" board="" user=""
[22:47:04.632] [INFO] loadTreeCmd success: roots=7
[22:47:04.632] [INFO] treeLoadedMsg applied: roots=7 rows=13 loadErr=<nil>
[22:47:14.546] [DEBUG] loadTreeCmd start: cwd=/Users/iv/Developer/relux-proxy remote="" board="" user=""
[22:47:14.636] [INFO] loadTreeCmd success: roots=7
[22:47:14.636] [INFO] treeLoadedMsg applied: roots=7 rows=13 loadErr=<nil>
[22:47:24.546] [DEBUG] loadTreeCmd start: cwd=/Users/iv/Developer/relux-proxy remote="" board="" user=""
[22:47:24.628] [INFO] loadTreeCmd success: roots=7
[22:47:24.628] [INFO] treeLoadedMsg applied: roots=7 rows=13 loadErr=<nil>
[22:47:34.547] [DEBUG] loadTreeCmd start: cwd=/Users/iv/Developer/relux-proxy remote="" board="" user=""
[22:47:34.635] [INFO] loadTreeCmd success: roots=7
[22:47:34.636] [INFO] treeLoadedMsg applied: roots=7 rows=13 loadErr=<nil>
[22:47:44.677] [DEBUG] loadTreeCmd start: cwd=/Users/iv/Developer/relux-proxy remote="" board="" user=""
[22:47:44.763] [INFO] loadTreeCmd success: roots=7
[22:47:44.764] [INFO] treeLoadedMsg applied: roots=7 rows=13 loadErr=<nil>
[22:47:54.677] [DEBUG] loadTreeCmd start: cwd=/Users/iv/Developer/relux-proxy remote="" board="" user=""
[22:47:54.759] [INFO] loadTreeCmd success: roots=7
[22:47:54.759] [INFO] treeLoadedMsg applied: roots=7 rows=13 loadErr=<nil>
[22:48:04.678] [DEBUG] loadTreeCmd start: cwd=/Users/iv/Developer/relux-proxy remote="" board="" user=""
[22:48:04.763] [INFO] loadTreeCmd success: roots=7
[22:48:04.763] [INFO] treeLoadedMsg applied: roots=7 rows=13 loadErr=<nil>
[22:48:14.679] [DEBUG] loadTreeCmd start: cwd=/Users/iv/Developer/relux-proxy remote="" board="" user=""
[22:48:14.761] [INFO] loadTreeCmd success: roots=7
[22:48:14.761] [INFO] treeLoadedMsg applied: roots=7 rows=13 loadErr=<nil>
[22:48:24.680] [DEBUG] loadTreeCmd start: cwd=/Users/iv/Developer/relux-proxy remote="" board="" user=""
[22:48:24.766] [INFO] loadTreeCmd success: roots=7
[22:48:24.766] [INFO] treeLoadedMsg applied: roots=7 rows=13 loadErr=<nil>
[22:48:34.682] [DEBUG] loadTreeCmd start: cwd=/Users/iv/Developer/relux-proxy remote="" board="" user=""
[22:48:34.767] [INFO] loadTreeCmd success: roots=7
[22:48:34.767] [INFO] treeLoadedMsg applied: roots=7 rows=13 loadErr=<nil>
[22:48:44.684] [DEBUG] loadTreeCmd start: cwd=/Users/iv/Developer/relux-proxy remote="" board="" user=""
[22:48:44.765] [INFO] loadTreeCmd success: roots=7
[22:48:44.765] [INFO] treeLoadedMsg applied: roots=7 rows=13 loadErr=<nil>
[22:48:54.684] [DEBUG] loadTreeCmd start: cwd=/Users/iv/Developer/relux-proxy remote="" board="" user=""
[22:48:54.769] [INFO] loadTreeCmd success: roots=7
[22:48:54.769] [INFO] treeLoadedMsg applied: roots=7 rows=13 loadErr=<nil>
[22:49:04.687] [DEBUG] loadTreeCmd start: cwd=/Users/iv/Developer/relux-proxy remote="" board="" user=""
[22:49:04.772] [INFO] loadTreeCmd success: roots=7
[22:49:04.772] [INFO] treeLoadedMsg applied: roots=7 rows=13 loadErr=<nil>
[22:49:14.689] [DEBUG] loadTreeCmd start: cwd=/Users/iv/Developer/relux-proxy remote="" board="" user=""
[22:49:14.770] [INFO] loadTreeCmd success: roots=7
[22:49:14.770] [INFO] treeLoadedMsg applied: roots=7 rows=13 loadErr=<nil>
[22:49:24.690] [DEBUG] loadTreeCmd start: cwd=/Users/iv/Developer/relux-proxy remote="" board="" user=""
[22:49:24.785] [INFO] loadTreeCmd success: roots=7
[22:49:24.785] [INFO] treeLoadedMsg applied: roots=7 rows=13 loadErr=<nil>
[22:49:34.692] [DEBUG] loadTreeCmd start: cwd=/Users/iv/Developer/relux-proxy remote="" board="" user=""
[22:49:34.786] [INFO] loadTreeCmd success: roots=7
[22:49:34.786] [INFO] treeLoadedMsg applied: roots=7 rows=13 loadErr=<nil>
[22:49:44.692] [DEBUG] loadTreeCmd start: cwd=/Users/iv/Developer/relux-proxy remote="" board="" user=""
[22:49:44.773] [INFO] loadTreeCmd success: roots=7
[22:49:44.773] [INFO] treeLoadedMsg applied: roots=7 rows=13 loadErr=<nil>
[22:49:54.692] [DEBUG] loadTreeCmd start: cwd=/Users/iv/Developer/relux-proxy remote="" board="" user=""
[22:49:54.780] [INFO] loadTreeCmd success: roots=7
[22:49:54.780] [INFO] treeLoadedMsg applied: roots=7 rows=13 loadErr=<nil>
[22:50:04.693] [DEBUG] loadTreeCmd start: cwd=/Users/iv/Developer/relux-proxy remote="" board="" user=""
[22:50:04.779] [INFO] loadTreeCmd success: roots=7
[22:50:04.779] [INFO] treeLoadedMsg applied: roots=7 rows=13 loadErr=<nil>
[22:50:14.693] [DEBUG] loadTreeCmd start: cwd=/Users/iv/Developer/relux-proxy remote="" board="" user=""
[22:50:14.782] [INFO] loadTreeCmd success: roots=7
[22:50:14.782] [INFO] treeLoadedMsg applied: roots=7 rows=13 loadErr=<nil>
[22:50:24.694] [DEBUG] loadTreeCmd start: cwd=/Users/iv/Developer/relux-proxy remote="" board="" user=""
[22:50:24.776] [INFO] loadTreeCmd success: roots=7
[22:50:24.776] [INFO] treeLoadedMsg applied: roots=7 rows=13 loadErr=<nil>
[22:50:34.694] [DEBUG] loadTreeCmd start: cwd=/Users/iv/Developer/relux-proxy remote="" board="" user=""
[22:50:34.782] [INFO] loadTreeCmd success: roots=7
[22:50:34.782] [INFO] treeLoadedMsg applied: roots=7 rows=13 loadErr=<nil>
[22:50:44.695] [DEBUG] loadTreeCmd start: cwd=/Users/iv/Developer/relux-proxy remote="" board="" user=""
[22:50:44.784] [INFO] loadTreeCmd success: roots=7
[22:50:44.785] [INFO] treeLoadedMsg applied: roots=7 rows=13 loadErr=<nil>
[22:50:54.695] [DEBUG] loadTreeCmd start: cwd=/Users/iv/Developer/relux-proxy remote="" board="" user=""
[22:50:54.786] [INFO] loadTreeCmd success: roots=7
[22:50:54.786] [INFO] treeLoadedMsg applied: roots=7 rows=13 loadErr=<nil>
[22:51:04.696] [DEBUG] loadTreeCmd start: cwd=/Users/iv/Developer/relux-proxy remote="" board="" user=""
[22:51:04.790] [INFO] loadTreeCmd success: roots=7
[22:51:04.790] [INFO] treeLoadedMsg applied: roots=7 rows=13 loadErr=<nil>
[22:51:14.697] [DEBUG] loadTreeCmd start: cwd=/Users/iv/Developer/relux-proxy remote="" board="" user=""
[22:51:14.784] [INFO] loadTreeCmd success: roots=7
[22:51:14.785] [INFO] treeLoadedMsg applied: roots=7 rows=13 loadErr=<nil>
[22:51:24.699] [DEBUG] loadTreeCmd start: cwd=/Users/iv/Developer/relux-proxy remote="" board="" user=""
[22:51:24.787] [INFO] loadTreeCmd success: roots=7
[22:51:24.788] [INFO] treeLoadedMsg applied: roots=7 rows=13 loadErr=<nil>
[22:51:34.700] [DEBUG] loadTreeCmd start: cwd=/Users/iv/Developer/relux-proxy remote="" board="" user=""
[22:51:34.784] [INFO] loadTreeCmd success: roots=7
[22:51:34.784] [INFO] treeLoadedMsg applied: roots=7 rows=13 loadErr=<nil>
[22:51:44.702] [DEBUG] loadTreeCmd start: cwd=/Users/iv/Developer/relux-proxy remote="" board="" user=""
[22:51:44.793] [INFO] loadTreeCmd success: roots=7
[22:51:44.793] [INFO] treeLoadedMsg applied: roots=7 rows=13 loadErr=<nil>
[22:51:54.704] [DEBUG] loadTreeCmd start: cwd=/Users/iv/Developer/relux-proxy remote="" board="" user=""
[22:51:54.790] [INFO] loadTreeCmd success: roots=7
[22:51:54.790] [INFO] treeLoadedMsg applied: roots=7 rows=13 loadErr=<nil>
[22:52:04.706] [DEBUG] loadTreeCmd start: cwd=/Users/iv/Developer/relux-proxy remote="" board="" user=""
[22:52:04.796] [INFO] loadTreeCmd success: roots=7
[22:52:04.797] [INFO] treeLoadedMsg applied: roots=7 rows=13 loadErr=<nil>
[22:52:14.708] [DEBUG] loadTreeCmd start: cwd=/Users/iv/Developer/relux-proxy remote="" board="" user=""
[22:52:14.798] [INFO] loadTreeCmd success: roots=7
[22:52:14.799] [INFO] treeLoadedMsg applied: roots=7 rows=13 loadErr=<nil>
[22:52:24.710] [DEBUG] loadTreeCmd start: cwd=/Users/iv/Developer/relux-proxy remote="" board="" user=""
[22:52:24.800] [INFO] loadTreeCmd success: roots=7
[22:52:24.800] [INFO] treeLoadedMsg applied: roots=7 rows=13 loadErr=<nil>
[22:52:34.710] [DEBUG] loadTreeCmd start: cwd=/Users/iv/Developer/relux-proxy remote="" board="" user=""
[22:52:34.797] [INFO] loadTreeCmd success: roots=7
[22:52:34.797] [INFO] treeLoadedMsg applied: roots=7 rows=13 loadErr=<nil>
[22:52:44.710] [DEBUG] loadTreeCmd start: cwd=/Users/iv/Developer/relux-proxy remote="" board="" user=""
[22:52:44.802] [INFO] loadTreeCmd success: roots=7
[22:52:44.802] [INFO] treeLoadedMsg applied: roots=7 rows=13 loadErr=<nil>
[22:52:54.710] [DEBUG] loadTreeCmd start: cwd=/Users/iv/Developer/relux-proxy remote="" board="" user=""
[22:52:54.804] [INFO] loadTreeCmd success: roots=7
[22:52:54.804] [INFO] treeLoadedMsg applied: roots=7 rows=13 loadErr=<nil>
[22:53:04.711] [DEBUG] loadTreeCmd start: cwd=/Users/iv/Developer/relux-proxy remote="" board="" user=""
[22:53:04.799] [INFO] loadTreeCmd success: roots=7
[22:53:04.799] [INFO] treeLoadedMsg applied: roots=7 rows=13 loadErr=<nil>
[22:53:14.711] [DEBUG] loadTreeCmd start: cwd=/Users/iv/Developer/relux-proxy remote="" board="" user=""
[22:53:15.009] [INFO] loadTreeCmd success: roots=7
[22:53:15.009] [INFO] treeLoadedMsg applied: roots=7 rows=13 loadErr=<nil>
[22:53:24.711] [DEBUG] loadTreeCmd start: cwd=/Users/iv/Developer/relux-proxy remote="" board="" user=""
[22:53:25.003] [INFO] loadTreeCmd success: roots=7
[22:53:25.004] [INFO] treeLoadedMsg applied: roots=7 rows=13 loadErr=<nil>
[22:53:34.712] [DEBUG] loadTreeCmd start: cwd=/Users/iv/Developer/relux-proxy remote="" board="" user=""
[22:53:35.001] [INFO] loadTreeCmd success: roots=7
[22:53:35.001] [INFO] treeLoadedMsg applied: roots=7 rows=13 loadErr=<nil>
[22:53:44.712] [DEBUG] loadTreeCmd start: cwd=/Users/iv/Developer/relux-proxy remote="" board="" user=""
[22:53:45.008] [INFO] loadTreeCmd success: roots=7
[22:53:45.009] [INFO] treeLoadedMsg applied: roots=7 rows=13 loadErr=<nil>
[22:53:54.713] [DEBUG] loadTreeCmd start: cwd=/Users/iv/Developer/relux-proxy remote="" board="" user=""
[22:53:54.801] [INFO] loadTreeCmd success: roots=7
[22:53:54.801] [INFO] treeLoadedMsg applied: roots=7 rows=13 loadErr=<nil>
[22:54:04.713] [DEBUG] loadTreeCmd start: cwd=/Users/iv/Developer/relux-proxy remote="" board="" user=""
[22:54:04.805] [INFO] loadTreeCmd success: roots=7
[22:54:04.805] [INFO] treeLoadedMsg applied: roots=7 rows=13 loadErr=<nil>
[22:54:14.714] [DEBUG] loadTreeCmd start: cwd=/Users/iv/Developer/relux-proxy remote="" board="" user=""
[22:54:14.804] [INFO] loadTreeCmd success: roots=7
[22:54:14.804] [INFO] treeLoadedMsg applied: roots=7 rows=13 loadErr=<nil>
[22:54:24.716] [DEBUG] loadTreeCmd start: cwd=/Users/iv/Developer/relux-proxy remote="" board="" user=""
[22:54:24.799] [INFO] loadTreeCmd success: roots=7
[22:54:24.799] [INFO] treeLoadedMsg applied: roots=7 rows=13 loadErr=<nil>
[22:54:34.717] [DEBUG] loadTreeCmd start: cwd=/Users/iv/Developer/relux-proxy remote="" board="" user=""
[22:54:34.802] [INFO] loadTreeCmd success: roots=7
[22:54:34.802] [INFO] treeLoadedMsg applied: roots=7 rows=13 loadErr=<nil>
[22:54:44.719] [DEBUG] loadTreeCmd start: cwd=/Users/iv/Developer/relux-proxy remote="" board="" user=""
[22:54:44.803] [INFO] loadTreeCmd success: roots=7
[22:54:44.803] [INFO] treeLoadedMsg applied: roots=7 rows=13 loadErr=<nil>
[22:54:54.721] [DEBUG] loadTreeCmd start: cwd=/Users/iv/Developer/relux-proxy remote="" board="" user=""
[22:54:54.807] [INFO] loadTreeCmd success: roots=7
[22:54:54.807] [INFO] treeLoadedMsg applied: roots=7 rows=13 loadErr=<nil>
[22:55:04.721] [DEBUG] loadTreeCmd start: cwd=/Users/iv/Developer/relux-proxy remote="" board="" user=""
[22:55:04.812] [INFO] loadTreeCmd success: roots=7
[22:55:04.812] [INFO] treeLoadedMsg applied: roots=7 rows=13 loadErr=<nil>
[22:55:14.724] [DEBUG] loadTreeCmd start: cwd=/Users/iv/Developer/relux-proxy remote="" board="" user=""
[22:55:14.809] [INFO] loadTreeCmd success: roots=7
[22:55:14.809] [INFO] treeLoadedMsg applied: roots=7 rows=13 loadErr=<nil>
[22:55:24.726] [DEBUG] loadTreeCmd start: cwd=/Users/iv/Developer/relux-proxy remote="" board="" user=""
[22:55:24.810] [INFO] loadTreeCmd success: roots=7
[22:55:24.810] [INFO] treeLoadedMsg applied: roots=7 rows=13 loadErr=<nil>
[22:55:34.728] [DEBUG] loadTreeCmd start: cwd=/Users/iv/Developer/relux-proxy remote="" board="" user=""
[22:55:34.817] [INFO] loadTreeCmd success: roots=7
[22:55:34.817] [INFO] treeLoadedMsg applied: roots=7 rows=13 loadErr=<nil>
[22:55:44.729] [DEBUG] loadTreeCmd start: cwd=/Users/iv/Developer/relux-proxy remote="" board="" user=""
[22:55:44.823] [INFO] loadTreeCmd success: roots=7
[22:55:44.823] [INFO] treeLoadedMsg applied: roots=7 rows=13 loadErr=<nil>
[22:55:54.729] [DEBUG] loadTreeCmd start: cwd=/Users/iv/Developer/relux-proxy remote="" board="" user=""
[22:55:54.823] [INFO] loadTreeCmd success: roots=7
[22:55:54.823] [INFO] treeLoadedMsg applied: roots=7 rows=13 loadErr=<nil>
[22:56:04.729] [DEBUG] loadTreeCmd start: cwd=/Users/iv/Developer/relux-proxy remote="" board="" user=""
[22:56:04.819] [INFO] loadTreeCmd success: roots=7
[22:56:04.819] [INFO] treeLoadedMsg applied: roots=7 rows=13 loadErr=<nil>
[22:56:14.730] [DEBUG] loadTreeCmd start: cwd=/Users/iv/Developer/relux-proxy remote="" board="" user=""
[22:56:14.820] [INFO] loadTreeCmd success: roots=7
[22:56:14.821] [INFO] treeLoadedMsg applied: roots=7 rows=13 loadErr=<nil>
[22:56:24.730] [DEBUG] loadTreeCmd start: cwd=/Users/iv/Developer/relux-proxy remote="" board="" user=""
[22:56:24.815] [INFO] loadTreeCmd success: roots=7
[22:56:24.815] [INFO] treeLoadedMsg applied: roots=7 rows=13 loadErr=<nil>
[22:56:34.731] [DEBUG] loadTreeCmd start: cwd=/Users/iv/Developer/relux-proxy remote="" board="" user=""
[22:56:34.811] [INFO] loadTreeCmd success: roots=7
[22:56:34.811] [INFO] treeLoadedMsg applied: roots=7 rows=13 loadErr=<nil>
[22:56:44.732] [DEBUG] loadTreeCmd start: cwd=/Users/iv/Developer/relux-proxy remote="" board="" user=""
[22:56:44.817] [INFO] loadTreeCmd success: roots=7
[22:56:44.817] [INFO] treeLoadedMsg applied: roots=7 rows=13 loadErr=<nil>
[22:56:54.733] [DEBUG] loadTreeCmd start: cwd=/Users/iv/Developer/relux-proxy remote="" board="" user=""
[22:56:54.821] [INFO] loadTreeCmd success: roots=7
[22:56:54.821] [INFO] treeLoadedMsg applied: roots=7 rows=13 loadErr=<nil>
[22:57:04.733] [DEBUG] loadTreeCmd start: cwd=/Users/iv/Developer/relux-proxy remote="" board="" user=""
[22:57:04.821] [INFO] loadTreeCmd success: roots=7
[22:57:04.821] [INFO] treeLoadedMsg applied: roots=7 rows=13 loadErr=<nil>
[22:57:14.734] [DEBUG] loadTreeCmd start: cwd=/Users/iv/Developer/relux-proxy remote="" board="" user=""
[22:57:14.826] [INFO] loadTreeCmd success: roots=7
[22:57:14.826] [INFO] treeLoadedMsg applied: roots=7 rows=13 loadErr=<nil>
[22:57:24.736] [DEBUG] loadTreeCmd start: cwd=/Users/iv/Developer/relux-proxy remote="" board="" user=""
[22:57:24.825] [INFO] loadTreeCmd success: roots=7
[22:57:24.825] [INFO] treeLoadedMsg applied: roots=7 rows=13 loadErr=<nil>
[22:57:34.737] [DEBUG] loadTreeCmd start: cwd=/Users/iv/Developer/relux-proxy remote="" board="" user=""
[22:57:34.823] [INFO] loadTreeCmd success: roots=7
[22:57:34.824] [INFO] treeLoadedMsg applied: roots=7 rows=13 loadErr=<nil>
[22:57:44.739] [DEBUG] loadTreeCmd start: cwd=/Users/iv/Developer/relux-proxy remote="" board="" user=""
[22:57:44.838] [INFO] loadTreeCmd success: roots=7
[22:57:44.838] [INFO] treeLoadedMsg applied: roots=7 rows=13 loadErr=<nil>
[22:57:54.741] [DEBUG] loadTreeCmd start: cwd=/Users/iv/Developer/relux-proxy remote="" board="" user=""
[22:57:54.826] [INFO] loadTreeCmd success: roots=7
[22:57:54.827] [INFO] treeLoadedMsg applied: roots=7 rows=13 loadErr=<nil>
[22:58:04.743] [DEBUG] loadTreeCmd start: cwd=/Users/iv/Developer/relux-proxy remote="" board="" user=""
[22:58:04.832] [INFO] loadTreeCmd success: roots=7
[22:58:04.832] [INFO] treeLoadedMsg applied: roots=7 rows=13 loadErr=<nil>
[22:58:14.745] [DEBUG] loadTreeCmd start: cwd=/Users/iv/Developer/relux-proxy remote="" board="" user=""
[22:58:14.834] [INFO] loadTreeCmd success: roots=7
[22:58:14.834] [INFO] treeLoadedMsg applied: roots=7 rows=13 loadErr=<nil>
[22:58:24.746] [DEBUG] loadTreeCmd start: cwd=/Users/iv/Developer/relux-proxy remote="" board="" user=""
[22:58:24.831] [INFO] loadTreeCmd success: roots=7
[22:58:24.832] [INFO] treeLoadedMsg applied: roots=7 rows=13 loadErr=<nil>
[22:58:34.747] [DEBUG] loadTreeCmd start: cwd=/Users/iv/Developer/relux-proxy remote="" board="" user=""
[22:58:34.835] [INFO] loadTreeCmd success: roots=7
[22:58:34.835] [INFO] treeLoadedMsg applied: roots=7 rows=13 loadErr=<nil>
[22:58:44.747] [DEBUG] loadTreeCmd start: cwd=/Users/iv/Developer/relux-proxy remote="" board="" user=""
[22:58:44.836] [INFO] loadTreeCmd success: roots=7
[22:58:44.836] [INFO] treeLoadedMsg applied: roots=7 rows=13 loadErr=<nil>
[22:58:54.747] [DEBUG] loadTreeCmd start: cwd=/Users/iv/Developer/relux-proxy remote="" board="" user=""
[22:58:54.833] [INFO] loadTreeCmd success: roots=7
[22:58:54.834] [INFO] treeLoadedMsg applied: roots=7 rows=13 loadErr=<nil>
[22:59:04.748] [DEBUG] loadTreeCmd start: cwd=/Users/iv/Developer/relux-proxy remote="" board="" user=""
[22:59:04.837] [INFO] loadTreeCmd success: roots=7
[22:59:04.837] [INFO] treeLoadedMsg applied: roots=7 rows=13 loadErr=<nil>
[22:59:14.748] [DEBUG] loadTreeCmd start: cwd=/Users/iv/Developer/relux-proxy remote="" board="" user=""
[22:59:14.837] [INFO] loadTreeCmd success: roots=7
[22:59:14.837] [INFO] treeLoadedMsg applied: roots=7 rows=13 loadErr=<nil>
[22:59:24.749] [DEBUG] loadTreeCmd start: cwd=/Users/iv/Developer/relux-proxy remote="" board="" user=""
[22:59:24.840] [INFO] loadTreeCmd success: roots=7
[22:59:24.841] [INFO] treeLoadedMsg applied: roots=7 rows=13 loadErr=<nil>
[22:59:34.749] [DEBUG] loadTreeCmd start: cwd=/Users/iv/Developer/relux-proxy remote="" board="" user=""
[22:59:34.839] [INFO] loadTreeCmd success: roots=7
[22:59:34.839] [INFO] treeLoadedMsg applied: roots=7 rows=13 loadErr=<nil>
[22:59:44.750] [DEBUG] loadTreeCmd start: cwd=/Users/iv/Developer/relux-proxy remote="" board="" user=""
[22:59:44.834] [INFO] loadTreeCmd success: roots=7
[22:59:44.835] [INFO] treeLoadedMsg applied: roots=7 rows=13 loadErr=<nil>
[22:59:54.751] [DEBUG] loadTreeCmd start: cwd=/Users/iv/Developer/relux-proxy remote="" board="" user=""
[22:59:54.842] [INFO] loadTreeCmd success: roots=7
[22:59:54.842] [INFO] treeLoadedMsg applied: roots=7 rows=13 loadErr=<nil>
[23:00:04.751] [DEBUG] loadTreeCmd start: cwd=/Users/iv/Developer/relux-proxy remote="" board="" user=""
[23:00:04.837] [INFO] loadTreeCmd success: roots=7
[23:00:04.837] [INFO] treeLoadedMsg applied: roots=7 rows=13 loadErr=<nil>
[23:00:14.752] [DEBUG] loadTreeCmd start: cwd=/Users/iv/Developer/relux-proxy remote="" board="" user=""
[23:00:14.840] [INFO] loadTreeCmd success: roots=7
[23:00:14.840] [INFO] treeLoadedMsg applied: roots=7 rows=13 loadErr=<nil>
[23:00:24.753] [DEBUG] loadTreeCmd start: cwd=/Users/iv/Developer/relux-proxy remote="" board="" user=""
[23:00:24.840] [INFO] loadTreeCmd success: roots=7
[23:00:24.840] [INFO] treeLoadedMsg applied: roots=7 rows=13 loadErr=<nil>
[23:00:34.754] [DEBUG] loadTreeCmd start: cwd=/Users/iv/Developer/relux-proxy remote="" board="" user=""
[23:00:34.836] [INFO] loadTreeCmd success: roots=7
[23:00:34.837] [INFO] treeLoadedMsg applied: roots=7 rows=13 loadErr=<nil>
[23:00:44.755] [DEBUG] loadTreeCmd start: cwd=/Users/iv/Developer/relux-proxy remote="" board="" user=""
[23:00:44.844] [INFO] loadTreeCmd success: roots=7
[23:00:44.844] [INFO] treeLoadedMsg applied: roots=7 rows=13 loadErr=<nil>
[23:00:54.756] [DEBUG] loadTreeCmd start: cwd=/Users/iv/Developer/relux-proxy remote="" board="" user=""
[23:00:54.842] [INFO] loadTreeCmd success: roots=7
[23:00:54.842] [INFO] treeLoadedMsg applied: roots=7 rows=13 loadErr=<nil>
[23:01:04.757] [DEBUG] loadTreeCmd start: cwd=/Users/iv/Developer/relux-proxy remote="" board="" user=""
[23:01:04.852] [INFO] loadTreeCmd success: roots=7
[23:01:04.852] [INFO] treeLoadedMsg applied: roots=7 rows=13 loadErr=<nil>
[23:01:14.758] [DEBUG] loadTreeCmd start: cwd=/Users/iv/Developer/relux-proxy remote="" board="" user=""
[23:01:14.845] [INFO] loadTreeCmd success: roots=7
[23:01:14.845] [INFO] treeLoadedMsg applied: roots=7 rows=13 loadErr=<nil>
[23:01:24.759] [DEBUG] loadTreeCmd start: cwd=/Users/iv/Developer/relux-proxy remote="" board="" user=""
[23:01:24.848] [INFO] loadTreeCmd success: roots=7
[23:01:24.848] [INFO] treeLoadedMsg applied: roots=7 rows=13 loadErr=<nil>
[23:01:34.760] [DEBUG] loadTreeCmd start: cwd=/Users/iv/Developer/relux-proxy remote="" board="" user=""
[23:01:34.847] [INFO] loadTreeCmd success: roots=7
[23:01:34.847] [INFO] treeLoadedMsg applied: roots=7 rows=13 loadErr=<nil>
[23:01:44.761] [DEBUG] loadTreeCmd start: cwd=/Users/iv/Developer/relux-proxy remote="" board="" user=""
[23:01:44.897] [INFO] loadTreeCmd success: roots=7
[23:01:44.898] [INFO] treeLoadedMsg applied: roots=7 rows=13 loadErr=<nil>
[23:01:54.762] [DEBUG] loadTreeCmd start: cwd=/Users/iv/Developer/relux-proxy remote="" board="" user=""
[23:01:54.849] [INFO] loadTreeCmd success: roots=7
[23:01:54.849] [INFO] treeLoadedMsg applied: roots=7 rows=13 loadErr=<nil>
[23:02:04.762] [DEBUG] loadTreeCmd start: cwd=/Users/iv/Developer/relux-proxy remote="" board="" user=""
[23:02:04.851] [INFO] loadTreeCmd success: roots=7
[23:02:04.851] [INFO] treeLoadedMsg applied: roots=7 rows=13 loadErr=<nil>
[23:02:14.763] [DEBUG] loadTreeCmd start: cwd=/Users/iv/Developer/relux-proxy remote="" board="" user=""
[23:02:14.853] [INFO] loadTreeCmd success: roots=7
[23:02:14.853] [INFO] treeLoadedMsg applied: roots=7 rows=13 loadErr=<nil>
[23:02:24.764] [DEBUG] loadTreeCmd start: cwd=/Users/iv/Developer/relux-proxy remote="" board="" user=""
[23:02:24.851] [INFO] loadTreeCmd success: roots=7
[23:02:24.851] [INFO] treeLoadedMsg applied: roots=7 rows=13 loadErr=<nil>
[23:02:34.764] [DEBUG] loadTreeCmd start: cwd=/Users/iv/Developer/relux-proxy remote="" board="" user=""
[23:02:34.850] [INFO] loadTreeCmd success: roots=7
[23:02:34.851] [INFO] treeLoadedMsg applied: roots=7 rows=13 loadErr=<nil>
[23:02:44.764] [DEBUG] loadTreeCmd start: cwd=/Users/iv/Developer/relux-proxy remote="" board="" user=""
[23:02:44.853] [INFO] loadTreeCmd success: roots=7
[23:02:44.853] [INFO] treeLoadedMsg applied: roots=7 rows=13 loadErr=<nil>
[23:02:54.764] [DEBUG] loadTreeCmd start: cwd=/Users/iv/Developer/relux-proxy remote="" board="" user=""
[23:02:54.851] [INFO] loadTreeCmd success: roots=7
[23:02:54.851] [INFO] treeLoadedMsg applied: roots=7 rows=13 loadErr=<nil>
[23:03:04.764] [DEBUG] loadTreeCmd start: cwd=/Users/iv/Developer/relux-proxy remote="" board="" user=""
[23:03:04.855] [INFO] loadTreeCmd success: roots=7
[23:03:04.855] [INFO] treeLoadedMsg applied: roots=7 rows=13 loadErr=<nil>
[23:03:14.765] [DEBUG] loadTreeCmd start: cwd=/Users/iv/Developer/relux-proxy remote="" board="" user=""
[23:03:14.851] [INFO] loadTreeCmd success: roots=7
[23:03:14.851] [INFO] treeLoadedMsg applied: roots=7 rows=13 loadErr=<nil>
[23:03:24.765] [DEBUG] loadTreeCmd start: cwd=/Users/iv/Developer/relux-proxy remote="" board="" user=""
[23:03:24.852] [INFO] loadTreeCmd success: roots=7
[23:03:24.852] [INFO] treeLoadedMsg applied: roots=7 rows=13 loadErr=<nil>
[23:03:34.765] [DEBUG] loadTreeCmd start: cwd=/Users/iv/Developer/relux-proxy remote="" board="" user=""
[23:03:34.853] [INFO] loadTreeCmd success: roots=7
[23:03:34.853] [INFO] treeLoadedMsg applied: roots=7 rows=13 loadErr=<nil>
[23:03:44.765] [DEBUG] loadTreeCmd start: cwd=/Users/iv/Developer/relux-proxy remote="" board="" user=""
[23:03:44.851] [INFO] loadTreeCmd success: roots=7
[23:03:44.852] [INFO] treeLoadedMsg applied: roots=7 rows=13 loadErr=<nil>
[23:03:54.766] [DEBUG] loadTreeCmd start: cwd=/Users/iv/Developer/relux-proxy remote="" board="" user=""
[23:03:54.863] [INFO] loadTreeCmd success: roots=7
[23:03:54.864] [INFO] treeLoadedMsg applied: roots=7 rows=13 loadErr=<nil>
[23:04:04.766] [DEBUG] loadTreeCmd start: cwd=/Users/iv/Developer/relux-proxy remote="" board="" user=""
[23:04:04.858] [INFO] loadTreeCmd success: roots=7
[23:04:04.859] [INFO] treeLoadedMsg applied: roots=7 rows=13 loadErr=<nil>
[23:04:14.766] [DEBUG] loadTreeCmd start: cwd=/Users/iv/Developer/relux-proxy remote="" board="" user=""
[23:04:14.859] [INFO] loadTreeCmd success: roots=7
[23:04:14.859] [INFO] treeLoadedMsg applied: roots=7 rows=13 loadErr=<nil>
[23:04:24.767] [DEBUG] loadTreeCmd start: cwd=/Users/iv/Developer/relux-proxy remote="" board="" user=""
[23:04:24.855] [INFO] loadTreeCmd success: roots=7
[23:04:24.855] [INFO] treeLoadedMsg applied: roots=7 rows=13 loadErr=<nil>
[23:04:34.767] [DEBUG] loadTreeCmd start: cwd=/Users/iv/Developer/relux-proxy remote="" board="" user=""
[23:04:34.854] [INFO] loadTreeCmd success: roots=7
[23:04:34.854] [INFO] treeLoadedMsg applied: roots=7 rows=13 loadErr=<nil>
[23:04:44.768] [DEBUG] loadTreeCmd start: cwd=/Users/iv/Developer/relux-proxy remote="" board="" user=""
[23:04:44.858] [INFO] loadTreeCmd success: roots=7
[23:04:44.858] [INFO] treeLoadedMsg applied: roots=7 rows=13 loadErr=<nil>
[23:04:54.768] [DEBUG] loadTreeCmd start: cwd=/Users/iv/Developer/relux-proxy remote="" board="" user=""
[23:04:54.854] [INFO] loadTreeCmd success: roots=7
[23:04:54.854] [INFO] treeLoadedMsg applied: roots=7 rows=13 loadErr=<nil>
[23:05:04.769] [DEBUG] loadTreeCmd start: cwd=/Users/iv/Developer/relux-proxy remote="" board="" user=""
[23:05:04.854] [INFO] loadTreeCmd success: roots=7
[23:05:04.854] [INFO] treeLoadedMsg applied: roots=7 rows=13 loadErr=<nil>
[23:05:14.770] [DEBUG] loadTreeCmd start: cwd=/Users/iv/Developer/relux-proxy remote="" board="" user=""
[23:05:14.857] [INFO] loadTreeCmd success: roots=7
[23:05:14.857] [INFO] treeLoadedMsg applied: roots=7 rows=13 loadErr=<nil>
[23:05:24.770] [DEBUG] loadTreeCmd start: cwd=/Users/iv/Developer/relux-proxy remote="" board="" user=""
[23:05:24.856] [INFO] loadTreeCmd success: roots=7
[23:05:24.857] [INFO] treeLoadedMsg applied: roots=7 rows=13 loadErr=<nil>
[23:05:34.771] [DEBUG] loadTreeCmd start: cwd=/Users/iv/Developer/relux-proxy remote="" board="" user=""
[23:05:34.857] [INFO] loadTreeCmd success: roots=7
[23:05:34.857] [INFO] treeLoadedMsg applied: roots=7 rows=13 loadErr=<nil>
[23:05:44.772] [DEBUG] loadTreeCmd start: cwd=/Users/iv/Developer/relux-proxy remote="" board="" user=""
[23:05:44.861] [INFO] loadTreeCmd success: roots=7
[23:05:44.862] [INFO] treeLoadedMsg applied: roots=7 rows=13 loadErr=<nil>
[23:05:54.773] [DEBUG] loadTreeCmd start: cwd=/Users/iv/Developer/relux-proxy remote="" board="" user=""
[23:05:54.860] [INFO] loadTreeCmd success: roots=7
[23:05:54.861] [INFO] treeLoadedMsg applied: roots=7 rows=13 loadErr=<nil>
[23:06:04.774] [DEBUG] loadTreeCmd start: cwd=/Users/iv/Developer/relux-proxy remote="" board="" user=""
[23:06:04.863] [INFO] loadTreeCmd success: roots=7
[23:06:04.863] [INFO] treeLoadedMsg applied: roots=7 rows=13 loadErr=<nil>
[23:06:14.775] [DEBUG] loadTreeCmd start: cwd=/Users/iv/Developer/relux-proxy remote="" board="" user=""
[23:06:14.866] [INFO] loadTreeCmd success: roots=7
[23:06:14.866] [INFO] treeLoadedMsg applied: roots=7 rows=13 loadErr=<nil>
[23:06:24.776] [DEBUG] loadTreeCmd start: cwd=/Users/iv/Developer/relux-proxy remote="" board="" user=""
[23:06:24.861] [INFO] loadTreeCmd success: roots=7
[23:06:24.861] [INFO] treeLoadedMsg applied: roots=7 rows=13 loadErr=<nil>
[23:06:34.777] [DEBUG] loadTreeCmd start: cwd=/Users/iv/Developer/relux-proxy remote="" board="" user=""
[23:06:34.870] [INFO] loadTreeCmd success: roots=7
[23:06:34.870] [INFO] treeLoadedMsg applied: roots=7 rows=13 loadErr=<nil>
[23:06:44.778] [DEBUG] loadTreeCmd start: cwd=/Users/iv/Developer/relux-proxy remote="" board="" user=""
[23:06:44.864] [INFO] loadTreeCmd success: roots=7
[23:06:44.864] [INFO] treeLoadedMsg applied: roots=7 rows=13 loadErr=<nil>
[23:06:54.779] [DEBUG] loadTreeCmd start: cwd=/Users/iv/Developer/relux-proxy remote="" board="" user=""
[23:06:54.863] [INFO] loadTreeCmd success: roots=7
[23:06:54.863] [INFO] treeLoadedMsg applied: roots=7 rows=13 loadErr=<nil>
[23:07:04.780] [DEBUG] loadTreeCmd start: cwd=/Users/iv/Developer/relux-proxy remote="" board="" user=""
[23:07:04.869] [INFO] loadTreeCmd success: roots=7
[23:07:04.869] [INFO] treeLoadedMsg applied: roots=7 rows=13 loadErr=<nil>
[23:07:14.780] [DEBUG] loadTreeCmd start: cwd=/Users/iv/Developer/relux-proxy remote="" board="" user=""
[23:07:14.868] [INFO] loadTreeCmd success: roots=7
[23:07:14.868] [INFO] treeLoadedMsg applied: roots=7 rows=13 loadErr=<nil>
[23:07:24.781] [DEBUG] loadTreeCmd start: cwd=/Users/iv/Developer/relux-proxy remote="" board="" user=""
[23:07:24.868] [INFO] loadTreeCmd success: roots=7
[23:07:24.868] [INFO] treeLoadedMsg applied: roots=7 rows=13 loadErr=<nil>
[23:07:34.782] [DEBUG] loadTreeCmd start: cwd=/Users/iv/Developer/relux-proxy remote="" board="" user=""
[23:07:34.865] [INFO] loadTreeCmd success: roots=7
[23:07:34.865] [INFO] treeLoadedMsg applied: roots=7 rows=13 loadErr=<nil>
[23:07:44.782] [DEBUG] loadTreeCmd start: cwd=/Users/iv/Developer/relux-proxy remote="" board="" user=""
[23:07:44.862] [INFO] loadTreeCmd success: roots=7
[23:07:44.862] [INFO] treeLoadedMsg applied: roots=7 rows=13 loadErr=<nil>
[23:07:54.783] [DEBUG] loadTreeCmd start: cwd=/Users/iv/Developer/relux-proxy remote="" board="" user=""
[23:07:54.867] [INFO] loadTreeCmd success: roots=7
[23:07:54.868] [INFO] treeLoadedMsg applied: roots=7 rows=13 loadErr=<nil>
[23:08:04.783] [DEBUG] loadTreeCmd start: cwd=/Users/iv/Developer/relux-proxy remote="" board="" user=""
[23:08:04.874] [INFO] loadTreeCmd success: roots=7
[23:08:04.874] [INFO] treeLoadedMsg applied: roots=7 rows=13 loadErr=<nil>
[23:08:14.783] [DEBUG] loadTreeCmd start: cwd=/Users/iv/Developer/relux-proxy remote="" board="" user=""
[23:08:14.870] [INFO] loadTreeCmd success: roots=7
[23:08:14.870] [INFO] treeLoadedMsg applied: roots=7 rows=13 loadErr=<nil>
[23:08:24.783] [DEBUG] loadTreeCmd start: cwd=/Users/iv/Developer/relux-proxy remote="" board="" user=""
[23:08:24.870] [INFO] loadTreeCmd success: roots=7
[23:08:24.870] [INFO] treeLoadedMsg applied: roots=7 rows=13 loadErr=<nil>
[23:08:34.783] [DEBUG] loadTreeCmd start: cwd=/Users/iv/Developer/relux-proxy remote="" board="" user=""
[23:08:34.870] [INFO] loadTreeCmd success: roots=7
[23:08:34.870] [INFO] treeLoadedMsg applied: roots=7 rows=13 loadErr=<nil>
[23:08:44.783] [DEBUG] loadTreeCmd start: cwd=/Users/iv/Developer/relux-proxy remote="" board="" user=""
[23:08:44.867] [INFO] loadTreeCmd success: roots=7
[23:08:44.868] [INFO] treeLoadedMsg applied: roots=7 rows=13 loadErr=<nil>
[23:08:54.784] [DEBUG] loadTreeCmd start: cwd=/Users/iv/Developer/relux-proxy remote="" board="" user=""
[23:08:54.873] [INFO] loadTreeCmd success: roots=7
[23:08:54.874] [INFO] treeLoadedMsg applied: roots=7 rows=13 loadErr=<nil>
[23:09:04.784] [DEBUG] loadTreeCmd start: cwd=/Users/iv/Developer/relux-proxy remote="" board="" user=""
[23:09:04.868] [INFO] loadTreeCmd success: roots=7
[23:09:04.868] [INFO] treeLoadedMsg applied: roots=7 rows=13 loadErr=<nil>
[23:09:14.784] [DEBUG] loadTreeCmd start: cwd=/Users/iv/Developer/relux-proxy remote="" board="" user=""
[23:09:14.867] [INFO] loadTreeCmd success: roots=7
[23:09:14.867] [INFO] treeLoadedMsg applied: roots=7 rows=13 loadErr=<nil>
[23:09:24.784] [DEBUG] loadTreeCmd start: cwd=/Users/iv/Developer/relux-proxy remote="" board="" user=""
[23:09:24.875] [INFO] loadTreeCmd success: roots=7
[23:09:24.875] [INFO] treeLoadedMsg applied: roots=7 rows=13 loadErr=<nil>
[23:09:34.784] [DEBUG] loadTreeCmd start: cwd=/Users/iv/Developer/relux-proxy remote="" board="" user=""
[23:09:34.873] [INFO] loadTreeCmd success: roots=7
[23:09:34.873] [INFO] treeLoadedMsg applied: roots=7 rows=13 loadErr=<nil>
[23:09:44.785] [DEBUG] loadTreeCmd start: cwd=/Users/iv/Developer/relux-proxy remote="" board="" user=""
[23:09:44.872] [INFO] loadTreeCmd success: roots=7
[23:09:44.872] [INFO] treeLoadedMsg applied: roots=7 rows=13 loadErr=<nil>
[23:09:54.785] [DEBUG] loadTreeCmd start: cwd=/Users/iv/Developer/relux-proxy remote="" board="" user=""
[23:09:54.872] [INFO] loadTreeCmd success: roots=7
[23:09:54.872] [INFO] treeLoadedMsg applied: roots=7 rows=13 loadErr=<nil>
[23:10:04.785] [DEBUG] loadTreeCmd start: cwd=/Users/iv/Developer/relux-proxy remote="" board="" user=""
[23:10:04.873] [INFO] loadTreeCmd success: roots=7
[23:10:04.873] [INFO] treeLoadedMsg applied: roots=7 rows=13 loadErr=<nil>
[23:10:14.786] [DEBUG] loadTreeCmd start: cwd=/Users/iv/Developer/relux-proxy remote="" board="" user=""
[23:10:14.870] [INFO] loadTreeCmd success: roots=7
[23:10:14.870] [INFO] treeLoadedMsg applied: roots=7 rows=13 loadErr=<nil>
[23:10:24.786] [DEBUG] loadTreeCmd start: cwd=/Users/iv/Developer/relux-proxy remote="" board="" user=""
[23:10:24.871] [INFO] loadTreeCmd success: roots=7
[23:10:24.871] [INFO] treeLoadedMsg applied: roots=7 rows=13 loadErr=<nil>
[23:10:34.786] [DEBUG] loadTreeCmd start: cwd=/Users/iv/Developer/relux-proxy remote="" board="" user=""
[23:10:34.875] [INFO] loadTreeCmd success: roots=7
[23:10:34.875] [INFO] treeLoadedMsg applied: roots=7 rows=13 loadErr=<nil>
[23:10:44.787] [DEBUG] loadTreeCmd start: cwd=/Users/iv/Developer/relux-proxy remote="" board="" user=""
[23:10:44.877] [INFO] loadTreeCmd success: roots=7
[23:10:44.877] [INFO] treeLoadedMsg applied: roots=7 rows=13 loadErr=<nil>
[23:10:54.787] [DEBUG] loadTreeCmd start: cwd=/Users/iv/Developer/relux-proxy remote="" board="" user=""
[23:10:54.878] [INFO] loadTreeCmd success: roots=7
[23:10:54.878] [INFO] treeLoadedMsg applied: roots=7 rows=13 loadErr=<nil>
[23:11:04.788] [DEBUG] loadTreeCmd start: cwd=/Users/iv/Developer/relux-proxy remote="" board="" user=""
[23:11:04.875] [INFO] loadTreeCmd success: roots=7
[23:11:04.875] [INFO] treeLoadedMsg applied: roots=7 rows=13 loadErr=<nil>
[23:11:14.788] [DEBUG] loadTreeCmd start: cwd=/Users/iv/Developer/relux-proxy remote="" board="" user=""
[23:11:14.876] [INFO] loadTreeCmd success: roots=7
[23:11:14.876] [INFO] treeLoadedMsg applied: roots=7 rows=13 loadErr=<nil>
[23:11:24.789] [DEBUG] loadTreeCmd start: cwd=/Users/iv/Developer/relux-proxy remote="" board="" user=""
[23:11:24.872] [INFO] loadTreeCmd success: roots=7
[23:11:24.872] [INFO] treeLoadedMsg applied: roots=7 rows=13 loadErr=<nil>
[23:11:34.789] [DEBUG] loadTreeCmd start: cwd=/Users/iv/Developer/relux-proxy remote="" board="" user=""
[23:11:34.875] [INFO] loadTreeCmd success: roots=7
[23:11:34.876] [INFO] treeLoadedMsg applied: roots=7 rows=13 loadErr=<nil>
[23:11:44.790] [DEBUG] loadTreeCmd start: cwd=/Users/iv/Developer/relux-proxy remote="" board="" user=""
[23:11:44.877] [INFO] loadTreeCmd success: roots=7
[23:11:44.877] [INFO] treeLoadedMsg applied: roots=7 rows=13 loadErr=<nil>
[23:11:54.790] [DEBUG] loadTreeCmd start: cwd=/Users/iv/Developer/relux-proxy remote="" board="" user=""
[23:11:54.879] [INFO] loadTreeCmd success: roots=7
[23:11:54.879] [INFO] treeLoadedMsg applied: roots=7 rows=13 loadErr=<nil>
[23:12:04.791] [DEBUG] loadTreeCmd start: cwd=/Users/iv/Developer/relux-proxy remote="" board="" user=""
[23:12:04.884] [INFO] loadTreeCmd success: roots=7
[23:12:04.884] [INFO] treeLoadedMsg applied: roots=7 rows=13 loadErr=<nil>
[23:12:14.792] [DEBUG] loadTreeCmd start: cwd=/Users/iv/Developer/relux-proxy remote="" board="" user=""
[23:12:14.881] [INFO] loadTreeCmd success: roots=7
[23:12:14.882] [INFO] treeLoadedMsg applied: roots=7 rows=13 loadErr=<nil>
[23:12:24.793] [DEBUG] loadTreeCmd start: cwd=/Users/iv/Developer/relux-proxy remote="" board="" user=""
[23:12:24.879] [INFO] loadTreeCmd success: roots=7
[23:12:24.880] [INFO] treeLoadedMsg applied: roots=7 rows=13 loadErr=<nil>
[23:12:34.794] [DEBUG] loadTreeCmd start: cwd=/Users/iv/Developer/relux-proxy remote="" board="" user=""
[23:12:34.878] [INFO] loadTreeCmd success: roots=7
[23:12:34.878] [INFO] treeLoadedMsg applied: roots=7 rows=13 loadErr=<nil>
[23:12:44.796] [DEBUG] loadTreeCmd start: cwd=/Users/iv/Developer/relux-proxy remote="" board="" user=""
[23:12:44.884] [INFO] loadTreeCmd success: roots=7
[23:12:44.885] [INFO] treeLoadedMsg applied: roots=7 rows=13 loadErr=<nil>
[23:12:54.797] [DEBUG] loadTreeCmd start: cwd=/Users/iv/Developer/relux-proxy remote="" board="" user=""
[23:12:54.884] [INFO] loadTreeCmd success: roots=7
[23:12:54.884] [INFO] treeLoadedMsg applied: roots=7 rows=13 loadErr=<nil>
[23:13:04.798] [DEBUG] loadTreeCmd start: cwd=/Users/iv/Developer/relux-proxy remote="" board="" user=""
[23:13:04.885] [INFO] loadTreeCmd success: roots=7
[23:13:04.885] [INFO] treeLoadedMsg applied: roots=7 rows=13 loadErr=<nil>
[23:13:14.798] [DEBUG] loadTreeCmd start: cwd=/Users/iv/Developer/relux-proxy remote="" board="" user=""
[23:13:14.885] [INFO] loadTreeCmd success: roots=7
[23:13:14.886] [INFO] treeLoadedMsg applied: roots=7 rows=13 loadErr=<nil>
[23:13:24.799] [DEBUG] loadTreeCmd start: cwd=/Users/iv/Developer/relux-proxy remote="" board="" user=""
[23:13:24.881] [INFO] loadTreeCmd success: roots=7
[23:13:24.881] [INFO] treeLoadedMsg applied: roots=7 rows=13 loadErr=<nil>
[23:13:34.800] [DEBUG] loadTreeCmd start: cwd=/Users/iv/Developer/relux-proxy remote="" board="" user=""
[23:13:34.884] [INFO] loadTreeCmd success: roots=7
[23:13:34.884] [INFO] treeLoadedMsg applied: roots=7 rows=13 loadErr=<nil>
[23:13:44.801] [DEBUG] loadTreeCmd start: cwd=/Users/iv/Developer/relux-proxy remote="" board="" user=""
[23:13:44.888] [INFO] loadTreeCmd success: roots=7
[23:13:44.888] [INFO] treeLoadedMsg applied: roots=7 rows=13 loadErr=<nil>
[23:13:54.802] [DEBUG] loadTreeCmd start: cwd=/Users/iv/Developer/relux-proxy remote="" board="" user=""
[23:13:54.888] [INFO] loadTreeCmd success: roots=7
[23:13:54.888] [INFO] treeLoadedMsg applied: roots=7 rows=13 loadErr=<nil>
[23:14:04.802] [DEBUG] loadTreeCmd start: cwd=/Users/iv/Developer/relux-proxy remote="" board="" user=""
[23:14:04.893] [INFO] loadTreeCmd success: roots=7
[23:14:04.893] [INFO] treeLoadedMsg applied: roots=7 rows=13 loadErr=<nil>
[23:14:14.802] [DEBUG] loadTreeCmd start: cwd=/Users/iv/Developer/relux-proxy remote="" board="" user=""
[23:14:14.890] [INFO] loadTreeCmd success: roots=7
[23:14:14.891] [INFO] treeLoadedMsg applied: roots=7 rows=13 loadErr=<nil>
[23:14:24.803] [DEBUG] loadTreeCmd start: cwd=/Users/iv/Developer/relux-proxy remote="" board="" user=""
[23:14:24.885] [INFO] loadTreeCmd success: roots=7
[23:14:24.885] [INFO] treeLoadedMsg applied: roots=7 rows=13 loadErr=<nil>
[23:14:34.803] [DEBUG] loadTreeCmd start: cwd=/Users/iv/Developer/relux-proxy remote="" board="" user=""
[23:14:34.895] [INFO] loadTreeCmd success: roots=7
[23:14:34.895] [INFO] treeLoadedMsg applied: roots=7 rows=13 loadErr=<nil>
[23:14:44.803] [DEBUG] loadTreeCmd start: cwd=/Users/iv/Developer/relux-proxy remote="" board="" user=""
[23:14:44.889] [INFO] loadTreeCmd success: roots=7
[23:14:44.890] [INFO] treeLoadedMsg applied: roots=7 rows=13 loadErr=<nil>
[23:14:54.803] [DEBUG] loadTreeCmd start: cwd=/Users/iv/Developer/relux-proxy remote="" board="" user=""
[23:14:54.886] [INFO] loadTreeCmd success: roots=7
[23:14:54.886] [INFO] treeLoadedMsg applied: roots=7 rows=13 loadErr=<nil>
[23:15:04.803] [DEBUG] loadTreeCmd start: cwd=/Users/iv/Developer/relux-proxy remote="" board="" user=""
[23:15:04.890] [INFO] loadTreeCmd success: roots=7
[23:15:04.890] [INFO] treeLoadedMsg applied: roots=7 rows=13 loadErr=<nil>
[23:15:14.804] [DEBUG] loadTreeCmd start: cwd=/Users/iv/Developer/relux-proxy remote="" board="" user=""
[23:15:14.895] [INFO] loadTreeCmd success: roots=7
[23:15:14.896] [INFO] treeLoadedMsg applied: roots=7 rows=13 loadErr=<nil>
[23:15:24.804] [DEBUG] loadTreeCmd start: cwd=/Users/iv/Developer/relux-proxy remote="" board="" user=""
[23:15:24.885] [INFO] loadTreeCmd success: roots=7
[23:15:24.885] [INFO] treeLoadedMsg applied: roots=7 rows=13 loadErr=<nil>
[23:15:34.804] [DEBUG] loadTreeCmd start: cwd=/Users/iv/Developer/relux-proxy remote="" board="" user=""
[23:15:34.889] [INFO] loadTreeCmd success: roots=7
[23:15:34.889] [INFO] treeLoadedMsg applied: roots=7 rows=13 loadErr=<nil>
[23:15:44.804] [DEBUG] loadTreeCmd start: cwd=/Users/iv/Developer/relux-proxy remote="" board="" user=""
[23:15:44.893] [INFO] loadTreeCmd success: roots=7
[23:15:44.893] [INFO] treeLoadedMsg applied: roots=7 rows=13 loadErr=<nil>
[23:15:54.804] [DEBUG] loadTreeCmd start: cwd=/Users/iv/Developer/relux-proxy remote="" board="" user=""
[23:15:54.900] [INFO] loadTreeCmd success: roots=7
[23:15:54.900] [INFO] treeLoadedMsg applied: roots=7 rows=13 loadErr=<nil>
[23:16:04.805] [DEBUG] loadTreeCmd start: cwd=/Users/iv/Developer/relux-proxy remote="" board="" user=""
[23:16:04.894] [INFO] loadTreeCmd success: roots=7
[23:16:04.894] [INFO] treeLoadedMsg applied: roots=7 rows=13 loadErr=<nil>
[23:16:14.805] [DEBUG] loadTreeCmd start: cwd=/Users/iv/Developer/relux-proxy remote="" board="" user=""
[23:16:14.889] [INFO] loadTreeCmd success: roots=7
[23:16:14.889] [INFO] treeLoadedMsg applied: roots=7 rows=13 loadErr=<nil>
[23:16:24.805] [DEBUG] loadTreeCmd start: cwd=/Users/iv/Developer/relux-proxy remote="" board="" user=""
[23:16:24.890] [INFO] loadTreeCmd success: roots=7
[23:16:24.890] [INFO] treeLoadedMsg applied: roots=7 rows=13 loadErr=<nil>
[23:16:34.806] [DEBUG] loadTreeCmd start: cwd=/Users/iv/Developer/relux-proxy remote="" board="" user=""
[23:16:34.897] [INFO] loadTreeCmd success: roots=7
[23:16:34.897] [INFO] treeLoadedMsg applied: roots=7 rows=13 loadErr=<nil>
[23:16:44.806] [DEBUG] loadTreeCmd start: cwd=/Users/iv/Developer/relux-proxy remote="" board="" user=""
[23:16:44.896] [INFO] loadTreeCmd success: roots=7
[23:16:44.896] [INFO] treeLoadedMsg applied: roots=7 rows=13 loadErr=<nil>
[23:16:54.807] [DEBUG] loadTreeCmd start: cwd=/Users/iv/Developer/relux-proxy remote="" board="" user=""
[23:16:54.893] [INFO] loadTreeCmd success: roots=7
[23:16:54.893] [INFO] treeLoadedMsg applied: roots=7 rows=13 loadErr=<nil>
[23:17:04.808] [DEBUG] loadTreeCmd start: cwd=/Users/iv/Developer/relux-proxy remote="" board="" user=""
[23:17:04.892] [INFO] loadTreeCmd success: roots=7
[23:17:04.893] [INFO] treeLoadedMsg applied: roots=7 rows=13 loadErr=<nil>
[23:17:14.808] [DEBUG] loadTreeCmd start: cwd=/Users/iv/Developer/relux-proxy remote="" board="" user=""
[23:17:14.896] [INFO] loadTreeCmd success: roots=7
[23:17:14.896] [INFO] treeLoadedMsg applied: roots=7 rows=13 loadErr=<nil>
[23:17:24.809] [DEBUG] loadTreeCmd start: cwd=/Users/iv/Developer/relux-proxy remote="" board="" user=""
[23:17:24.896] [INFO] loadTreeCmd success: roots=7
[23:17:24.896] [INFO] treeLoadedMsg applied: roots=7 rows=13 loadErr=<nil>
[23:17:34.809] [DEBUG] loadTreeCmd start: cwd=/Users/iv/Developer/relux-proxy remote="" board="" user=""
[23:17:34.893] [INFO] loadTreeCmd success: roots=7
[23:17:34.893] [INFO] treeLoadedMsg applied: roots=7 rows=13 loadErr=<nil>
[23:17:44.810] [DEBUG] loadTreeCmd start: cwd=/Users/iv/Developer/relux-proxy remote="" board="" user=""
[23:17:44.898] [INFO] loadTreeCmd success: roots=7
[23:17:44.898] [INFO] treeLoadedMsg applied: roots=7 rows=13 loadErr=<nil>
[23:17:54.811] [DEBUG] loadTreeCmd start: cwd=/Users/iv/Developer/relux-proxy remote="" board="" user=""
[23:17:54.900] [INFO] loadTreeCmd success: roots=7
[23:17:54.901] [INFO] treeLoadedMsg applied: roots=7 rows=13 loadErr=<nil>
[23:18:04.812] [DEBUG] loadTreeCmd start: cwd=/Users/iv/Developer/relux-proxy remote="" board="" user=""
[23:18:04.907] [INFO] loadTreeCmd success: roots=7
[23:18:04.907] [INFO] treeLoadedMsg applied: roots=7 rows=13 loadErr=<nil>
[23:18:14.813] [DEBUG] loadTreeCmd start: cwd=/Users/iv/Developer/relux-proxy remote="" board="" user=""
[23:18:14.899] [INFO] loadTreeCmd success: roots=7
[23:18:14.900] [INFO] treeLoadedMsg applied: roots=7 rows=13 loadErr=<nil>
[23:18:24.815] [DEBUG] loadTreeCmd start: cwd=/Users/iv/Developer/relux-proxy remote="" board="" user=""
[23:18:24.901] [INFO] loadTreeCmd success: roots=7
[23:18:24.901] [INFO] treeLoadedMsg applied: roots=7 rows=13 loadErr=<nil>
[23:18:34.815] [DEBUG] loadTreeCmd start: cwd=/Users/iv/Developer/relux-proxy remote="" board="" user=""
[23:18:34.905] [INFO] loadTreeCmd success: roots=7
[23:18:34.905] [INFO] treeLoadedMsg applied: roots=7 rows=13 loadErr=<nil>
[23:18:44.816] [DEBUG] loadTreeCmd start: cwd=/Users/iv/Developer/relux-proxy remote="" board="" user=""
[23:18:44.902] [INFO] loadTreeCmd success: roots=7
[23:18:44.903] [INFO] treeLoadedMsg applied: roots=7 rows=13 loadErr=<nil>
[23:18:54.817] [DEBUG] loadTreeCmd start: cwd=/Users/iv/Developer/relux-proxy remote="" board="" user=""
[23:18:54.911] [INFO] loadTreeCmd success: roots=7
[23:18:54.911] [INFO] treeLoadedMsg applied: roots=7 rows=13 loadErr=<nil>
[23:19:04.818] [DEBUG] loadTreeCmd start: cwd=/Users/iv/Developer/relux-proxy remote="" board="" user=""
[23:19:04.904] [INFO] loadTreeCmd success: roots=7
[23:19:04.904] [INFO] treeLoadedMsg applied: roots=7 rows=13 loadErr=<nil>
[23:19:14.819] [DEBUG] loadTreeCmd start: cwd=/Users/iv/Developer/relux-proxy remote="" board="" user=""
[23:19:14.906] [INFO] loadTreeCmd success: roots=7
[23:19:14.906] [INFO] treeLoadedMsg applied: roots=7 rows=13 loadErr=<nil>
[23:19:24.820] [DEBUG] loadTreeCmd start: cwd=/Users/iv/Developer/relux-proxy remote="" board="" user=""
[23:19:24.908] [INFO] loadTreeCmd success: roots=7
[23:19:24.908] [INFO] treeLoadedMsg applied: roots=7 rows=13 loadErr=<nil>
[23:19:34.821] [DEBUG] loadTreeCmd start: cwd=/Users/iv/Developer/relux-proxy remote="" board="" user=""
[23:19:34.907] [INFO] loadTreeCmd success: roots=7
[23:19:34.908] [INFO] treeLoadedMsg applied: roots=7 rows=13 loadErr=<nil>
[23:19:44.821] [DEBUG] loadTreeCmd start: cwd=/Users/iv/Developer/relux-proxy remote="" board="" user=""
[23:19:44.907] [INFO] loadTreeCmd success: roots=7
[23:19:44.907] [INFO] treeLoadedMsg applied: roots=7 rows=13 loadErr=<nil>
[23:19:54.822] [DEBUG] loadTreeCmd start: cwd=/Users/iv/Developer/relux-proxy remote="" board="" user=""
[23:19:54.911] [INFO] loadTreeCmd success: roots=7
[23:19:54.911] [INFO] treeLoadedMsg applied: roots=7 rows=13 loadErr=<nil>
[23:20:04.822] [DEBUG] loadTreeCmd start: cwd=/Users/iv/Developer/relux-proxy remote="" board="" user=""
[23:20:04.916] [INFO] loadTreeCmd success: roots=7
[23:20:04.916] [INFO] treeLoadedMsg applied: roots=7 rows=13 loadErr=<nil>
[23:20:14.822] [DEBUG] loadTreeCmd start: cwd=/Users/iv/Developer/relux-proxy remote="" board="" user=""
[23:20:14.909] [INFO] loadTreeCmd success: roots=7
[23:20:14.909] [INFO] treeLoadedMsg applied: roots=7 rows=13 loadErr=<nil>
[23:20:24.822] [DEBUG] loadTreeCmd start: cwd=/Users/iv/Developer/relux-proxy remote="" board="" user=""
[23:20:24.913] [INFO] loadTreeCmd success: roots=7
[23:20:24.913] [INFO] treeLoadedMsg applied: roots=7 rows=13 loadErr=<nil>
[23:20:34.822] [DEBUG] loadTreeCmd start: cwd=/Users/iv/Developer/relux-proxy remote="" board="" user=""
[23:20:34.910] [INFO] loadTreeCmd success: roots=7
[23:20:34.910] [INFO] treeLoadedMsg applied: roots=7 rows=13 loadErr=<nil>
[23:20:44.823] [DEBUG] loadTreeCmd start: cwd=/Users/iv/Developer/relux-proxy remote="" board="" user=""
[23:20:44.913] [INFO] loadTreeCmd success: roots=7
[23:20:44.913] [INFO] treeLoadedMsg applied: roots=7 rows=13 loadErr=<nil>
[23:20:54.823] [DEBUG] loadTreeCmd start: cwd=/Users/iv/Developer/relux-proxy remote="" board="" user=""
[23:20:54.913] [INFO] loadTreeCmd success: roots=7
[23:20:54.913] [INFO] treeLoadedMsg applied: roots=7 rows=13 loadErr=<nil>
[23:21:04.823] [DEBUG] loadTreeCmd start: cwd=/Users/iv/Developer/relux-proxy remote="" board="" user=""
[23:21:04.913] [INFO] loadTreeCmd success: roots=7
[23:21:04.914] [INFO] treeLoadedMsg applied: roots=7 rows=13 loadErr=<nil>
[23:21:14.823] [DEBUG] loadTreeCmd start: cwd=/Users/iv/Developer/relux-proxy remote="" board="" user=""
[23:21:14.913] [INFO] loadTreeCmd success: roots=7
[23:21:14.913] [INFO] treeLoadedMsg applied: roots=7 rows=13 loadErr=<nil>
[23:21:24.824] [DEBUG] loadTreeCmd start: cwd=/Users/iv/Developer/relux-proxy remote="" board="" user=""
[23:21:24.911] [INFO] loadTreeCmd success: roots=7
[23:21:24.911] [INFO] treeLoadedMsg applied: roots=7 rows=13 loadErr=<nil>
[23:21:34.824] [DEBUG] loadTreeCmd start: cwd=/Users/iv/Developer/relux-proxy remote="" board="" user=""
[23:21:34.910] [INFO] loadTreeCmd success: roots=7
[23:21:34.910] [INFO] treeLoadedMsg applied: roots=7 rows=13 loadErr=<nil>
[23:21:44.824] [DEBUG] loadTreeCmd start: cwd=/Users/iv/Developer/relux-proxy remote="" board="" user=""
[23:21:44.911] [INFO] loadTreeCmd success: roots=7
[23:21:44.911] [INFO] treeLoadedMsg applied: roots=7 rows=13 loadErr=<nil>
[23:21:54.825] [DEBUG] loadTreeCmd start: cwd=/Users/iv/Developer/relux-proxy remote="" board="" user=""
[23:21:54.911] [INFO] loadTreeCmd success: roots=7
[23:21:54.912] [INFO] treeLoadedMsg applied: roots=7 rows=13 loadErr=<nil>
[23:22:04.825] [DEBUG] loadTreeCmd start: cwd=/Users/iv/Developer/relux-proxy remote="" board="" user=""
[23:22:04.918] [INFO] loadTreeCmd success: roots=7
[23:22:04.918] [INFO] treeLoadedMsg applied: roots=7 rows=13 loadErr=<nil>
[23:22:14.825] [DEBUG] loadTreeCmd start: cwd=/Users/iv/Developer/relux-proxy remote="" board="" user=""
[23:22:14.917] [INFO] loadTreeCmd success: roots=7
[23:22:14.917] [INFO] treeLoadedMsg applied: roots=7 rows=13 loadErr=<nil>
[23:22:24.826] [DEBUG] loadTreeCmd start: cwd=/Users/iv/Developer/relux-proxy remote="" board="" user=""
[23:22:24.914] [INFO] loadTreeCmd success: roots=7
[23:22:24.915] [INFO] treeLoadedMsg applied: roots=7 rows=13 loadErr=<nil>
[23:22:34.827] [DEBUG] loadTreeCmd start: cwd=/Users/iv/Developer/relux-proxy remote="" board="" user=""
[23:22:34.915] [INFO] loadTreeCmd success: roots=7
[23:22:34.915] [INFO] treeLoadedMsg applied: roots=7 rows=13 loadErr=<nil>
[23:22:44.827] [DEBUG] loadTreeCmd start: cwd=/Users/iv/Developer/relux-proxy remote="" board="" user=""
[23:22:44.919] [INFO] loadTreeCmd success: roots=7
[23:22:44.920] [INFO] treeLoadedMsg applied: roots=7 rows=13 loadErr=<nil>
[23:22:54.828] [DEBUG] loadTreeCmd start: cwd=/Users/iv/Developer/relux-proxy remote="" board="" user=""
[23:22:54.916] [INFO] loadTreeCmd success: roots=7
[23:22:54.916] [INFO] treeLoadedMsg applied: roots=7 rows=13 loadErr=<nil>
[23:23:04.829] [DEBUG] loadTreeCmd start: cwd=/Users/iv/Developer/relux-proxy remote="" board="" user=""
[23:23:04.920] [INFO] loadTreeCmd success: roots=7
[23:23:04.920] [INFO] treeLoadedMsg applied: roots=7 rows=13 loadErr=<nil>
[23:23:14.830] [DEBUG] loadTreeCmd start: cwd=/Users/iv/Developer/relux-proxy remote="" board="" user=""
[23:23:14.916] [INFO] loadTreeCmd success: roots=7
[23:23:14.916] [INFO] treeLoadedMsg applied: roots=7 rows=13 loadErr=<nil>
[23:23:24.830] [DEBUG] loadTreeCmd start: cwd=/Users/iv/Developer/relux-proxy remote="" board="" user=""
[23:23:24.917] [INFO] loadTreeCmd success: roots=7
[23:23:24.917] [INFO] treeLoadedMsg applied: roots=7 rows=13 loadErr=<nil>
[23:23:34.832] [DEBUG] loadTreeCmd start: cwd=/Users/iv/Developer/relux-proxy remote="" board="" user=""
[23:23:34.912] [INFO] loadTreeCmd success: roots=7
[23:23:34.913] [INFO] treeLoadedMsg applied: roots=7 rows=13 loadErr=<nil>
[23:23:44.832] [DEBUG] loadTreeCmd start: cwd=/Users/iv/Developer/relux-proxy remote="" board="" user=""
[23:23:44.924] [INFO] loadTreeCmd success: roots=7
[23:23:44.924] [INFO] treeLoadedMsg applied: roots=7 rows=13 loadErr=<nil>
[23:23:54.834] [DEBUG] loadTreeCmd start: cwd=/Users/iv/Developer/relux-proxy remote="" board="" user=""
[23:23:54.918] [INFO] loadTreeCmd success: roots=7
[23:23:54.918] [INFO] treeLoadedMsg applied: roots=7 rows=13 loadErr=<nil>
[23:24:04.834] [DEBUG] loadTreeCmd start: cwd=/Users/iv/Developer/relux-proxy remote="" board="" user=""
[23:24:04.925] [INFO] loadTreeCmd success: roots=7
[23:24:04.925] [INFO] treeLoadedMsg applied: roots=7 rows=13 loadErr=<nil>
[23:24:14.835] [DEBUG] loadTreeCmd start: cwd=/Users/iv/Developer/relux-proxy remote="" board="" user=""
[23:24:14.930] [INFO] loadTreeCmd success: roots=7
[23:24:14.930] [INFO] treeLoadedMsg applied: roots=7 rows=13 loadErr=<nil>
[23:24:24.836] [DEBUG] loadTreeCmd start: cwd=/Users/iv/Developer/relux-proxy remote="" board="" user=""
[23:24:24.923] [INFO] loadTreeCmd success: roots=7
[23:24:24.923] [INFO] treeLoadedMsg applied: roots=7 rows=13 loadErr=<nil>
[23:24:34.837] [DEBUG] loadTreeCmd start: cwd=/Users/iv/Developer/relux-proxy remote="" board="" user=""
[23:24:34.922] [INFO] loadTreeCmd success: roots=7
[23:24:34.922] [INFO] treeLoadedMsg applied: roots=7 rows=13 loadErr=<nil>
[23:24:44.838] [DEBUG] loadTreeCmd start: cwd=/Users/iv/Developer/relux-proxy remote="" board="" user=""
[23:24:44.924] [INFO] loadTreeCmd success: roots=7
[23:24:44.924] [INFO] treeLoadedMsg applied: roots=7 rows=13 loadErr=<nil>
[23:24:54.839] [DEBUG] loadTreeCmd start: cwd=/Users/iv/Developer/relux-proxy remote="" board="" user=""
[23:24:54.926] [INFO] loadTreeCmd success: roots=7
[23:24:54.926] [INFO] treeLoadedMsg applied: roots=7 rows=13 loadErr=<nil>
[23:25:04.840] [DEBUG] loadTreeCmd start: cwd=/Users/iv/Developer/relux-proxy remote="" board="" user=""
[23:25:04.924] [INFO] loadTreeCmd success: roots=7
[23:25:04.924] [INFO] treeLoadedMsg applied: roots=7 rows=13 loadErr=<nil>
[23:25:14.840] [DEBUG] loadTreeCmd start: cwd=/Users/iv/Developer/relux-proxy remote="" board="" user=""
[23:25:14.925] [INFO] loadTreeCmd success: roots=7
[23:25:14.926] [INFO] treeLoadedMsg applied: roots=7 rows=13 loadErr=<nil>
[23:25:24.841] [DEBUG] loadTreeCmd start: cwd=/Users/iv/Developer/relux-proxy remote="" board="" user=""
[23:25:24.925] [INFO] loadTreeCmd success: roots=7
[23:25:24.926] [INFO] treeLoadedMsg applied: roots=7 rows=13 loadErr=<nil>
[23:25:34.841] [DEBUG] loadTreeCmd start: cwd=/Users/iv/Developer/relux-proxy remote="" board="" user=""
[23:25:34.923] [INFO] loadTreeCmd success: roots=7
[23:25:34.923] [INFO] treeLoadedMsg applied: roots=7 rows=13 loadErr=<nil>
[23:25:44.841] [DEBUG] loadTreeCmd start: cwd=/Users/iv/Developer/relux-proxy remote="" board="" user=""
[23:25:44.926] [INFO] loadTreeCmd success: roots=7
[23:25:44.926] [INFO] treeLoadedMsg applied: roots=7 rows=13 loadErr=<nil>
[23:25:54.842] [DEBUG] loadTreeCmd start: cwd=/Users/iv/Developer/relux-proxy remote="" board="" user=""
[23:25:54.928] [INFO] loadTreeCmd success: roots=7
[23:25:54.928] [INFO] treeLoadedMsg applied: roots=7 rows=13 loadErr=<nil>
[23:26:04.842] [DEBUG] loadTreeCmd start: cwd=/Users/iv/Developer/relux-proxy remote="" board="" user=""
[23:26:04.934] [INFO] loadTreeCmd success: roots=7
[23:26:04.935] [INFO] treeLoadedMsg applied: roots=7 rows=13 loadErr=<nil>
[23:26:14.842] [DEBUG] loadTreeCmd start: cwd=/Users/iv/Developer/relux-proxy remote="" board="" user=""
[23:26:14.927] [INFO] loadTreeCmd success: roots=7
[23:26:14.927] [INFO] treeLoadedMsg applied: roots=7 rows=13 loadErr=<nil>
[23:26:24.842] [DEBUG] loadTreeCmd start: cwd=/Users/iv/Developer/relux-proxy remote="" board="" user=""
[23:26:24.933] [INFO] loadTreeCmd success: roots=7
[23:26:24.933] [INFO] treeLoadedMsg applied: roots=7 rows=13 loadErr=<nil>
[23:26:34.843] [DEBUG] loadTreeCmd start: cwd=/Users/iv/Developer/relux-proxy remote="" board="" user=""
[23:26:34.925] [INFO] loadTreeCmd success: roots=7
[23:26:34.925] [INFO] treeLoadedMsg applied: roots=7 rows=13 loadErr=<nil>
[23:26:44.843] [DEBUG] loadTreeCmd start: cwd=/Users/iv/Developer/relux-proxy remote="" board="" user=""
[23:26:44.928] [INFO] loadTreeCmd success: roots=7
[23:26:44.928] [INFO] treeLoadedMsg applied: roots=7 rows=13 loadErr=<nil>
[23:26:54.844] [DEBUG] loadTreeCmd start: cwd=/Users/iv/Developer/relux-proxy remote="" board="" user=""
[23:26:54.931] [INFO] loadTreeCmd success: roots=7
[23:26:54.931] [INFO] treeLoadedMsg applied: roots=7 rows=13 loadErr=<nil>
[23:27:04.845] [DEBUG] loadTreeCmd start: cwd=/Users/iv/Developer/relux-proxy remote="" board="" user=""
[23:27:04.933] [INFO] loadTreeCmd success: roots=7
[23:27:04.933] [INFO] treeLoadedMsg applied: roots=7 rows=13 loadErr=<nil>
[23:27:14.845] [DEBUG] loadTreeCmd start: cwd=/Users/iv/Developer/relux-proxy remote="" board="" user=""
[23:27:14.933] [INFO] loadTreeCmd success: roots=7
[23:27:14.933] [INFO] treeLoadedMsg applied: roots=7 rows=13 loadErr=<nil>
[23:27:24.846] [DEBUG] loadTreeCmd start: cwd=/Users/iv/Developer/relux-proxy remote="" board="" user=""
[23:27:24.931] [INFO] loadTreeCmd success: roots=7
[23:27:24.932] [INFO] treeLoadedMsg applied: roots=7 rows=13 loadErr=<nil>
[23:27:34.847] [DEBUG] loadTreeCmd start: cwd=/Users/iv/Developer/relux-proxy remote="" board="" user=""
[23:27:34.930] [INFO] loadTreeCmd success: roots=7
[23:27:34.930] [INFO] treeLoadedMsg applied: roots=7 rows=13 loadErr=<nil>
[23:27:44.848] [DEBUG] loadTreeCmd start: cwd=/Users/iv/Developer/relux-proxy remote="" board="" user=""
[23:27:44.938] [INFO] loadTreeCmd success: roots=7
[23:27:44.938] [INFO] treeLoadedMsg applied: roots=7 rows=13 loadErr=<nil>
[23:27:54.849] [DEBUG] loadTreeCmd start: cwd=/Users/iv/Developer/relux-proxy remote="" board="" user=""
[23:27:54.936] [INFO] loadTreeCmd success: roots=7
[23:27:54.936] [INFO] treeLoadedMsg applied: roots=7 rows=13 loadErr=<nil>
[23:28:04.851] [DEBUG] loadTreeCmd start: cwd=/Users/iv/Developer/relux-proxy remote="" board="" user=""
[23:28:04.940] [INFO] loadTreeCmd success: roots=7
[23:28:04.941] [INFO] treeLoadedMsg applied: roots=7 rows=13 loadErr=<nil>
[23:28:14.853] [DEBUG] loadTreeCmd start: cwd=/Users/iv/Developer/relux-proxy remote="" board="" user=""
[23:28:14.937] [INFO] loadTreeCmd success: roots=7
[23:28:14.937] [INFO] treeLoadedMsg applied: roots=7 rows=13 loadErr=<nil>
[23:28:24.854] [DEBUG] loadTreeCmd start: cwd=/Users/iv/Developer/relux-proxy remote="" board="" user=""
[23:28:24.940] [INFO] loadTreeCmd success: roots=7
[23:28:24.941] [INFO] treeLoadedMsg applied: roots=7 rows=13 loadErr=<nil>
[23:28:34.856] [DEBUG] loadTreeCmd start: cwd=/Users/iv/Developer/relux-proxy remote="" board="" user=""
[23:28:34.938] [INFO] loadTreeCmd success: roots=7
[23:28:34.938] [INFO] treeLoadedMsg applied: roots=7 rows=13 loadErr=<nil>
[23:28:44.858] [DEBUG] loadTreeCmd start: cwd=/Users/iv/Developer/relux-proxy remote="" board="" user=""
[23:28:44.940] [INFO] loadTreeCmd success: roots=7
[23:28:44.940] [INFO] treeLoadedMsg applied: roots=7 rows=13 loadErr=<nil>
[23:28:54.860] [DEBUG] loadTreeCmd start: cwd=/Users/iv/Developer/relux-proxy remote="" board="" user=""
[23:28:54.946] [INFO] loadTreeCmd success: roots=7
[23:28:54.946] [INFO] treeLoadedMsg applied: roots=7 rows=13 loadErr=<nil>
[23:29:04.860] [DEBUG] loadTreeCmd start: cwd=/Users/iv/Developer/relux-proxy remote="" board="" user=""
[23:29:04.946] [INFO] loadTreeCmd success: roots=7
[23:29:04.946] [INFO] treeLoadedMsg applied: roots=7 rows=13 loadErr=<nil>
[23:29:14.860] [DEBUG] loadTreeCmd start: cwd=/Users/iv/Developer/relux-proxy remote="" board="" user=""
[23:29:14.945] [INFO] loadTreeCmd success: roots=7
[23:29:14.945] [INFO] treeLoadedMsg applied: roots=7 rows=13 loadErr=<nil>
[23:29:24.861] [DEBUG] loadTreeCmd start: cwd=/Users/iv/Developer/relux-proxy remote="" board="" user=""
[23:29:24.948] [INFO] loadTreeCmd success: roots=7
[23:29:24.948] [INFO] treeLoadedMsg applied: roots=7 rows=13 loadErr=<nil>
[23:29:34.861] [DEBUG] loadTreeCmd start: cwd=/Users/iv/Developer/relux-proxy remote="" board="" user=""
[23:29:34.956] [INFO] loadTreeCmd success: roots=7
[23:29:34.957] [INFO] treeLoadedMsg applied: roots=7 rows=13 loadErr=<nil>
[23:29:44.861] [DEBUG] loadTreeCmd start: cwd=/Users/iv/Developer/relux-proxy remote="" board="" user=""
[23:29:44.945] [INFO] loadTreeCmd success: roots=7
[23:29:44.946] [INFO] treeLoadedMsg applied: roots=7 rows=13 loadErr=<nil>
[23:29:54.861] [DEBUG] loadTreeCmd start: cwd=/Users/iv/Developer/relux-proxy remote="" board="" user=""
[23:29:54.945] [INFO] loadTreeCmd success: roots=7
[23:29:54.945] [INFO] treeLoadedMsg applied: roots=7 rows=13 loadErr=<nil>
[23:30:04.862] [DEBUG] loadTreeCmd start: cwd=/Users/iv/Developer/relux-proxy remote="" board="" user=""
[23:30:04.949] [INFO] loadTreeCmd success: roots=7
[23:30:04.949] [INFO] treeLoadedMsg applied: roots=7 rows=13 loadErr=<nil>
[23:30:14.863] [DEBUG] loadTreeCmd start: cwd=/Users/iv/Developer/relux-proxy remote="" board="" user=""
[23:30:14.950] [INFO] loadTreeCmd success: roots=7
[23:30:14.950] [INFO] treeLoadedMsg applied: roots=7 rows=13 loadErr=<nil>
[23:30:24.863] [DEBUG] loadTreeCmd start: cwd=/Users/iv/Developer/relux-proxy remote="" board="" user=""
[23:30:24.953] [INFO] loadTreeCmd success: roots=7
[23:30:24.953] [INFO] treeLoadedMsg applied: roots=7 rows=13 loadErr=<nil>
[23:30:34.864] [DEBUG] loadTreeCmd start: cwd=/Users/iv/Developer/relux-proxy remote="" board="" user=""
[23:30:34.948] [INFO] loadTreeCmd success: roots=7
[23:30:34.948] [INFO] treeLoadedMsg applied: roots=7 rows=13 loadErr=<nil>
[23:30:44.866] [DEBUG] loadTreeCmd start: cwd=/Users/iv/Developer/relux-proxy remote="" board="" user=""
[23:30:44.949] [INFO] loadTreeCmd success: roots=7
[23:30:44.949] [INFO] treeLoadedMsg applied: roots=7 rows=13 loadErr=<nil>
[23:30:54.867] [DEBUG] loadTreeCmd start: cwd=/Users/iv/Developer/relux-proxy remote="" board="" user=""
[23:30:54.952] [INFO] loadTreeCmd success: roots=7
[23:30:54.952] [INFO] treeLoadedMsg applied: roots=7 rows=13 loadErr=<nil>
[23:31:04.869] [DEBUG] loadTreeCmd start: cwd=/Users/iv/Developer/relux-proxy remote="" board="" user=""
[23:31:04.954] [INFO] loadTreeCmd success: roots=7
[23:31:04.954] [INFO] treeLoadedMsg applied: roots=7 rows=13 loadErr=<nil>
[23:31:14.869] [DEBUG] loadTreeCmd start: cwd=/Users/iv/Developer/relux-proxy remote="" board="" user=""
[23:31:14.953] [INFO] loadTreeCmd success: roots=7
[23:31:14.953] [INFO] treeLoadedMsg applied: roots=7 rows=13 loadErr=<nil>
[23:31:24.871] [DEBUG] loadTreeCmd start: cwd=/Users/iv/Developer/relux-proxy remote="" board="" user=""
[23:31:24.956] [INFO] loadTreeCmd success: roots=7
[23:31:24.956] [INFO] treeLoadedMsg applied: roots=7 rows=13 loadErr=<nil>
[23:31:34.871] [DEBUG] loadTreeCmd start: cwd=/Users/iv/Developer/relux-proxy remote="" board="" user=""
[23:31:34.952] [INFO] loadTreeCmd success: roots=7
[23:31:34.952] [INFO] treeLoadedMsg applied: roots=7 rows=13 loadErr=<nil>
[23:31:44.872] [DEBUG] loadTreeCmd start: cwd=/Users/iv/Developer/relux-proxy remote="" board="" user=""
[23:31:44.954] [INFO] loadTreeCmd success: roots=7
[23:31:44.955] [INFO] treeLoadedMsg applied: roots=7 rows=13 loadErr=<nil>
[23:31:54.873] [DEBUG] loadTreeCmd start: cwd=/Users/iv/Developer/relux-proxy remote="" board="" user=""
[23:31:54.955] [INFO] loadTreeCmd success: roots=7
[23:31:54.955] [INFO] treeLoadedMsg applied: roots=7 rows=13 loadErr=<nil>
[23:32:04.875] [DEBUG] loadTreeCmd start: cwd=/Users/iv/Developer/relux-proxy remote="" board="" user=""
[23:32:04.960] [INFO] loadTreeCmd success: roots=7
[23:32:04.960] [INFO] treeLoadedMsg applied: roots=7 rows=13 loadErr=<nil>
[23:32:14.877] [DEBUG] loadTreeCmd start: cwd=/Users/iv/Developer/relux-proxy remote="" board="" user=""
[23:32:14.959] [INFO] loadTreeCmd success: roots=7
[23:32:14.959] [INFO] treeLoadedMsg applied: roots=7 rows=13 loadErr=<nil>
[23:32:24.878] [DEBUG] loadTreeCmd start: cwd=/Users/iv/Developer/relux-proxy remote="" board="" user=""
[23:32:24.959] [INFO] loadTreeCmd success: roots=7
[23:32:24.960] [INFO] treeLoadedMsg applied: roots=7 rows=13 loadErr=<nil>
[23:32:34.878] [DEBUG] loadTreeCmd start: cwd=/Users/iv/Developer/relux-proxy remote="" board="" user=""
[23:32:34.960] [INFO] loadTreeCmd success: roots=7
[23:32:34.960] [INFO] treeLoadedMsg applied: roots=7 rows=13 loadErr=<nil>
[23:32:44.879] [DEBUG] loadTreeCmd start: cwd=/Users/iv/Developer/relux-proxy remote="" board="" user=""
[23:32:44.964] [INFO] loadTreeCmd success: roots=7
[23:32:44.964] [INFO] treeLoadedMsg applied: roots=7 rows=13 loadErr=<nil>
[23:32:54.879] [DEBUG] loadTreeCmd start: cwd=/Users/iv/Developer/relux-proxy remote="" board="" user=""
[23:32:54.960] [INFO] loadTreeCmd success: roots=7
[23:32:54.960] [INFO] treeLoadedMsg applied: roots=7 rows=13 loadErr=<nil>
[23:33:04.880] [DEBUG] loadTreeCmd start: cwd=/Users/iv/Developer/relux-proxy remote="" board="" user=""
[23:33:04.965] [INFO] loadTreeCmd success: roots=7
[23:33:04.965] [INFO] treeLoadedMsg applied: roots=7 rows=13 loadErr=<nil>
[23:33:14.880] [DEBUG] loadTreeCmd start: cwd=/Users/iv/Developer/relux-proxy remote="" board="" user=""
[23:33:14.966] [INFO] loadTreeCmd success: roots=7
[23:33:14.966] [INFO] treeLoadedMsg applied: roots=7 rows=13 loadErr=<nil>
[23:33:24.881] [DEBUG] loadTreeCmd start: cwd=/Users/iv/Developer/relux-proxy remote="" board="" user=""
[23:33:24.966] [INFO] loadTreeCmd success: roots=7
[23:33:24.966] [INFO] treeLoadedMsg applied: roots=7 rows=13 loadErr=<nil>
[23:33:34.882] [DEBUG] loadTreeCmd start: cwd=/Users/iv/Developer/relux-proxy remote="" board="" user=""
[23:33:34.963] [INFO] loadTreeCmd success: roots=7
[23:33:34.963] [INFO] treeLoadedMsg applied: roots=7 rows=13 loadErr=<nil>
[23:33:44.883] [DEBUG] loadTreeCmd start: cwd=/Users/iv/Developer/relux-proxy remote="" board="" user=""
[23:33:44.968] [INFO] loadTreeCmd success: roots=7
[23:33:44.969] [INFO] treeLoadedMsg applied: roots=7 rows=13 loadErr=<nil>
[23:33:54.884] [DEBUG] loadTreeCmd start: cwd=/Users/iv/Developer/relux-proxy remote="" board="" user=""
[23:33:54.970] [INFO] loadTreeCmd success: roots=7
[23:33:54.970] [INFO] treeLoadedMsg applied: roots=7 rows=13 loadErr=<nil>
[23:34:04.885] [DEBUG] loadTreeCmd start: cwd=/Users/iv/Developer/relux-proxy remote="" board="" user=""
[23:34:04.976] [INFO] loadTreeCmd success: roots=7
[23:34:04.976] [INFO] treeLoadedMsg applied: roots=7 rows=13 loadErr=<nil>
[23:34:14.887] [DEBUG] loadTreeCmd start: cwd=/Users/iv/Developer/relux-proxy remote="" board="" user=""
[23:34:14.972] [INFO] loadTreeCmd success: roots=7
[23:34:14.973] [INFO] treeLoadedMsg applied: roots=7 rows=13 loadErr=<nil>
[23:34:24.889] [DEBUG] loadTreeCmd start: cwd=/Users/iv/Developer/relux-proxy remote="" board="" user=""
[23:34:24.973] [INFO] loadTreeCmd success: roots=7
[23:34:24.973] [INFO] treeLoadedMsg applied: roots=7 rows=13 loadErr=<nil>
[23:34:34.891] [DEBUG] loadTreeCmd start: cwd=/Users/iv/Developer/relux-proxy remote="" board="" user=""
[23:34:34.976] [INFO] loadTreeCmd success: roots=7
[23:34:34.976] [INFO] treeLoadedMsg applied: roots=7 rows=13 loadErr=<nil>
[23:34:44.894] [DEBUG] loadTreeCmd start: cwd=/Users/iv/Developer/relux-proxy remote="" board="" user=""
[23:34:44.975] [INFO] loadTreeCmd success: roots=7
[23:34:44.975] [INFO] treeLoadedMsg applied: roots=7 rows=13 loadErr=<nil>
[23:34:54.896] [DEBUG] loadTreeCmd start: cwd=/Users/iv/Developer/relux-proxy remote="" board="" user=""
[23:34:54.985] [INFO] loadTreeCmd success: roots=7
[23:34:54.985] [INFO] treeLoadedMsg applied: roots=7 rows=13 loadErr=<nil>
[23:35:04.896] [DEBUG] loadTreeCmd start: cwd=/Users/iv/Developer/relux-proxy remote="" board="" user=""
[23:35:04.987] [INFO] loadTreeCmd success: roots=7
[23:35:04.987] [INFO] treeLoadedMsg applied: roots=7 rows=13 loadErr=<nil>
[23:35:14.896] [DEBUG] loadTreeCmd start: cwd=/Users/iv/Developer/relux-proxy remote="" board="" user=""
[23:35:14.982] [INFO] loadTreeCmd success: roots=7
[23:35:14.982] [INFO] treeLoadedMsg applied: roots=7 rows=13 loadErr=<nil>
[23:35:24.896] [DEBUG] loadTreeCmd start: cwd=/Users/iv/Developer/relux-proxy remote="" board="" user=""
[23:35:24.986] [INFO] loadTreeCmd success: roots=7
[23:35:24.986] [INFO] treeLoadedMsg applied: roots=7 rows=13 loadErr=<nil>
[23:35:34.897] [DEBUG] loadTreeCmd start: cwd=/Users/iv/Developer/relux-proxy remote="" board="" user=""
[23:35:34.986] [INFO] loadTreeCmd success: roots=7
[23:35:34.986] [INFO] treeLoadedMsg applied: roots=7 rows=13 loadErr=<nil>
[23:35:44.845] [DEBUG] loadTreeCmd start: cwd=/Users/iv/Developer/relux-proxy remote="" board="" user=""
[23:35:44.931] [INFO] loadTreeCmd success: roots=7
[23:35:44.931] [INFO] treeLoadedMsg applied: roots=7 rows=13 loadErr=<nil>
[23:35:54.845] [DEBUG] loadTreeCmd start: cwd=/Users/iv/Developer/relux-proxy remote="" board="" user=""
[23:35:54.931] [INFO] loadTreeCmd success: roots=7
[23:35:54.932] [INFO] treeLoadedMsg applied: roots=7 rows=13 loadErr=<nil>
[23:36:04.845] [DEBUG] loadTreeCmd start: cwd=/Users/iv/Developer/relux-proxy remote="" board="" user=""
[23:36:04.930] [INFO] loadTreeCmd success: roots=7
[23:36:04.930] [INFO] treeLoadedMsg applied: roots=7 rows=13 loadErr=<nil>
[23:36:14.846] [DEBUG] loadTreeCmd start: cwd=/Users/iv/Developer/relux-proxy remote="" board="" user=""
[23:36:14.926] [INFO] loadTreeCmd success: roots=7
[23:36:14.927] [INFO] treeLoadedMsg applied: roots=7 rows=13 loadErr=<nil>
[23:36:24.847] [DEBUG] loadTreeCmd start: cwd=/Users/iv/Developer/relux-proxy remote="" board="" user=""
[23:36:24.929] [INFO] loadTreeCmd success: roots=7
[23:36:24.929] [INFO] treeLoadedMsg applied: roots=7 rows=13 loadErr=<nil>
[23:36:34.848] [DEBUG] loadTreeCmd start: cwd=/Users/iv/Developer/relux-proxy remote="" board="" user=""
[23:36:34.933] [INFO] loadTreeCmd success: roots=7
[23:36:34.934] [INFO] treeLoadedMsg applied: roots=7 rows=13 loadErr=<nil>
[23:36:44.849] [DEBUG] loadTreeCmd start: cwd=/Users/iv/Developer/relux-proxy remote="" board="" user=""
[23:36:44.935] [INFO] loadTreeCmd success: roots=7
[23:36:44.935] [INFO] treeLoadedMsg applied: roots=7 rows=13 loadErr=<nil>
[23:36:54.850] [DEBUG] loadTreeCmd start: cwd=/Users/iv/Developer/relux-proxy remote="" board="" user=""
[23:36:54.938] [INFO] loadTreeCmd success: roots=7
[23:36:54.938] [INFO] treeLoadedMsg applied: roots=7 rows=13 loadErr=<nil>
[23:37:04.852] [DEBUG] loadTreeCmd start: cwd=/Users/iv/Developer/relux-proxy remote="" board="" user=""
[23:37:04.934] [INFO] loadTreeCmd success: roots=7
[23:37:04.935] [INFO] treeLoadedMsg applied: roots=7 rows=13 loadErr=<nil>
[23:37:14.854] [DEBUG] loadTreeCmd start: cwd=/Users/iv/Developer/relux-proxy remote="" board="" user=""
[23:37:14.941] [INFO] loadTreeCmd success: roots=7
[23:37:14.941] [INFO] treeLoadedMsg applied: roots=7 rows=13 loadErr=<nil>
[23:37:24.856] [DEBUG] loadTreeCmd start: cwd=/Users/iv/Developer/relux-proxy remote="" board="" user=""
[23:37:24.946] [INFO] loadTreeCmd success: roots=7
[23:37:24.946] [INFO] treeLoadedMsg applied: roots=7 rows=13 loadErr=<nil>
[23:37:34.858] [DEBUG] loadTreeCmd start: cwd=/Users/iv/Developer/relux-proxy remote="" board="" user=""
[23:37:34.940] [INFO] loadTreeCmd success: roots=7
[23:37:34.940] [INFO] treeLoadedMsg applied: roots=7 rows=13 loadErr=<nil>
[23:37:44.860] [DEBUG] loadTreeCmd start: cwd=/Users/iv/Developer/relux-proxy remote="" board="" user=""
[23:37:44.943] [INFO] loadTreeCmd success: roots=7
[23:37:44.943] [INFO] treeLoadedMsg applied: roots=7 rows=13 loadErr=<nil>
[23:37:54.861] [DEBUG] loadTreeCmd start: cwd=/Users/iv/Developer/relux-proxy remote="" board="" user=""
[23:37:54.946] [INFO] loadTreeCmd success: roots=7
[23:37:54.946] [INFO] treeLoadedMsg applied: roots=7 rows=13 loadErr=<nil>
[23:38:04.861] [DEBUG] loadTreeCmd start: cwd=/Users/iv/Developer/relux-proxy remote="" board="" user=""
[23:38:04.948] [INFO] loadTreeCmd success: roots=7
[23:38:04.948] [INFO] treeLoadedMsg applied: roots=7 rows=13 loadErr=<nil>
[23:38:14.861] [DEBUG] loadTreeCmd start: cwd=/Users/iv/Developer/relux-proxy remote="" board="" user=""
[23:38:14.947] [INFO] loadTreeCmd success: roots=7
[23:38:14.947] [INFO] treeLoadedMsg applied: roots=7 rows=13 loadErr=<nil>
[23:38:24.861] [DEBUG] loadTreeCmd start: cwd=/Users/iv/Developer/relux-proxy remote="" board="" user=""
[23:38:24.949] [INFO] loadTreeCmd success: roots=7
[23:38:24.949] [INFO] treeLoadedMsg applied: roots=7 rows=13 loadErr=<nil>
[23:38:34.862] [DEBUG] loadTreeCmd start: cwd=/Users/iv/Developer/relux-proxy remote="" board="" user=""
[23:38:34.952] [INFO] loadTreeCmd success: roots=7
[23:38:34.952] [INFO] treeLoadedMsg applied: roots=7 rows=13 loadErr=<nil>
[23:38:44.863] [DEBUG] loadTreeCmd start: cwd=/Users/iv/Developer/relux-proxy remote="" board="" user=""
[23:38:44.951] [INFO] loadTreeCmd success: roots=7
[23:38:44.951] [INFO] treeLoadedMsg applied: roots=7 rows=13 loadErr=<nil>
[23:38:54.863] [DEBUG] loadTreeCmd start: cwd=/Users/iv/Developer/relux-proxy remote="" board="" user=""
[23:38:54.948] [INFO] loadTreeCmd success: roots=7
[23:38:54.949] [INFO] treeLoadedMsg applied: roots=7 rows=13 loadErr=<nil>
[23:39:04.863] [DEBUG] loadTreeCmd start: cwd=/Users/iv/Developer/relux-proxy remote="" board="" user=""
[23:39:04.946] [INFO] loadTreeCmd success: roots=7
[23:39:04.946] [INFO] treeLoadedMsg applied: roots=7 rows=13 loadErr=<nil>
[23:39:14.865] [DEBUG] loadTreeCmd start: cwd=/Users/iv/Developer/relux-proxy remote="" board="" user=""
[23:39:14.951] [INFO] loadTreeCmd success: roots=7
[23:39:14.951] [INFO] treeLoadedMsg applied: roots=7 rows=13 loadErr=<nil>
[23:39:24.866] [DEBUG] loadTreeCmd start: cwd=/Users/iv/Developer/relux-proxy remote="" board="" user=""
[23:39:24.948] [INFO] loadTreeCmd success: roots=7
[23:39:24.949] [INFO] treeLoadedMsg applied: roots=7 rows=13 loadErr=<nil>
[23:39:34.866] [DEBUG] loadTreeCmd start: cwd=/Users/iv/Developer/relux-proxy remote="" board="" user=""
[23:39:34.950] [INFO] loadTreeCmd success: roots=7
[23:39:34.950] [INFO] treeLoadedMsg applied: roots=7 rows=13 loadErr=<nil>
[23:39:44.867] [DEBUG] loadTreeCmd start: cwd=/Users/iv/Developer/relux-proxy remote="" board="" user=""
[23:39:44.949] [INFO] loadTreeCmd success: roots=7
[23:39:44.949] [INFO] treeLoadedMsg applied: roots=7 rows=13 loadErr=<nil>
[23:39:54.868] [DEBUG] loadTreeCmd start: cwd=/Users/iv/Developer/relux-proxy remote="" board="" user=""
[23:39:54.958] [INFO] loadTreeCmd success: roots=7
[23:39:54.958] [INFO] treeLoadedMsg applied: roots=7 rows=13 loadErr=<nil>
[23:40:04.870] [DEBUG] loadTreeCmd start: cwd=/Users/iv/Developer/relux-proxy remote="" board="" user=""
[23:40:04.958] [INFO] loadTreeCmd success: roots=7
[23:40:04.958] [INFO] treeLoadedMsg applied: roots=7 rows=13 loadErr=<nil>
[23:40:14.872] [DEBUG] loadTreeCmd start: cwd=/Users/iv/Developer/relux-proxy remote="" board="" user=""
[23:40:14.965] [INFO] loadTreeCmd success: roots=7
[23:40:14.965] [INFO] treeLoadedMsg applied: roots=7 rows=13 loadErr=<nil>
[23:40:24.874] [DEBUG] loadTreeCmd start: cwd=/Users/iv/Developer/relux-proxy remote="" board="" user=""
[23:40:24.960] [INFO] loadTreeCmd success: roots=7
[23:40:24.960] [INFO] treeLoadedMsg applied: roots=7 rows=13 loadErr=<nil>
[23:40:34.875] [DEBUG] loadTreeCmd start: cwd=/Users/iv/Developer/relux-proxy remote="" board="" user=""
[23:40:34.958] [INFO] loadTreeCmd success: roots=7
[23:40:34.959] [INFO] treeLoadedMsg applied: roots=7 rows=13 loadErr=<nil>
[23:40:44.877] [DEBUG] loadTreeCmd start: cwd=/Users/iv/Developer/relux-proxy remote="" board="" user=""
[23:40:44.960] [INFO] loadTreeCmd success: roots=7
[23:40:44.960] [INFO] treeLoadedMsg applied: roots=7 rows=13 loadErr=<nil>
[23:40:54.877] [DEBUG] loadTreeCmd start: cwd=/Users/iv/Developer/relux-proxy remote="" board="" user=""
[23:40:54.964] [INFO] loadTreeCmd success: roots=7
[23:40:54.964] [INFO] treeLoadedMsg applied: roots=7 rows=13 loadErr=<nil>
[23:41:04.877] [DEBUG] loadTreeCmd start: cwd=/Users/iv/Developer/relux-proxy remote="" board="" user=""
[23:41:04.962] [INFO] loadTreeCmd success: roots=7
[23:41:04.962] [INFO] treeLoadedMsg applied: roots=7 rows=13 loadErr=<nil>
[23:41:14.877] [DEBUG] loadTreeCmd start: cwd=/Users/iv/Developer/relux-proxy remote="" board="" user=""
[23:41:14.963] [INFO] loadTreeCmd success: roots=7
[23:41:14.963] [INFO] treeLoadedMsg applied: roots=7 rows=13 loadErr=<nil>
[23:41:24.878] [DEBUG] loadTreeCmd start: cwd=/Users/iv/Developer/relux-proxy remote="" board="" user=""
[23:41:24.959] [INFO] loadTreeCmd success: roots=7
[23:41:24.959] [INFO] treeLoadedMsg applied: roots=7 rows=13 loadErr=<nil>
[23:41:34.878] [DEBUG] loadTreeCmd start: cwd=/Users/iv/Developer/relux-proxy remote="" board="" user=""
[23:41:34.960] [INFO] loadTreeCmd success: roots=7
[23:41:34.961] [INFO] treeLoadedMsg applied: roots=7 rows=13 loadErr=<nil>
[23:41:44.879] [DEBUG] loadTreeCmd start: cwd=/Users/iv/Developer/relux-proxy remote="" board="" user=""
[23:41:44.972] [INFO] loadTreeCmd success: roots=7
[23:41:44.972] [INFO] treeLoadedMsg applied: roots=7 rows=13 loadErr=<nil>
[23:41:54.879] [DEBUG] loadTreeCmd start: cwd=/Users/iv/Developer/relux-proxy remote="" board="" user=""
[23:41:54.973] [INFO] loadTreeCmd success: roots=7
[23:41:54.973] [INFO] treeLoadedMsg applied: roots=7 rows=13 loadErr=<nil>
[23:42:04.880] [DEBUG] loadTreeCmd start: cwd=/Users/iv/Developer/relux-proxy remote="" board="" user=""
[23:42:04.965] [INFO] loadTreeCmd success: roots=7
[23:42:04.966] [INFO] treeLoadedMsg applied: roots=7 rows=13 loadErr=<nil>
[23:42:14.880] [DEBUG] loadTreeCmd start: cwd=/Users/iv/Developer/relux-proxy remote="" board="" user=""
[23:42:14.966] [INFO] loadTreeCmd success: roots=7
[23:42:14.966] [INFO] treeLoadedMsg applied: roots=7 rows=13 loadErr=<nil>
[23:42:24.881] [DEBUG] loadTreeCmd start: cwd=/Users/iv/Developer/relux-proxy remote="" board="" user=""
[23:42:24.963] [INFO] loadTreeCmd success: roots=7
[23:42:24.963] [INFO] treeLoadedMsg applied: roots=7 rows=13 loadErr=<nil>
[23:42:34.882] [DEBUG] loadTreeCmd start: cwd=/Users/iv/Developer/relux-proxy remote="" board="" user=""
[23:42:34.967] [INFO] loadTreeCmd success: roots=7
[23:42:34.967] [INFO] treeLoadedMsg applied: roots=7 rows=13 loadErr=<nil>
[23:42:44.884] [DEBUG] loadTreeCmd start: cwd=/Users/iv/Developer/relux-proxy remote="" board="" user=""
[23:42:44.974] [INFO] loadTreeCmd success: roots=7
[23:42:44.974] [INFO] treeLoadedMsg applied: roots=7 rows=13 loadErr=<nil>
[23:42:54.885] [DEBUG] loadTreeCmd start: cwd=/Users/iv/Developer/relux-proxy remote="" board="" user=""
[23:42:54.975] [INFO] loadTreeCmd success: roots=7
[23:42:54.975] [INFO] treeLoadedMsg applied: roots=7 rows=13 loadErr=<nil>
[23:43:04.888] [DEBUG] loadTreeCmd start: cwd=/Users/iv/Developer/relux-proxy remote="" board="" user=""
[23:43:04.971] [INFO] loadTreeCmd success: roots=7
[23:43:04.971] [INFO] treeLoadedMsg applied: roots=7 rows=13 loadErr=<nil>
[23:43:14.890] [DEBUG] loadTreeCmd start: cwd=/Users/iv/Developer/relux-proxy remote="" board="" user=""
[23:43:14.975] [INFO] loadTreeCmd success: roots=7
[23:43:14.975] [INFO] treeLoadedMsg applied: roots=7 rows=13 loadErr=<nil>
[23:43:24.892] [DEBUG] loadTreeCmd start: cwd=/Users/iv/Developer/relux-proxy remote="" board="" user=""
[23:43:24.974] [INFO] loadTreeCmd success: roots=7
[23:43:24.975] [INFO] treeLoadedMsg applied: roots=7 rows=13 loadErr=<nil>
[23:43:34.894] [DEBUG] loadTreeCmd start: cwd=/Users/iv/Developer/relux-proxy remote="" board="" user=""
[23:43:34.979] [INFO] loadTreeCmd success: roots=7
[23:43:34.979] [INFO] treeLoadedMsg applied: roots=7 rows=13 loadErr=<nil>
[23:43:44.894] [DEBUG] loadTreeCmd start: cwd=/Users/iv/Developer/relux-proxy remote="" board="" user=""
[23:43:44.982] [INFO] loadTreeCmd success: roots=7
[23:43:44.982] [INFO] treeLoadedMsg applied: roots=7 rows=13 loadErr=<nil>
[23:43:54.894] [DEBUG] loadTreeCmd start: cwd=/Users/iv/Developer/relux-proxy remote="" board="" user=""
[23:43:54.982] [INFO] loadTreeCmd success: roots=7
[23:43:54.982] [INFO] treeLoadedMsg applied: roots=7 rows=13 loadErr=<nil>
[23:44:04.895] [DEBUG] loadTreeCmd start: cwd=/Users/iv/Developer/relux-proxy remote="" board="" user=""
[23:44:04.981] [INFO] loadTreeCmd success: roots=7
[23:44:04.981] [INFO] treeLoadedMsg applied: roots=7 rows=13 loadErr=<nil>
[23:44:14.895] [DEBUG] loadTreeCmd start: cwd=/Users/iv/Developer/relux-proxy remote="" board="" user=""
[23:44:14.981] [INFO] loadTreeCmd success: roots=7
[23:44:14.981] [INFO] treeLoadedMsg applied: roots=7 rows=13 loadErr=<nil>
[23:44:24.895] [DEBUG] loadTreeCmd start: cwd=/Users/iv/Developer/relux-proxy remote="" board="" user=""
[23:44:24.980] [INFO] loadTreeCmd success: roots=7
[23:44:24.980] [INFO] treeLoadedMsg applied: roots=7 rows=13 loadErr=<nil>
[23:44:34.896] [DEBUG] loadTreeCmd start: cwd=/Users/iv/Developer/relux-proxy remote="" board="" user=""
[23:44:34.977] [INFO] loadTreeCmd success: roots=7
[23:44:34.977] [INFO] treeLoadedMsg applied: roots=7 rows=13 loadErr=<nil>
[23:44:44.898] [DEBUG] loadTreeCmd start: cwd=/Users/iv/Developer/relux-proxy remote="" board="" user=""
[23:44:44.987] [INFO] loadTreeCmd success: roots=7
[23:44:44.988] [INFO] treeLoadedMsg applied: roots=7 rows=13 loadErr=<nil>
[23:44:54.899] [DEBUG] loadTreeCmd start: cwd=/Users/iv/Developer/relux-proxy remote="" board="" user=""
[23:44:54.983] [INFO] loadTreeCmd success: roots=7
[23:44:54.983] [INFO] treeLoadedMsg applied: roots=7 rows=13 loadErr=<nil>
[23:45:04.899] [DEBUG] loadTreeCmd start: cwd=/Users/iv/Developer/relux-proxy remote="" board="" user=""
[23:45:04.984] [INFO] loadTreeCmd success: roots=7
[23:45:04.984] [INFO] treeLoadedMsg applied: roots=7 rows=13 loadErr=<nil>
[23:45:14.900] [DEBUG] loadTreeCmd start: cwd=/Users/iv/Developer/relux-proxy remote="" board="" user=""
[23:45:14.983] [INFO] loadTreeCmd success: roots=7
[23:45:14.983] [INFO] treeLoadedMsg applied: roots=7 rows=13 loadErr=<nil>
[23:45:24.902] [DEBUG] loadTreeCmd start: cwd=/Users/iv/Developer/relux-proxy remote="" board="" user=""
[23:45:24.985] [INFO] loadTreeCmd success: roots=7
[23:45:24.985] [INFO] treeLoadedMsg applied: roots=7 rows=13 loadErr=<nil>
[23:45:34.903] [DEBUG] loadTreeCmd start: cwd=/Users/iv/Developer/relux-proxy remote="" board="" user=""
[23:45:34.997] [INFO] loadTreeCmd success: roots=7
[23:45:34.997] [INFO] treeLoadedMsg applied: roots=7 rows=13 loadErr=<nil>
[23:45:44.905] [DEBUG] loadTreeCmd start: cwd=/Users/iv/Developer/relux-proxy remote="" board="" user=""
[23:45:44.989] [INFO] loadTreeCmd success: roots=7
[23:45:44.989] [INFO] treeLoadedMsg applied: roots=7 rows=13 loadErr=<nil>
[23:45:54.906] [DEBUG] loadTreeCmd start: cwd=/Users/iv/Developer/relux-proxy remote="" board="" user=""
[23:45:54.987] [INFO] loadTreeCmd success: roots=7
[23:45:54.987] [INFO] treeLoadedMsg applied: roots=7 rows=13 loadErr=<nil>
[23:46:04.908] [DEBUG] loadTreeCmd start: cwd=/Users/iv/Developer/relux-proxy remote="" board="" user=""
[23:46:05.003] [INFO] loadTreeCmd success: roots=7
[23:46:05.003] [INFO] treeLoadedMsg applied: roots=7 rows=13 loadErr=<nil>
[23:46:14.910] [DEBUG] loadTreeCmd start: cwd=/Users/iv/Developer/relux-proxy remote="" board="" user=""
[23:46:15.000] [INFO] loadTreeCmd success: roots=7
[23:46:15.000] [INFO] treeLoadedMsg applied: roots=7 rows=13 loadErr=<nil>
[23:46:24.910] [DEBUG] loadTreeCmd start: cwd=/Users/iv/Developer/relux-proxy remote="" board="" user=""
[23:46:24.997] [INFO] loadTreeCmd success: roots=7
[23:46:24.997] [INFO] treeLoadedMsg applied: roots=7 rows=13 loadErr=<nil>
[23:46:34.910] [DEBUG] loadTreeCmd start: cwd=/Users/iv/Developer/relux-proxy remote="" board="" user=""
[23:46:34.997] [INFO] loadTreeCmd success: roots=7
[23:46:34.997] [INFO] treeLoadedMsg applied: roots=7 rows=13 loadErr=<nil>
[23:46:44.910] [DEBUG] loadTreeCmd start: cwd=/Users/iv/Developer/relux-proxy remote="" board="" user=""
[23:46:44.995] [INFO] loadTreeCmd success: roots=7
[23:46:44.995] [INFO] treeLoadedMsg applied: roots=7 rows=13 loadErr=<nil>
[23:46:54.911] [DEBUG] loadTreeCmd start: cwd=/Users/iv/Developer/relux-proxy remote="" board="" user=""
[23:46:54.993] [INFO] loadTreeCmd success: roots=7
[23:46:54.993] [INFO] treeLoadedMsg applied: roots=7 rows=13 loadErr=<nil>
[23:47:04.911] [DEBUG] loadTreeCmd start: cwd=/Users/iv/Developer/relux-proxy remote="" board="" user=""
[23:47:05.003] [INFO] loadTreeCmd success: roots=7
[23:47:05.003] [INFO] treeLoadedMsg applied: roots=7 rows=13 loadErr=<nil>
[23:47:14.911] [DEBUG] loadTreeCmd start: cwd=/Users/iv/Developer/relux-proxy remote="" board="" user=""
[23:47:14.998] [INFO] loadTreeCmd success: roots=7
[23:47:14.998] [INFO] treeLoadedMsg applied: roots=7 rows=13 loadErr=<nil>
[23:47:24.911] [DEBUG] loadTreeCmd start: cwd=/Users/iv/Developer/relux-proxy remote="" board="" user=""
[23:47:24.996] [INFO] loadTreeCmd success: roots=7
[23:47:24.996] [INFO] treeLoadedMsg applied: roots=7 rows=13 loadErr=<nil>
[23:47:34.912] [DEBUG] loadTreeCmd start: cwd=/Users/iv/Developer/relux-proxy remote="" board="" user=""
[23:47:35.001] [INFO] loadTreeCmd success: roots=7
[23:47:35.002] [INFO] treeLoadedMsg applied: roots=7 rows=13 loadErr=<nil>
[23:47:44.912] [DEBUG] loadTreeCmd start: cwd=/Users/iv/Developer/relux-proxy remote="" board="" user=""
[23:47:44.994] [INFO] loadTreeCmd success: roots=7
[23:47:44.994] [INFO] treeLoadedMsg applied: roots=7 rows=13 loadErr=<nil>
[23:47:54.913] [DEBUG] loadTreeCmd start: cwd=/Users/iv/Developer/relux-proxy remote="" board="" user=""
[23:47:54.995] [INFO] loadTreeCmd success: roots=7
[23:47:54.996] [INFO] treeLoadedMsg applied: roots=7 rows=13 loadErr=<nil>
[23:48:04.913] [DEBUG] loadTreeCmd start: cwd=/Users/iv/Developer/relux-proxy remote="" board="" user=""
[23:48:05.001] [INFO] loadTreeCmd success: roots=7
[23:48:05.001] [INFO] treeLoadedMsg applied: roots=7 rows=13 loadErr=<nil>
[23:48:14.914] [DEBUG] loadTreeCmd start: cwd=/Users/iv/Developer/relux-proxy remote="" board="" user=""
[23:48:15.006] [INFO] loadTreeCmd success: roots=7
[23:48:15.006] [INFO] treeLoadedMsg applied: roots=7 rows=13 loadErr=<nil>
[23:48:24.916] [DEBUG] loadTreeCmd start: cwd=/Users/iv/Developer/relux-proxy remote="" board="" user=""
[23:48:25.003] [INFO] loadTreeCmd success: roots=7
[23:48:25.003] [INFO] treeLoadedMsg applied: roots=7 rows=13 loadErr=<nil>
[23:48:34.917] [DEBUG] loadTreeCmd start: cwd=/Users/iv/Developer/relux-proxy remote="" board="" user=""
[23:48:35.001] [INFO] loadTreeCmd success: roots=7
[23:48:35.001] [INFO] treeLoadedMsg applied: roots=7 rows=13 loadErr=<nil>
[23:48:44.918] [DEBUG] loadTreeCmd start: cwd=/Users/iv/Developer/relux-proxy remote="" board="" user=""
[23:48:45.000] [INFO] loadTreeCmd success: roots=7
[23:48:45.000] [INFO] treeLoadedMsg applied: roots=7 rows=13 loadErr=<nil>
[23:48:54.920] [DEBUG] loadTreeCmd start: cwd=/Users/iv/Developer/relux-proxy remote="" board="" user=""
[23:48:55.003] [INFO] loadTreeCmd success: roots=7
[23:48:55.003] [INFO] treeLoadedMsg applied: roots=7 rows=13 loadErr=<nil>
[23:49:04.922] [DEBUG] loadTreeCmd start: cwd=/Users/iv/Developer/relux-proxy remote="" board="" user=""
[23:49:05.010] [INFO] loadTreeCmd success: roots=7
[23:49:05.010] [INFO] treeLoadedMsg applied: roots=7 rows=13 loadErr=<nil>
[23:49:14.924] [DEBUG] loadTreeCmd start: cwd=/Users/iv/Developer/relux-proxy remote="" board="" user=""
[23:49:15.007] [INFO] loadTreeCmd success: roots=7
[23:49:15.008] [INFO] treeLoadedMsg applied: roots=7 rows=13 loadErr=<nil>
[23:49:24.926] [DEBUG] loadTreeCmd start: cwd=/Users/iv/Developer/relux-proxy remote="" board="" user=""
[23:49:25.012] [INFO] loadTreeCmd success: roots=7
[23:49:25.012] [INFO] treeLoadedMsg applied: roots=7 rows=13 loadErr=<nil>
[23:49:34.927] [DEBUG] loadTreeCmd start: cwd=/Users/iv/Developer/relux-proxy remote="" board="" user=""
[23:49:35.013] [INFO] loadTreeCmd success: roots=7
[23:49:35.013] [INFO] treeLoadedMsg applied: roots=7 rows=13 loadErr=<nil>
[23:49:44.927] [DEBUG] loadTreeCmd start: cwd=/Users/iv/Developer/relux-proxy remote="" board="" user=""
[23:49:45.013] [INFO] loadTreeCmd success: roots=7
[23:49:45.013] [INFO] treeLoadedMsg applied: roots=7 rows=13 loadErr=<nil>
[23:49:54.927] [DEBUG] loadTreeCmd start: cwd=/Users/iv/Developer/relux-proxy remote="" board="" user=""
[23:49:55.008] [INFO] loadTreeCmd success: roots=7
[23:49:55.009] [INFO] treeLoadedMsg applied: roots=7 rows=13 loadErr=<nil>
[23:50:04.928] [DEBUG] loadTreeCmd start: cwd=/Users/iv/Developer/relux-proxy remote="" board="" user=""
[23:50:05.015] [INFO] loadTreeCmd success: roots=7
[23:50:05.016] [INFO] treeLoadedMsg applied: roots=7 rows=13 loadErr=<nil>
[23:50:14.928] [DEBUG] loadTreeCmd start: cwd=/Users/iv/Developer/relux-proxy remote="" board="" user=""
[23:50:15.015] [INFO] loadTreeCmd success: roots=7
[23:50:15.015] [INFO] treeLoadedMsg applied: roots=7 rows=13 loadErr=<nil>
[23:50:24.929] [DEBUG] loadTreeCmd start: cwd=/Users/iv/Developer/relux-proxy remote="" board="" user=""
[23:50:25.015] [INFO] loadTreeCmd success: roots=7
[23:50:25.015] [INFO] treeLoadedMsg applied: roots=7 rows=13 loadErr=<nil>
[23:50:34.929] [DEBUG] loadTreeCmd start: cwd=/Users/iv/Developer/relux-proxy remote="" board="" user=""
[23:50:35.012] [INFO] loadTreeCmd success: roots=7
[23:50:35.013] [INFO] treeLoadedMsg applied: roots=7 rows=13 loadErr=<nil>
[23:50:44.930] [DEBUG] loadTreeCmd start: cwd=/Users/iv/Developer/relux-proxy remote="" board="" user=""
[23:50:45.017] [INFO] loadTreeCmd success: roots=7
[23:50:45.018] [INFO] treeLoadedMsg applied: roots=7 rows=13 loadErr=<nil>
[23:50:54.931] [DEBUG] loadTreeCmd start: cwd=/Users/iv/Developer/relux-proxy remote="" board="" user=""
[23:50:55.023] [INFO] loadTreeCmd success: roots=7
[23:50:55.024] [INFO] treeLoadedMsg applied: roots=7 rows=13 loadErr=<nil>
[23:51:04.932] [DEBUG] loadTreeCmd start: cwd=/Users/iv/Developer/relux-proxy remote="" board="" user=""
[23:51:05.023] [INFO] loadTreeCmd success: roots=7
[23:51:05.023] [INFO] treeLoadedMsg applied: roots=7 rows=13 loadErr=<nil>
[23:51:14.934] [DEBUG] loadTreeCmd start: cwd=/Users/iv/Developer/relux-proxy remote="" board="" user=""
[23:51:15.023] [INFO] loadTreeCmd success: roots=7
[23:51:15.023] [INFO] treeLoadedMsg applied: roots=7 rows=13 loadErr=<nil>
[23:51:24.936] [DEBUG] loadTreeCmd start: cwd=/Users/iv/Developer/relux-proxy remote="" board="" user=""
[23:51:25.021] [INFO] loadTreeCmd success: roots=7
[23:51:25.021] [INFO] treeLoadedMsg applied: roots=7 rows=13 loadErr=<nil>
[23:51:34.937] [DEBUG] loadTreeCmd start: cwd=/Users/iv/Developer/relux-proxy remote="" board="" user=""
[23:51:35.022] [INFO] loadTreeCmd success: roots=7
[23:51:35.023] [INFO] treeLoadedMsg applied: roots=7 rows=13 loadErr=<nil>
[23:51:44.958] [DEBUG] loadTreeCmd start: cwd=/Users/iv/Developer/relux-proxy remote="" board="" user=""
[23:51:45.041] [INFO] loadTreeCmd success: roots=7
[23:51:45.041] [INFO] treeLoadedMsg applied: roots=7 rows=13 loadErr=<nil>
[23:51:54.972] [DEBUG] loadTreeCmd start: cwd=/Users/iv/Developer/relux-proxy remote="" board="" user=""
[23:51:55.057] [INFO] loadTreeCmd success: roots=7
[23:51:55.057] [INFO] treeLoadedMsg applied: roots=7 rows=13 loadErr=<nil>
[23:52:04.981] [DEBUG] loadTreeCmd start: cwd=/Users/iv/Developer/relux-proxy remote="" board="" user=""
[23:52:05.068] [INFO] loadTreeCmd success: roots=7
[23:52:05.068] [INFO] treeLoadedMsg applied: roots=7 rows=13 loadErr=<nil>
[23:52:14.986] [DEBUG] loadTreeCmd start: cwd=/Users/iv/Developer/relux-proxy remote="" board="" user=""
[23:52:15.078] [INFO] loadTreeCmd success: roots=7
[23:52:15.078] [INFO] treeLoadedMsg applied: roots=7 rows=13 loadErr=<nil>
[23:52:24.989] [DEBUG] loadTreeCmd start: cwd=/Users/iv/Developer/relux-proxy remote="" board="" user=""
[23:52:25.076] [INFO] loadTreeCmd success: roots=7
[23:52:25.077] [INFO] treeLoadedMsg applied: roots=7 rows=13 loadErr=<nil>
[23:52:34.990] [DEBUG] loadTreeCmd start: cwd=/Users/iv/Developer/relux-proxy remote="" board="" user=""
[23:52:35.076] [INFO] loadTreeCmd success: roots=7
[23:52:35.076] [INFO] treeLoadedMsg applied: roots=7 rows=13 loadErr=<nil>
[23:52:44.990] [DEBUG] loadTreeCmd start: cwd=/Users/iv/Developer/relux-proxy remote="" board="" user=""
[23:52:45.082] [INFO] loadTreeCmd success: roots=7
[23:52:45.082] [INFO] treeLoadedMsg applied: roots=7 rows=13 loadErr=<nil>
[23:52:54.991] [DEBUG] loadTreeCmd start: cwd=/Users/iv/Developer/relux-proxy remote="" board="" user=""
[23:52:55.078] [INFO] loadTreeCmd success: roots=7
[23:52:55.078] [INFO] treeLoadedMsg applied: roots=7 rows=13 loadErr=<nil>
[23:53:04.992] [DEBUG] loadTreeCmd start: cwd=/Users/iv/Developer/relux-proxy remote="" board="" user=""
[23:53:05.078] [INFO] loadTreeCmd success: roots=7
[23:53:05.079] [INFO] treeLoadedMsg applied: roots=7 rows=13 loadErr=<nil>
[23:53:14.993] [DEBUG] loadTreeCmd start: cwd=/Users/iv/Developer/relux-proxy remote="" board="" user=""
[23:53:15.081] [INFO] loadTreeCmd success: roots=7
[23:53:15.081] [INFO] treeLoadedMsg applied: roots=7 rows=13 loadErr=<nil>
[23:53:24.994] [DEBUG] loadTreeCmd start: cwd=/Users/iv/Developer/relux-proxy remote="" board="" user=""
[23:53:25.086] [INFO] loadTreeCmd success: roots=7
[23:53:25.086] [INFO] treeLoadedMsg applied: roots=7 rows=13 loadErr=<nil>
[23:53:34.995] [DEBUG] loadTreeCmd start: cwd=/Users/iv/Developer/relux-proxy remote="" board="" user=""
[23:53:35.083] [INFO] loadTreeCmd success: roots=7
[23:53:35.083] [INFO] treeLoadedMsg applied: roots=7 rows=13 loadErr=<nil>
[23:53:44.996] [DEBUG] loadTreeCmd start: cwd=/Users/iv/Developer/relux-proxy remote="" board="" user=""
[23:53:45.080] [INFO] loadTreeCmd success: roots=7
[23:53:45.080] [INFO] treeLoadedMsg applied: roots=7 rows=13 loadErr=<nil>
[23:53:54.997] [DEBUG] loadTreeCmd start: cwd=/Users/iv/Developer/relux-proxy remote="" board="" user=""
[23:53:55.088] [INFO] loadTreeCmd success: roots=7
[23:53:55.088] [INFO] treeLoadedMsg applied: roots=7 rows=13 loadErr=<nil>
[23:54:04.999] [DEBUG] loadTreeCmd start: cwd=/Users/iv/Developer/relux-proxy remote="" board="" user=""
[23:54:05.087] [INFO] loadTreeCmd success: roots=7
[23:54:05.088] [INFO] treeLoadedMsg applied: roots=7 rows=13 loadErr=<nil>
[23:54:15.000] [DEBUG] loadTreeCmd start: cwd=/Users/iv/Developer/relux-proxy remote="" board="" user=""
[23:54:15.087] [INFO] loadTreeCmd success: roots=7
[23:54:15.087] [INFO] treeLoadedMsg applied: roots=7 rows=13 loadErr=<nil>
[23:54:25.001] [DEBUG] loadTreeCmd start: cwd=/Users/iv/Developer/relux-proxy remote="" board="" user=""
[23:54:25.090] [INFO] loadTreeCmd success: roots=7
[23:54:25.090] [INFO] treeLoadedMsg applied: roots=7 rows=13 loadErr=<nil>
[23:54:35.003] [DEBUG] loadTreeCmd start: cwd=/Users/iv/Developer/relux-proxy remote="" board="" user=""
[23:54:35.089] [INFO] loadTreeCmd success: roots=7
[23:54:35.089] [INFO] treeLoadedMsg applied: roots=7 rows=13 loadErr=<nil>
[23:54:45.005] [DEBUG] loadTreeCmd start: cwd=/Users/iv/Developer/relux-proxy remote="" board="" user=""
[23:54:45.098] [INFO] loadTreeCmd success: roots=7
[23:54:45.098] [INFO] treeLoadedMsg applied: roots=7 rows=13 loadErr=<nil>
[23:54:55.007] [DEBUG] loadTreeCmd start: cwd=/Users/iv/Developer/relux-proxy remote="" board="" user=""
[23:54:55.095] [INFO] loadTreeCmd success: roots=7
[23:54:55.095] [INFO] treeLoadedMsg applied: roots=7 rows=13 loadErr=<nil>
[23:55:05.008] [DEBUG] loadTreeCmd start: cwd=/Users/iv/Developer/relux-proxy remote="" board="" user=""
[23:55:05.091] [INFO] loadTreeCmd success: roots=7
[23:55:05.091] [INFO] treeLoadedMsg applied: roots=7 rows=13 loadErr=<nil>
[23:55:15.009] [DEBUG] loadTreeCmd start: cwd=/Users/iv/Developer/relux-proxy remote="" board="" user=""
[23:55:15.090] [INFO] loadTreeCmd success: roots=7
[23:55:15.090] [INFO] treeLoadedMsg applied: roots=7 rows=13 loadErr=<nil>
[23:55:25.009] [DEBUG] loadTreeCmd start: cwd=/Users/iv/Developer/relux-proxy remote="" board="" user=""
[23:55:25.097] [INFO] loadTreeCmd success: roots=7
[23:55:25.097] [INFO] treeLoadedMsg applied: roots=7 rows=13 loadErr=<nil>
[23:55:35.009] [DEBUG] loadTreeCmd start: cwd=/Users/iv/Developer/relux-proxy remote="" board="" user=""
[23:55:35.090] [INFO] loadTreeCmd success: roots=7
[23:55:35.090] [INFO] treeLoadedMsg applied: roots=7 rows=13 loadErr=<nil>
[23:55:45.010] [DEBUG] loadTreeCmd start: cwd=/Users/iv/Developer/relux-proxy remote="" board="" user=""
[23:55:45.090] [INFO] loadTreeCmd success: roots=7
[23:55:45.091] [INFO] treeLoadedMsg applied: roots=7 rows=13 loadErr=<nil>
[23:55:55.010] [DEBUG] loadTreeCmd start: cwd=/Users/iv/Developer/relux-proxy remote="" board="" user=""
[23:55:55.096] [INFO] loadTreeCmd success: roots=7
[23:55:55.096] [INFO] treeLoadedMsg applied: roots=7 rows=13 loadErr=<nil>
[23:56:05.011] [DEBUG] loadTreeCmd start: cwd=/Users/iv/Developer/relux-proxy remote="" board="" user=""
[23:56:05.099] [INFO] loadTreeCmd success: roots=7
[23:56:05.099] [INFO] treeLoadedMsg applied: roots=7 rows=13 loadErr=<nil>
[23:56:15.012] [DEBUG] loadTreeCmd start: cwd=/Users/iv/Developer/relux-proxy remote="" board="" user=""
[23:56:15.103] [INFO] loadTreeCmd success: roots=7
[23:56:15.103] [INFO] treeLoadedMsg applied: roots=7 rows=13 loadErr=<nil>
[23:56:25.012] [DEBUG] loadTreeCmd start: cwd=/Users/iv/Developer/relux-proxy remote="" board="" user=""
[23:56:25.103] [INFO] loadTreeCmd success: roots=7
[23:56:25.103] [INFO] treeLoadedMsg applied: roots=7 rows=13 loadErr=<nil>
[23:56:35.013] [DEBUG] loadTreeCmd start: cwd=/Users/iv/Developer/relux-proxy remote="" board="" user=""
[23:56:35.100] [INFO] loadTreeCmd success: roots=7
[23:56:35.101] [INFO] treeLoadedMsg applied: roots=7 rows=13 loadErr=<nil>
[23:56:45.014] [DEBUG] loadTreeCmd start: cwd=/Users/iv/Developer/relux-proxy remote="" board="" user=""
[23:56:45.099] [INFO] loadTreeCmd success: roots=7
[23:56:45.099] [INFO] treeLoadedMsg applied: roots=7 rows=13 loadErr=<nil>
[23:56:55.016] [DEBUG] loadTreeCmd start: cwd=/Users/iv/Developer/relux-proxy remote="" board="" user=""
[23:56:55.100] [INFO] loadTreeCmd success: roots=7
[23:56:55.100] [INFO] treeLoadedMsg applied: roots=7 rows=13 loadErr=<nil>
[23:57:05.018] [DEBUG] loadTreeCmd start: cwd=/Users/iv/Developer/relux-proxy remote="" board="" user=""
[23:57:05.101] [INFO] loadTreeCmd success: roots=7
[23:57:05.102] [INFO] treeLoadedMsg applied: roots=7 rows=13 loadErr=<nil>
[23:57:15.020] [DEBUG] loadTreeCmd start: cwd=/Users/iv/Developer/relux-proxy remote="" board="" user=""
[23:57:15.107] [INFO] loadTreeCmd success: roots=7
[23:57:15.107] [INFO] treeLoadedMsg applied: roots=7 rows=13 loadErr=<nil>
[23:57:25.021] [DEBUG] loadTreeCmd start: cwd=/Users/iv/Developer/relux-proxy remote="" board="" user=""
[23:57:25.107] [INFO] loadTreeCmd success: roots=7
[23:57:25.107] [INFO] treeLoadedMsg applied: roots=7 rows=13 loadErr=<nil>
[23:57:35.023] [DEBUG] loadTreeCmd start: cwd=/Users/iv/Developer/relux-proxy remote="" board="" user=""
[23:57:35.112] [INFO] loadTreeCmd success: roots=7
[23:57:35.113] [INFO] treeLoadedMsg applied: roots=7 rows=13 loadErr=<nil>
[23:57:45.024] [DEBUG] loadTreeCmd start: cwd=/Users/iv/Developer/relux-proxy remote="" board="" user=""
[23:57:45.109] [INFO] loadTreeCmd success: roots=7
[23:57:45.109] [INFO] treeLoadedMsg applied: roots=7 rows=13 loadErr=<nil>
[23:57:55.026] [DEBUG] loadTreeCmd start: cwd=/Users/iv/Developer/relux-proxy remote="" board="" user=""
[23:57:55.114] [INFO] loadTreeCmd success: roots=7
[23:57:55.114] [INFO] treeLoadedMsg applied: roots=7 rows=13 loadErr=<nil>
[23:58:05.026] [DEBUG] loadTreeCmd start: cwd=/Users/iv/Developer/relux-proxy remote="" board="" user=""
[23:58:05.115] [INFO] loadTreeCmd success: roots=7
[23:58:05.115] [INFO] treeLoadedMsg applied: roots=7 rows=13 loadErr=<nil>
[23:58:15.026] [DEBUG] loadTreeCmd start: cwd=/Users/iv/Developer/relux-proxy remote="" board="" user=""
[23:58:15.114] [INFO] loadTreeCmd success: roots=7
[23:58:15.114] [INFO] treeLoadedMsg applied: roots=7 rows=13 loadErr=<nil>
[23:58:25.027] [DEBUG] loadTreeCmd start: cwd=/Users/iv/Developer/relux-proxy remote="" board="" user=""
[23:58:25.115] [INFO] loadTreeCmd success: roots=7
[23:58:25.115] [INFO] treeLoadedMsg applied: roots=7 rows=13 loadErr=<nil>
[23:58:35.028] [DEBUG] loadTreeCmd start: cwd=/Users/iv/Developer/relux-proxy remote="" board="" user=""
[23:58:35.120] [INFO] loadTreeCmd success: roots=7
[23:58:35.120] [INFO] treeLoadedMsg applied: roots=7 rows=13 loadErr=<nil>
[23:58:45.029] [DEBUG] loadTreeCmd start: cwd=/Users/iv/Developer/relux-proxy remote="" board="" user=""
[23:58:45.115] [INFO] loadTreeCmd success: roots=7
[23:58:45.115] [INFO] treeLoadedMsg applied: roots=7 rows=13 loadErr=<nil>
[23:58:55.029] [DEBUG] loadTreeCmd start: cwd=/Users/iv/Developer/relux-proxy remote="" board="" user=""
[23:58:55.112] [INFO] loadTreeCmd success: roots=7
[23:58:55.113] [INFO] treeLoadedMsg applied: roots=7 rows=13 loadErr=<nil>
[23:59:05.030] [DEBUG] loadTreeCmd start: cwd=/Users/iv/Developer/relux-proxy remote="" board="" user=""
[23:59:05.116] [INFO] loadTreeCmd success: roots=7
[23:59:05.117] [INFO] treeLoadedMsg applied: roots=7 rows=13 loadErr=<nil>
[23:59:15.031] [DEBUG] loadTreeCmd start: cwd=/Users/iv/Developer/relux-proxy remote="" board="" user=""
[23:59:15.128] [INFO] loadTreeCmd success: roots=7
[23:59:15.128] [INFO] treeLoadedMsg applied: roots=7 rows=13 loadErr=<nil>
[23:59:25.031] [DEBUG] loadTreeCmd start: cwd=/Users/iv/Developer/relux-proxy remote="" board="" user=""
[23:59:25.120] [INFO] loadTreeCmd success: roots=7
[23:59:25.120] [INFO] treeLoadedMsg applied: roots=7 rows=13 loadErr=<nil>
[23:59:35.033] [DEBUG] loadTreeCmd start: cwd=/Users/iv/Developer/relux-proxy remote="" board="" user=""
[23:59:35.126] [INFO] loadTreeCmd success: roots=7
[23:59:35.126] [INFO] treeLoadedMsg applied: roots=7 rows=13 loadErr=<nil>
[23:59:45.035] [DEBUG] loadTreeCmd start: cwd=/Users/iv/Developer/relux-proxy remote="" board="" user=""
[23:59:45.119] [INFO] loadTreeCmd success: roots=7
[23:59:45.119] [INFO] treeLoadedMsg applied: roots=7 rows=13 loadErr=<nil>
[23:59:55.037] [DEBUG] loadTreeCmd start: cwd=/Users/iv/Developer/relux-proxy remote="" board="" user=""
[23:59:55.118] [INFO] loadTreeCmd success: roots=7
[23:59:55.118] [INFO] treeLoadedMsg applied: roots=7 rows=13 loadErr=<nil>
[00:00:05.038] [DEBUG] loadTreeCmd start: cwd=/Users/iv/Developer/relux-proxy remote="" board="" user=""
[00:00:05.145] [INFO] loadTreeCmd success: roots=7
[00:00:05.145] [INFO] treeLoadedMsg applied: roots=7 rows=13 loadErr=<nil>
[00:00:15.040] [DEBUG] loadTreeCmd start: cwd=/Users/iv/Developer/relux-proxy remote="" board="" user=""
[00:00:15.127] [INFO] loadTreeCmd success: roots=7
[00:00:15.127] [INFO] treeLoadedMsg applied: roots=7 rows=13 loadErr=<nil>
[00:00:25.042] [DEBUG] loadTreeCmd start: cwd=/Users/iv/Developer/relux-proxy remote="" board="" user=""
[00:00:25.133] [INFO] loadTreeCmd success: roots=7
[00:00:25.133] [INFO] treeLoadedMsg applied: roots=7 rows=13 loadErr=<nil>
[00:00:35.044] [DEBUG] loadTreeCmd start: cwd=/Users/iv/Developer/relux-proxy remote="" board="" user=""
[00:00:35.130] [INFO] loadTreeCmd success: roots=7
[00:00:35.130] [INFO] treeLoadedMsg applied: roots=7 rows=13 loadErr=<nil>
[00:00:45.044] [DEBUG] loadTreeCmd start: cwd=/Users/iv/Developer/relux-proxy remote="" board="" user=""
[00:00:45.130] [INFO] loadTreeCmd success: roots=7
[00:00:45.130] [INFO] treeLoadedMsg applied: roots=7 rows=13 loadErr=<nil>
[00:00:55.044] [DEBUG] loadTreeCmd start: cwd=/Users/iv/Developer/relux-proxy remote="" board="" user=""
[00:00:55.132] [INFO] loadTreeCmd success: roots=7
[00:00:55.132] [INFO] treeLoadedMsg applied: roots=7 rows=13 loadErr=<nil>
[00:01:05.045] [DEBUG] loadTreeCmd start: cwd=/Users/iv/Developer/relux-proxy remote="" board="" user=""
[00:01:05.141] [INFO] loadTreeCmd success: roots=7
[00:01:05.141] [INFO] treeLoadedMsg applied: roots=7 rows=13 loadErr=<nil>
[00:01:15.045] [DEBUG] loadTreeCmd start: cwd=/Users/iv/Developer/relux-proxy remote="" board="" user=""
[00:01:15.126] [INFO] loadTreeCmd success: roots=7
[00:01:15.126] [INFO] treeLoadedMsg applied: roots=7 rows=13 loadErr=<nil>
[00:01:25.045] [DEBUG] loadTreeCmd start: cwd=/Users/iv/Developer/relux-proxy remote="" board="" user=""
[00:01:25.136] [INFO] loadTreeCmd success: roots=7
[00:01:25.136] [INFO] treeLoadedMsg applied: roots=7 rows=13 loadErr=<nil>
[00:01:35.046] [DEBUG] loadTreeCmd start: cwd=/Users/iv/Developer/relux-proxy remote="" board="" user=""
[00:01:35.139] [INFO] loadTreeCmd success: roots=7
[00:01:35.139] [INFO] treeLoadedMsg applied: roots=7 rows=13 loadErr=<nil>
[00:01:45.046] [DEBUG] loadTreeCmd start: cwd=/Users/iv/Developer/relux-proxy remote="" board="" user=""
[00:01:45.142] [INFO] loadTreeCmd success: roots=7
[00:01:45.142] [INFO] treeLoadedMsg applied: roots=7 rows=13 loadErr=<nil>
[00:01:55.047] [DEBUG] loadTreeCmd start: cwd=/Users/iv/Developer/relux-proxy remote="" board="" user=""
[00:01:55.134] [INFO] loadTreeCmd success: roots=7
[00:01:55.134] [INFO] treeLoadedMsg applied: roots=7 rows=13 loadErr=<nil>
[00:02:05.047] [DEBUG] loadTreeCmd start: cwd=/Users/iv/Developer/relux-proxy remote="" board="" user=""
[00:02:05.139] [INFO] loadTreeCmd success: roots=7
[00:02:05.139] [INFO] treeLoadedMsg applied: roots=7 rows=13 loadErr=<nil>
[00:02:15.048] [DEBUG] loadTreeCmd start: cwd=/Users/iv/Developer/relux-proxy remote="" board="" user=""
[00:02:15.138] [INFO] loadTreeCmd success: roots=7
[00:02:15.138] [INFO] treeLoadedMsg applied: roots=7 rows=13 loadErr=<nil>
[00:02:25.048] [DEBUG] loadTreeCmd start: cwd=/Users/iv/Developer/relux-proxy remote="" board="" user=""
[00:02:25.137] [INFO] loadTreeCmd success: roots=7
[00:02:25.137] [INFO] treeLoadedMsg applied: roots=7 rows=13 loadErr=<nil>
[00:02:35.049] [DEBUG] loadTreeCmd start: cwd=/Users/iv/Developer/relux-proxy remote="" board="" user=""
[00:02:35.133] [INFO] loadTreeCmd success: roots=7
[00:02:35.133] [INFO] treeLoadedMsg applied: roots=7 rows=13 loadErr=<nil>
[00:02:45.050] [DEBUG] loadTreeCmd start: cwd=/Users/iv/Developer/relux-proxy remote="" board="" user=""
[00:02:45.135] [INFO] loadTreeCmd success: roots=7
[00:02:45.135] [INFO] treeLoadedMsg applied: roots=7 rows=13 loadErr=<nil>
[00:02:55.050] [DEBUG] loadTreeCmd start: cwd=/Users/iv/Developer/relux-proxy remote="" board="" user=""
[00:02:55.139] [INFO] loadTreeCmd success: roots=7
[00:02:55.139] [INFO] treeLoadedMsg applied: roots=7 rows=13 loadErr=<nil>
[00:03:05.052] [DEBUG] loadTreeCmd start: cwd=/Users/iv/Developer/relux-proxy remote="" board="" user=""
[00:03:05.142] [INFO] loadTreeCmd success: roots=7
[00:03:05.142] [INFO] treeLoadedMsg applied: roots=7 rows=13 loadErr=<nil>
[00:03:15.053] [DEBUG] loadTreeCmd start: cwd=/Users/iv/Developer/relux-proxy remote="" board="" user=""
[00:03:15.155] [INFO] loadTreeCmd success: roots=7
[00:03:15.155] [INFO] treeLoadedMsg applied: roots=7 rows=13 loadErr=<nil>
[00:03:25.053] [DEBUG] loadTreeCmd start: cwd=/Users/iv/Developer/relux-proxy remote="" board="" user=""
[00:03:25.139] [INFO] loadTreeCmd success: roots=7
[00:03:25.139] [INFO] treeLoadedMsg applied: roots=7 rows=13 loadErr=<nil>
[00:03:35.054] [DEBUG] loadTreeCmd start: cwd=/Users/iv/Developer/relux-proxy remote="" board="" user=""
[00:03:35.149] [INFO] loadTreeCmd success: roots=7
[00:03:35.149] [INFO] treeLoadedMsg applied: roots=7 rows=13 loadErr=<nil>
[00:03:45.055] [DEBUG] loadTreeCmd start: cwd=/Users/iv/Developer/relux-proxy remote="" board="" user=""
[00:03:45.142] [INFO] loadTreeCmd success: roots=7
[00:03:45.142] [INFO] treeLoadedMsg applied: roots=7 rows=13 loadErr=<nil>
[00:03:55.056] [DEBUG] loadTreeCmd start: cwd=/Users/iv/Developer/relux-proxy remote="" board="" user=""
[00:03:55.140] [INFO] loadTreeCmd success: roots=7
[00:03:55.140] [INFO] treeLoadedMsg applied: roots=7 rows=13 loadErr=<nil>
[00:04:05.057] [DEBUG] loadTreeCmd start: cwd=/Users/iv/Developer/relux-proxy remote="" board="" user=""
[00:04:05.147] [INFO] loadTreeCmd success: roots=7
[00:04:05.147] [INFO] treeLoadedMsg applied: roots=7 rows=13 loadErr=<nil>
[00:04:15.057] [DEBUG] loadTreeCmd start: cwd=/Users/iv/Developer/relux-proxy remote="" board="" user=""
[00:04:15.145] [INFO] loadTreeCmd success: roots=7
[00:04:15.146] [INFO] treeLoadedMsg applied: roots=7 rows=13 loadErr=<nil>
[00:04:25.058] [DEBUG] loadTreeCmd start: cwd=/Users/iv/Developer/relux-proxy remote="" board="" user=""
[00:04:25.143] [INFO] loadTreeCmd success: roots=7
[00:04:25.143] [INFO] treeLoadedMsg applied: roots=7 rows=13 loadErr=<nil>
[00:04:35.058] [DEBUG] loadTreeCmd start: cwd=/Users/iv/Developer/relux-proxy remote="" board="" user=""
[00:04:35.141] [INFO] loadTreeCmd success: roots=7
[00:04:35.141] [INFO] treeLoadedMsg applied: roots=7 rows=13 loadErr=<nil>
[00:04:45.060] [DEBUG] loadTreeCmd start: cwd=/Users/iv/Developer/relux-proxy remote="" board="" user=""
[00:04:45.145] [INFO] loadTreeCmd success: roots=7
[00:04:45.145] [INFO] treeLoadedMsg applied: roots=7 rows=13 loadErr=<nil>
[00:04:55.060] [DEBUG] loadTreeCmd start: cwd=/Users/iv/Developer/relux-proxy remote="" board="" user=""
[00:04:55.144] [INFO] loadTreeCmd success: roots=7
[00:04:55.145] [INFO] treeLoadedMsg applied: roots=7 rows=13 loadErr=<nil>
[00:05:05.061] [DEBUG] loadTreeCmd start: cwd=/Users/iv/Developer/relux-proxy remote="" board="" user=""
[00:05:05.145] [INFO] loadTreeCmd success: roots=7
[00:05:05.145] [INFO] treeLoadedMsg applied: roots=7 rows=13 loadErr=<nil>
[00:05:15.062] [DEBUG] loadTreeCmd start: cwd=/Users/iv/Developer/relux-proxy remote="" board="" user=""
[00:05:15.147] [INFO] loadTreeCmd success: roots=7
[00:05:15.147] [INFO] treeLoadedMsg applied: roots=7 rows=13 loadErr=<nil>
[00:05:25.062] [DEBUG] loadTreeCmd start: cwd=/Users/iv/Developer/relux-proxy remote="" board="" user=""
[00:05:25.147] [INFO] loadTreeCmd success: roots=7
[00:05:25.148] [INFO] treeLoadedMsg applied: roots=7 rows=13 loadErr=<nil>
[00:05:35.062] [DEBUG] loadTreeCmd start: cwd=/Users/iv/Developer/relux-proxy remote="" board="" user=""
[00:05:35.149] [INFO] loadTreeCmd success: roots=7
[00:05:35.149] [INFO] treeLoadedMsg applied: roots=7 rows=13 loadErr=<nil>
[00:05:45.062] [DEBUG] loadTreeCmd start: cwd=/Users/iv/Developer/relux-proxy remote="" board="" user=""
[00:05:45.154] [INFO] loadTreeCmd success: roots=7
[00:05:45.154] [INFO] treeLoadedMsg applied: roots=7 rows=13 loadErr=<nil>
[00:05:55.062] [DEBUG] loadTreeCmd start: cwd=/Users/iv/Developer/relux-proxy remote="" board="" user=""
[00:05:55.149] [INFO] loadTreeCmd success: roots=7
[00:05:55.149] [INFO] treeLoadedMsg applied: roots=7 rows=13 loadErr=<nil>
[00:06:05.063] [DEBUG] loadTreeCmd start: cwd=/Users/iv/Developer/relux-proxy remote="" board="" user=""
[00:06:05.148] [INFO] loadTreeCmd success: roots=7
[00:06:05.149] [INFO] treeLoadedMsg applied: roots=7 rows=13 loadErr=<nil>
[00:06:15.063] [DEBUG] loadTreeCmd start: cwd=/Users/iv/Developer/relux-proxy remote="" board="" user=""
[00:06:15.143] [INFO] loadTreeCmd success: roots=7
[00:06:15.143] [INFO] treeLoadedMsg applied: roots=7 rows=13 loadErr=<nil>
[00:06:25.063] [DEBUG] loadTreeCmd start: cwd=/Users/iv/Developer/relux-proxy remote="" board="" user=""
[00:06:25.153] [INFO] loadTreeCmd success: roots=7
[00:06:25.153] [INFO] treeLoadedMsg applied: roots=7 rows=13 loadErr=<nil>
[00:06:35.063] [DEBUG] loadTreeCmd start: cwd=/Users/iv/Developer/relux-proxy remote="" board="" user=""
[00:06:35.149] [INFO] loadTreeCmd success: roots=7
[00:06:35.153] [INFO] treeLoadedMsg applied: roots=7 rows=13 loadErr=<nil>
[00:06:45.063] [DEBUG] loadTreeCmd start: cwd=/Users/iv/Developer/relux-proxy remote="" board="" user=""
[00:06:45.144] [INFO] loadTreeCmd success: roots=7
[00:06:45.144] [INFO] treeLoadedMsg applied: roots=7 rows=13 loadErr=<nil>
[00:06:55.064] [DEBUG] loadTreeCmd start: cwd=/Users/iv/Developer/relux-proxy remote="" board="" user=""
[00:06:55.157] [INFO] loadTreeCmd success: roots=7
[00:06:55.157] [INFO] treeLoadedMsg applied: roots=7 rows=13 loadErr=<nil>
[00:07:05.064] [DEBUG] loadTreeCmd start: cwd=/Users/iv/Developer/relux-proxy remote="" board="" user=""
[00:07:05.150] [INFO] loadTreeCmd success: roots=7
[00:07:05.151] [INFO] treeLoadedMsg applied: roots=7 rows=13 loadErr=<nil>
[00:07:15.064] [DEBUG] loadTreeCmd start: cwd=/Users/iv/Developer/relux-proxy remote="" board="" user=""
[00:07:15.152] [INFO] loadTreeCmd success: roots=7
[00:07:15.152] [INFO] treeLoadedMsg applied: roots=7 rows=13 loadErr=<nil>
[00:07:25.065] [DEBUG] loadTreeCmd start: cwd=/Users/iv/Developer/relux-proxy remote="" board="" user=""
[00:07:25.152] [INFO] loadTreeCmd success: roots=7
[00:07:25.152] [INFO] treeLoadedMsg applied: roots=7 rows=13 loadErr=<nil>
[00:07:35.065] [DEBUG] loadTreeCmd start: cwd=/Users/iv/Developer/relux-proxy remote="" board="" user=""
[00:07:35.154] [INFO] loadTreeCmd success: roots=7
[00:07:35.154] [INFO] treeLoadedMsg applied: roots=7 rows=13 loadErr=<nil>
[00:07:45.050] [DEBUG] loadTreeCmd start: cwd=/Users/iv/Developer/relux-proxy remote="" board="" user=""
[00:07:45.132] [INFO] loadTreeCmd success: roots=7
[00:07:45.133] [INFO] treeLoadedMsg applied: roots=7 rows=13 loadErr=<nil>
[00:07:55.040] [DEBUG] loadTreeCmd start: cwd=/Users/iv/Developer/relux-proxy remote="" board="" user=""
[00:07:55.131] [INFO] loadTreeCmd success: roots=7
[00:07:55.131] [INFO] treeLoadedMsg applied: roots=7 rows=13 loadErr=<nil>
[00:08:05.035] [DEBUG] loadTreeCmd start: cwd=/Users/iv/Developer/relux-proxy remote="" board="" user=""
[00:08:05.120] [INFO] loadTreeCmd success: roots=7
[00:08:05.120] [INFO] treeLoadedMsg applied: roots=7 rows=13 loadErr=<nil>
[00:08:15.033] [DEBUG] loadTreeCmd start: cwd=/Users/iv/Developer/relux-proxy remote="" board="" user=""
[00:08:15.119] [INFO] loadTreeCmd success: roots=7
[00:08:15.120] [INFO] treeLoadedMsg applied: roots=7 rows=13 loadErr=<nil>
[00:08:25.032] [DEBUG] loadTreeCmd start: cwd=/Users/iv/Developer/relux-proxy remote="" board="" user=""
[00:08:25.119] [INFO] loadTreeCmd success: roots=7
[00:08:25.119] [INFO] treeLoadedMsg applied: roots=7 rows=13 loadErr=<nil>
[00:08:35.032] [DEBUG] loadTreeCmd start: cwd=/Users/iv/Developer/relux-proxy remote="" board="" user=""
[00:08:35.116] [INFO] loadTreeCmd success: roots=7
[00:08:35.117] [INFO] treeLoadedMsg applied: roots=7 rows=13 loadErr=<nil>
[00:08:45.032] [DEBUG] loadTreeCmd start: cwd=/Users/iv/Developer/relux-proxy remote="" board="" user=""
[00:08:45.113] [INFO] loadTreeCmd success: roots=7
[00:08:45.114] [INFO] treeLoadedMsg applied: roots=7 rows=13 loadErr=<nil>
[00:08:55.032] [DEBUG] loadTreeCmd start: cwd=/Users/iv/Developer/relux-proxy remote="" board="" user=""
[00:08:55.113] [INFO] loadTreeCmd success: roots=7
[00:08:55.114] [INFO] treeLoadedMsg applied: roots=7 rows=13 loadErr=<nil>
[00:09:05.033] [DEBUG] loadTreeCmd start: cwd=/Users/iv/Developer/relux-proxy remote="" board="" user=""
[00:09:05.123] [INFO] loadTreeCmd success: roots=7
[00:09:05.123] [INFO] treeLoadedMsg applied: roots=7 rows=13 loadErr=<nil>
[00:09:15.035] [DEBUG] loadTreeCmd start: cwd=/Users/iv/Developer/relux-proxy remote="" board="" user=""
[00:09:15.116] [INFO] loadTreeCmd success: roots=7
[00:09:15.116] [INFO] treeLoadedMsg applied: roots=7 rows=13 loadErr=<nil>
[00:09:25.035] [DEBUG] loadTreeCmd start: cwd=/Users/iv/Developer/relux-proxy remote="" board="" user=""
[00:09:25.127] [INFO] loadTreeCmd success: roots=7
[00:09:25.127] [INFO] treeLoadedMsg applied: roots=7 rows=13 loadErr=<nil>
[00:09:35.036] [DEBUG] loadTreeCmd start: cwd=/Users/iv/Developer/relux-proxy remote="" board="" user=""
[00:09:35.123] [INFO] loadTreeCmd success: roots=7
[00:09:35.123] [INFO] treeLoadedMsg applied: roots=7 rows=13 loadErr=<nil>
[00:09:45.038] [DEBUG] loadTreeCmd start: cwd=/Users/iv/Developer/relux-proxy remote="" board="" user=""
[00:09:45.121] [INFO] loadTreeCmd success: roots=7
[00:09:45.121] [INFO] treeLoadedMsg applied: roots=7 rows=13 loadErr=<nil>
[00:09:55.038] [DEBUG] loadTreeCmd start: cwd=/Users/iv/Developer/relux-proxy remote="" board="" user=""
[00:09:55.125] [INFO] loadTreeCmd success: roots=7
[00:09:55.125] [INFO] treeLoadedMsg applied: roots=7 rows=13 loadErr=<nil>
[00:10:05.039] [DEBUG] loadTreeCmd start: cwd=/Users/iv/Developer/relux-proxy remote="" board="" user=""
[00:10:05.124] [INFO] loadTreeCmd success: roots=7
[00:10:05.124] [INFO] treeLoadedMsg applied: roots=7 rows=13 loadErr=<nil>
[00:10:15.040] [DEBUG] loadTreeCmd start: cwd=/Users/iv/Developer/relux-proxy remote="" board="" user=""
[00:10:15.120] [INFO] loadTreeCmd success: roots=7
[00:10:15.120] [INFO] treeLoadedMsg applied: roots=7 rows=13 loadErr=<nil>
[00:10:25.041] [DEBUG] loadTreeCmd start: cwd=/Users/iv/Developer/relux-proxy remote="" board="" user=""
[00:10:25.127] [INFO] loadTreeCmd success: roots=7
[00:10:25.127] [INFO] treeLoadedMsg applied: roots=7 rows=13 loadErr=<nil>
[00:10:35.042] [DEBUG] loadTreeCmd start: cwd=/Users/iv/Developer/relux-proxy remote="" board="" user=""
[00:10:35.124] [INFO] loadTreeCmd success: roots=7
[00:10:35.124] [INFO] treeLoadedMsg applied: roots=7 rows=13 loadErr=<nil>
[00:10:45.042] [DEBUG] loadTreeCmd start: cwd=/Users/iv/Developer/relux-proxy remote="" board="" user=""
[00:10:45.125] [INFO] loadTreeCmd success: roots=7
[00:10:45.125] [INFO] treeLoadedMsg applied: roots=7 rows=13 loadErr=<nil>
[00:10:55.042] [DEBUG] loadTreeCmd start: cwd=/Users/iv/Developer/relux-proxy remote="" board="" user=""
[00:10:55.123] [INFO] loadTreeCmd success: roots=7
[00:10:55.123] [INFO] treeLoadedMsg applied: roots=7 rows=13 loadErr=<nil>
[00:11:05.042] [DEBUG] loadTreeCmd start: cwd=/Users/iv/Developer/relux-proxy remote="" board="" user=""
[00:11:05.129] [INFO] loadTreeCmd success: roots=7
[00:11:05.129] [INFO] treeLoadedMsg applied: roots=7 rows=13 loadErr=<nil>
[00:11:15.042] [DEBUG] loadTreeCmd start: cwd=/Users/iv/Developer/relux-proxy remote="" board="" user=""
[00:11:15.123] [INFO] loadTreeCmd success: roots=7
[00:11:15.123] [INFO] treeLoadedMsg applied: roots=7 rows=13 loadErr=<nil>
[00:11:25.042] [DEBUG] loadTreeCmd start: cwd=/Users/iv/Developer/relux-proxy remote="" board="" user=""
[00:11:25.129] [INFO] loadTreeCmd success: roots=7
[00:11:25.129] [INFO] treeLoadedMsg applied: roots=7 rows=13 loadErr=<nil>
[00:11:35.042] [DEBUG] loadTreeCmd start: cwd=/Users/iv/Developer/relux-proxy remote="" board="" user=""
[00:11:35.124] [INFO] loadTreeCmd success: roots=7
[00:11:35.124] [INFO] treeLoadedMsg applied: roots=7 rows=13 loadErr=<nil>
[00:11:45.043] [DEBUG] loadTreeCmd start: cwd=/Users/iv/Developer/relux-proxy remote="" board="" user=""
[00:11:45.127] [INFO] loadTreeCmd success: roots=7
[00:11:45.128] [INFO] treeLoadedMsg applied: roots=7 rows=13 loadErr=<nil>
[00:11:55.043] [DEBUG] loadTreeCmd start: cwd=/Users/iv/Developer/relux-proxy remote="" board="" user=""
[00:11:55.124] [INFO] loadTreeCmd success: roots=7
[00:11:55.124] [INFO] treeLoadedMsg applied: roots=7 rows=13 loadErr=<nil>
[00:12:05.043] [DEBUG] loadTreeCmd start: cwd=/Users/iv/Developer/relux-proxy remote="" board="" user=""
[00:12:05.128] [INFO] loadTreeCmd success: roots=7
[00:12:05.128] [INFO] treeLoadedMsg applied: roots=7 rows=13 loadErr=<nil>
[00:12:15.043] [DEBUG] loadTreeCmd start: cwd=/Users/iv/Developer/relux-proxy remote="" board="" user=""
[00:12:15.134] [INFO] loadTreeCmd success: roots=7
[00:12:15.134] [INFO] treeLoadedMsg applied: roots=7 rows=13 loadErr=<nil>
[00:12:25.044] [DEBUG] loadTreeCmd start: cwd=/Users/iv/Developer/relux-proxy remote="" board="" user=""
[00:12:25.132] [INFO] loadTreeCmd success: roots=7
[00:12:25.132] [INFO] treeLoadedMsg applied: roots=7 rows=13 loadErr=<nil>
[00:12:35.044] [DEBUG] loadTreeCmd start: cwd=/Users/iv/Developer/relux-proxy remote="" board="" user=""
[00:12:35.130] [INFO] loadTreeCmd success: roots=7
[00:12:35.130] [INFO] treeLoadedMsg applied: roots=7 rows=13 loadErr=<nil>
[00:12:45.044] [DEBUG] loadTreeCmd start: cwd=/Users/iv/Developer/relux-proxy remote="" board="" user=""
[00:12:45.133] [INFO] loadTreeCmd success: roots=7
[00:12:45.133] [INFO] treeLoadedMsg applied: roots=7 rows=13 loadErr=<nil>
[00:12:55.045] [DEBUG] loadTreeCmd start: cwd=/Users/iv/Developer/relux-proxy remote="" board="" user=""
[00:12:55.133] [INFO] loadTreeCmd success: roots=7
[00:12:55.133] [INFO] treeLoadedMsg applied: roots=7 rows=13 loadErr=<nil>
[00:13:05.045] [DEBUG] loadTreeCmd start: cwd=/Users/iv/Developer/relux-proxy remote="" board="" user=""
[00:13:05.132] [INFO] loadTreeCmd success: roots=7
[00:13:05.132] [INFO] treeLoadedMsg applied: roots=7 rows=13 loadErr=<nil>
[00:13:15.045] [DEBUG] loadTreeCmd start: cwd=/Users/iv/Developer/relux-proxy remote="" board="" user=""
[00:13:15.131] [INFO] loadTreeCmd success: roots=7
[00:13:15.131] [INFO] treeLoadedMsg applied: roots=7 rows=13 loadErr=<nil>
[00:13:25.045] [DEBUG] loadTreeCmd start: cwd=/Users/iv/Developer/relux-proxy remote="" board="" user=""
[00:13:25.131] [INFO] loadTreeCmd success: roots=7
[00:13:25.131] [INFO] treeLoadedMsg applied: roots=7 rows=13 loadErr=<nil>
[00:13:35.046] [DEBUG] loadTreeCmd start: cwd=/Users/iv/Developer/relux-proxy remote="" board="" user=""
[00:13:35.128] [INFO] loadTreeCmd success: roots=7
[00:13:35.128] [INFO] treeLoadedMsg applied: roots=7 rows=13 loadErr=<nil>
[00:13:45.046] [DEBUG] loadTreeCmd start: cwd=/Users/iv/Developer/relux-proxy remote="" board="" user=""
[00:13:45.131] [INFO] loadTreeCmd success: roots=7
[00:13:45.131] [INFO] treeLoadedMsg applied: roots=7 rows=13 loadErr=<nil>
[00:13:55.047] [DEBUG] loadTreeCmd start: cwd=/Users/iv/Developer/relux-proxy remote="" board="" user=""
[00:13:55.131] [INFO] loadTreeCmd success: roots=7
[00:13:55.131] [INFO] treeLoadedMsg applied: roots=7 rows=13 loadErr=<nil>
[00:14:05.048] [DEBUG] loadTreeCmd start: cwd=/Users/iv/Developer/relux-proxy remote="" board="" user=""
[00:14:05.133] [INFO] loadTreeCmd success: roots=7
[00:14:05.133] [INFO] treeLoadedMsg applied: roots=7 rows=13 loadErr=<nil>
[00:14:15.048] [DEBUG] loadTreeCmd start: cwd=/Users/iv/Developer/relux-proxy remote="" board="" user=""
[00:14:15.131] [INFO] loadTreeCmd success: roots=7
[00:14:15.131] [INFO] treeLoadedMsg applied: roots=7 rows=13 loadErr=<nil>
[00:14:25.049] [DEBUG] loadTreeCmd start: cwd=/Users/iv/Developer/relux-proxy remote="" board="" user=""
[00:14:25.133] [INFO] loadTreeCmd success: roots=7
[00:14:25.133] [INFO] treeLoadedMsg applied: roots=7 rows=13 loadErr=<nil>
[00:14:35.050] [DEBUG] loadTreeCmd start: cwd=/Users/iv/Developer/relux-proxy remote="" board="" user=""
[00:14:35.134] [INFO] loadTreeCmd success: roots=7
[00:14:35.135] [INFO] treeLoadedMsg applied: roots=7 rows=13 loadErr=<nil>
[00:14:45.051] [DEBUG] loadTreeCmd start: cwd=/Users/iv/Developer/relux-proxy remote="" board="" user=""
[00:14:45.138] [INFO] loadTreeCmd success: roots=7
[00:14:45.138] [INFO] treeLoadedMsg applied: roots=7 rows=13 loadErr=<nil>
[00:14:55.051] [DEBUG] loadTreeCmd start: cwd=/Users/iv/Developer/relux-proxy remote="" board="" user=""
[00:14:55.135] [INFO] loadTreeCmd success: roots=7
[00:14:55.135] [INFO] treeLoadedMsg applied: roots=7 rows=13 loadErr=<nil>
[00:15:05.052] [DEBUG] loadTreeCmd start: cwd=/Users/iv/Developer/relux-proxy remote="" board="" user=""
[00:15:05.137] [INFO] loadTreeCmd success: roots=7
[00:15:05.137] [INFO] treeLoadedMsg applied: roots=7 rows=13 loadErr=<nil>
[00:15:15.053] [DEBUG] loadTreeCmd start: cwd=/Users/iv/Developer/relux-proxy remote="" board="" user=""
[00:15:15.141] [INFO] loadTreeCmd success: roots=7
[00:15:15.141] [INFO] treeLoadedMsg applied: roots=7 rows=13 loadErr=<nil>
[00:15:25.054] [DEBUG] loadTreeCmd start: cwd=/Users/iv/Developer/relux-proxy remote="" board="" user=""
[00:15:25.138] [INFO] loadTreeCmd success: roots=7
[00:15:25.138] [INFO] treeLoadedMsg applied: roots=7 rows=13 loadErr=<nil>
[00:15:35.055] [DEBUG] loadTreeCmd start: cwd=/Users/iv/Developer/relux-proxy remote="" board="" user=""
[00:15:35.140] [INFO] loadTreeCmd success: roots=7
[00:15:35.140] [INFO] treeLoadedMsg applied: roots=7 rows=13 loadErr=<nil>
[00:15:45.056] [DEBUG] loadTreeCmd start: cwd=/Users/iv/Developer/relux-proxy remote="" board="" user=""
[00:15:45.142] [INFO] loadTreeCmd success: roots=7
[00:15:45.142] [INFO] treeLoadedMsg applied: roots=7 rows=13 loadErr=<nil>
[00:15:55.056] [DEBUG] loadTreeCmd start: cwd=/Users/iv/Developer/relux-proxy remote="" board="" user=""
[00:15:55.138] [INFO] loadTreeCmd success: roots=7
[00:15:55.138] [INFO] treeLoadedMsg applied: roots=7 rows=13 loadErr=<nil>
[00:16:05.057] [DEBUG] loadTreeCmd start: cwd=/Users/iv/Developer/relux-proxy remote="" board="" user=""
[00:16:05.145] [INFO] loadTreeCmd success: roots=7
[00:16:05.146] [INFO] treeLoadedMsg applied: roots=7 rows=13 loadErr=<nil>
[00:16:15.059] [DEBUG] loadTreeCmd start: cwd=/Users/iv/Developer/relux-proxy remote="" board="" user=""
[00:16:15.140] [INFO] loadTreeCmd success: roots=7
[00:16:15.140] [INFO] treeLoadedMsg applied: roots=7 rows=13 loadErr=<nil>
[00:16:25.060] [DEBUG] loadTreeCmd start: cwd=/Users/iv/Developer/relux-proxy remote="" board="" user=""
[00:16:25.152] [INFO] loadTreeCmd success: roots=7
[00:16:25.152] [INFO] treeLoadedMsg applied: roots=7 rows=13 loadErr=<nil>
[00:16:35.060] [DEBUG] loadTreeCmd start: cwd=/Users/iv/Developer/relux-proxy remote="" board="" user=""
[00:16:35.140] [INFO] loadTreeCmd success: roots=7
[00:16:35.140] [INFO] treeLoadedMsg applied: roots=7 rows=13 loadErr=<nil>
[00:16:45.060] [DEBUG] loadTreeCmd start: cwd=/Users/iv/Developer/relux-proxy remote="" board="" user=""
[00:16:45.142] [INFO] loadTreeCmd success: roots=7
[00:16:45.143] [INFO] treeLoadedMsg applied: roots=7 rows=13 loadErr=<nil>
[00:16:55.061] [DEBUG] loadTreeCmd start: cwd=/Users/iv/Developer/relux-proxy remote="" board="" user=""
[00:16:55.144] [INFO] loadTreeCmd success: roots=7
[00:16:55.144] [INFO] treeLoadedMsg applied: roots=7 rows=13 loadErr=<nil>
[00:17:05.062] [DEBUG] loadTreeCmd start: cwd=/Users/iv/Developer/relux-proxy remote="" board="" user=""
[00:17:05.149] [INFO] loadTreeCmd success: roots=7
[00:17:05.149] [INFO] treeLoadedMsg applied: roots=7 rows=13 loadErr=<nil>
[00:17:15.062] [DEBUG] loadTreeCmd start: cwd=/Users/iv/Developer/relux-proxy remote="" board="" user=""
[00:17:15.144] [INFO] loadTreeCmd success: roots=7
[00:17:15.144] [INFO] treeLoadedMsg applied: roots=7 rows=13 loadErr=<nil>
[00:17:25.063] [DEBUG] loadTreeCmd start: cwd=/Users/iv/Developer/relux-proxy remote="" board="" user=""
[00:17:25.147] [INFO] loadTreeCmd success: roots=7
[00:17:25.147] [INFO] treeLoadedMsg applied: roots=7 rows=13 loadErr=<nil>
[00:17:35.064] [DEBUG] loadTreeCmd start: cwd=/Users/iv/Developer/relux-proxy remote="" board="" user=""
[00:17:35.153] [INFO] loadTreeCmd success: roots=7
[00:17:35.153] [INFO] treeLoadedMsg applied: roots=7 rows=13 loadErr=<nil>
[00:17:45.065] [DEBUG] loadTreeCmd start: cwd=/Users/iv/Developer/relux-proxy remote="" board="" user=""
[00:17:45.150] [INFO] loadTreeCmd success: roots=7
[00:17:45.150] [INFO] treeLoadedMsg applied: roots=7 rows=13 loadErr=<nil>
[00:17:55.066] [DEBUG] loadTreeCmd start: cwd=/Users/iv/Developer/relux-proxy remote="" board="" user=""
[00:17:55.153] [INFO] loadTreeCmd success: roots=7
[00:17:55.153] [INFO] treeLoadedMsg applied: roots=7 rows=13 loadErr=<nil>
[00:18:05.067] [DEBUG] loadTreeCmd start: cwd=/Users/iv/Developer/relux-proxy remote="" board="" user=""
[00:18:05.159] [INFO] loadTreeCmd success: roots=7
[00:18:05.160] [INFO] treeLoadedMsg applied: roots=7 rows=13 loadErr=<nil>
[00:18:15.069] [DEBUG] loadTreeCmd start: cwd=/Users/iv/Developer/relux-proxy remote="" board="" user=""
[00:18:15.152] [INFO] loadTreeCmd success: roots=7
[00:18:15.152] [INFO] treeLoadedMsg applied: roots=7 rows=13 loadErr=<nil>
[00:18:25.071] [DEBUG] loadTreeCmd start: cwd=/Users/iv/Developer/relux-proxy remote="" board="" user=""
[00:18:25.167] [INFO] loadTreeCmd success: roots=7
[00:18:25.168] [INFO] treeLoadedMsg applied: roots=7 rows=13 loadErr=<nil>
[00:18:35.073] [DEBUG] loadTreeCmd start: cwd=/Users/iv/Developer/relux-proxy remote="" board="" user=""
[00:18:35.160] [INFO] loadTreeCmd success: roots=7
[00:18:35.160] [INFO] treeLoadedMsg applied: roots=7 rows=13 loadErr=<nil>
[00:18:45.075] [DEBUG] loadTreeCmd start: cwd=/Users/iv/Developer/relux-proxy remote="" board="" user=""
[00:18:45.158] [INFO] loadTreeCmd success: roots=7
[00:18:45.158] [INFO] treeLoadedMsg applied: roots=7 rows=13 loadErr=<nil>
[00:18:55.077] [DEBUG] loadTreeCmd start: cwd=/Users/iv/Developer/relux-proxy remote="" board="" user=""
[00:18:55.164] [INFO] loadTreeCmd success: roots=7
[00:18:55.164] [INFO] treeLoadedMsg applied: roots=7 rows=13 loadErr=<nil>
[00:19:05.077] [DEBUG] loadTreeCmd start: cwd=/Users/iv/Developer/relux-proxy remote="" board="" user=""
[00:19:05.166] [INFO] loadTreeCmd success: roots=7
[00:19:05.166] [INFO] treeLoadedMsg applied: roots=7 rows=13 loadErr=<nil>
[00:19:15.078] [DEBUG] loadTreeCmd start: cwd=/Users/iv/Developer/relux-proxy remote="" board="" user=""
[00:19:15.169] [INFO] loadTreeCmd success: roots=7
[00:19:15.169] [INFO] treeLoadedMsg applied: roots=7 rows=13 loadErr=<nil>
[00:19:25.078] [DEBUG] loadTreeCmd start: cwd=/Users/iv/Developer/relux-proxy remote="" board="" user=""
[00:19:25.166] [INFO] loadTreeCmd success: roots=7
[00:19:25.167] [INFO] treeLoadedMsg applied: roots=7 rows=13 loadErr=<nil>
[00:19:35.079] [DEBUG] loadTreeCmd start: cwd=/Users/iv/Developer/relux-proxy remote="" board="" user=""
[00:19:35.166] [INFO] loadTreeCmd success: roots=7
[00:19:35.166] [INFO] treeLoadedMsg applied: roots=7 rows=13 loadErr=<nil>
[00:19:45.080] [DEBUG] loadTreeCmd start: cwd=/Users/iv/Developer/relux-proxy remote="" board="" user=""
[00:19:45.168] [INFO] loadTreeCmd success: roots=7
[00:19:45.168] [INFO] treeLoadedMsg applied: roots=7 rows=13 loadErr=<nil>
[00:19:55.080] [DEBUG] loadTreeCmd start: cwd=/Users/iv/Developer/relux-proxy remote="" board="" user=""
[00:19:55.166] [INFO] loadTreeCmd success: roots=7
[00:19:55.167] [INFO] treeLoadedMsg applied: roots=7 rows=13 loadErr=<nil>
[00:20:05.080] [DEBUG] loadTreeCmd start: cwd=/Users/iv/Developer/relux-proxy remote="" board="" user=""
[00:20:05.170] [INFO] loadTreeCmd success: roots=7
[00:20:05.170] [INFO] treeLoadedMsg applied: roots=7 rows=13 loadErr=<nil>
[00:20:15.081] [DEBUG] loadTreeCmd start: cwd=/Users/iv/Developer/relux-proxy remote="" board="" user=""
[00:20:15.168] [INFO] loadTreeCmd success: roots=7
[00:20:15.168] [INFO] treeLoadedMsg applied: roots=7 rows=13 loadErr=<nil>
[00:20:25.082] [DEBUG] loadTreeCmd start: cwd=/Users/iv/Developer/relux-proxy remote="" board="" user=""
[00:20:25.166] [INFO] loadTreeCmd success: roots=7
[00:20:25.167] [INFO] treeLoadedMsg applied: roots=7 rows=13 loadErr=<nil>
[00:20:35.083] [DEBUG] loadTreeCmd start: cwd=/Users/iv/Developer/relux-proxy remote="" board="" user=""
[00:20:35.169] [INFO] loadTreeCmd success: roots=7
[00:20:35.169] [INFO] treeLoadedMsg applied: roots=7 rows=13 loadErr=<nil>
[00:20:45.085] [DEBUG] loadTreeCmd start: cwd=/Users/iv/Developer/relux-proxy remote="" board="" user=""
[00:20:45.177] [INFO] loadTreeCmd success: roots=7
[00:20:45.177] [INFO] treeLoadedMsg applied: roots=7 rows=13 loadErr=<nil>
[00:20:55.086] [DEBUG] loadTreeCmd start: cwd=/Users/iv/Developer/relux-proxy remote="" board="" user=""
[00:20:55.168] [INFO] loadTreeCmd success: roots=7
[00:20:55.168] [INFO] treeLoadedMsg applied: roots=7 rows=13 loadErr=<nil>
[00:21:05.088] [DEBUG] loadTreeCmd start: cwd=/Users/iv/Developer/relux-proxy remote="" board="" user=""
[00:21:05.173] [INFO] loadTreeCmd success: roots=7
[00:21:05.173] [INFO] treeLoadedMsg applied: roots=7 rows=13 loadErr=<nil>
[00:21:15.089] [DEBUG] loadTreeCmd start: cwd=/Users/iv/Developer/relux-proxy remote="" board="" user=""
[00:21:15.174] [INFO] loadTreeCmd success: roots=7
[00:21:15.174] [INFO] treeLoadedMsg applied: roots=7 rows=13 loadErr=<nil>
[00:21:25.090] [DEBUG] loadTreeCmd start: cwd=/Users/iv/Developer/relux-proxy remote="" board="" user=""
[00:21:25.173] [INFO] loadTreeCmd success: roots=7
[00:21:25.173] [INFO] treeLoadedMsg applied: roots=7 rows=13 loadErr=<nil>
[00:21:35.091] [DEBUG] loadTreeCmd start: cwd=/Users/iv/Developer/relux-proxy remote="" board="" user=""
[00:21:35.180] [INFO] loadTreeCmd success: roots=7
[00:21:35.181] [INFO] treeLoadedMsg applied: roots=7 rows=13 loadErr=<nil>
[00:21:45.092] [DEBUG] loadTreeCmd start: cwd=/Users/iv/Developer/relux-proxy remote="" board="" user=""
[00:21:45.188] [INFO] loadTreeCmd success: roots=7
[00:21:45.188] [INFO] treeLoadedMsg applied: roots=7 rows=13 loadErr=<nil>
[00:21:55.092] [DEBUG] loadTreeCmd start: cwd=/Users/iv/Developer/relux-proxy remote="" board="" user=""
[00:21:55.179] [INFO] loadTreeCmd success: roots=7
[00:21:55.180] [INFO] treeLoadedMsg applied: roots=7 rows=13 loadErr=<nil>
[00:22:05.093] [DEBUG] loadTreeCmd start: cwd=/Users/iv/Developer/relux-proxy remote="" board="" user=""
[00:22:05.181] [INFO] loadTreeCmd success: roots=7
[00:22:05.181] [INFO] treeLoadedMsg applied: roots=7 rows=13 loadErr=<nil>
[00:22:15.093] [DEBUG] loadTreeCmd start: cwd=/Users/iv/Developer/relux-proxy remote="" board="" user=""
[00:22:15.176] [INFO] loadTreeCmd success: roots=7
[00:22:15.176] [INFO] treeLoadedMsg applied: roots=7 rows=13 loadErr=<nil>
[00:22:25.093] [DEBUG] loadTreeCmd start: cwd=/Users/iv/Developer/relux-proxy remote="" board="" user=""
[00:22:25.178] [INFO] loadTreeCmd success: roots=7
[00:22:25.178] [INFO] treeLoadedMsg applied: roots=7 rows=13 loadErr=<nil>
[00:22:35.093] [DEBUG] loadTreeCmd start: cwd=/Users/iv/Developer/relux-proxy remote="" board="" user=""
[00:22:35.185] [INFO] loadTreeCmd success: roots=7
[00:22:35.186] [INFO] treeLoadedMsg applied: roots=7 rows=13 loadErr=<nil>
[00:22:45.093] [DEBUG] loadTreeCmd start: cwd=/Users/iv/Developer/relux-proxy remote="" board="" user=""
[00:22:45.179] [INFO] loadTreeCmd success: roots=7
[00:22:45.179] [INFO] treeLoadedMsg applied: roots=7 rows=13 loadErr=<nil>
[00:22:55.093] [DEBUG] loadTreeCmd start: cwd=/Users/iv/Developer/relux-proxy remote="" board="" user=""
[00:22:55.184] [INFO] loadTreeCmd success: roots=7
[00:22:55.184] [INFO] treeLoadedMsg applied: roots=7 rows=13 loadErr=<nil>
[00:23:05.093] [DEBUG] loadTreeCmd start: cwd=/Users/iv/Developer/relux-proxy remote="" board="" user=""
[00:23:05.181] [INFO] loadTreeCmd success: roots=7
[00:23:05.182] [INFO] treeLoadedMsg applied: roots=7 rows=13 loadErr=<nil>
[00:23:15.094] [DEBUG] loadTreeCmd start: cwd=/Users/iv/Developer/relux-proxy remote="" board="" user=""
[00:23:15.187] [INFO] loadTreeCmd success: roots=7
[00:23:15.187] [INFO] treeLoadedMsg applied: roots=7 rows=13 loadErr=<nil>
[00:23:25.094] [DEBUG] loadTreeCmd start: cwd=/Users/iv/Developer/relux-proxy remote="" board="" user=""
[00:23:25.184] [INFO] loadTreeCmd success: roots=7
[00:23:25.185] [INFO] treeLoadedMsg applied: roots=7 rows=13 loadErr=<nil>
[00:23:35.094] [DEBUG] loadTreeCmd start: cwd=/Users/iv/Developer/relux-proxy remote="" board="" user=""
[00:23:35.183] [INFO] loadTreeCmd success: roots=7
[00:23:35.183] [INFO] treeLoadedMsg applied: roots=7 rows=13 loadErr=<nil>
[00:23:45.039] [DEBUG] loadTreeCmd start: cwd=/Users/iv/Developer/relux-proxy remote="" board="" user=""
[00:23:45.127] [INFO] loadTreeCmd success: roots=7
[00:23:45.127] [INFO] treeLoadedMsg applied: roots=7 rows=13 loadErr=<nil>
[00:23:55.040] [DEBUG] loadTreeCmd start: cwd=/Users/iv/Developer/relux-proxy remote="" board="" user=""
[00:23:55.133] [INFO] loadTreeCmd success: roots=7
[00:23:55.133] [INFO] treeLoadedMsg applied: roots=7 rows=13 loadErr=<nil>
[00:24:05.039] [DEBUG] loadTreeCmd start: cwd=/Users/iv/Developer/relux-proxy remote="" board="" user=""
[00:24:05.126] [INFO] loadTreeCmd success: roots=7
[00:24:05.126] [INFO] treeLoadedMsg applied: roots=7 rows=13 loadErr=<nil>
[00:24:15.040] [DEBUG] loadTreeCmd start: cwd=/Users/iv/Developer/relux-proxy remote="" board="" user=""
[00:24:15.121] [INFO] loadTreeCmd success: roots=7
[00:24:15.121] [INFO] treeLoadedMsg applied: roots=7 rows=13 loadErr=<nil>
[00:24:25.040] [DEBUG] loadTreeCmd start: cwd=/Users/iv/Developer/relux-proxy remote="" board="" user=""
[00:24:25.125] [INFO] loadTreeCmd success: roots=7
[00:24:25.125] [INFO] treeLoadedMsg applied: roots=7 rows=13 loadErr=<nil>
[00:24:35.040] [DEBUG] loadTreeCmd start: cwd=/Users/iv/Developer/relux-proxy remote="" board="" user=""
[00:24:35.124] [INFO] loadTreeCmd success: roots=7
[00:24:35.124] [INFO] treeLoadedMsg applied: roots=7 rows=13 loadErr=<nil>
[00:24:45.041] [DEBUG] loadTreeCmd start: cwd=/Users/iv/Developer/relux-proxy remote="" board="" user=""
[00:24:45.125] [INFO] loadTreeCmd success: roots=7
[00:24:45.125] [INFO] treeLoadedMsg applied: roots=7 rows=13 loadErr=<nil>
[00:24:55.041] [DEBUG] loadTreeCmd start: cwd=/Users/iv/Developer/relux-proxy remote="" board="" user=""
[00:24:55.131] [INFO] loadTreeCmd success: roots=7
[00:24:55.131] [INFO] treeLoadedMsg applied: roots=7 rows=13 loadErr=<nil>
[00:25:05.042] [DEBUG] loadTreeCmd start: cwd=/Users/iv/Developer/relux-proxy remote="" board="" user=""
[00:25:05.124] [INFO] loadTreeCmd success: roots=7
[00:25:05.124] [INFO] treeLoadedMsg applied: roots=7 rows=13 loadErr=<nil>
[00:25:15.042] [DEBUG] loadTreeCmd start: cwd=/Users/iv/Developer/relux-proxy remote="" board="" user=""
[00:25:15.125] [INFO] loadTreeCmd success: roots=7
[00:25:15.125] [INFO] treeLoadedMsg applied: roots=7 rows=13 loadErr=<nil>
[00:25:25.043] [DEBUG] loadTreeCmd start: cwd=/Users/iv/Developer/relux-proxy remote="" board="" user=""
[00:25:25.131] [INFO] loadTreeCmd success: roots=7
[00:25:25.131] [INFO] treeLoadedMsg applied: roots=7 rows=13 loadErr=<nil>
[00:25:35.044] [DEBUG] loadTreeCmd start: cwd=/Users/iv/Developer/relux-proxy remote="" board="" user=""
[00:25:35.126] [INFO] loadTreeCmd success: roots=7
[00:25:35.126] [INFO] treeLoadedMsg applied: roots=7 rows=13 loadErr=<nil>
[00:25:45.045] [DEBUG] loadTreeCmd start: cwd=/Users/iv/Developer/relux-proxy remote="" board="" user=""
[00:25:45.134] [INFO] loadTreeCmd success: roots=7
[00:25:45.134] [INFO] treeLoadedMsg applied: roots=7 rows=13 loadErr=<nil>
[00:25:55.046] [DEBUG] loadTreeCmd start: cwd=/Users/iv/Developer/relux-proxy remote="" board="" user=""
[00:25:55.139] [INFO] loadTreeCmd success: roots=7
[00:25:55.139] [INFO] treeLoadedMsg applied: roots=7 rows=13 loadErr=<nil>
[00:26:05.047] [DEBUG] loadTreeCmd start: cwd=/Users/iv/Developer/relux-proxy remote="" board="" user=""
[00:26:05.141] [INFO] loadTreeCmd success: roots=7
[00:26:05.141] [INFO] treeLoadedMsg applied: roots=7 rows=13 loadErr=<nil>
[00:26:15.047] [DEBUG] loadTreeCmd start: cwd=/Users/iv/Developer/relux-proxy remote="" board="" user=""
[00:26:15.139] [INFO] loadTreeCmd success: roots=7
[00:26:15.139] [INFO] treeLoadedMsg applied: roots=7 rows=13 loadErr=<nil>
[00:26:25.048] [DEBUG] loadTreeCmd start: cwd=/Users/iv/Developer/relux-proxy remote="" board="" user=""
[00:26:25.137] [INFO] loadTreeCmd success: roots=7
[00:26:25.137] [INFO] treeLoadedMsg applied: roots=7 rows=13 loadErr=<nil>
[00:26:35.049] [DEBUG] loadTreeCmd start: cwd=/Users/iv/Developer/relux-proxy remote="" board="" user=""
[00:26:35.136] [INFO] loadTreeCmd success: roots=7
[00:26:35.137] [INFO] treeLoadedMsg applied: roots=7 rows=13 loadErr=<nil>
[00:26:45.051] [DEBUG] loadTreeCmd start: cwd=/Users/iv/Developer/relux-proxy remote="" board="" user=""
[00:26:45.142] [INFO] loadTreeCmd success: roots=7
[00:26:45.143] [INFO] treeLoadedMsg applied: roots=7 rows=13 loadErr=<nil>
[00:26:55.052] [DEBUG] loadTreeCmd start: cwd=/Users/iv/Developer/relux-proxy remote="" board="" user=""
[00:26:55.144] [INFO] loadTreeCmd success: roots=7
[00:26:55.144] [INFO] treeLoadedMsg applied: roots=7 rows=13 loadErr=<nil>
[00:27:05.052] [DEBUG] loadTreeCmd start: cwd=/Users/iv/Developer/relux-proxy remote="" board="" user=""
[00:27:05.139] [INFO] loadTreeCmd success: roots=7
[00:27:05.140] [INFO] treeLoadedMsg applied: roots=7 rows=13 loadErr=<nil>
[00:27:15.053] [DEBUG] loadTreeCmd start: cwd=/Users/iv/Developer/relux-proxy remote="" board="" user=""
[00:27:15.147] [INFO] loadTreeCmd success: roots=7
[00:27:15.147] [INFO] treeLoadedMsg applied: roots=7 rows=13 loadErr=<nil>
[00:27:25.053] [DEBUG] loadTreeCmd start: cwd=/Users/iv/Developer/relux-proxy remote="" board="" user=""
[00:27:25.140] [INFO] loadTreeCmd success: roots=7
[00:27:25.140] [INFO] treeLoadedMsg applied: roots=7 rows=13 loadErr=<nil>
[00:27:35.053] [DEBUG] loadTreeCmd start: cwd=/Users/iv/Developer/relux-proxy remote="" board="" user=""
[00:27:35.144] [INFO] loadTreeCmd success: roots=7
[00:27:35.144] [INFO] treeLoadedMsg applied: roots=7 rows=13 loadErr=<nil>
[00:27:45.053] [DEBUG] loadTreeCmd start: cwd=/Users/iv/Developer/relux-proxy remote="" board="" user=""
[00:27:45.152] [INFO] loadTreeCmd success: roots=7
[00:27:45.152] [INFO] treeLoadedMsg applied: roots=7 rows=13 loadErr=<nil>
[00:27:55.053] [DEBUG] loadTreeCmd start: cwd=/Users/iv/Developer/relux-proxy remote="" board="" user=""
[00:27:55.139] [INFO] loadTreeCmd success: roots=7
[00:27:55.139] [INFO] treeLoadedMsg applied: roots=7 rows=13 loadErr=<nil>
[00:28:05.053] [DEBUG] loadTreeCmd start: cwd=/Users/iv/Developer/relux-proxy remote="" board="" user=""
[00:28:05.145] [INFO] loadTreeCmd success: roots=7
[00:28:05.145] [INFO] treeLoadedMsg applied: roots=7 rows=13 loadErr=<nil>
[00:28:15.053] [DEBUG] loadTreeCmd start: cwd=/Users/iv/Developer/relux-proxy remote="" board="" user=""
[00:28:15.145] [INFO] loadTreeCmd success: roots=7
[00:28:15.145] [INFO] treeLoadedMsg applied: roots=7 rows=13 loadErr=<nil>
[00:28:25.053] [DEBUG] loadTreeCmd start: cwd=/Users/iv/Developer/relux-proxy remote="" board="" user=""
[00:28:25.143] [INFO] loadTreeCmd success: roots=7
[00:28:25.143] [INFO] treeLoadedMsg applied: roots=7 rows=13 loadErr=<nil>
[00:28:35.053] [DEBUG] loadTreeCmd start: cwd=/Users/iv/Developer/relux-proxy remote="" board="" user=""
[00:28:35.143] [INFO] loadTreeCmd success: roots=7
[00:28:35.143] [INFO] treeLoadedMsg applied: roots=7 rows=13 loadErr=<nil>
[00:28:45.053] [DEBUG] loadTreeCmd start: cwd=/Users/iv/Developer/relux-proxy remote="" board="" user=""
[00:28:45.144] [INFO] loadTreeCmd success: roots=7
[00:28:45.144] [INFO] treeLoadedMsg applied: roots=7 rows=13 loadErr=<nil>
[00:28:55.053] [DEBUG] loadTreeCmd start: cwd=/Users/iv/Developer/relux-proxy remote="" board="" user=""
[00:28:55.174] [INFO] loadTreeCmd success: roots=7
[00:28:55.174] [INFO] treeLoadedMsg applied: roots=7 rows=13 loadErr=<nil>
[00:29:05.054] [DEBUG] loadTreeCmd start: cwd=/Users/iv/Developer/relux-proxy remote="" board="" user=""
[00:29:05.146] [INFO] loadTreeCmd success: roots=7
[00:29:05.147] [INFO] treeLoadedMsg applied: roots=7 rows=13 loadErr=<nil>
[00:29:15.054] [DEBUG] loadTreeCmd start: cwd=/Users/iv/Developer/relux-proxy remote="" board="" user=""
[00:29:15.144] [INFO] loadTreeCmd success: roots=7
[00:29:15.144] [INFO] treeLoadedMsg applied: roots=7 rows=13 loadErr=<nil>
[00:29:25.054] [DEBUG] loadTreeCmd start: cwd=/Users/iv/Developer/relux-proxy remote="" board="" user=""
[00:29:25.138] [INFO] loadTreeCmd success: roots=7
[00:29:25.138] [INFO] treeLoadedMsg applied: roots=7 rows=13 loadErr=<nil>
[00:29:35.054] [DEBUG] loadTreeCmd start: cwd=/Users/iv/Developer/relux-proxy remote="" board="" user=""
[00:29:35.140] [INFO] loadTreeCmd success: roots=7
[00:29:35.140] [INFO] treeLoadedMsg applied: roots=7 rows=13 loadErr=<nil>
[00:29:45.055] [DEBUG] loadTreeCmd start: cwd=/Users/iv/Developer/relux-proxy remote="" board="" user=""
[00:29:45.147] [INFO] loadTreeCmd success: roots=7
[00:29:45.147] [INFO] treeLoadedMsg applied: roots=7 rows=13 loadErr=<nil>
[00:29:55.055] [DEBUG] loadTreeCmd start: cwd=/Users/iv/Developer/relux-proxy remote="" board="" user=""
[00:29:55.145] [INFO] loadTreeCmd success: roots=7
[00:29:55.145] [INFO] treeLoadedMsg applied: roots=7 rows=13 loadErr=<nil>
[00:30:05.056] [DEBUG] loadTreeCmd start: cwd=/Users/iv/Developer/relux-proxy remote="" board="" user=""
[00:30:05.144] [INFO] loadTreeCmd success: roots=7
[00:30:05.144] [INFO] treeLoadedMsg applied: roots=7 rows=13 loadErr=<nil>
[00:30:15.056] [DEBUG] loadTreeCmd start: cwd=/Users/iv/Developer/relux-proxy remote="" board="" user=""
[00:30:15.143] [INFO] loadTreeCmd success: roots=7
[00:30:15.144] [INFO] treeLoadedMsg applied: roots=7 rows=13 loadErr=<nil>
[00:30:25.057] [DEBUG] loadTreeCmd start: cwd=/Users/iv/Developer/relux-proxy remote="" board="" user=""
[00:30:25.145] [INFO] loadTreeCmd success: roots=7
[00:30:25.146] [INFO] treeLoadedMsg applied: roots=7 rows=13 loadErr=<nil>
[00:30:35.058] [DEBUG] loadTreeCmd start: cwd=/Users/iv/Developer/relux-proxy remote="" board="" user=""
[00:30:35.157] [INFO] loadTreeCmd success: roots=7
[00:30:35.157] [INFO] treeLoadedMsg applied: roots=7 rows=13 loadErr=<nil>
[00:30:45.058] [DEBUG] loadTreeCmd start: cwd=/Users/iv/Developer/relux-proxy remote="" board="" user=""
[00:30:45.151] [INFO] loadTreeCmd success: roots=7
[00:30:45.151] [INFO] treeLoadedMsg applied: roots=7 rows=13 loadErr=<nil>
[00:30:55.059] [DEBUG] loadTreeCmd start: cwd=/Users/iv/Developer/relux-proxy remote="" board="" user=""
[00:30:55.148] [INFO] loadTreeCmd success: roots=7
[00:30:55.148] [INFO] treeLoadedMsg applied: roots=7 rows=13 loadErr=<nil>
[00:31:05.060] [DEBUG] loadTreeCmd start: cwd=/Users/iv/Developer/relux-proxy remote="" board="" user=""
[00:31:05.154] [INFO] loadTreeCmd success: roots=7
[00:31:05.154] [INFO] treeLoadedMsg applied: roots=7 rows=13 loadErr=<nil>
[00:31:15.060] [DEBUG] loadTreeCmd start: cwd=/Users/iv/Developer/relux-proxy remote="" board="" user=""
[00:31:15.158] [INFO] loadTreeCmd success: roots=7
[00:31:15.158] [INFO] treeLoadedMsg applied: roots=7 rows=13 loadErr=<nil>
[00:31:25.061] [DEBUG] loadTreeCmd start: cwd=/Users/iv/Developer/relux-proxy remote="" board="" user=""
[00:31:25.153] [INFO] loadTreeCmd success: roots=7
[00:31:25.154] [INFO] treeLoadedMsg applied: roots=7 rows=13 loadErr=<nil>
[00:31:35.061] [DEBUG] loadTreeCmd start: cwd=/Users/iv/Developer/relux-proxy remote="" board="" user=""
[00:31:35.153] [INFO] loadTreeCmd success: roots=7
[00:31:35.153] [INFO] treeLoadedMsg applied: roots=7 rows=13 loadErr=<nil>
[00:31:45.061] [DEBUG] loadTreeCmd start: cwd=/Users/iv/Developer/relux-proxy remote="" board="" user=""
[00:31:45.158] [INFO] loadTreeCmd success: roots=7
[00:31:45.158] [INFO] treeLoadedMsg applied: roots=7 rows=13 loadErr=<nil>
[00:31:55.062] [DEBUG] loadTreeCmd start: cwd=/Users/iv/Developer/relux-proxy remote="" board="" user=""
[00:31:55.152] [INFO] loadTreeCmd success: roots=7
[00:31:55.153] [INFO] treeLoadedMsg applied: roots=7 rows=13 loadErr=<nil>
[00:32:05.063] [DEBUG] loadTreeCmd start: cwd=/Users/iv/Developer/relux-proxy remote="" board="" user=""
[00:32:05.156] [INFO] loadTreeCmd success: roots=7
[00:32:05.157] [INFO] treeLoadedMsg applied: roots=7 rows=13 loadErr=<nil>
[00:32:15.064] [DEBUG] loadTreeCmd start: cwd=/Users/iv/Developer/relux-proxy remote="" board="" user=""
[00:32:15.154] [INFO] loadTreeCmd success: roots=7
[00:32:15.155] [INFO] treeLoadedMsg applied: roots=7 rows=13 loadErr=<nil>
[00:32:25.065] [DEBUG] loadTreeCmd start: cwd=/Users/iv/Developer/relux-proxy remote="" board="" user=""
[00:32:25.154] [INFO] loadTreeCmd success: roots=7
[00:32:25.155] [INFO] treeLoadedMsg applied: roots=7 rows=13 loadErr=<nil>
[00:32:35.066] [DEBUG] loadTreeCmd start: cwd=/Users/iv/Developer/relux-proxy remote="" board="" user=""
[00:32:35.161] [INFO] loadTreeCmd success: roots=7
[00:32:35.161] [INFO] treeLoadedMsg applied: roots=7 rows=13 loadErr=<nil>
[00:32:45.066] [DEBUG] loadTreeCmd start: cwd=/Users/iv/Developer/relux-proxy remote="" board="" user=""
[00:32:45.162] [INFO] loadTreeCmd success: roots=7
[00:32:45.162] [INFO] treeLoadedMsg applied: roots=7 rows=13 loadErr=<nil>
[00:32:55.066] [DEBUG] loadTreeCmd start: cwd=/Users/iv/Developer/relux-proxy remote="" board="" user=""
[00:32:55.157] [INFO] loadTreeCmd success: roots=7
[00:32:55.157] [INFO] treeLoadedMsg applied: roots=7 rows=13 loadErr=<nil>
[00:33:05.066] [DEBUG] loadTreeCmd start: cwd=/Users/iv/Developer/relux-proxy remote="" board="" user=""
[00:33:05.153] [INFO] loadTreeCmd success: roots=7
[00:33:05.153] [INFO] treeLoadedMsg applied: roots=7 rows=13 loadErr=<nil>
[00:33:15.067] [DEBUG] loadTreeCmd start: cwd=/Users/iv/Developer/relux-proxy remote="" board="" user=""
[00:33:15.152] [INFO] loadTreeCmd success: roots=7
[00:33:15.152] [INFO] treeLoadedMsg applied: roots=7 rows=13 loadErr=<nil>
[00:33:25.066] [DEBUG] loadTreeCmd start: cwd=/Users/iv/Developer/relux-proxy remote="" board="" user=""
[00:33:25.151] [INFO] loadTreeCmd success: roots=7
[00:33:25.151] [INFO] treeLoadedMsg applied: roots=7 rows=13 loadErr=<nil>
[00:33:35.067] [DEBUG] loadTreeCmd start: cwd=/Users/iv/Developer/relux-proxy remote="" board="" user=""
[00:33:35.162] [INFO] loadTreeCmd success: roots=7
[00:33:35.163] [INFO] treeLoadedMsg applied: roots=7 rows=13 loadErr=<nil>
[00:33:45.067] [DEBUG] loadTreeCmd start: cwd=/Users/iv/Developer/relux-proxy remote="" board="" user=""
[00:33:45.157] [INFO] loadTreeCmd success: roots=7
[00:33:45.157] [INFO] treeLoadedMsg applied: roots=7 rows=13 loadErr=<nil>
[00:33:55.067] [DEBUG] loadTreeCmd start: cwd=/Users/iv/Developer/relux-proxy remote="" board="" user=""
[00:33:55.157] [INFO] loadTreeCmd success: roots=7
[00:33:55.157] [INFO] treeLoadedMsg applied: roots=7 rows=13 loadErr=<nil>
[00:34:05.067] [DEBUG] loadTreeCmd start: cwd=/Users/iv/Developer/relux-proxy remote="" board="" user=""
[00:34:05.154] [INFO] loadTreeCmd success: roots=7
[00:34:05.155] [INFO] treeLoadedMsg applied: roots=7 rows=13 loadErr=<nil>
[00:34:15.067] [DEBUG] loadTreeCmd start: cwd=/Users/iv/Developer/relux-proxy remote="" board="" user=""
[00:34:15.151] [INFO] loadTreeCmd success: roots=7
[00:34:15.151] [INFO] treeLoadedMsg applied: roots=7 rows=13 loadErr=<nil>
[00:34:25.067] [DEBUG] loadTreeCmd start: cwd=/Users/iv/Developer/relux-proxy remote="" board="" user=""
[00:34:25.155] [INFO] loadTreeCmd success: roots=7
[00:34:25.155] [INFO] treeLoadedMsg applied: roots=7 rows=13 loadErr=<nil>
[00:34:35.067] [DEBUG] loadTreeCmd start: cwd=/Users/iv/Developer/relux-proxy remote="" board="" user=""
[00:34:35.155] [INFO] loadTreeCmd success: roots=7
[00:34:35.155] [INFO] treeLoadedMsg applied: roots=7 rows=13 loadErr=<nil>
[00:34:45.067] [DEBUG] loadTreeCmd start: cwd=/Users/iv/Developer/relux-proxy remote="" board="" user=""
[00:34:45.152] [INFO] loadTreeCmd success: roots=7
[00:34:45.152] [INFO] treeLoadedMsg applied: roots=7 rows=13 loadErr=<nil>
[00:34:55.068] [DEBUG] loadTreeCmd start: cwd=/Users/iv/Developer/relux-proxy remote="" board="" user=""
[00:34:55.150] [INFO] loadTreeCmd success: roots=7
[00:34:55.151] [INFO] treeLoadedMsg applied: roots=7 rows=13 loadErr=<nil>
[00:35:05.068] [DEBUG] loadTreeCmd start: cwd=/Users/iv/Developer/relux-proxy remote="" board="" user=""
[00:35:05.152] [INFO] loadTreeCmd success: roots=7
[00:35:05.152] [INFO] treeLoadedMsg applied: roots=7 rows=13 loadErr=<nil>
[00:35:15.068] [DEBUG] loadTreeCmd start: cwd=/Users/iv/Developer/relux-proxy remote="" board="" user=""
[00:35:15.157] [INFO] loadTreeCmd success: roots=7
[00:35:15.158] [INFO] treeLoadedMsg applied: roots=7 rows=13 loadErr=<nil>
[00:35:25.068] [DEBUG] loadTreeCmd start: cwd=/Users/iv/Developer/relux-proxy remote="" board="" user=""
[00:35:25.156] [INFO] loadTreeCmd success: roots=7
[00:35:25.156] [INFO] treeLoadedMsg applied: roots=7 rows=13 loadErr=<nil>
[00:35:35.069] [DEBUG] loadTreeCmd start: cwd=/Users/iv/Developer/relux-proxy remote="" board="" user=""
[00:35:35.159] [INFO] loadTreeCmd success: roots=7
[00:35:35.160] [INFO] treeLoadedMsg applied: roots=7 rows=13 loadErr=<nil>
[00:35:45.069] [DEBUG] loadTreeCmd start: cwd=/Users/iv/Developer/relux-proxy remote="" board="" user=""
[00:35:45.158] [INFO] loadTreeCmd success: roots=7
[00:35:45.158] [INFO] treeLoadedMsg applied: roots=7 rows=13 loadErr=<nil>
[00:35:55.070] [DEBUG] loadTreeCmd start: cwd=/Users/iv/Developer/relux-proxy remote="" board="" user=""
[00:35:55.161] [INFO] loadTreeCmd success: roots=7
[00:35:55.162] [INFO] treeLoadedMsg applied: roots=7 rows=13 loadErr=<nil>
[00:36:05.070] [DEBUG] loadTreeCmd start: cwd=/Users/iv/Developer/relux-proxy remote="" board="" user=""
[00:36:05.159] [INFO] loadTreeCmd success: roots=7
[00:36:05.159] [INFO] treeLoadedMsg applied: roots=7 rows=13 loadErr=<nil>
[00:36:15.071] [DEBUG] loadTreeCmd start: cwd=/Users/iv/Developer/relux-proxy remote="" board="" user=""
[00:36:15.162] [INFO] loadTreeCmd success: roots=7
[00:36:15.162] [INFO] treeLoadedMsg applied: roots=7 rows=13 loadErr=<nil>
[00:36:25.071] [DEBUG] loadTreeCmd start: cwd=/Users/iv/Developer/relux-proxy remote="" board="" user=""
[00:36:25.157] [INFO] loadTreeCmd success: roots=7
[00:36:25.157] [INFO] treeLoadedMsg applied: roots=7 rows=13 loadErr=<nil>
[00:36:35.072] [DEBUG] loadTreeCmd start: cwd=/Users/iv/Developer/relux-proxy remote="" board="" user=""
[00:36:35.160] [INFO] loadTreeCmd success: roots=7
[00:36:35.161] [INFO] treeLoadedMsg applied: roots=7 rows=13 loadErr=<nil>
[00:36:45.072] [DEBUG] loadTreeCmd start: cwd=/Users/iv/Developer/relux-proxy remote="" board="" user=""
[00:36:45.166] [INFO] loadTreeCmd success: roots=7
[00:36:45.166] [INFO] treeLoadedMsg applied: roots=7 rows=13 loadErr=<nil>
[00:36:55.073] [DEBUG] loadTreeCmd start: cwd=/Users/iv/Developer/relux-proxy remote="" board="" user=""
[00:36:55.158] [INFO] loadTreeCmd success: roots=7
[00:36:55.158] [INFO] treeLoadedMsg applied: roots=7 rows=13 loadErr=<nil>
[00:37:05.074] [DEBUG] loadTreeCmd start: cwd=/Users/iv/Developer/relux-proxy remote="" board="" user=""
[00:37:05.159] [INFO] loadTreeCmd success: roots=7
[00:37:05.160] [INFO] treeLoadedMsg applied: roots=7 rows=13 loadErr=<nil>
[00:37:15.075] [DEBUG] loadTreeCmd start: cwd=/Users/iv/Developer/relux-proxy remote="" board="" user=""
[00:37:15.159] [INFO] loadTreeCmd success: roots=7
[00:37:15.159] [INFO] treeLoadedMsg applied: roots=7 rows=13 loadErr=<nil>
[00:37:25.076] [DEBUG] loadTreeCmd start: cwd=/Users/iv/Developer/relux-proxy remote="" board="" user=""
[00:37:25.164] [INFO] loadTreeCmd success: roots=7
[00:37:25.164] [INFO] treeLoadedMsg applied: roots=7 rows=13 loadErr=<nil>
[00:37:35.077] [DEBUG] loadTreeCmd start: cwd=/Users/iv/Developer/relux-proxy remote="" board="" user=""
[00:37:35.164] [INFO] loadTreeCmd success: roots=7
[00:37:35.164] [INFO] treeLoadedMsg applied: roots=7 rows=13 loadErr=<nil>
[00:37:45.078] [DEBUG] loadTreeCmd start: cwd=/Users/iv/Developer/relux-proxy remote="" board="" user=""
[00:37:45.165] [INFO] loadTreeCmd success: roots=7
[00:37:45.165] [INFO] treeLoadedMsg applied: roots=7 rows=13 loadErr=<nil>
[00:37:55.078] [DEBUG] loadTreeCmd start: cwd=/Users/iv/Developer/relux-proxy remote="" board="" user=""
[00:37:55.163] [INFO] loadTreeCmd success: roots=7
[00:37:55.163] [INFO] treeLoadedMsg applied: roots=7 rows=13 loadErr=<nil>
[00:38:05.079] [DEBUG] loadTreeCmd start: cwd=/Users/iv/Developer/relux-proxy remote="" board="" user=""
[00:38:05.169] [INFO] loadTreeCmd success: roots=7
[00:38:05.169] [INFO] treeLoadedMsg applied: roots=7 rows=13 loadErr=<nil>
[00:38:15.080] [DEBUG] loadTreeCmd start: cwd=/Users/iv/Developer/relux-proxy remote="" board="" user=""
[00:38:15.172] [INFO] loadTreeCmd success: roots=7
[00:38:15.172] [INFO] treeLoadedMsg applied: roots=7 rows=13 loadErr=<nil>
[00:38:25.081] [DEBUG] loadTreeCmd start: cwd=/Users/iv/Developer/relux-proxy remote="" board="" user=""
[00:38:25.171] [INFO] loadTreeCmd success: roots=7
[00:38:25.172] [INFO] treeLoadedMsg applied: roots=7 rows=13 loadErr=<nil>
[00:38:35.081] [DEBUG] loadTreeCmd start: cwd=/Users/iv/Developer/relux-proxy remote="" board="" user=""
[00:38:35.175] [INFO] loadTreeCmd success: roots=7
[00:38:35.175] [INFO] treeLoadedMsg applied: roots=7 rows=13 loadErr=<nil>
[00:38:45.080] [DEBUG] loadTreeCmd start: cwd=/Users/iv/Developer/relux-proxy remote="" board="" user=""
[00:38:45.171] [INFO] loadTreeCmd success: roots=7
[00:38:45.171] [INFO] treeLoadedMsg applied: roots=7 rows=13 loadErr=<nil>
[00:38:55.082] [DEBUG] loadTreeCmd start: cwd=/Users/iv/Developer/relux-proxy remote="" board="" user=""
[00:38:55.213] [INFO] loadTreeCmd success: roots=7
[00:38:55.213] [INFO] treeLoadedMsg applied: roots=7 rows=13 loadErr=<nil>
[00:39:05.083] [DEBUG] loadTreeCmd start: cwd=/Users/iv/Developer/relux-proxy remote="" board="" user=""
[00:39:05.179] [INFO] loadTreeCmd success: roots=7
[00:39:05.180] [INFO] treeLoadedMsg applied: roots=7 rows=13 loadErr=<nil>
[00:39:15.082] [DEBUG] loadTreeCmd start: cwd=/Users/iv/Developer/relux-proxy remote="" board="" user=""
[00:39:15.175] [INFO] loadTreeCmd success: roots=7
[00:39:15.176] [INFO] treeLoadedMsg applied: roots=7 rows=13 loadErr=<nil>
[00:39:25.083] [DEBUG] loadTreeCmd start: cwd=/Users/iv/Developer/relux-proxy remote="" board="" user=""
[00:39:25.170] [INFO] loadTreeCmd success: roots=7
[00:39:25.170] [INFO] treeLoadedMsg applied: roots=7 rows=13 loadErr=<nil>
[00:39:35.083] [DEBUG] loadTreeCmd start: cwd=/Users/iv/Developer/relux-proxy remote="" board="" user=""
[00:39:35.176] [INFO] loadTreeCmd success: roots=7
[00:39:35.176] [INFO] treeLoadedMsg applied: roots=7 rows=13 loadErr=<nil>
[00:39:45.083] [DEBUG] loadTreeCmd start: cwd=/Users/iv/Developer/relux-proxy remote="" board="" user=""
[00:39:45.174] [INFO] loadTreeCmd success: roots=7
[00:39:45.174] [INFO] treeLoadedMsg applied: roots=7 rows=13 loadErr=<nil>
[00:39:55.083] [DEBUG] loadTreeCmd start: cwd=/Users/iv/Developer/relux-proxy remote="" board="" user=""
[00:39:55.178] [INFO] loadTreeCmd success: roots=7
[00:39:55.178] [INFO] treeLoadedMsg applied: roots=7 rows=13 loadErr=<nil>
[00:40:05.084] [DEBUG] loadTreeCmd start: cwd=/Users/iv/Developer/relux-proxy remote="" board="" user=""
[00:40:05.177] [INFO] loadTreeCmd success: roots=7
[00:40:05.177] [INFO] treeLoadedMsg applied: roots=7 rows=13 loadErr=<nil>
[00:40:15.084] [DEBUG] loadTreeCmd start: cwd=/Users/iv/Developer/relux-proxy remote="" board="" user=""
[00:40:15.175] [INFO] loadTreeCmd success: roots=7
[00:40:15.175] [INFO] treeLoadedMsg applied: roots=7 rows=13 loadErr=<nil>
[00:40:25.085] [DEBUG] loadTreeCmd start: cwd=/Users/iv/Developer/relux-proxy remote="" board="" user=""
[00:40:25.173] [INFO] loadTreeCmd success: roots=7
[00:40:25.173] [INFO] treeLoadedMsg applied: roots=7 rows=13 loadErr=<nil>
[00:40:35.085] [DEBUG] loadTreeCmd start: cwd=/Users/iv/Developer/relux-proxy remote="" board="" user=""
[00:40:35.173] [INFO] loadTreeCmd success: roots=7
[00:40:35.173] [INFO] treeLoadedMsg applied: roots=7 rows=13 loadErr=<nil>
[00:40:45.086] [DEBUG] loadTreeCmd start: cwd=/Users/iv/Developer/relux-proxy remote="" board="" user=""
[00:40:45.170] [INFO] loadTreeCmd success: roots=7
[00:40:45.170] [INFO] treeLoadedMsg applied: roots=7 rows=13 loadErr=<nil>
[00:40:55.087] [DEBUG] loadTreeCmd start: cwd=/Users/iv/Developer/relux-proxy remote="" board="" user=""
[00:40:55.174] [INFO] loadTreeCmd success: roots=7
[00:40:55.175] [INFO] treeLoadedMsg applied: roots=7 rows=13 loadErr=<nil>
[00:41:05.088] [DEBUG] loadTreeCmd start: cwd=/Users/iv/Developer/relux-proxy remote="" board="" user=""
[00:41:05.175] [INFO] loadTreeCmd success: roots=7
[00:41:05.175] [INFO] treeLoadedMsg applied: roots=7 rows=13 loadErr=<nil>
[00:41:15.089] [DEBUG] loadTreeCmd start: cwd=/Users/iv/Developer/relux-proxy remote="" board="" user=""
[00:41:15.174] [INFO] loadTreeCmd success: roots=7
[00:41:15.174] [INFO] treeLoadedMsg applied: roots=7 rows=13 loadErr=<nil>
[00:41:25.090] [DEBUG] loadTreeCmd start: cwd=/Users/iv/Developer/relux-proxy remote="" board="" user=""
[00:41:25.176] [INFO] loadTreeCmd success: roots=7
[00:41:25.176] [INFO] treeLoadedMsg applied: roots=7 rows=13 loadErr=<nil>
[00:41:35.090] [DEBUG] loadTreeCmd start: cwd=/Users/iv/Developer/relux-proxy remote="" board="" user=""
[00:41:35.180] [INFO] loadTreeCmd success: roots=7
[00:41:35.181] [INFO] treeLoadedMsg applied: roots=7 rows=13 loadErr=<nil>
[00:41:45.092] [DEBUG] loadTreeCmd start: cwd=/Users/iv/Developer/relux-proxy remote="" board="" user=""
[00:41:45.177] [INFO] loadTreeCmd success: roots=7
[00:41:45.178] [INFO] treeLoadedMsg applied: roots=7 rows=13 loadErr=<nil>
[00:41:55.092] [DEBUG] loadTreeCmd start: cwd=/Users/iv/Developer/relux-proxy remote="" board="" user=""
[00:41:55.174] [INFO] loadTreeCmd success: roots=7
[00:41:55.174] [INFO] treeLoadedMsg applied: roots=7 rows=13 loadErr=<nil>
[00:42:05.093] [DEBUG] loadTreeCmd start: cwd=/Users/iv/Developer/relux-proxy remote="" board="" user=""
[00:42:05.181] [INFO] loadTreeCmd success: roots=7
[00:42:05.181] [INFO] treeLoadedMsg applied: roots=7 rows=13 loadErr=<nil>
[00:42:15.093] [DEBUG] loadTreeCmd start: cwd=/Users/iv/Developer/relux-proxy remote="" board="" user=""
[00:42:15.177] [INFO] loadTreeCmd success: roots=7
[00:42:15.178] [INFO] treeLoadedMsg applied: roots=7 rows=13 loadErr=<nil>
[00:42:25.094] [DEBUG] loadTreeCmd start: cwd=/Users/iv/Developer/relux-proxy remote="" board="" user=""
[00:42:25.177] [INFO] loadTreeCmd success: roots=7
[00:42:25.177] [INFO] treeLoadedMsg applied: roots=7 rows=13 loadErr=<nil>
[00:42:35.095] [DEBUG] loadTreeCmd start: cwd=/Users/iv/Developer/relux-proxy remote="" board="" user=""
[00:42:35.181] [INFO] loadTreeCmd success: roots=7
[00:42:35.181] [INFO] treeLoadedMsg applied: roots=7 rows=13 loadErr=<nil>
[00:42:45.095] [DEBUG] loadTreeCmd start: cwd=/Users/iv/Developer/relux-proxy remote="" board="" user=""
[00:42:45.180] [INFO] loadTreeCmd success: roots=7
[00:42:45.180] [INFO] treeLoadedMsg applied: roots=7 rows=13 loadErr=<nil>
[00:42:55.095] [DEBUG] loadTreeCmd start: cwd=/Users/iv/Developer/relux-proxy remote="" board="" user=""
[00:42:55.182] [INFO] loadTreeCmd success: roots=7
[00:42:55.182] [INFO] treeLoadedMsg applied: roots=7 rows=13 loadErr=<nil>
[00:43:05.095] [DEBUG] loadTreeCmd start: cwd=/Users/iv/Developer/relux-proxy remote="" board="" user=""
[00:43:05.183] [INFO] loadTreeCmd success: roots=7
[00:43:05.183] [INFO] treeLoadedMsg applied: roots=7 rows=13 loadErr=<nil>
[00:43:15.095] [DEBUG] loadTreeCmd start: cwd=/Users/iv/Developer/relux-proxy remote="" board="" user=""
[00:43:15.186] [INFO] loadTreeCmd success: roots=7
[00:43:15.186] [INFO] treeLoadedMsg applied: roots=7 rows=13 loadErr=<nil>
[00:43:25.095] [DEBUG] loadTreeCmd start: cwd=/Users/iv/Developer/relux-proxy remote="" board="" user=""
[00:43:25.187] [INFO] loadTreeCmd success: roots=7
[00:43:25.188] [INFO] treeLoadedMsg applied: roots=7 rows=13 loadErr=<nil>
[00:43:35.096] [DEBUG] loadTreeCmd start: cwd=/Users/iv/Developer/relux-proxy remote="" board="" user=""
[00:43:35.185] [INFO] loadTreeCmd success: roots=7
[00:43:35.185] [INFO] treeLoadedMsg applied: roots=7 rows=13 loadErr=<nil>
[00:43:45.096] [DEBUG] loadTreeCmd start: cwd=/Users/iv/Developer/relux-proxy remote="" board="" user=""
[00:43:45.182] [INFO] loadTreeCmd success: roots=7
[00:43:45.183] [INFO] treeLoadedMsg applied: roots=7 rows=13 loadErr=<nil>
[00:43:55.096] [DEBUG] loadTreeCmd start: cwd=/Users/iv/Developer/relux-proxy remote="" board="" user=""
[00:43:55.184] [INFO] loadTreeCmd success: roots=7
[00:43:55.184] [INFO] treeLoadedMsg applied: roots=7 rows=13 loadErr=<nil>
[00:44:05.096] [DEBUG] loadTreeCmd start: cwd=/Users/iv/Developer/relux-proxy remote="" board="" user=""
[00:44:05.188] [INFO] loadTreeCmd success: roots=7
[00:44:05.188] [INFO] treeLoadedMsg applied: roots=7 rows=13 loadErr=<nil>
[00:44:15.096] [DEBUG] loadTreeCmd start: cwd=/Users/iv/Developer/relux-proxy remote="" board="" user=""
[00:44:15.187] [INFO] loadTreeCmd success: roots=7
[00:44:15.187] [INFO] treeLoadedMsg applied: roots=7 rows=13 loadErr=<nil>
[00:44:25.096] [DEBUG] loadTreeCmd start: cwd=/Users/iv/Developer/relux-proxy remote="" board="" user=""
[00:44:25.183] [INFO] loadTreeCmd success: roots=7
[00:44:25.183] [INFO] treeLoadedMsg applied: roots=7 rows=13 loadErr=<nil>
[00:44:35.096] [DEBUG] loadTreeCmd start: cwd=/Users/iv/Developer/relux-proxy remote="" board="" user=""
[00:44:35.200] [INFO] loadTreeCmd success: roots=7
[00:44:35.200] [INFO] treeLoadedMsg applied: roots=7 rows=13 loadErr=<nil>
[00:44:45.097] [DEBUG] loadTreeCmd start: cwd=/Users/iv/Developer/relux-proxy remote="" board="" user=""
[00:44:45.195] [INFO] loadTreeCmd success: roots=7
[00:44:45.196] [INFO] treeLoadedMsg applied: roots=7 rows=13 loadErr=<nil>
[00:44:55.097] [DEBUG] loadTreeCmd start: cwd=/Users/iv/Developer/relux-proxy remote="" board="" user=""
[00:44:55.188] [INFO] loadTreeCmd success: roots=7
[00:44:55.188] [INFO] treeLoadedMsg applied: roots=7 rows=13 loadErr=<nil>
[00:45:05.097] [DEBUG] loadTreeCmd start: cwd=/Users/iv/Developer/relux-proxy remote="" board="" user=""
[00:45:05.188] [INFO] loadTreeCmd success: roots=7
[00:45:05.188] [INFO] treeLoadedMsg applied: roots=7 rows=13 loadErr=<nil>
[00:45:15.098] [DEBUG] loadTreeCmd start: cwd=/Users/iv/Developer/relux-proxy remote="" board="" user=""
[00:45:15.187] [INFO] loadTreeCmd success: roots=7
[00:45:15.187] [INFO] treeLoadedMsg applied: roots=7 rows=13 loadErr=<nil>
[00:45:25.098] [DEBUG] loadTreeCmd start: cwd=/Users/iv/Developer/relux-proxy remote="" board="" user=""
[00:45:25.191] [INFO] loadTreeCmd success: roots=7
[00:45:25.191] [INFO] treeLoadedMsg applied: roots=7 rows=13 loadErr=<nil>
[00:45:35.099] [DEBUG] loadTreeCmd start: cwd=/Users/iv/Developer/relux-proxy remote="" board="" user=""
[00:45:35.188] [INFO] loadTreeCmd success: roots=7
[00:45:35.188] [INFO] treeLoadedMsg applied: roots=7 rows=13 loadErr=<nil>
[00:45:45.099] [DEBUG] loadTreeCmd start: cwd=/Users/iv/Developer/relux-proxy remote="" board="" user=""
[00:45:45.188] [INFO] loadTreeCmd success: roots=7
[00:45:45.189] [INFO] treeLoadedMsg applied: roots=7 rows=13 loadErr=<nil>
[00:45:55.100] [DEBUG] loadTreeCmd start: cwd=/Users/iv/Developer/relux-proxy remote="" board="" user=""
[00:45:55.191] [INFO] loadTreeCmd success: roots=7
[00:45:55.191] [INFO] treeLoadedMsg applied: roots=7 rows=13 loadErr=<nil>
[00:46:05.101] [DEBUG] loadTreeCmd start: cwd=/Users/iv/Developer/relux-proxy remote="" board="" user=""
[00:46:05.191] [INFO] loadTreeCmd success: roots=7
[00:46:05.191] [INFO] treeLoadedMsg applied: roots=7 rows=13 loadErr=<nil>
[00:46:15.102] [DEBUG] loadTreeCmd start: cwd=/Users/iv/Developer/relux-proxy remote="" board="" user=""
[00:46:15.190] [INFO] loadTreeCmd success: roots=7
[00:46:15.190] [INFO] treeLoadedMsg applied: roots=7 rows=13 loadErr=<nil>
[00:46:25.102] [DEBUG] loadTreeCmd start: cwd=/Users/iv/Developer/relux-proxy remote="" board="" user=""
[00:46:25.188] [INFO] loadTreeCmd success: roots=7
[00:46:25.189] [INFO] treeLoadedMsg applied: roots=7 rows=13 loadErr=<nil>
[00:46:35.103] [DEBUG] loadTreeCmd start: cwd=/Users/iv/Developer/relux-proxy remote="" board="" user=""
[00:46:35.193] [INFO] loadTreeCmd success: roots=7
[00:46:35.193] [INFO] treeLoadedMsg applied: roots=7 rows=13 loadErr=<nil>
[00:46:45.104] [DEBUG] loadTreeCmd start: cwd=/Users/iv/Developer/relux-proxy remote="" board="" user=""
[00:46:45.190] [INFO] loadTreeCmd success: roots=7
[00:46:45.190] [INFO] treeLoadedMsg applied: roots=7 rows=13 loadErr=<nil>
[00:46:55.105] [DEBUG] loadTreeCmd start: cwd=/Users/iv/Developer/relux-proxy remote="" board="" user=""
[00:46:55.194] [INFO] loadTreeCmd success: roots=7
[00:46:55.195] [INFO] treeLoadedMsg applied: roots=7 rows=13 loadErr=<nil>
[00:47:05.106] [DEBUG] loadTreeCmd start: cwd=/Users/iv/Developer/relux-proxy remote="" board="" user=""
[00:47:05.196] [INFO] loadTreeCmd success: roots=7
[00:47:05.197] [INFO] treeLoadedMsg applied: roots=7 rows=13 loadErr=<nil>
[00:47:15.107] [DEBUG] loadTreeCmd start: cwd=/Users/iv/Developer/relux-proxy remote="" board="" user=""
[00:47:15.194] [INFO] loadTreeCmd success: roots=7
[00:47:15.194] [INFO] treeLoadedMsg applied: roots=7 rows=13 loadErr=<nil>
[00:47:25.107] [DEBUG] loadTreeCmd start: cwd=/Users/iv/Developer/relux-proxy remote="" board="" user=""
[00:47:25.199] [INFO] loadTreeCmd success: roots=7
[00:47:25.199] [INFO] treeLoadedMsg applied: roots=7 rows=13 loadErr=<nil>
[00:47:35.108] [DEBUG] loadTreeCmd start: cwd=/Users/iv/Developer/relux-proxy remote="" board="" user=""
[00:47:35.199] [INFO] loadTreeCmd success: roots=7
[00:47:35.199] [INFO] treeLoadedMsg applied: roots=7 rows=13 loadErr=<nil>
[00:47:45.109] [DEBUG] loadTreeCmd start: cwd=/Users/iv/Developer/relux-proxy remote="" board="" user=""
[00:47:45.199] [INFO] loadTreeCmd success: roots=7
[00:47:45.199] [INFO] treeLoadedMsg applied: roots=7 rows=13 loadErr=<nil>
[00:47:55.109] [DEBUG] loadTreeCmd start: cwd=/Users/iv/Developer/relux-proxy remote="" board="" user=""
[00:47:55.199] [INFO] loadTreeCmd success: roots=7
[00:47:55.199] [INFO] treeLoadedMsg applied: roots=7 rows=13 loadErr=<nil>
[00:48:05.109] [DEBUG] loadTreeCmd start: cwd=/Users/iv/Developer/relux-proxy remote="" board="" user=""
[00:48:05.198] [INFO] loadTreeCmd success: roots=7
[00:48:05.198] [INFO] treeLoadedMsg applied: roots=7 rows=13 loadErr=<nil>
[00:48:15.110] [DEBUG] loadTreeCmd start: cwd=/Users/iv/Developer/relux-proxy remote="" board="" user=""
[00:48:15.201] [INFO] loadTreeCmd success: roots=7
[00:48:15.201] [INFO] treeLoadedMsg applied: roots=7 rows=13 loadErr=<nil>
[00:48:25.110] [DEBUG] loadTreeCmd start: cwd=/Users/iv/Developer/relux-proxy remote="" board="" user=""
[00:48:25.202] [INFO] loadTreeCmd success: roots=7
[00:48:25.202] [INFO] treeLoadedMsg applied: roots=7 rows=13 loadErr=<nil>
[00:48:35.110] [DEBUG] loadTreeCmd start: cwd=/Users/iv/Developer/relux-proxy remote="" board="" user=""
[00:48:35.197] [INFO] loadTreeCmd success: roots=7
[00:48:35.198] [INFO] treeLoadedMsg applied: roots=7 rows=13 loadErr=<nil>
[00:48:45.110] [DEBUG] loadTreeCmd start: cwd=/Users/iv/Developer/relux-proxy remote="" board="" user=""
[00:48:45.203] [INFO] loadTreeCmd success: roots=7
[00:48:45.204] [INFO] treeLoadedMsg applied: roots=7 rows=13 loadErr=<nil>
[00:48:55.110] [DEBUG] loadTreeCmd start: cwd=/Users/iv/Developer/relux-proxy remote="" board="" user=""
[00:48:55.214] [INFO] loadTreeCmd success: roots=7
[00:48:55.215] [INFO] treeLoadedMsg applied: roots=7 rows=13 loadErr=<nil>
[00:49:05.110] [DEBUG] loadTreeCmd start: cwd=/Users/iv/Developer/relux-proxy remote="" board="" user=""
[00:49:05.198] [INFO] loadTreeCmd success: roots=7
[00:49:05.198] [INFO] treeLoadedMsg applied: roots=7 rows=13 loadErr=<nil>
[00:49:15.110] [DEBUG] loadTreeCmd start: cwd=/Users/iv/Developer/relux-proxy remote="" board="" user=""
[00:49:15.200] [INFO] loadTreeCmd success: roots=7
[00:49:15.201] [INFO] treeLoadedMsg applied: roots=7 rows=13 loadErr=<nil>
[00:49:25.111] [DEBUG] loadTreeCmd start: cwd=/Users/iv/Developer/relux-proxy remote="" board="" user=""
[00:49:25.199] [INFO] loadTreeCmd success: roots=7
[00:49:25.199] [INFO] treeLoadedMsg applied: roots=7 rows=13 loadErr=<nil>
[00:49:35.111] [DEBUG] loadTreeCmd start: cwd=/Users/iv/Developer/relux-proxy remote="" board="" user=""
[00:49:35.205] [INFO] loadTreeCmd success: roots=7
[00:49:35.205] [INFO] treeLoadedMsg applied: roots=7 rows=13 loadErr=<nil>
[00:49:45.111] [DEBUG] loadTreeCmd start: cwd=/Users/iv/Developer/relux-proxy remote="" board="" user=""
[00:49:45.202] [INFO] loadTreeCmd success: roots=7
[00:49:45.202] [INFO] treeLoadedMsg applied: roots=7 rows=13 loadErr=<nil>
[00:49:55.112] [DEBUG] loadTreeCmd start: cwd=/Users/iv/Developer/relux-proxy remote="" board="" user=""
[00:49:55.222] [INFO] loadTreeCmd success: roots=7
[00:49:55.222] [INFO] treeLoadedMsg applied: roots=7 rows=13 loadErr=<nil>
[00:50:05.112] [DEBUG] loadTreeCmd start: cwd=/Users/iv/Developer/relux-proxy remote="" board="" user=""
[00:50:05.202] [INFO] loadTreeCmd success: roots=7
[00:50:05.202] [INFO] treeLoadedMsg applied: roots=7 rows=13 loadErr=<nil>
[00:50:15.112] [DEBUG] loadTreeCmd start: cwd=/Users/iv/Developer/relux-proxy remote="" board="" user=""
[00:50:15.207] [INFO] loadTreeCmd success: roots=7
[00:50:15.207] [INFO] treeLoadedMsg applied: roots=7 rows=13 loadErr=<nil>
[00:50:25.113] [DEBUG] loadTreeCmd start: cwd=/Users/iv/Developer/relux-proxy remote="" board="" user=""
[00:50:25.198] [INFO] loadTreeCmd success: roots=7
[00:50:25.198] [INFO] treeLoadedMsg applied: roots=7 rows=13 loadErr=<nil>
[00:50:35.113] [DEBUG] loadTreeCmd start: cwd=/Users/iv/Developer/relux-proxy remote="" board="" user=""
[00:50:35.204] [INFO] loadTreeCmd success: roots=7
[00:50:35.205] [INFO] treeLoadedMsg applied: roots=7 rows=13 loadErr=<nil>
[00:50:45.114] [DEBUG] loadTreeCmd start: cwd=/Users/iv/Developer/relux-proxy remote="" board="" user=""
[00:50:45.206] [INFO] loadTreeCmd success: roots=7
[00:50:45.206] [INFO] treeLoadedMsg applied: roots=7 rows=13 loadErr=<nil>
[00:50:55.115] [DEBUG] loadTreeCmd start: cwd=/Users/iv/Developer/relux-proxy remote="" board="" user=""
[00:50:55.206] [INFO] loadTreeCmd success: roots=7
[00:50:55.206] [INFO] treeLoadedMsg applied: roots=7 rows=13 loadErr=<nil>
[00:51:05.116] [DEBUG] loadTreeCmd start: cwd=/Users/iv/Developer/relux-proxy remote="" board="" user=""
[00:51:05.206] [INFO] loadTreeCmd success: roots=7
[00:51:05.206] [INFO] treeLoadedMsg applied: roots=7 rows=13 loadErr=<nil>
[00:51:15.117] [DEBUG] loadTreeCmd start: cwd=/Users/iv/Developer/relux-proxy remote="" board="" user=""
[00:51:15.205] [INFO] loadTreeCmd success: roots=7
[00:51:15.205] [INFO] treeLoadedMsg applied: roots=7 rows=13 loadErr=<nil>
[00:51:25.118] [DEBUG] loadTreeCmd start: cwd=/Users/iv/Developer/relux-proxy remote="" board="" user=""
[00:51:25.208] [INFO] loadTreeCmd success: roots=7
[00:51:25.209] [INFO] treeLoadedMsg applied: roots=7 rows=13 loadErr=<nil>
[00:51:35.119] [DEBUG] loadTreeCmd start: cwd=/Users/iv/Developer/relux-proxy remote="" board="" user=""
[00:51:35.210] [INFO] loadTreeCmd success: roots=7
[00:51:35.210] [INFO] treeLoadedMsg applied: roots=7 rows=13 loadErr=<nil>
[00:51:45.120] [DEBUG] loadTreeCmd start: cwd=/Users/iv/Developer/relux-proxy remote="" board="" user=""
[00:51:45.208] [INFO] loadTreeCmd success: roots=7
[00:51:45.208] [INFO] treeLoadedMsg applied: roots=7 rows=13 loadErr=<nil>
[00:51:55.120] [DEBUG] loadTreeCmd start: cwd=/Users/iv/Developer/relux-proxy remote="" board="" user=""
[00:51:55.204] [INFO] loadTreeCmd success: roots=7
[00:51:55.205] [INFO] treeLoadedMsg applied: roots=7 rows=13 loadErr=<nil>
[00:52:05.121] [DEBUG] loadTreeCmd start: cwd=/Users/iv/Developer/relux-proxy remote="" board="" user=""
[00:52:05.213] [INFO] loadTreeCmd success: roots=7
[00:52:05.213] [INFO] treeLoadedMsg applied: roots=7 rows=13 loadErr=<nil>
[00:52:15.122] [DEBUG] loadTreeCmd start: cwd=/Users/iv/Developer/relux-proxy remote="" board="" user=""
[00:52:15.209] [INFO] loadTreeCmd success: roots=7
[00:52:15.210] [INFO] treeLoadedMsg applied: roots=7 rows=13 loadErr=<nil>
[00:52:25.123] [DEBUG] loadTreeCmd start: cwd=/Users/iv/Developer/relux-proxy remote="" board="" user=""
[00:52:25.205] [INFO] loadTreeCmd success: roots=7
[00:52:25.205] [INFO] treeLoadedMsg applied: roots=7 rows=13 loadErr=<nil>
[00:52:35.124] [DEBUG] loadTreeCmd start: cwd=/Users/iv/Developer/relux-proxy remote="" board="" user=""
[00:52:35.210] [INFO] loadTreeCmd success: roots=7
[00:52:35.211] [INFO] treeLoadedMsg applied: roots=7 rows=13 loadErr=<nil>
[00:52:45.124] [DEBUG] loadTreeCmd start: cwd=/Users/iv/Developer/relux-proxy remote="" board="" user=""
[00:52:45.216] [INFO] loadTreeCmd success: roots=7
[00:52:45.216] [INFO] treeLoadedMsg applied: roots=7 rows=13 loadErr=<nil>
[00:52:55.124] [DEBUG] loadTreeCmd start: cwd=/Users/iv/Developer/relux-proxy remote="" board="" user=""
[00:52:55.208] [INFO] loadTreeCmd success: roots=7
[00:52:55.212] [INFO] treeLoadedMsg applied: roots=7 rows=13 loadErr=<nil>
[00:53:05.124] [DEBUG] loadTreeCmd start: cwd=/Users/iv/Developer/relux-proxy remote="" board="" user=""
[00:53:05.207] [INFO] loadTreeCmd success: roots=7
[00:53:05.207] [INFO] treeLoadedMsg applied: roots=7 rows=13 loadErr=<nil>
[00:53:15.124] [DEBUG] loadTreeCmd start: cwd=/Users/iv/Developer/relux-proxy remote="" board="" user=""
[00:53:15.213] [INFO] loadTreeCmd success: roots=7
[00:53:15.213] [INFO] treeLoadedMsg applied: roots=7 rows=13 loadErr=<nil>
[00:53:25.124] [DEBUG] loadTreeCmd start: cwd=/Users/iv/Developer/relux-proxy remote="" board="" user=""
[00:53:25.209] [INFO] loadTreeCmd success: roots=7
[00:53:25.209] [INFO] treeLoadedMsg applied: roots=7 rows=13 loadErr=<nil>
[00:53:35.123] [DEBUG] loadTreeCmd start: cwd=/Users/iv/Developer/relux-proxy remote="" board="" user=""
[00:53:35.212] [INFO] loadTreeCmd success: roots=7
[00:53:35.212] [INFO] treeLoadedMsg applied: roots=7 rows=13 loadErr=<nil>
[00:53:45.123] [DEBUG] loadTreeCmd start: cwd=/Users/iv/Developer/relux-proxy remote="" board="" user=""
[00:53:45.210] [INFO] loadTreeCmd success: roots=7
[00:53:45.210] [INFO] treeLoadedMsg applied: roots=7 rows=13 loadErr=<nil>
[00:53:55.124] [DEBUG] loadTreeCmd start: cwd=/Users/iv/Developer/relux-proxy remote="" board="" user=""
[00:53:55.417] [INFO] loadTreeCmd success: roots=7
[00:53:55.417] [INFO] treeLoadedMsg applied: roots=7 rows=13 loadErr=<nil>
[00:54:05.124] [DEBUG] loadTreeCmd start: cwd=/Users/iv/Developer/relux-proxy remote="" board="" user=""
[00:54:05.424] [INFO] loadTreeCmd success: roots=7
[00:54:05.424] [INFO] treeLoadedMsg applied: roots=7 rows=13 loadErr=<nil>
[00:54:15.124] [DEBUG] loadTreeCmd start: cwd=/Users/iv/Developer/relux-proxy remote="" board="" user=""
[00:54:15.412] [INFO] loadTreeCmd success: roots=7
[00:54:15.412] [INFO] treeLoadedMsg applied: roots=7 rows=13 loadErr=<nil>
[00:54:25.124] [DEBUG] loadTreeCmd start: cwd=/Users/iv/Developer/relux-proxy remote="" board="" user=""
[00:54:25.414] [INFO] loadTreeCmd success: roots=7
[00:54:25.414] [INFO] treeLoadedMsg applied: roots=7 rows=13 loadErr=<nil>
[00:54:35.124] [DEBUG] loadTreeCmd start: cwd=/Users/iv/Developer/relux-proxy remote="" board="" user=""
[00:54:35.416] [INFO] loadTreeCmd success: roots=7
[00:54:35.416] [INFO] treeLoadedMsg applied: roots=7 rows=13 loadErr=<nil>
[00:54:45.124] [DEBUG] loadTreeCmd start: cwd=/Users/iv/Developer/relux-proxy remote="" board="" user=""
[00:54:45.414] [INFO] loadTreeCmd success: roots=7
[00:54:45.414] [INFO] treeLoadedMsg applied: roots=7 rows=13 loadErr=<nil>
[00:54:55.124] [DEBUG] loadTreeCmd start: cwd=/Users/iv/Developer/relux-proxy remote="" board="" user=""
[00:54:55.417] [INFO] loadTreeCmd success: roots=7
[00:54:55.417] [INFO] treeLoadedMsg applied: roots=7 rows=13 loadErr=<nil>
[00:55:05.125] [DEBUG] loadTreeCmd start: cwd=/Users/iv/Developer/relux-proxy remote="" board="" user=""
[00:55:05.415] [INFO] loadTreeCmd success: roots=7
[00:55:05.416] [INFO] treeLoadedMsg applied: roots=7 rows=13 loadErr=<nil>
[00:55:15.125] [DEBUG] loadTreeCmd start: cwd=/Users/iv/Developer/relux-proxy remote="" board="" user=""
[00:55:15.419] [INFO] loadTreeCmd success: roots=7
[00:55:15.419] [INFO] treeLoadedMsg applied: roots=7 rows=13 loadErr=<nil>
[00:55:25.125] [DEBUG] loadTreeCmd start: cwd=/Users/iv/Developer/relux-proxy remote="" board="" user=""
[00:55:25.415] [INFO] loadTreeCmd success: roots=7
[00:55:25.415] [INFO] treeLoadedMsg applied: roots=7 rows=13 loadErr=<nil>
[00:55:35.125] [DEBUG] loadTreeCmd start: cwd=/Users/iv/Developer/relux-proxy remote="" board="" user=""
[00:55:35.418] [INFO] loadTreeCmd success: roots=7
[00:55:35.418] [INFO] treeLoadedMsg applied: roots=7 rows=13 loadErr=<nil>
[00:55:45.126] [DEBUG] loadTreeCmd start: cwd=/Users/iv/Developer/relux-proxy remote="" board="" user=""
[00:55:45.416] [INFO] loadTreeCmd success: roots=7
[00:55:45.416] [INFO] treeLoadedMsg applied: roots=7 rows=13 loadErr=<nil>
[00:55:55.126] [DEBUG] loadTreeCmd start: cwd=/Users/iv/Developer/relux-proxy remote="" board="" user=""
[00:55:55.414] [INFO] loadTreeCmd success: roots=7
[00:55:55.414] [INFO] treeLoadedMsg applied: roots=7 rows=13 loadErr=<nil>
[00:56:05.127] [DEBUG] loadTreeCmd start: cwd=/Users/iv/Developer/relux-proxy remote="" board="" user=""
[00:56:05.416] [INFO] loadTreeCmd success: roots=7
[00:56:05.416] [INFO] treeLoadedMsg applied: roots=7 rows=13 loadErr=<nil>
[00:56:15.127] [DEBUG] loadTreeCmd start: cwd=/Users/iv/Developer/relux-proxy remote="" board="" user=""
[00:56:15.414] [INFO] loadTreeCmd success: roots=7
[00:56:15.414] [INFO] treeLoadedMsg applied: roots=7 rows=13 loadErr=<nil>
[00:56:25.128] [DEBUG] loadTreeCmd start: cwd=/Users/iv/Developer/relux-proxy remote="" board="" user=""
[00:56:25.422] [INFO] loadTreeCmd success: roots=7
[00:56:25.423] [INFO] treeLoadedMsg applied: roots=7 rows=13 loadErr=<nil>
[00:56:35.129] [DEBUG] loadTreeCmd start: cwd=/Users/iv/Developer/relux-proxy remote="" board="" user=""
[00:56:35.419] [INFO] loadTreeCmd success: roots=7
[00:56:35.419] [INFO] treeLoadedMsg applied: roots=7 rows=13 loadErr=<nil>
[00:56:45.129] [DEBUG] loadTreeCmd start: cwd=/Users/iv/Developer/relux-proxy remote="" board="" user=""
[00:56:45.415] [INFO] loadTreeCmd success: roots=7
[00:56:45.415] [INFO] treeLoadedMsg applied: roots=7 rows=13 loadErr=<nil>
[00:56:55.130] [DEBUG] loadTreeCmd start: cwd=/Users/iv/Developer/relux-proxy remote="" board="" user=""
[00:56:55.417] [INFO] loadTreeCmd success: roots=7
[00:56:55.417] [INFO] treeLoadedMsg applied: roots=7 rows=13 loadErr=<nil>
[00:57:05.131] [DEBUG] loadTreeCmd start: cwd=/Users/iv/Developer/relux-proxy remote="" board="" user=""
[00:57:05.427] [INFO] loadTreeCmd success: roots=7
[00:57:05.427] [INFO] treeLoadedMsg applied: roots=7 rows=13 loadErr=<nil>
[00:57:15.132] [DEBUG] loadTreeCmd start: cwd=/Users/iv/Developer/relux-proxy remote="" board="" user=""
[00:57:15.424] [INFO] loadTreeCmd success: roots=7
[00:57:15.424] [INFO] treeLoadedMsg applied: roots=7 rows=13 loadErr=<nil>
[00:57:25.133] [DEBUG] loadTreeCmd start: cwd=/Users/iv/Developer/relux-proxy remote="" board="" user=""
[00:57:25.422] [INFO] loadTreeCmd success: roots=7
[00:57:25.423] [INFO] treeLoadedMsg applied: roots=7 rows=13 loadErr=<nil>
[00:57:35.134] [DEBUG] loadTreeCmd start: cwd=/Users/iv/Developer/relux-proxy remote="" board="" user=""
[00:57:35.432] [INFO] loadTreeCmd success: roots=7
[00:57:35.433] [INFO] treeLoadedMsg applied: roots=7 rows=13 loadErr=<nil>
[00:57:45.135] [DEBUG] loadTreeCmd start: cwd=/Users/iv/Developer/relux-proxy remote="" board="" user=""
[00:57:45.432] [INFO] loadTreeCmd success: roots=7
[00:57:45.432] [INFO] treeLoadedMsg applied: roots=7 rows=13 loadErr=<nil>
[00:57:55.136] [DEBUG] loadTreeCmd start: cwd=/Users/iv/Developer/relux-proxy remote="" board="" user=""
[00:57:55.427] [INFO] loadTreeCmd success: roots=7
[00:57:55.427] [INFO] treeLoadedMsg applied: roots=7 rows=13 loadErr=<nil>
[00:58:05.136] [DEBUG] loadTreeCmd start: cwd=/Users/iv/Developer/relux-proxy remote="" board="" user=""
[00:58:05.427] [INFO] loadTreeCmd success: roots=7
[00:58:05.427] [INFO] treeLoadedMsg applied: roots=7 rows=13 loadErr=<nil>
[00:58:15.137] [DEBUG] loadTreeCmd start: cwd=/Users/iv/Developer/relux-proxy remote="" board="" user=""
[00:58:15.426] [INFO] loadTreeCmd success: roots=7
[00:58:15.426] [INFO] treeLoadedMsg applied: roots=7 rows=13 loadErr=<nil>
[00:58:25.138] [DEBUG] loadTreeCmd start: cwd=/Users/iv/Developer/relux-proxy remote="" board="" user=""
[00:58:25.434] [INFO] loadTreeCmd success: roots=7
[00:58:25.434] [INFO] treeLoadedMsg applied: roots=7 rows=13 loadErr=<nil>
[00:58:35.138] [DEBUG] loadTreeCmd start: cwd=/Users/iv/Developer/relux-proxy remote="" board="" user=""
[00:58:35.432] [INFO] loadTreeCmd success: roots=7
[00:58:35.432] [INFO] treeLoadedMsg applied: roots=7 rows=13 loadErr=<nil>
[00:58:45.138] [DEBUG] loadTreeCmd start: cwd=/Users/iv/Developer/relux-proxy remote="" board="" user=""
[00:58:45.432] [INFO] loadTreeCmd success: roots=7
[00:58:45.432] [INFO] treeLoadedMsg applied: roots=7 rows=13 loadErr=<nil>
[00:58:55.138] [DEBUG] loadTreeCmd start: cwd=/Users/iv/Developer/relux-proxy remote="" board="" user=""
[00:58:55.430] [INFO] loadTreeCmd success: roots=7
[00:58:55.430] [INFO] treeLoadedMsg applied: roots=7 rows=13 loadErr=<nil>
[00:59:05.138] [DEBUG] loadTreeCmd start: cwd=/Users/iv/Developer/relux-proxy remote="" board="" user=""
[00:59:05.424] [INFO] loadTreeCmd success: roots=7
[00:59:05.424] [INFO] treeLoadedMsg applied: roots=7 rows=13 loadErr=<nil>
[00:59:15.138] [DEBUG] loadTreeCmd start: cwd=/Users/iv/Developer/relux-proxy remote="" board="" user=""
[00:59:15.427] [INFO] loadTreeCmd success: roots=7
[00:59:15.427] [INFO] treeLoadedMsg applied: roots=7 rows=13 loadErr=<nil>
[00:59:25.138] [DEBUG] loadTreeCmd start: cwd=/Users/iv/Developer/relux-proxy remote="" board="" user=""
[00:59:25.429] [INFO] loadTreeCmd success: roots=7
[00:59:25.429] [INFO] treeLoadedMsg applied: roots=7 rows=13 loadErr=<nil>
[00:59:35.138] [DEBUG] loadTreeCmd start: cwd=/Users/iv/Developer/relux-proxy remote="" board="" user=""
[00:59:35.428] [INFO] loadTreeCmd success: roots=7
[00:59:35.428] [INFO] treeLoadedMsg applied: roots=7 rows=13 loadErr=<nil>
[00:59:45.138] [DEBUG] loadTreeCmd start: cwd=/Users/iv/Developer/relux-proxy remote="" board="" user=""
[00:59:45.425] [INFO] loadTreeCmd success: roots=7
[00:59:45.426] [INFO] treeLoadedMsg applied: roots=7 rows=13 loadErr=<nil>
[00:59:55.138] [DEBUG] loadTreeCmd start: cwd=/Users/iv/Developer/relux-proxy remote="" board="" user=""
[00:59:55.424] [INFO] loadTreeCmd success: roots=7
[00:59:55.425] [INFO] treeLoadedMsg applied: roots=7 rows=13 loadErr=<nil>
[01:00:05.138] [DEBUG] loadTreeCmd start: cwd=/Users/iv/Developer/relux-proxy remote="" board="" user=""
[01:00:05.428] [INFO] loadTreeCmd success: roots=7
[01:00:05.429] [INFO] treeLoadedMsg applied: roots=7 rows=13 loadErr=<nil>
[01:00:15.139] [DEBUG] loadTreeCmd start: cwd=/Users/iv/Developer/relux-proxy remote="" board="" user=""
[01:00:15.430] [INFO] loadTreeCmd success: roots=7
[01:00:15.430] [INFO] treeLoadedMsg applied: roots=7 rows=13 loadErr=<nil>
[01:00:25.139] [DEBUG] loadTreeCmd start: cwd=/Users/iv/Developer/relux-proxy remote="" board="" user=""
[01:00:25.542] [INFO] loadTreeCmd success: roots=7
[01:00:25.543] [INFO] treeLoadedMsg applied: roots=7 rows=13 loadErr=<nil>
[01:00:35.139] [DEBUG] loadTreeCmd start: cwd=/Users/iv/Developer/relux-proxy remote="" board="" user=""
[01:00:35.432] [INFO] loadTreeCmd success: roots=7
[01:00:35.432] [INFO] treeLoadedMsg applied: roots=7 rows=13 loadErr=<nil>
[01:00:45.139] [DEBUG] loadTreeCmd start: cwd=/Users/iv/Developer/relux-proxy remote="" board="" user=""
[01:00:45.431] [INFO] loadTreeCmd success: roots=7
[01:00:45.431] [INFO] treeLoadedMsg applied: roots=7 rows=13 loadErr=<nil>
[01:00:55.139] [DEBUG] loadTreeCmd start: cwd=/Users/iv/Developer/relux-proxy remote="" board="" user=""
[01:00:55.429] [INFO] loadTreeCmd success: roots=7
[01:00:55.429] [INFO] treeLoadedMsg applied: roots=7 rows=13 loadErr=<nil>
[01:01:05.140] [DEBUG] loadTreeCmd start: cwd=/Users/iv/Developer/relux-proxy remote="" board="" user=""
[01:01:05.431] [INFO] loadTreeCmd success: roots=7
[01:01:05.431] [INFO] treeLoadedMsg applied: roots=7 rows=13 loadErr=<nil>
[01:01:15.140] [DEBUG] loadTreeCmd start: cwd=/Users/iv/Developer/relux-proxy remote="" board="" user=""
[01:01:15.427] [INFO] loadTreeCmd success: roots=7
[01:01:15.427] [INFO] treeLoadedMsg applied: roots=7 rows=13 loadErr=<nil>
[01:01:25.140] [DEBUG] loadTreeCmd start: cwd=/Users/iv/Developer/relux-proxy remote="" board="" user=""
[01:01:25.427] [INFO] loadTreeCmd success: roots=7
[01:01:25.427] [INFO] treeLoadedMsg applied: roots=7 rows=13 loadErr=<nil>
[01:01:35.141] [DEBUG] loadTreeCmd start: cwd=/Users/iv/Developer/relux-proxy remote="" board="" user=""
[01:01:35.427] [INFO] loadTreeCmd success: roots=7
[01:01:35.427] [INFO] treeLoadedMsg applied: roots=7 rows=13 loadErr=<nil>
[01:01:45.142] [DEBUG] loadTreeCmd start: cwd=/Users/iv/Developer/relux-proxy remote="" board="" user=""
[01:01:45.432] [INFO] loadTreeCmd success: roots=7
[01:01:45.432] [INFO] treeLoadedMsg applied: roots=7 rows=13 loadErr=<nil>
[01:01:55.142] [DEBUG] loadTreeCmd start: cwd=/Users/iv/Developer/relux-proxy remote="" board="" user=""
[01:01:55.434] [INFO] loadTreeCmd success: roots=7
[01:01:55.434] [INFO] treeLoadedMsg applied: roots=7 rows=13 loadErr=<nil>
[01:02:05.143] [DEBUG] loadTreeCmd start: cwd=/Users/iv/Developer/relux-proxy remote="" board="" user=""
[01:02:05.436] [INFO] loadTreeCmd success: roots=7
[01:02:05.436] [INFO] treeLoadedMsg applied: roots=7 rows=13 loadErr=<nil>
[01:02:15.143] [DEBUG] loadTreeCmd start: cwd=/Users/iv/Developer/relux-proxy remote="" board="" user=""
[01:02:15.434] [INFO] loadTreeCmd success: roots=7
[01:02:15.434] [INFO] treeLoadedMsg applied: roots=7 rows=13 loadErr=<nil>
[01:02:25.144] [DEBUG] loadTreeCmd start: cwd=/Users/iv/Developer/relux-proxy remote="" board="" user=""
[01:02:25.435] [INFO] loadTreeCmd success: roots=7
[01:02:25.435] [INFO] treeLoadedMsg applied: roots=7 rows=13 loadErr=<nil>
[01:02:35.145] [DEBUG] loadTreeCmd start: cwd=/Users/iv/Developer/relux-proxy remote="" board="" user=""
[01:02:35.432] [INFO] loadTreeCmd success: roots=7
[01:02:35.432] [INFO] treeLoadedMsg applied: roots=7 rows=13 loadErr=<nil>
[01:02:45.146] [DEBUG] loadTreeCmd start: cwd=/Users/iv/Developer/relux-proxy remote="" board="" user=""
[01:02:45.440] [INFO] loadTreeCmd success: roots=7
[01:02:45.440] [INFO] treeLoadedMsg applied: roots=7 rows=13 loadErr=<nil>
[01:02:55.147] [DEBUG] loadTreeCmd start: cwd=/Users/iv/Developer/relux-proxy remote="" board="" user=""
[01:02:55.439] [INFO] loadTreeCmd success: roots=7
[01:02:55.439] [INFO] treeLoadedMsg applied: roots=7 rows=13 loadErr=<nil>
[01:03:05.147] [DEBUG] loadTreeCmd start: cwd=/Users/iv/Developer/relux-proxy remote="" board="" user=""
[01:03:05.432] [INFO] loadTreeCmd success: roots=7
[01:03:05.432] [INFO] treeLoadedMsg applied: roots=7 rows=13 loadErr=<nil>
[01:03:15.148] [DEBUG] loadTreeCmd start: cwd=/Users/iv/Developer/relux-proxy remote="" board="" user=""
[01:03:15.444] [INFO] loadTreeCmd success: roots=7
[01:03:15.444] [INFO] treeLoadedMsg applied: roots=7 rows=13 loadErr=<nil>
[01:03:25.149] [DEBUG] loadTreeCmd start: cwd=/Users/iv/Developer/relux-proxy remote="" board="" user=""
[01:03:25.444] [INFO] loadTreeCmd success: roots=7
[01:03:25.444] [INFO] treeLoadedMsg applied: roots=7 rows=13 loadErr=<nil>
[01:03:35.150] [DEBUG] loadTreeCmd start: cwd=/Users/iv/Developer/relux-proxy remote="" board="" user=""
[01:03:35.441] [INFO] loadTreeCmd success: roots=7
[01:03:35.441] [INFO] treeLoadedMsg applied: roots=7 rows=13 loadErr=<nil>
[01:03:45.151] [DEBUG] loadTreeCmd start: cwd=/Users/iv/Developer/relux-proxy remote="" board="" user=""
[01:03:45.446] [INFO] loadTreeCmd success: roots=7
[01:03:45.446] [INFO] treeLoadedMsg applied: roots=7 rows=13 loadErr=<nil>
[01:03:55.152] [DEBUG] loadTreeCmd start: cwd=/Users/iv/Developer/relux-proxy remote="" board="" user=""
[01:03:55.446] [INFO] loadTreeCmd success: roots=7
[01:03:55.446] [INFO] treeLoadedMsg applied: roots=7 rows=13 loadErr=<nil>
[01:04:05.152] [DEBUG] loadTreeCmd start: cwd=/Users/iv/Developer/relux-proxy remote="" board="" user=""
[01:04:05.446] [INFO] loadTreeCmd success: roots=7
[01:04:05.446] [INFO] treeLoadedMsg applied: roots=7 rows=13 loadErr=<nil>
[01:04:15.152] [DEBUG] loadTreeCmd start: cwd=/Users/iv/Developer/relux-proxy remote="" board="" user=""
[01:04:15.447] [INFO] loadTreeCmd success: roots=7
[01:04:15.447] [INFO] treeLoadedMsg applied: roots=7 rows=13 loadErr=<nil>
[01:04:25.152] [DEBUG] loadTreeCmd start: cwd=/Users/iv/Developer/relux-proxy remote="" board="" user=""
[01:04:25.450] [INFO] loadTreeCmd success: roots=7
[01:04:25.450] [INFO] treeLoadedMsg applied: roots=7 rows=13 loadErr=<nil>
[01:04:35.152] [DEBUG] loadTreeCmd start: cwd=/Users/iv/Developer/relux-proxy remote="" board="" user=""
[01:04:35.447] [INFO] loadTreeCmd success: roots=7
[01:04:35.447] [INFO] treeLoadedMsg applied: roots=7 rows=13 loadErr=<nil>
[01:04:45.152] [DEBUG] loadTreeCmd start: cwd=/Users/iv/Developer/relux-proxy remote="" board="" user=""
[01:04:45.446] [INFO] loadTreeCmd success: roots=7
[01:04:45.446] [INFO] treeLoadedMsg applied: roots=7 rows=13 loadErr=<nil>
[01:04:55.152] [DEBUG] loadTreeCmd start: cwd=/Users/iv/Developer/relux-proxy remote="" board="" user=""
[01:04:55.440] [INFO] loadTreeCmd success: roots=7
[01:04:55.440] [INFO] treeLoadedMsg applied: roots=7 rows=13 loadErr=<nil>
[01:05:05.152] [DEBUG] loadTreeCmd start: cwd=/Users/iv/Developer/relux-proxy remote="" board="" user=""
[01:05:05.444] [INFO] loadTreeCmd success: roots=7
[01:05:05.444] [INFO] treeLoadedMsg applied: roots=7 rows=13 loadErr=<nil>
[01:05:15.152] [DEBUG] loadTreeCmd start: cwd=/Users/iv/Developer/relux-proxy remote="" board="" user=""
[01:05:15.448] [INFO] loadTreeCmd success: roots=7
[01:05:15.448] [INFO] treeLoadedMsg applied: roots=7 rows=13 loadErr=<nil>
[01:05:25.152] [DEBUG] loadTreeCmd start: cwd=/Users/iv/Developer/relux-proxy remote="" board="" user=""
[01:05:25.440] [INFO] loadTreeCmd success: roots=7
[01:05:25.440] [INFO] treeLoadedMsg applied: roots=7 rows=13 loadErr=<nil>
[01:05:35.153] [DEBUG] loadTreeCmd start: cwd=/Users/iv/Developer/relux-proxy remote="" board="" user=""
[01:05:35.448] [INFO] loadTreeCmd success: roots=7
[01:05:35.448] [INFO] treeLoadedMsg applied: roots=7 rows=13 loadErr=<nil>
[01:05:45.153] [DEBUG] loadTreeCmd start: cwd=/Users/iv/Developer/relux-proxy remote="" board="" user=""
[01:05:45.447] [INFO] loadTreeCmd success: roots=7
[01:05:45.447] [INFO] treeLoadedMsg applied: roots=7 rows=13 loadErr=<nil>
[01:05:55.153] [DEBUG] loadTreeCmd start: cwd=/Users/iv/Developer/relux-proxy remote="" board="" user=""
[01:05:55.452] [INFO] loadTreeCmd success: roots=7
[01:05:55.452] [INFO] treeLoadedMsg applied: roots=7 rows=13 loadErr=<nil>
[01:06:05.153] [DEBUG] loadTreeCmd start: cwd=/Users/iv/Developer/relux-proxy remote="" board="" user=""
[01:06:05.446] [INFO] loadTreeCmd success: roots=7
[01:06:05.446] [INFO] treeLoadedMsg applied: roots=7 rows=13 loadErr=<nil>
[01:06:15.153] [DEBUG] loadTreeCmd start: cwd=/Users/iv/Developer/relux-proxy remote="" board="" user=""
[01:06:15.450] [INFO] loadTreeCmd success: roots=7
[01:06:15.450] [INFO] treeLoadedMsg applied: roots=7 rows=13 loadErr=<nil>
[01:06:25.154] [DEBUG] loadTreeCmd start: cwd=/Users/iv/Developer/relux-proxy remote="" board="" user=""
[01:06:25.444] [INFO] loadTreeCmd success: roots=7
[01:06:25.444] [INFO] treeLoadedMsg applied: roots=7 rows=13 loadErr=<nil>
[01:06:35.154] [DEBUG] loadTreeCmd start: cwd=/Users/iv/Developer/relux-proxy remote="" board="" user=""
[01:06:35.449] [INFO] loadTreeCmd success: roots=7
[01:06:35.449] [INFO] treeLoadedMsg applied: roots=7 rows=13 loadErr=<nil>
[01:06:45.155] [DEBUG] loadTreeCmd start: cwd=/Users/iv/Developer/relux-proxy remote="" board="" user=""
[01:06:45.465] [INFO] loadTreeCmd success: roots=7
[01:06:45.466] [INFO] treeLoadedMsg applied: roots=7 rows=13 loadErr=<nil>
[01:06:55.154] [DEBUG] loadTreeCmd start: cwd=/Users/iv/Developer/relux-proxy remote="" board="" user=""
[01:06:55.454] [INFO] loadTreeCmd success: roots=7
[01:06:55.454] [INFO] treeLoadedMsg applied: roots=7 rows=13 loadErr=<nil>
[01:07:05.155] [DEBUG] loadTreeCmd start: cwd=/Users/iv/Developer/relux-proxy remote="" board="" user=""
[01:07:05.446] [INFO] loadTreeCmd success: roots=7
[01:07:05.446] [INFO] treeLoadedMsg applied: roots=7 rows=13 loadErr=<nil>
[01:07:15.156] [DEBUG] loadTreeCmd start: cwd=/Users/iv/Developer/relux-proxy remote="" board="" user=""
[01:07:15.451] [INFO] loadTreeCmd success: roots=7
[01:07:15.451] [INFO] treeLoadedMsg applied: roots=7 rows=13 loadErr=<nil>
[01:07:25.156] [DEBUG] loadTreeCmd start: cwd=/Users/iv/Developer/relux-proxy remote="" board="" user=""
[01:07:25.452] [INFO] loadTreeCmd success: roots=7
[01:07:25.452] [INFO] treeLoadedMsg applied: roots=7 rows=13 loadErr=<nil>
[01:07:35.157] [DEBUG] loadTreeCmd start: cwd=/Users/iv/Developer/relux-proxy remote="" board="" user=""
[01:07:35.451] [INFO] loadTreeCmd success: roots=7
[01:07:35.451] [INFO] treeLoadedMsg applied: roots=7 rows=13 loadErr=<nil>
[01:07:45.157] [DEBUG] loadTreeCmd start: cwd=/Users/iv/Developer/relux-proxy remote="" board="" user=""
[01:07:45.449] [INFO] loadTreeCmd success: roots=7
[01:07:45.450] [INFO] treeLoadedMsg applied: roots=7 rows=13 loadErr=<nil>
[01:07:55.158] [DEBUG] loadTreeCmd start: cwd=/Users/iv/Developer/relux-proxy remote="" board="" user=""
[01:07:55.452] [INFO] loadTreeCmd success: roots=7
[01:07:55.452] [INFO] treeLoadedMsg applied: roots=7 rows=13 loadErr=<nil>
[01:08:05.159] [DEBUG] loadTreeCmd start: cwd=/Users/iv/Developer/relux-proxy remote="" board="" user=""
[01:08:05.451] [INFO] loadTreeCmd success: roots=7
[01:08:05.451] [INFO] treeLoadedMsg applied: roots=7 rows=13 loadErr=<nil>
[01:08:15.160] [DEBUG] loadTreeCmd start: cwd=/Users/iv/Developer/relux-proxy remote="" board="" user=""
[01:08:15.633] [INFO] loadTreeCmd success: roots=7
[01:08:15.633] [INFO] treeLoadedMsg applied: roots=7 rows=13 loadErr=<nil>
[01:08:25.161] [DEBUG] loadTreeCmd start: cwd=/Users/iv/Developer/relux-proxy remote="" board="" user=""
[01:08:25.493] [INFO] loadTreeCmd success: roots=7
[01:08:25.493] [INFO] treeLoadedMsg applied: roots=7 rows=13 loadErr=<nil>
[01:08:35.162] [DEBUG] loadTreeCmd start: cwd=/Users/iv/Developer/relux-proxy remote="" board="" user=""
[01:08:35.510] [INFO] loadTreeCmd success: roots=7
[01:08:35.510] [INFO] treeLoadedMsg applied: roots=7 rows=13 loadErr=<nil>
[01:08:45.162] [DEBUG] loadTreeCmd start: cwd=/Users/iv/Developer/relux-proxy remote="" board="" user=""
[01:08:45.453] [INFO] loadTreeCmd success: roots=7
[01:08:45.454] [INFO] treeLoadedMsg applied: roots=7 rows=13 loadErr=<nil>
[01:08:55.162] [DEBUG] loadTreeCmd start: cwd=/Users/iv/Developer/relux-proxy remote="" board="" user=""
[01:08:55.457] [INFO] loadTreeCmd success: roots=7
[01:08:55.457] [INFO] treeLoadedMsg applied: roots=7 rows=13 loadErr=<nil>
[01:09:05.162] [DEBUG] loadTreeCmd start: cwd=/Users/iv/Developer/relux-proxy remote="" board="" user=""
[01:09:05.460] [INFO] loadTreeCmd success: roots=7
[01:09:05.460] [INFO] treeLoadedMsg applied: roots=7 rows=13 loadErr=<nil>
[01:09:15.163] [DEBUG] loadTreeCmd start: cwd=/Users/iv/Developer/relux-proxy remote="" board="" user=""
[01:09:15.454] [INFO] loadTreeCmd success: roots=7
[01:09:15.454] [INFO] treeLoadedMsg applied: roots=7 rows=13 loadErr=<nil>
[01:09:25.164] [DEBUG] loadTreeCmd start: cwd=/Users/iv/Developer/relux-proxy remote="" board="" user=""
[01:09:25.460] [INFO] loadTreeCmd success: roots=7
[01:09:25.460] [INFO] treeLoadedMsg applied: roots=7 rows=13 loadErr=<nil>
[01:09:35.164] [DEBUG] loadTreeCmd start: cwd=/Users/iv/Developer/relux-proxy remote="" board="" user=""
[01:09:35.470] [INFO] loadTreeCmd success: roots=7
[01:09:35.470] [INFO] treeLoadedMsg applied: roots=7 rows=13 loadErr=<nil>
[01:09:45.165] [DEBUG] loadTreeCmd start: cwd=/Users/iv/Developer/relux-proxy remote="" board="" user=""
[01:09:45.454] [INFO] loadTreeCmd success: roots=7
[01:09:45.454] [INFO] treeLoadedMsg applied: roots=7 rows=13 loadErr=<nil>
[01:09:55.165] [DEBUG] loadTreeCmd start: cwd=/Users/iv/Developer/relux-proxy remote="" board="" user=""
[01:09:55.459] [INFO] loadTreeCmd success: roots=7
[01:09:55.459] [INFO] treeLoadedMsg applied: roots=7 rows=13 loadErr=<nil>
[01:10:05.166] [DEBUG] loadTreeCmd start: cwd=/Users/iv/Developer/relux-proxy remote="" board="" user=""
[01:10:05.459] [INFO] loadTreeCmd success: roots=7
[01:10:05.459] [INFO] treeLoadedMsg applied: roots=7 rows=13 loadErr=<nil>
[01:10:15.166] [DEBUG] loadTreeCmd start: cwd=/Users/iv/Developer/relux-proxy remote="" board="" user=""
[01:10:15.460] [INFO] loadTreeCmd success: roots=7
[01:10:15.460] [INFO] treeLoadedMsg applied: roots=7 rows=13 loadErr=<nil>
[01:10:25.166] [DEBUG] loadTreeCmd start: cwd=/Users/iv/Developer/relux-proxy remote="" board="" user=""
[01:10:25.465] [INFO] loadTreeCmd success: roots=7
[01:10:25.466] [INFO] treeLoadedMsg applied: roots=7 rows=13 loadErr=<nil>
[01:10:35.166] [DEBUG] loadTreeCmd start: cwd=/Users/iv/Developer/relux-proxy remote="" board="" user=""
[01:10:35.462] [INFO] loadTreeCmd success: roots=7
[01:10:35.462] [INFO] treeLoadedMsg applied: roots=7 rows=13 loadErr=<nil>
[01:10:45.166] [DEBUG] loadTreeCmd start: cwd=/Users/iv/Developer/relux-proxy remote="" board="" user=""
[01:10:45.461] [INFO] loadTreeCmd success: roots=7
[01:10:45.461] [INFO] treeLoadedMsg applied: roots=7 rows=13 loadErr=<nil>
[01:10:55.166] [DEBUG] loadTreeCmd start: cwd=/Users/iv/Developer/relux-proxy remote="" board="" user=""
[01:10:55.465] [INFO] loadTreeCmd success: roots=7
[01:10:55.465] [INFO] treeLoadedMsg applied: roots=7 rows=13 loadErr=<nil>
